tree
version=v4
num_class=1
num_tree_per_iteration=1
label_index=0
max_feature_idx=27
objective=regression
feature_names=Column_0 Column_1 Column_2 Column_3 Column_4 Column_5 Column_6 Column_7 Column_8 Column_9 Column_10 Column_11 Column_12 Column_13 Column_14 Column_15 Column_16 Column_17 Column_18 Column_19 Column_20 Column_21 Column_22 Column_23 Column_24 Column_25 Column_26 Column_27
feature_infos=[-1.056964635848999:0.48779439926147461] [-4.1209239959716797:0.74997055530548096] [-0.11188590526580811:0.13687151670455933] [-0.10048085451126099:0.15692850947380066] [-0.20158103108406067:0.47218838334083557] [-4.0158696174621582:4.4148941040039062] [-16:0] [-0.42303618788719177:0] [-10.72308349609375:-0.0034432073589414358] [-3.4266149997711182:-0.013721644878387451] [-1:1] [-0.083798855543136597:0] [-23.142679214477539:-7.611177921295166] [-19.45045280456543:-5.8052029609680176] [-6.6806416511535645:0.71334981918334961] [-0.12240695953369141:0.90466606616973877] [-0.73777669668197632:1.1664085388183594] [-0.83558398485183716:3.8637986183166504] [-0.92586225271224976:0] [-24.789472579956055:0] [-6.59521484375:0.89390450716018677] [-1:0] [-39:0] [-14.89865779876709:-0.0012750033056363463] [-41:0] [-1:0] [0:13] [-0.10033726692199707:0.76671123504638672]
tree_sizes=2927 2956 2938 2847 3233 3246 2837 2761 3024 3245 3248 3250 3234 3253 3057 3259 3023 3246 3248 3225 3265 3061 2840 3046 3234 2448 3267 2630 3212 3220 3237 3240 3198 3221

Tree=0
num_leaves=28
num_cat=0
split_feature=4 13 8 16 16 4 19 6 2 12 0 2 15 16 11 0 2 2 23 18 14 2 0 5 0 8 5
split_gain=2834.28 2471.2 1342.89 703.459 567.757 626.302 409.489 403.634 332.548 298.327 241.282 189.632 160.775 157.679 152.978 114.959 100.793 49.4676 42.761 40.6266 32.7746 40.951 24.8978 22.1631 19.5333 15.1356 9.2261
threshold=1.0000000180025095e-35 -12.820794582366942 -2.4653966426849361 -0.13218434900045392 -0.22658324986696241 -0.082503542304038988 -0.047567758709192269 -1.4999999999999998 -0.021633690223097798 -13.273291587829588 0.034896105527877815 -0.0067808702588081351 -0.013511359691619871 -0.28217040002346033 -0.020698716863989827 -0.13014173507690427 0.00153766421135515 0.00153766421135515 -1.4359598159790037 -0.26771584153175348 -2.8693183660507198 0.010203117504715921 -0.041252017021179192 -0.73059111833572377 -0.11403512954711913 -0.73780354857444752 0.57258433103561412
decision_type=8 10 10 8 8 8 8 2 10 10 10 10 10 10 10 10 10 10 10 10 10 10 10 10 10 10 8
left_child=1 3 7 16 9 11 -7 15 22 13 14 -6 24 -4 -10 -3 18 -12 23 -14 21 -18 -5 -1 -9 -20 -22
right_child=-2 2 4 8 5 6 -8 12 10 -11 17 -13 19 -15 -16 -17 20 -19 25 -21 26 -23 -24 -25 -26 -27 -28
leaf_value=-0.0079657556307428656 -0.034659757279911767 -0.016913777757132788 0.0031103456814472381 -0.014483759675672 -0.0050398777552677857 -0.0020182342756671439 -0.0038020183037450125 -0.012713485335577986 -0.010202546284350678 -0.0086895463555633386 -0.0054360231518424448 -0.003254826070171803 -0.0061688758959331583 -0.00029482484680831743 -0.0069254378305725461 -0.0092157474992149453 -0.00059928954252233893 -0.0031876176871036576 -0.00069898104566808563 -0.0036890914096416082 -0.0029464755164177801 0.0046028440849965584 -0.008442317520715413 -0.0034215350216768624 -0.0068009948910206959 -0.003797389645970606 -0.00081774787464815486
leaf_weight=2044 2033 4251 20500 5205 84901 1069880 129311 2789 16537 2546 35621 145561 12635 34437 79525 5598 4862 12203 2565 12278 2884 2180 2701 2003 2070 2088 4947
leaf_count=2044 2033 4251 20500 5205 84901 1069880 129311 2789 16537 2546 35621 145561 12635 34437 79525 5598 4862 12203 2565 12278 2884 2180 2701 2003 2070 2088 4947
internal_value=-0.00294914 -0.00290214 -0.0025142 -0.00626954 -0.00236808 -0.00248653 -0.00221111 -0.00792975 -0.0070172 0.000543178 -0.00665824 -0.00391684 -0.00607627 0.00102441 -0.00752735 -0.0130816 -0.00148311 -0.00487695 -0.00398688 -0.00499721 -1.28066e-05 0.00144464 -0.0129051 -0.0060822 -0.0108453 -0.00209524 -0.0015443
internal_weight=1.70416e+06 1.70212e+06 1.52676e+06 175365 1.48714e+06 1.42965e+06 1.19919e+06 39621 151792 57483 143886 230462 29772 54937 96062 9849 23573 47824 8700 24913 14873 7042 7906 4047 4859 4653 7831
internal_count=1704155 1702122 1526757 175365 1487136 1429653 1199191 39621 151792 57483 143886 230462 29772 54937 96062 9849 23573 47824 8700 24913 14873 7042 7906 4047 4859 4653 7831
is_linear=0
shrinkage=1


Tree=1
num_leaves=28
num_cat=0
split_feature=25 6 16 12 0 12 16 16 18 11 1 8 16 24 18 14 0 12 3 8 0 14 18 0 0 16 2
split_gain=2600.2 2287.65 961.617 735.218 674.006 437.846 422.023 400.935 383.549 307.067 235.123 198.148 163.139 144.498 101.143 99.0086 92.104 71.0397 69.1966 68.6747 56.4438 48.0634 54.2231 22.6498 18.4988 13.5202 7.82361
threshold=-1.0000000180025095e-35 -1.0000000180025095e-35 -0.0078942007385194284 -16.651364326477047 -0.16459327936172483 -12.668993949890135 -0.26814237236976618 -0.233374148607254 -0.12081054970622061 -0.021554403007030484 -0.46341681480407709 -2.060709953308105 -0.14779078215360639 -3.4999999999999996 -0.093255639076232896 -3.0147993564605708 0.0041867792606353768 -16.471225738525387 -0.012145837768912314 -1.6534969210624693 0.041086643934249885 -1.8531680703163145 -0.52740082144737233 0.068959116935729994 -0.26674902439117426 -0.2055428549647331 0.0045934184454381475
decision_type=8 2 8 8 10 10 8 10 10 10 10 10 8 2 10 10 10 10 10 10 10 10 10 10 10 10 10
left_child=1 2 7 12 10 6 18 21 -8 16 24 -11 25 20 -15 -12 -6 23 -5 -19 -14 22 -1 -9 -4 -3 -27
right_child=-2 3 4 5 9 -7 8 17 -10 11 15 -13 13 14 -16 -17 -18 19 -20 -21 -22 -23 -24 -25 -26 26 -28
leaf_value=0.0057672506745613025 -0.030361758580177881 0.003731447401755576 -0.015587345378707278 0.00057562516661910997 -0.0082167954916185053 -0.011277333467300733 0.000545620027447192 -0.0039474823791693517 0.0024187924057286711 -0.0045718436117055481 -0.0029355012198139302 -0.0018287754095305988 -0.0054969746001450898 -0.0022186336262020978 0.0018089918122259467 -0.0079313286264083606 -0.0037444887072669666 -0.0025479807412546883 0.005714648276982078 -0.00028689272927681311 -0.0020842524139862268 -0.00014757092672448754 0.0017363088790849333 -0.00095517899898265571 -0.0080704652360529677 -0.00035825176736952206 0.0018687211320235783
leaf_weight=10146 2035 2271 3618 3006 10943 2218 1170748 7841 107129 29761 6985 121979 17222 38880 6075 10362 9373 13656 17410 87570 7393 2117 5330 4093 2854 2171 2389
leaf_count=10146 2035 2271 3618 3006 10943 2218 1170748 7841 107129 29761 6985 121979 17222 38880 6075 10362 9373 13656 17410 87570 7393 2117 5330 4093 2854 2171 2389
internal_value=-7.90166e-07 4.42002e-05 -0.00221083 0.000579959 -0.00353817 0.000748421 0.000773531 -0.000214199 0.000703774 -0.00286417 -0.00823551 -0.002382 -0.00226996 -0.00270649 -0.00165385 -0.0060751 -0.00630737 -0.000875849 0.00500418 -0.000605901 -0.00454582 0.00393161 0.00449555 -0.00302502 -0.0131321 0.00201633 0.000818546
internal_weight=1.70558e+06 1.70354e+06 326628 1.37691e+06 195875 1.30051e+06 1.29829e+06 130753 1.27788e+06 172056 23819 151740 76401 69570 44955 17347 20316 113160 20416 101226 24615 17593 15476 11934 6472 6831 4560
internal_count=1705575 1703540 326628 1376912 195875 1300511 1298293 130753 1277877 172056 23819 151740 76401 69570 44955 17347 20316 113160 20416 101226 24615 17593 15476 11934 6472 6831 4560
is_linear=0
shrinkage=0.03


Tree=2
num_leaves=28
num_cat=0
split_feature=4 13 8 9 6 0 17 19 19 1 27 13 1 15 7 23 24 12 0 20 0 4 9 1 13 7 13
split_gain=2441.9 2230.2 1163.62 608.573 429.915 418.551 381.817 311.141 288.241 244.156 221.65 182.508 179.915 161.568 112.821 110.017 74.99 68.8496 55.2594 52.0223 43.1448 42.461 41.2614 35.4029 14.8577 13.4553 4.65432
threshold=1.0000000180025095e-35 -12.870800971984862 -2.2985960245132442 -0.51465147733688343 -2.4999999999999996 0.028807759284973148 -0.35268484055995936 -0.0032354212598875161 -0.047567758709192269 -0.46341681480407709 0.086347457021474852 -11.900589466094969 0.12745681405067447 -0.021534264087676998 -0.030160431750118729 -1.3270022273063657 -3.4999999999999996 -16.263074874877926 -0.033859252929687493 -0.9743782877922057 -0.14457958936691281 -0.092331301420927034 -0.35426741838455195 0.20908427238464358 -13.304885864257811 -0.046985410153865807 -13.402031898498533
decision_type=8 10 10 10 2 10 8 8 8 10 10 10 10 10 10 10 2 10 10 10 10 10 10 10 10 8 10
left_child=1 5 4 7 20 9 10 11 -8 18 -5 -4 19 -6 -15 16 -11 -17 25 26 -3 24 -21 -23 -14 -1 -7
right_child=-2 2 3 6 13 12 8 -9 -10 15 -12 -13 21 14 -16 17 -18 -19 -20 22 -22 23 -24 -25 -26 -27 -28
leaf_value=-0.011030904289152873 -0.029416232122148053 -0.015897477051365166 -0.0014152381965855819 0.0018334791481883642 -0.0083460114259941084 -0.0055741310445584181 0.00093440512473647226 -0.0098423907904480901 -0.00082208182319305529 -0.005700798403163585 0.005502235417721899 3.4382044607737558e-05 -0.0020083587781755813 -0.0037878748016178117 -0.00066997199320176335 -0.0031403138869005275 -0.0027421026753665779 0.00082365709847734595 -0.0033526203713726498 -0.0024685838013326672 -0.0072574757174489355 0.00076515255728440326 -0.00037319375877157288 0.004391274887123162 0.00079406024886554327 -0.0050807248529199959 -0.0026787944186001328
leaf_weight=6276 2033 2052 109812 44609 4208 4084 951290 2664 91667 34350 22685 266849 2958 22851 19854 36340 12438 4081 2240 27602 3026 5870 12906 4344 2767 2017 3072
leaf_count=6276 2033 2052 109812 44609 4208 4084 951290 2664 91667 34350 22685 266849 2958 22851 19854 36340 12438 4081 2240 27602 3026 5870 12906 4344 2767 2017 3072
internal_value=1.72146e-05 6.11537e-05 0.000412924 0.00056762 -0.00397669 -0.00328887 0.000922047 -0.000468813 0.000779417 -0.00451931 0.00310611 -0.000388762 -0.00137281 -0.00299454 -0.0023698 -0.00394904 -0.00495792 -0.0027276 -0.00882079 -0.00229208 -0.0119147 0.00134404 -0.00182099 0.0024683 -0.000650716 -0.00998904 -0.0046265
internal_weight=1.70494e+06 1.70291e+06 1.54157e+06 1.48958e+06 51991 161345 1.11025e+06 379325 1.04296e+06 97742 67294 376661 63603 46913 42705 87209 46788 40421 10533 47664 5078 15939 40508 10214 5725 8293 7156
internal_count=1704945 1702912 1541567 1489576 51991 161345 1110251 379325 1042957 97742 67294 376661 63603 46913 42705 87209 46788 40421 10533 47664 5078 15939 40508 10214 5725 8293 7156
is_linear=0
shrinkage=0.03


Tree=3
num_leaves=27
num_cat=0
split_feature=25 6 16 2 12 8 12 16 19 23 12 16 18 0 12 16 0 7 14 20 27 0 27 18 22 16
split_gain=2277.94 1962.54 860.952 690.467 643.012 395.12 388.998 409.59 338.603 252.519 203.395 169.143 163.769 150.899 146.465 138.864 63.7503 60.6481 57.2146 47.9554 46.8052 44.2023 31.9495 29.0544 16.0625 12.906
threshold=-1.0000000180025095e-35 -1.0000000180025095e-35 -0.14149632304906842 -0.015403118915855883 -16.454265594482418 -3.0967004299163814 -12.668993949890135 -0.26814237236976618 -0.047567758709192269 -1.3723328709602354 -16.390740394592282 -0.16700959205627439 -0.089529450982809053 -0.13014173507690427 -16.907661437988278 -0.26814237236976618 -0.069284081459045396 -0.024694639258086678 -2.1071780920028682 -0.38065421581268305 0.073731865733861937 -0.10149580240249632 0.099456716328859343 -0.52740082144737233 -3.4999999999999996 -0.20115466415882108
decision_type=8 2 8 8 8 10 10 8 8 10 10 8 10 10 10 10 10 10 10 8 10 10 10 10 2 10
left_child=1 2 15 9 11 21 7 20 -9 13 -7 24 14 -4 -13 18 -11 -14 23 -17 -6 -5 -21 -1 -3 -26
right_child=-2 4 3 5 6 10 -8 8 -10 16 -12 12 17 -15 -16 19 -18 -19 -20 22 -22 -23 -24 -25 25 -27
leaf_value=0.0068094407579271585 -0.02811795461091653 0.00067588102499123101 -0.011317475127254272 -0.0093015827781015026 0.0018967650375443369 -0.0035023548126047088 -0.010518246202993348 0.00087556415712175106 -0.00070558414297697259 -0.0040859773384058279 -0.0013108558117526175 -0.0038905949139038691 -0.00047559927672912399 -0.0060580643166487924 -0.0014250631535254368 -0.0020917314617329278 0.00058594209462337098 0.0035125080089133121 0.00072909439073807461 -8.6027304052761519e-05 0.0057444630269550294 -0.0047655684632295896 0.0020349791805997467 0.0020757748043547892 0.005207398817689151 0.0014755311223768417
leaf_weight=6542 2089 3050 8658 5793 4558 48235 2252 1092233 136612 5718 186529 31314 7113 18600 73916 3904 4188 5768 2964 9554 15653 6626 17123 2332 2323 2383
leaf_count=6542 2089 3050 8658 5793 4558 48235 2252 1092233 136612 5718 186529 31314 7113 18600 73916 3904 4188 5768 2964 9554 15653 6626 17123 2332 2323 2383
internal_value=6.79124e-07 4.35664e-05 -0.00204458 -0.00263954 0.000539807 -0.00205605 0.000745683 0.000770432 0.000699327 -0.00643358 -0.00176889 -0.00149939 -0.00178506 -0.00791319 -0.00217651 0.00192087 -0.00214873 0.00135234 0.00461633 0.000810319 0.00495795 -0.00718278 0.00127672 0.00577455 0.00265914 0.00369851
internal_weight=1.70603e+06 1.70394e+06 326766 284347 1.37718e+06 247183 1.25131e+06 1.24906e+06 1.22884e+06 37164 234764 125867 118111 27258 105230 42419 9906 12881 11838 30581 20211 12419 26677 8874 7756 4706
internal_count=1706030 1703941 326766 284347 1377175 247183 1251308 1249056 1228845 37164 234764 125867 118111 27258 105230 42419 9906 12881 11838 30581 20211 12419 26677 8874 7756 4706
is_linear=0
shrinkage=0.03


Tree=4
num_leaves=31
num_cat=0
split_feature=13 21 9 16 2 2 13 16 9 19 18 18 11 2 27 17 24 16 20 2 9 5 24 17 13 11 20 1 1 1
split_gain=2148.76 1217.13 1035.11 606.142 554.512 503.099 488.92 429.702 281.853 239.202 175.858 148.85 111.539 76.0966 73.1647 66.97 150.103 89.5892 61.8592 55.1506 50.5115 40.4726 36.4211 33.5483 33.3265 32.3821 24.2605 22.904 20.0098 12.1415
threshold=-12.950140476226805 -1.0000000180025095e-35 -0.56006106734275807 -0.26814237236976618 -0.025263412855565544 -0.012783643323928116 -12.014022827148436 -0.13218434900045392 -1.2479828000068662 -0.052715584635734551 -0.27485078573226923 -0.1111960895359516 -0.021105589345097538 0.0013774961698800328 0.07592471688985826 0.31345014274120336 -9.4999999999999982 0.10187339410185815 -1.0970736742019651 -0.0027674407465383406 -0.68739110231399525 -0.29551146924495691 -3.4999999999999996 0.084865309298038497 -11.88914918899536 -0.020698716863989827 -0.028615653514862057 0.10573688149452211 -0.16129034757614133 0.072992652654647841
decision_type=10 2 10 8 10 10 8 8 10 8 10 10 10 8 10 10 2 8 10 10 10 10 2 8 10 10 10 8 10 10
left_child=4 2 5 14 18 20 11 13 28 -8 -10 -5 19 26 -4 17 -17 -14 -1 23 22 -16 -2 -9 -22 -15 27 -6 -7 -21
right_child=1 -3 3 6 7 8 9 12 10 -11 -12 -13 15 25 21 16 -18 -19 -20 29 24 -23 -24 -25 -26 -27 -28 -29 -30 -31
leaf_value=-0.017428107091796222 -0.010307285665413781 -0.016185641787237411 0.0016347143589442669 -0.00069447893991183727 -0.00012691348627765452 -0.010163129330501331 0.0011912976673233739 -0.003432341088965586 -0.001316619280667195 -0.00020572085195190819 0.00016164427472031831 0.0012045005397344471 -0.0031809907205381563 -0.00046821581923660798 0.0075408798517882635 -0.0056093262680365083 -0.0003408354254318904 -0.0059063538286678978 -0.0071809147483522543 -0.0037024871846726946 -0.0053040128619603133 0.0042412314197039329 -0.0048085311636075195 -0.0072321017402729691 -0.00062198826299864366 0.0032854728987017664 0.00083476358658470494 -0.0045052036625459081 -0.0045555536536655205 -0.00047518683513336307
leaf_weight=2164 4194 3513 4688 248912 2104 2024 789565 4529 189086 127637 116499 43089 57175 2308 10540 6376 17387 14838 2351 2261 4743 9853 3892 14327 2259 9285 2422 2155 3278 2360
leaf_count=2164 4194 3513 4688 248912 2104 2024 789565 4529 189086 127637 116499 43089 57175 2308 10540 6376 17387 14838 2351 2261 4743 9853 3892 14327 2259 9285 2422 2155 3278 2360
internal_value=-7.43244e-06 0.000313713 0.000356228 0.000753472 -0.0035338 -0.00114584 0.000656222 -0.00316035 -0.000879494 0.000996557 -0.000752733 -0.000411651 -0.00381531 0.0010856 0.00532589 -0.00331985 -0.00185328 -0.00378353 -0.0134001 -0.00571269 -0.00641047 0.00610065 -0.00812968 -0.00644718 -0.00397561 0.0025249 -0.00137204 -0.00264589 -0.00743927 -0.00232017
internal_weight=1.70581e+06 1.56377e+06 1.56026e+06 1.23428e+06 142042 325975 1.2092e+06 137527 310887 917202 305585 292001 119253 18274 25081 95776 23763 72013 4515 23477 15088 20393 8086 18856 7002 11593 6681 4259 5302 4621
internal_count=1705814 1563772 1560259 1234284 142042 325975 1209203 137527 310887 917202 305585 292001 119253 18274 25081 95776 23763 72013 4515 23477 15088 20393 8086 18856 7002 11593 6681 4259 5302 4621
is_linear=0
shrinkage=0.03


Tree=5
num_leaves=31
num_cat=0
split_feature=1 11 6 16 12 8 9 16 2 12 18 16 15 22 12 8 18 23 8 18 16 16 14 14 8 18 11 14 11 6
split_gain=1998.72 1408.93 1072.2 662.585 525.089 517.55 360.326 334.129 308.618 283.691 255.522 192.515 182.934 164.455 130.073 134.981 116.379 113.945 100.25 98.7394 87.1376 58.923 56.3075 52.8577 47.6582 62.7565 47.5419 47.2851 37.1059 27.7776
threshold=-0.36397081613540644 -0.0039996979758143416 -1.0000000180025095e-35 -0.15930104255676267 -16.761588096618649 -2.060709953308105 -0.56293609738349903 -0.28217040002346033 -0.0067808702588081351 -13.273291587829588 -0.10077995806932448 -0.14779078215360639 -0.02272701263427734 -13.499999999999998 -16.953179359436032 -2.4653966426849361 -0.12382782250642775 -1.3047331571578977 -1.5255917906761167 -0.077903840690851198 -0.28217040002346033 0.069931298494339003 -1.7128962874412534 -2.0912464857101436 -3.0967004299163814 -0.15454052388668058 -0.0094483341090381128 -3.2306067943572994 -0.013007011730223892 -1.0000000180025095e-35
decision_type=10 8 2 8 8 10 10 8 8 10 8 10 10 2 8 8 10 10 10 10 10 10 10 10 10 10 10 10 8 2
left_child=1 5 3 20 11 24 9 26 13 16 -9 -4 -7 21 -10 -16 -6 27 -15 22 23 -5 -13 -2 -1 -26 -8 -14 -21 -19
right_child=2 -3 4 8 6 12 7 10 14 -11 -12 19 17 18 15 -17 -18 29 -20 28 -22 -23 -24 -25 25 -27 -28 -29 -30 -31
leaf_value=-0.013305161703109209 0.0061832785938651857 -0.027867479936113593 0.0028631208638217691 -0.0032861381449042853 -0.00059410391042725899 -0.0075550144571733657 0.0063012796242121498 0.00069938272543345822 -0.004630205226517776 -0.010241900846343324 0.0025902363747532281 -0.0035051588672597484 -0.0054734083328442425 -0.0039197799399080897 -0.0039801229334596473 -0.00055525870811000107 0.0019516402441438351 -0.0011150567218991979 -0.001780723927413638 -0.0011959525091956077 0.0014658420308731892 -0.0069020475297820573 0.00096777502940865567 0.00063863833679532879 -0.010316408655693065 -0.0034217222087316885 0.0013989110625714147 -0.0021223781311133622 0.0037402690790402627 0.0015333468216485215
leaf_weight=4439 6778 2012 5458 8806 181321 5956 11082 1025626 8252 2158 68386 44134 6415 32166 10856 127346 17210 6629 56582 2353 24667 12667 2373 2283 3068 3162 2700 12151 2138 6572
leaf_count=4439 6778 2012 5458 8806 181321 5956 11082 1025626 8252 2158 68386 44134 6415 32166 10856 127346 17210 6629 56582 2353 24667 12667 2373 2283 3068 3162 2700 12151 2138 6572
internal_value=1.20041e-05 -0.00584308 0.000192179 -0.00146128 0.000544593 -0.0046456 0.000667284 0.000879229 -0.00198176 -0.000500425 0.000818982 -0.00227466 -0.0029087 -0.00317962 -0.00107047 -0.000839828 -0.000367566 -0.0019247 -0.00257699 -0.00285281 0.00246202 -0.00554135 -0.00326268 0.00492409 -0.0103549 -0.00737582 0.00544447 -0.00340915 0.00123318 0.000189372
internal_weight=1.70575e+06 50404 1.65534e+06 290403 1.36494e+06 48392 1.30848e+06 1.10779e+06 256675 200689 1.09401e+06 56456 37723 110221 146454 138202 198531 31767 88748 50998 33728 21473 46507 9061 10669 6230 13782 18566 4491 13201
internal_count=1705746 50404 1655342 290403 1364939 48392 1308483 1107794 256675 200689 1094012 56456 37723 110221 146454 138202 198531 31767 88748 50998 33728 21473 46507 9061 10669 6230 13782 18566 4491 13201
is_linear=0
shrinkage=0.03


Tree=6
num_leaves=27
num_cat=0
split_feature=25 13 8 16 9 16 2 19 1 13 18 0 11 7 2 27 9 20 2 18 8 17 14 24 0 1
split_gain=2155.24 1818.55 1007.72 558.406 499.996 450.152 298.999 298.279 283.496 276.525 200.268 170.989 154.545 107.486 88.0957 65.4027 58.3142 55.8659 49.0036 35.2211 32.3307 31.539 24.0184 23.1373 16.8672 2.96731
threshold=-1.0000000180025095e-35 -12.797373771667479 -2.4653966426849361 -0.10654117912054061 -0.51465147733688343 -0.26814237236976618 -0.021633690223097798 -0.0032354212598875161 -0.33635646104812617 -11.76980400085449 -0.23318658024072644 0.028807759284973148 -0.019714222289621827 -0.030160431750118729 0.0094183324836194533 0.07592471688985826 -0.55127117037773121 -0.30711501836776728 0.0071211112663149842 -0.13272676616907117 -1.7742497920989988 -0.29001112282276148 -2.8498389720916744 -3.4999999999999996 -0.050312578678131097 0.12141734361648561
decision_type=8 10 10 8 10 8 10 8 10 10 10 10 10 8 10 10 10 10 10 8 10 10 10 2 10 10
left_child=1 3 8 14 7 15 20 10 23 -7 -4 12 -8 21 16 -6 25 -18 -13 -15 -5 -10 -16 -3 -22 -1
right_child=-2 2 4 6 5 9 11 -9 13 -11 -12 18 -14 19 22 -17 17 -19 -20 -21 24 -23 -24 -25 -26 -27
leaf_value=-0.0040450373111079229 -0.027375183904836523 -0.013333885934389946 -0.00075893382497833179 -0.012201515848727017 0.0014255206486873343 4.2227956954264319e-05 -0.0063111063050773943 -0.009609906060392524 -0.00073923597419174255 0.0010814221715525999 0.00076955989963655282 -0.0019632203550404132 -0.0032622261135571264 -0.0019845070711608775 0.0056877883549092774 0.0057713765464964921 -0.0013549196224255503 0.0017541775724927169 0.0019945228825631158 0.0013623300897924536 -0.0078015495418264809 -0.0050772396325415086 0.0015848545693998427 -0.0059423299573837553 -0.002802773120685503 -0.0014172112637213948
leaf_weight=2004 2082 2593 275564 2886 4446 335759 20088 2648 2029 738873 106451 47353 72419 11762 2989 18280 7566 14000 2525 3181 3124 17690 3311 2287 2005 2007
leaf_count=2004 2082 2593 275564 2886 4446 335759 20088 2648 2029 738873 106451 47353 72419 11762 2989 18280 7566 14000 2525 3181 3124 17690 3311 2287 2005 2007
internal_value=1.27155e-05 5.43793e-05 0.000394072 -0.0027729 0.000520971 0.000847205 -0.00353567 -0.000408817 -0.00430165 0.000757185 -0.000331776 -0.00319154 -0.00395789 -0.00323769 0.000815692 0.00498308 0 0.000643832 -0.0017391 -0.00123158 -0.0090673 -0.00467503 0.00385067 -0.0107998 -0.00632328 -0.00309947
internal_weight=1.70592e+06 1.70384e+06 1.52156e+06 182277 1.48202e+06 1.09736e+06 150400 384663 39542 1.07463e+06 382015 142385 92507 34662 31877 22726 25577 21566 49878 14943 8015 19719 6300 4880 5129 4011
internal_count=1705922 1703840 1521563 182277 1482021 1097358 150400 384663 39542 1074632 382015 142385 92507 34662 31877 22726 25577 21566 49878 14943 8015 19719 6300 4880 5129 4011
is_linear=0
shrinkage=0.03


Tree=7
num_leaves=26
num_cat=0
split_feature=25 13 8 8 9 17 19 2 19 13 6 2 18 20 15 26 24 18 0 9 0 2 18 18 2
split_gain=1898.68 1812.42 817.001 525.41 438.924 316.751 299.347 271.937 263.038 257.059 245.578 206.842 168.642 148.089 111.526 96.6083 90.7706 84.4388 63.2502 52.1087 37.2281 29.8631 29.5846 20.7326 11.3014
threshold=-1.0000000180025095e-35 -12.600508213043211 -2.4653966426849361 -1.5762252211570738 -0.51465147733688343 -0.38354165852069849 -0.0032354212598875161 0.0071211112663149842 -0.047567758709192269 -12.979273796081541 -2.4999999999999996 -0.017048917710781094 -0.27485078573226923 -1.2800117731094358 -0.021534264087676998 1.0000000180025095e-35 -2.4999999999999996 -0.1111960895359516 0.057941496372222907 -0.71834796667098988 -0.015213906764984129 -0.0027674407465383406 -0.37070205807685846 -0.17159824073314664 0.0087892366573214548
decision_type=8 10 10 10 10 8 8 10 8 10 2 10 10 10 10 2 2 10 10 10 10 10 10 10 10
left_child=1 3 10 11 6 15 12 9 -7 13 -3 20 -4 -5 -12 -6 21 -11 22 -16 -1 -13 -9 -18 -20
right_child=-2 2 4 7 5 8 -8 18 -10 17 14 16 -14 -15 19 -17 23 -19 24 -21 -22 -23 -24 -25 -26
leaf_value=-0.010754501498788272 -0.025867879230132774 -0.011213142981916772 -0.00074785878213240442 -0.0061024220541442435 0.0023808981623387173 0.00091891075165608188 -0.0095705243257340495 0.0015815473244782463 -0.00070392230379447401 -0.0012193399685319788 -0.0081772939171233638 -0.0057720598110068229 0.00058616779803833145 -0.0025936902365729826 -0.0031762358329117243 0.0056072191922494742 -0.0029186623765314833 0.0013561594801361589 0.0012183902866332466 -0.00036291017851124602 -0.0044526239469593549 -0.002500215136237285 -0.0016317913410730037 -0.00028951373538062134 0.0040148561254260079
leaf_weight=6388 2051 3370 230955 12534 29570 908238 2635 4515 99180 74191 3070 18868 134379 87580 21521 12542 6084 13000 2699 8645 2388 4601 4795 5251 6869
leaf_count=6388 2051 3370 230955 12534 29570 908238 2635 4515 99180 74191 3070 18868 134379 87580 21521 12542 6084 13000 2699 8645 2388 4601 4795 5251 6869
internal_value=-5.4611e-06 3.30739e-05 0.000438963 -0.00232494 0.000553997 0.000866552 -0.000336629 -0.0016822 0.000758576 -0.002029 -0.0039549 -0.00530546 -0.00025622 -0.0030641 -0.00305477 0.00340334 -0.00414481 -0.000826374 0.00170679 -0.00239884 -0.0094045 -0.00520868 -4.16794e-05 -0.00178973 0.00335549
internal_weight=1.70592e+06 1.70387e+06 1.4541e+06 249763 1.4175e+06 1.04953e+06 367969 206183 1.00742e+06 187305 36606 43580 365334 100114 33236 42112 34804 87191 18878 30166 8776 23469 9310 11335 9568
internal_count=1705919 1703868 1454105 249763 1417499 1049530 367969 206183 1007418 187305 36606 43580 365334 100114 33236 42112 34804 87191 18878 30166 8776 23469 9310 11335 9568
is_linear=0
shrinkage=0.03


Tree=8
num_leaves=29
num_cat=0
split_feature=4 13 9 16 16 1 15 18 9 13 15 1 24 18 18 16 26 3 16 10 17 20 10 24 23 23 15 14
split_gain=1912.76 1653.58 741.731 534.681 435.982 414.199 348.437 283.404 283.101 243.54 154.11 141.305 126.041 113.89 106.337 100.627 87.9682 53.391 66.7622 51.721 47.8269 42.3951 38.3416 27.4513 25.4326 18.1617 15.549 0.490833
threshold=1.0000000180025095e-35 -12.513070583343504 -0.70188963413238514 -0.094754062592983232 -0.233374148607254 -0.56995189189910878 -0.024154126644134518 -0.11756678298115729 -1.2479828000068662 -13.073032855987547 -0.013895332813262938 -0.36397081613540644 -3.4999999999999996 -0.23885969817638394 -0.23516193777322766 -0.28217040002346033 1.0000000180025095e-35 -0.0064372539054602376 -0.15688096731901166 -0.16268833726644513 -0.36363555490970606 0.0099052488803863543 0.012785073835402729 -2.4999999999999996 -1.576338469982147 -2.3232722282409664 -0.01247960329055786 -2.3823200464248653
decision_type=8 10 10 8 8 10 10 8 10 10 10 10 2 10 10 10 2 10 10 10 10 10 10 2 10 10 10 10
left_child=1 3 8 15 16 25 11 -8 23 12 19 -6 -7 -11 -12 24 22 21 -19 -10 -18 -17 -4 -3 -1 -5 -27 -26
right_child=-2 2 4 5 6 9 7 -9 10 13 14 -13 -14 -15 -16 17 20 18 -20 -21 -22 -23 -24 -25 27 26 -28 -29
leaf_value=0.00051658849453479398 -0.026182650664067053 -0.010966236533998001 0 -0.010258986093965345 -0.0096590505848948155 -0.0043206876841036931 0.00049470590706286418 0.0021561697418485265 -0.0058173489064161938 -0.0024876912372570259 -0.0016425538198772533 -0.0021885706928348385 -0.0016323261773052008 -0.00067574733994383229 0.00042481806693037691 -0.0028549028509854018 0.0066216125786176397 0.0020276264687701987 -0.00047938275369404824 -0.00072665854020104821 0.003566931966104843 0.00047430956454106284 0.0029310269707470108 -0.0048074764924866528 0.0054738416976977409 -0.0084854970796444974 -0.0042717093921041715 0.0025067739506558048
leaf_weight=2087 2008 2293 6595 4444 2235 63271 1129900 100372 8454 60372 78415 19165 22499 66371 30728 8334 8867 15996 22076 2619 16911 5210 10565 3139 3213 2580 5111 2012
leaf_count=2087 2008 2293 6595 4444 2235 63271 1129900 100372 8454 60372 78415 19165 22499 66371 30728 8334 8867 15996 22076 2619 16911 5210 10565 3139 3213 2580 5111 2012
internal_value=-2.55653e-06 3.57933e-05 0.000453738 -0.00205349 0.000667655 -0.00271963 0.000564585 0.000631321 -0.00174187 -0.00239701 -0.00141664 -0.00318519 -0.00363251 -0.00154758 -0.00105849 0.000482451 0.00362423 0 0.000578792 -0.00472263 0.00473508 -0.00158159 0.00185168 -0.00816303 0.00365563 -0.00802725 -0.00615357 0.00470243
internal_weight=1.70584e+06 1.70383e+06 1.42026e+06 283576 1.29461e+06 224648 1.25167e+06 1.23027e+06 125648 212513 120216 21400 85770 126743 109143 58928 42938 51616 38072 11073 25778 13544 17160 5432 7312 12135 7691 5225
internal_count=1705842 1703834 1420258 283576 1294610 224648 1251672 1230272 125648 212513 120216 21400 85770 126743 109143 58928 42938 51616 38072 11073 25778 13544 17160 5432 7312 12135 7691 5225
is_linear=0
shrinkage=0.03


Tree=9
num_leaves=31
num_cat=0
split_feature=0 1 13 9 16 16 19 13 13 18 1 13 8 18 1 18 0 18 3 17 16 9 8 0 2 22 19 9 27 2
split_gain=1731.23 1260.58 1243.17 453.727 439.477 343.599 321.845 281.748 249.61 242.699 240.519 238.251 156.469 126.431 131.064 113.265 103.86 112.135 102.866 88.7916 87.2672 70.9656 70.5012 54.0812 51.042 47.7564 47.0161 42.4629 41.3548 40.6075
threshold=-0.13697075843811032 -0.46341681480407709 -12.513070583343504 -0.56607553362846363 -0.14350491762161252 -0.26814237236976618 -0.0032354212598875161 -11.593490600585936 -13.073032855987547 -0.16932693868875501 -0.2316295504570007 -11.76980400085449 -2.0143042802810665 -0.21042172610759732 0.13425821065902713 -0.10430943965911864 0.028807759284973148 -0.077903840690851198 -0.0021323605906218286 0.32930262386798864 -0.12685485184192655 -0.55127117037773121 -0.78744328022003163 -0.15347236394882199 0.0019728004699572925 -6.4999999999999991 -0.78362438082694996 -0.92139858007431019 0.090836007148027434 0.0066568227484822282
decision_type=10 10 10 8 10 10 10 8 10 10 10 8 10 10 8 10 10 10 10 10 10 10 10 8 10 2 10 8 10 10
left_child=1 7 4 6 21 22 13 -1 16 11 19 -7 -10 14 -4 -14 17 -6 -11 25 23 -2 28 -12 -23 -3 -15 -22 -5 -18
right_child=2 10 3 5 8 9 -8 -9 12 18 20 -13 15 26 -16 -17 29 -19 -20 -21 27 24 -24 -25 -26 -27 -28 -29 -30 -31
leaf_value=-0.010295927941932771 -0.0016666395015613414 -0.0095658128528409089 -0.0011155752493519895 0.002357798180386029 -0.0048859293429207471 -0.00029418680187026105 -0.011116782448077869 -0.023297777666256122 -0.0049555255788464305 4.6384285161656714e-05 0.00377603788447195 0.00082574426650439505 -0.0014383070287834982 -0.0017246957747642556 0.0010268847359229856 0.0010973330469760301 -0.0024227485549029727 -0.0010057281097597779 0.0021325341173795381 -0.0021638842497868423 -0.0047771207825848634 0.00031662176721684355 0.0030927670060921612 -0.0013352854571071981 0.0029643612022914557 -0.0044740438781531028 0.0010359943347420309 -0.0014497734001664032 0.0084407889820819811 0.0011384321775579291
leaf_weight=10317 5114 5070 176374 2013 44309 224527 2076 2025 9687 25513 3966 708567 106715 5655 29519 18091 34438 8473 137865 5137 3897 10689 13171 2740 18254 5189 53963 24292 5173 2734
leaf_count=10317 5114 5070 176374 2013 44309 224527 2076 2025 9687 25513 3966 708567 106715 5655 29519 18091 34438 8473 137865 5137 3897 10689 13171 2740 18254 5189 53963 24292 5173 2734
internal_value=6.78876e-06 -0.00486814 0.000194243 0.00055112 -0.00171322 0.000817014 -0.00055698 -0.0132766 -0.00219524 0.000743759 -0.00268832 0.000555925 -0.00136518 -0.000452546 -0.000805212 -0.00106545 -0.00341856 -0.00428396 0.00180973 -0.00575819 -0.00126318 0.00144051 0.0046359 0.00169823 0.00201869 -0.00734589 0.000756976 -0.00199546 0.00704004 -0.00214123
internal_weight=1.70555e+06 62633 1.64292e+06 1.38442e+06 258504 1.11683e+06 267587 12342 224447 1.09647e+06 50291 933094 134493 265511 205893 124806 89954 52782 163378 15396 34895 34057 20357 6706 28943 10259 59618 28189 7186 37172
internal_count=1705553 62633 1642920 1384416 258504 1116829 267587 12342 224447 1096472 50291 933094 134493 265511 205893 124806 89954 52782 163378 15396 34895 34057 20357 6706 28943 10259 59618 28189 7186 37172
is_linear=0
shrinkage=0.03


Tree=10
num_leaves=31
num_cat=0
split_feature=0 13 1 9 8 26 4 20 13 20 13 9 0 11 0 20 9 0 8 19 8 5 9 14 4 23 19 25 8 27
split_gain=1803.38 1397.64 819.529 590.472 442.038 326.836 410.139 321.269 234.272 218.034 198.812 198.476 163.098 161.793 131.82 123.289 122.303 112.056 106.977 119.718 78.173 65.0794 61.1828 48.7932 45.3845 44.9711 42.7884 40.5138 26.6651 12.7696
threshold=-0.26674902439117426 -12.513070583343504 -0.40720117092132563 -0.70188963413238514 -1.5423725843429563 1.0000000180025095e-35 -0.075580563396215425 -0.020353615283966061 -13.039963722229002 0.37555783987045294 -11.593490600585936 -1.2479828000068662 0.082513540983200087 -0.023222441785037514 0.0092022716999053972 -1.2800117731094358 -0.37107588350772852 0.041086643934249885 -2.4653966426849361 -0.034516893327236169 -2.8737926483154292 -0.021916281431913372 -0.69436669349670399 -2.3739751577377315 -0.055148093029856675 -1.5950258970260618 -0.14466871321201322 -0.46492309868335718 -0.81657302379608143 0.10004599764943124
decision_type=10 10 10 10 10 2 10 10 10 10 8 10 10 10 10 10 10 10 10 8 10 10 10 10 10 10 10 10 10 10
left_child=2 4 10 11 13 6 14 -8 12 16 -1 -3 15 -2 -5 -6 -7 21 24 -20 23 -10 -4 -15 -13 -22 -19 -14 -11 -24
right_child=1 3 22 5 8 9 7 -9 17 28 -12 18 27 20 -16 -17 -18 26 19 -21 25 -23 29 -25 -26 -27 -28 -29 -30 -31
leaf_value=-0.011671246124645606 -0.0092849887201823939 -0.0073539098914421046 -0.0063877866207998069 -0.0017522850609545586 -0.0063032053827438072 0.00079284261880380636 0.0014960558332005624 0.00033675172908916647 -0.0014979656828248945 0.0063923670871810709 -0.024730629054478561 -0.0037298578787436968 -0.00093109950512421688 -0.009466521865109415 0.00013145025661439678 -0.0025679259919469161 0.0027629446309176907 0.0010671252837215126 -0.00052073745534757861 -0.0045222229988674508 -0.0040861948517756834 0.00049564861779261482 -0.002000314609662717 -0.0030101487744442898 4.8962671120967871e-05 -0.0018473664836186085 -0.002032813527786924 0.0019113936151842759 0.0032993536939056956 0.00061171707992811037
leaf_weight=6199 5367 4589 2715 86881 9104 73264 310554 702343 71606 9477 2008 18256 12561 3107 53590 67488 47070 39179 89646 6833 21127 17999 4198 2683 3176 16221 3936 6388 6835 2104
leaf_count=6199 5367 4589 2715 86881 9104 73264 310554 702343 71606 9477 2008 18256 12561 3107 53590 67488 47070 39179 89646 6833 21127 17999 4198 2683 3176 16221 3936 6388 6835 2104
internal_value=-2.39209e-05 7.57603e-05 -0.00954364 0.000458042 -0.0018715 0.000647359 0.000482145 0.000693053 -0.00131114 0.00203283 -0.0161376 -0.00152768 -0.00244083 -0.00446208 -0.00103359 -0.00305381 0.0015742 -0.000489554 -0.0012683 -0.000829085 -0.00375565 -0.00109365 -0.00297797 -0.00699953 -0.00316785 -0.003159 0.000757191 3.62275e-05 0.00525086 -0.00110329
internal_weight=1.7065e+06 1.68928e+06 17224 1.41251e+06 276766 1.29001e+06 1.15337e+06 1.0129e+06 228261 136646 8207 122500 95541 48505 140471 76592 120334 132720 117911 96479 43138 89605 9017 5790 21432 37348 43115 18949 16312 6302
internal_count=1706504 1689280 17224 1412514 276766 1290014 1153368 1012897 228261 136646 8207 122500 95541 48505 140471 76592 120334 132720 117911 96479 43138 89605 9017 5790 21432 37348 43115 18949 16312 6302
is_linear=0
shrinkage=0.03


Tree=11
num_leaves=31
num_cat=0
split_feature=4 4 8 13 6 16 19 16 13 18 17 20 1 19 17 12 19 27 3 8 16 3 20 13 9 15 20 27 13 15
split_gain=1706.75 1462.81 705.772 479.427 395.585 370.873 344.104 315.782 272.616 240.567 218.992 269.129 176.698 166.715 146.609 142.617 121.616 112.657 108.473 100.783 97.1147 90.4765 82.7983 66.3139 54.9742 43.8902 39.4102 36.7111 36.569 36.2651
threshold=1.0000000180025095e-35 -0.094242721796035753 -1.6534969210624693 -12.002213954925535 -1.4999999999999998 -0.21524123847484586 -0.036504346877336495 -0.15688096731901166 -13.142871379852293 -0.1111960895359516 -0.35268484055995936 -0.002885043621063232 -0.40720117092132563 -1.0000000180025095e-35 -0.37630504369735712 -16.864598274230953 -0.11885388568043707 0.08528888970613481 -0.0020997718675062056 -2.8737926483154292 -0.22076833993196485 -0.0017040357342921195 -1.0970736742019651 -11.823368072509764 -0.58693581819534291 -0.0063037276268005362 0.31768581271171575 0.09834634512662889 -13.039963722229002 -0.016821265220642086
decision_type=8 8 10 8 2 8 8 8 10 10 8 10 10 8 10 10 10 10 8 10 10 10 10 10 10 10 10 10 10 10
left_child=1 2 4 7 12 27 10 16 22 15 20 -12 19 14 -8 -9 24 -10 -11 -1 -5 -15 -7 25 -3 -6 -25 -4 -29 -14
right_child=-2 3 5 6 23 8 13 9 17 18 11 -13 29 21 -16 -17 -18 -19 -20 -21 -22 -23 -24 26 -26 -27 -28 28 -30 -31
leaf_value=-0.01457260415003191 -0.024664965258094269 -0.00146102373699381 -0.00069719055570529763 0.0055724293933892485 -0.0050833009568504737 -0.0056882697185855853 0.0019627630932329545 -0.0031059425366467843 -0.001312997903809004 -0.0013676821289548473 0.0015261692682130696 0.00044285842504505077 -0.0078863214907250595 -0.010393793589035043 -0.0011359400562168998 -0.00097941378914598331 -0.0010094180586355426 0.0002726679215979898 0.0021139164489838201 -0.0067246011560451206 0.0021634936770062512 -0.0012696773722875618 -0.0025826794916709354 -0.001479669608100199 0.003243575817739298 -0.0023747202055704698 0.0024819189982556874 0.00019966154694448377 0.0038734717179998161 -0.0043715029976627165
leaf_weight=3320 2025 2058 2035 9584 8884 10736 15937 32804 118839 10423 320658 582715 4276 2002 82615 208792 9078 60257 30164 5777 38824 2005 34724 18880 27438 19456 2051 3159 15232 21407
leaf_count=3320 2025 2058 2035 9584 8884 10736 15937 32804 118839 10423 320658 582715 4276 2002 82615 208792 9078 60257 30164 5777 38824 2005 34724 18880 27438 19456 2051 3159 15232 21407
internal_value=-1.84619e-05 1.78754e-05 -0.00177723 0.000448116 -0.00414242 -0.00095775 0.000757134 -0.000566302 -0.00131217 -0.000915661 0.000935221 0.00082835 -0.0065819 -0.000889175 -0.000624437 -0.00127521 0.00196073 -0.000778555 0.00120675 -0.01023 0.00289461 -0.00654223 -0.00337654 -0.00236556 0.00288644 -0.00330761 -0.00102863 0.0028625 0.00328029 -0.00510757
internal_weight=1.70616e+06 1.70413e+06 329033 1.3751e+06 84051 244982 1.05434e+06 320757 224556 282183 951781 903373 34780 102559 98552 241596 38574 179096 40587 9097 48408 4007 45460 49271 29496 28340 20931 20426 18391 25683
internal_count=1706155 1704130 329033 1375097 84051 244982 1054340 320757 224556 282183 951781 903373 34780 102559 98552 241596 38574 179096 40587 9097 48408 4007 45460 49271 29496 28340 20931 20426 18391 25683
is_linear=0
shrinkage=0.03


Tree=12
num_leaves=31
num_cat=0
split_feature=0 13 1 8 18 13 26 2 19 8 11 7 0 11 18 11 18 15 2 1 15 18 2 18 0 23 14 20 14 18
split_gain=1622.72 1098.37 1080.61 416.894 325.191 327.323 343.332 268.02 264.675 250.723 178.226 155.142 149.676 142.172 127.368 104.875 85.0163 78.5145 73.2297 66.5208 60.743 56.7953 47.8068 44.6765 42.8879 42.4122 40.6579 39.1312 38.5827 29.9936
threshold=-0.16459327936172483 -12.896576404571531 -0.56995189189910878 -2.060709953308105 -0.10077995806932448 -11.727900505065916 1.0000000180025095e-35 0.0071211112663149842 -0.034516893327236169 -2.3743073940277095 -0.0063153898809105149 -0.035237023606896394 0.029393672943115238 -0.020698716863989827 -0.089529450982809053 -0.011363280471414326 -0.42956474423408503 -0.027815163135528561 0.00025545358948875224 -0.25203484296798701 -0.011338114738464354 -0.5444384217262267 0.00153766421135515 -0.13272676616907117 0.026970535516738895 -1.3974145054817197 -2.2945529222488399 -0.88377243280410755 -3.5160130262374873 -0.086038056761026369
decision_type=10 8 10 10 10 8 2 10 8 10 8 10 10 10 10 10 10 10 10 10 10 10 10 10 10 10 10 10 10 10
left_child=2 7 10 11 5 6 -5 12 -7 19 -1 18 13 16 -15 28 -2 -11 26 -4 -13 -19 27 -22 -9 -23 -3 -14 -6 -17
right_child=1 3 9 4 15 8 -8 24 -10 17 -12 20 22 14 -16 29 -18 21 -20 -21 23 25 -24 -25 -26 -27 -28 -29 -30 -31
leaf_value=-0.010929817125090498 -0.00082313011293884517 -0.0061409222150916555 -0.010073969737486107 -0.00072224016487803394 -0.00041196610324058155 0.00086174087628687807 0.0013151840732763588 -0.00077084694727602482 -0.00083444216886976216 -0.0050895302993907128 -0.022987438406135513 -0.0035450962516715553 -0.0039367622452316639 -0.0035281555367529505 -0.00011181270018258329 0.0016233708783640905 -0.0069782595244451068 0.0028716256529406521 0 -0.0038649803522053067 -0.0009031103298743822 -0.0032400673182121959 0.00013188122755208786 0.0016907625405192315 0.0031522766585558352 -0.00027178998424446223 -0.0029601875752141445 -0.001473599054089593 0.0016017580533991362 0.0034703217397147796
leaf_weight=6765 2652 9487 4444 356401 11759 820800 93503 3171 91503 4364 2036 6031 7273 50727 12419 12366 13814 2729 3457 4022 29095 6720 12402 6952 7951 11723 9319 33076 27627 40837
leaf_count=6765 2652 9487 4444 356401 11759 820800 93503 3171 91503 4364 2036 6031 7273 50727 12419 12366 13814 2729 3457 4022 29095 6720 12402 6952 7951 11723 9319 33076 27627 40837
internal_value=-9.41226e-06 0.000139693 -0.00574285 0.0003771 0.000482019 0.000364377 -0.000297149 -0.00236434 0.000690923 -0.00319928 -0.0148373 -0.001976 -0.00274146 -0.00356454 -0.00286713 0.00219834 -0.00605808 -0.00163229 -0.00397772 -0.00753771 -0.000875593 -0.000804859 -0.00147183 -0.000378362 0.0020229 -0.00142614 -0.00469779 -0.00196769 0.000995396 0.00306573
internal_weight=1.70542e+06 1.66262e+06 42803 1.51914e+06 1.4548e+06 1.36221e+06 449904 143485 912303 34002 8801 64341 132363 79612 63146 92589 16466 25536 22263 8466 42078 21172 52751 36047 11122 18443 18806 40349 39386 53203
internal_count=1705425 1662622 42803 1519137 1454796 1362207 449904 143485 912303 34002 8801 64341 132363 79612 63146 92589 16466 25536 22263 8466 42078 21172 52751 36047 11122 18443 18806 40349 39386 53203
is_linear=0
shrinkage=0.03


Tree=13
num_leaves=31
num_cat=0
split_feature=25 6 16 13 6 19 16 16 8 17 20 18 19 15 17 2 13 11 18 19 23 1 20 22 13 9 7 19 27 8
split_gain=1670.65 1261.59 614.239 421.393 373.201 312.889 270.02 263.395 251.467 238.605 226.592 225.487 142.667 241.707 149.047 133.269 129.153 100.101 131.889 97.7787 94.421 79.684 61.0359 56.4947 52.8911 51.9523 48.7168 45.3092 43.1151 34.3633
threshold=-1.0000000180025095e-35 -1.0000000180025095e-35 -0.0078942007385194284 -12.002213954925535 -1.4999999999999998 -0.034516893327236169 -0.15930104255676267 -0.233374148607254 -2.4653966426849361 -0.44797050952911371 -0.020353615283966061 -0.1111960895359516 -1.0000000180025095e-35 0.012298315763473512 -0.37630504369735712 -0.019688499160110947 -13.073032855987547 -0.019714222289621827 -0.15454052388668058 -0.12882473319768903 -1.9865197539329527 -0.40720117092132563 0.24616387486457827 -10.499999999999998 -12.711158275604246 -0.57265487313270558 -0.024066256359219548 -1.7367410063743589 0.099757667630910887 -0.75883233547210682
decision_type=8 2 8 10 2 8 8 10 10 10 10 10 8 10 10 10 10 10 10 10 10 10 10 2 10 10 10 10 10 10
left_child=1 2 7 6 8 9 19 24 21 26 -11 16 14 -14 -7 -10 -8 28 -19 25 -13 -4 27 -24 -1 -3 -5 -9 -6 -26
right_child=-2 3 4 5 17 12 11 22 15 10 -12 20 13 -15 -16 -17 -18 18 -20 -21 -22 -23 23 -25 29 -27 -28 -29 -30 -31
leaf_value=0.00077244961596990771 -0.024297876818378011 -0.0014473122956591127 -0.01160516727578954 0.0064100579521981929 -0.0048467336691186491 0.002017139565366967 -0.0029039204662628056 -0.0035593319811893023 -0.0067356920157845748 0.0015186885086981342 0.00051267599310173852 -0.002166028082435799 -0.01233854553486091 0.0011858848947099512 -0.0011950265137062102 -0.0027867991302221655 -0.00090854337019398738 -0.0021380929648793256 3.0671569178335497e-05 -0.00073091638355174317 0.0018024340667319005 -0.0058645046637142992 -0.0027275147187264454 0.0012233105141917513 0.0058890991782040046 0.0031003431813163072 0.00082765783182624708 -0.00078248658839481127 -0.00092741347297755619 0.0022316477789584405
leaf_weight=5720 2046 2092 4501 7915 11763 15109 33892 5306 9490 291651 657537 5867 2024 2029 76689 45904 209491 73519 37860 9494 34881 9095 3277 22591 6498 25859 2039 82114 3782 5398
leaf_count=5720 2046 2092 4501 7915 11763 15109 33892 5306 9490 291651 657537 5867 2024 2029 76689 45904 209491 73519 37860 9494 34881 9095 3277 22591 6498 25859 2039 82114 3782 5398
internal_value=-1.43479e-05 2.17655e-05 -0.00165219 0.00041986 -0.00271317 0.000709704 -0.000529723 -5.77256e-05 -0.0044872 0.00087323 0.00082274 -0.000846629 -0.000919562 -0.00611539 -0.000655024 -0.00352289 -0.00119302 -0.00173272 -0.00140136 0.00184651 0.00120444 -0.00813049 -0.000594651 0.000669207 0.00329978 0.00272997 0.00538952 -0.000973724 -0.0039705 0.00441063
internal_weight=1.70543e+06 1.70339e+06 326818 1.37657e+06 195914 1.05499e+06 321576 130904 68990 959142 949188 284131 95851 4053 91798 55394 243383 126924 111379 37445 40748 13596 113288 25868 17616 27951 9954 87420 15545 11896
internal_count=1705433 1703387 326818 1376569 195914 1054993 321576 130904 68990 959142 949188 284131 95851 4053 91798 55394 243383 126924 111379 37445 40748 13596 113288 25868 17616 27951 9954 87420 15545 11896
is_linear=0
shrinkage=0.03


Tree=14
num_leaves=29
num_cat=0
split_feature=25 2 13 16 8 9 24 20 17 13 18 9 20 0 5 19 18 8 0 20 18 14 13 17 25 15 17 13
split_gain=1567.04 1208.89 567.907 386.519 381.898 381.67 307.452 260.668 261.261 218.004 195.364 169.453 129.445 129.398 124.839 123.035 102.817 99.0373 89.4486 88.0247 86.4437 66.0365 62.5636 98.0658 50.242 49.8912 31.3048 21.2434
threshold=-1.0000000180025095e-35 -0.010734138078987597 -12.072710037231444 -0.15688096731901166 -1.3680359721183775 -0.63326686620712269 -3.4999999999999996 -0.0053610205650329581 -0.38354165852069849 -13.008988380432127 -0.19620587676763532 -1.2479828000068662 -1.6173052787780759 -0.042151987552642815 0.12475526705384256 -0.11885388568043707 -0.29395392537116999 -3.0967004299163814 0.062477678060531623 0.14422020316123965 -0.086038056761026369 -2.9670755863189693 -12.014022827148436 0.26021252572536474 -0.35576489567756647 -0.010353147983551024 -0.35803958773612971 -13.304885864257811
decision_type=8 8 10 8 10 10 2 10 10 10 10 10 8 10 10 10 10 10 10 10 10 10 10 10 10 8 10 10
left_child=1 4 3 15 6 11 13 20 -9 18 -11 -4 -6 17 19 24 -13 -1 -5 -14 -7 -16 23 -8 -3 -24 -17 -15
right_child=-2 2 5 9 12 7 22 8 -10 10 -12 16 14 27 21 26 -18 -19 -20 -21 -22 -23 25 -25 -26 -27 -28 -29
leaf_value=-0.013655165190159958 -0.023440240113793077 0.0017612889469004059 -0.0065947251393441864 -0.0030360381384466335 -0.007201291726302508 0.001315402443687864 -0.0046370303833829117 0.0026999731392023936 0.00031771544629610808 -0.0012143770505601806 0.00049591520957255439 -0.0012982774773474546 -0.0021954512746825707 -0.0056576886570640066 -0.00048221530659114595 0.00085666913920667376 0.00032654743478958325 -0.0067723070216971597 -0.00069701913799361621 0.001035504894997452 0.0028522489124732184 0.0037273419423483659 -0.002898462195680004 0.00077048999517215938 0.0044136646443188217 0.0010654832616014758 -0.0025238627845284222 -0.0026227276859014143
leaf_weight=2561 2065 36661 3972 59490 2566 280677 11391 43783 660132 187819 87661 87084 37614 4092 5986 3348 57748 18156 20448 9017 37916 6558 3914 3753 8109 7531 6422 8716
leaf_count=2561 2065 36661 3972 59490 2566 280677 11391 43783 660132 187819 87661 87084 37614 4092 5986 3348 57748 18156 20448 9017 37916 6558 3914 3753 8109 7531 6422 8716
internal_value=-9.12083e-06 2.5984e-05 0.000248381 -0.000711713 -0.00284675 0.000584829 -0.00454174 0.000791576 0.000468127 -0.00107329 -0.000669142 -0.000831721 -0.00116839 -0.00644214 -0.000843613 0.00162745 -0.000649462 -0.00793904 -0.0024495 -0.00155996 0.00150343 0.00175406 -0.00205984 -0.00329596 0.00229177 -0.000329587 -0.0013509 -0.00379104
internal_weight=1.70519e+06 1.70312e+06 1.58127e+06 409958 121855 1.17131e+06 60114 1.02251e+06 703915 355418 275480 148804 61741 33525 59175 54540 144832 20717 79938 46631 318593 12544 26589 15144 44770 11445 9770 12808
internal_count=1705190 1703125 1581270 409958 121855 1171312 60114 1022508 703915 355418 275480 148804 61741 33525 59175 54540 144832 20717 79938 46631 318593 12544 26589 15144 44770 11445 9770 12808
is_linear=0
shrinkage=0.03


Tree=15
num_leaves=31
num_cat=0
split_feature=0 13 11 9 15 16 16 19 8 14 17 13 18 17 0 24 17 16 18 24 27 11 18 8 9 0 8 12 11 16
split_gain=1388.68 879.146 824.161 461.818 391.119 355.551 305.655 271.199 257.73 225.188 162.749 158.004 142.942 132.025 127.501 136.871 194.203 120.474 92.5168 81.3848 65.943 57.8197 55.8657 52.8945 47.2145 45.2101 40.8299 34.2347 32.8341 41.8414
threshold=-0.13697075843811032 -12.820794582366942 -0.0041894887108355752 -0.54268535971641529 -0.030253410339355465 -0.26814237236976618 -0.11856344342231749 -0.0032354212598875161 -3.0967004299163814 -3.0756980180740352 -0.35268484055995936 -11.946274757385252 -0.089529450982809053 -0.089767511934041963 0.029393672943115238 -4.4999999999999991 0.31345014274120336 -0.099786836653947816 -0.22006975859403607 -3.4999999999999996 0.07592471688985826 -0.018411177210509774 -0.064905583858489976 -0.64988845586776722 -0.57265487313270558 -0.13697075843811032 -1.4021266698837278 -16.907661437988278 -0.020018757320940491 -0.20115466415882108
decision_type=10 8 8 10 10 10 8 10 10 10 8 10 10 10 10 2 10 10 10 2 10 10 10 10 10 8 10 10 10 10
left_child=2 6 4 7 -1 20 24 11 19 12 -11 18 -7 -13 15 21 -17 25 -3 -6 -5 -8 -19 -22 -2 -10 -16 -28 -26 -30
right_child=1 3 -4 5 8 9 14 -9 17 10 -12 13 -14 -15 26 16 -18 22 -20 -21 23 -23 -24 -25 28 -27 27 -29 29 -31
leaf_value=-0.0092984903152583953 -0.0020867452819623333 -0.0022575221488203606 -0.021313320246916349 0.00090495592273676085 -0.012699676170844909 -0.00040692867414584763 -0.005715114563827864 -0.0097192617725631748 0.0028068371852956087 0.0025418052040258247 0.00073059262207613796 -0.0006728257624113625 0.0019824744492017879 0.00075784231890480317 -0.0030220314282614681 -0.002839578556711647 0.0027831405032992468 -0.0030887351507410442 -0.00017414724269979286 -0.0044510251546248884 0.0064898181241502236 -0.0033016509623741267 -0.00031885069349356452 0.002827784859135902 -0.00019302730963871497 -0.0019301517971699873 -0.0020227908777275638 -0.00021672745512068566 0.0043369985230650191 0.0010269316916682331
leaf_weight=8907 3264 59851 2010 4581 2130 234193 19058 2409 5882 47000 822069 147417 24407 94974 9945 32112 6187 29191 28728 3669 10876 24812 8889 7577 6589 2051 14616 26744 5307 10363
leaf_count=8907 3264 59851 2010 4581 2130 234193 19058 2409 5882 47000 822069 147417 24407 94974 9945 32112 6187 29191 28728 3669 10876 24812 8889 7577 6589 2051 14616 26744 5307 10363
internal_value=-4.24391e-06 0.00016342 -0.00436723 0.000390927 -0.00363187 0.000675849 -0.00195282 -0.000591158 -0.00257242 0.000599088 0.000830295 -0.000509252 -0.000176865 -0.000110618 -0.00252726 -0.0032617 -0.00189937 -0.0017632 -0.00158998 -0.00829599 0.00432847 -0.00440946 -0.00246245 0.00511624 0.00103054 0.00150473 -0.00132509 -0.000878668 0.00153663 0.00226596
internal_weight=1.70581e+06 1.64308e+06 62729 1.48408e+06 60719 1.1507e+06 158997 333379 51812 1.12767e+06 869069 330970 258600 242391 133474 82169 38299 46013 88579 5799 23034 43870 38080 18453 25523 7933 51305 41360 22259 15670
internal_count=1705808 1643079 62729 1484082 60719 1150703 158997 333379 51812 1127669 869069 330970 258600 242391 133474 82169 38299 46013 88579 5799 23034 43870 38080 18453 25523 7933 51305 41360 22259 15670
is_linear=0
shrinkage=0.03


Tree=16
num_leaves=29
num_cat=0
split_feature=25 23 16 15 12 1 9 24 12 8 18 16 8 16 17 5 3 24 20 8 5 20 20 18 3 11 14 17
split_gain=1431.1 1006.29 495.441 492.682 397.233 374.751 345.908 236.892 214.269 178.957 169.951 140.229 123.626 91.8186 89.3413 67.6947 66.4009 66.3733 64.3078 57.8554 46.1858 45.9345 45.3156 45.0977 31.5777 30.9896 20.4119 16.4788
threshold=-1.0000000180025095e-35 -1.8810431957244871 -0.19262676686048505 -0.021534264087676998 -16.405456542968746 -0.1084698438644409 -0.54268535971641529 -3.4999999999999996 -13.273291587829588 -1.5762252211570738 -0.077903840690851198 -0.29940402507781977 -2.2985960245132442 0.11475916951894762 0.32930262386798864 0.30526216328144079 -0.0051253407727926961 -9.4999999999999982 0.38993957638740545 -1.8626323342323301 -0.6429322063922881 -0.020353615283966061 0.27644115686416632 -0.1111960895359516 -0.0035633787047117944 -0.0095795234665274603 -1.7707056999206541 0.033719962462782867
decision_type=8 8 8 10 8 10 10 2 10 10 10 10 10 8 10 10 8 2 10 10 10 8 10 10 10 10 10 10
left_child=1 5 8 9 10 7 -6 12 11 23 -5 25 13 -1 16 -14 -9 20 -13 26 24 -21 -11 -4 -7 -3 -19 -22
right_child=-2 2 3 4 6 17 -8 14 -10 22 -12 18 15 -15 -16 -17 -18 19 -20 21 27 -23 -24 -25 -26 -27 -28 -29
leaf_value=-0.0039522608106596063 -0.022464437928839651 0.0053660486932345011 -0.0073953982413338401 -0.0015481226516013574 -0.00055107408233549305 -0.005927631910072808 0.00063608089877875685 -0.0066344627728646384 -0.0048120905264012097 -0.0022912994093844006 0.0018378726743134254 0.0015357345393764905 -0.0049476487125709387 -0.01118225632354895 0.0032723815332576186 0 -0.0017775252940271061 -0.0037099857645319818 0.0037249807668553233 0.00065030433778339998 0.0013396697751024108 -0.0011899861819523675 0.0010624286589473967 -0.0017428173150206146 -0.0012378857746261867 0.00095016565780923297 -0.00011161331577929795 -0.0020369659471288137
leaf_weight=3460 2050 15135 8272 142029 284699 4244 977103 2577 3327 28977 14221 73503 26752 5419 2284 2775 22495 5512 14831 30132 2039 19758 3709 2092 2469 2028 2128 2112
leaf_count=3460 2050 15135 8272 142029 284699 4244 977103 2577 3327 28977 14221 73503 26752 5419 2284 2775 22495 5512 14831 30132 2039 19758 3709 2092 2469 2028 2128 2112
internal_value=-6.77406e-06 2.66479e-05 0.000240224 9.42206e-05 0.000190879 -0.00246206 0.000367875 -0.00407218 0.00218837 -0.00304842 -0.00123316 0.00243362 -0.00558662 -0.00875773 -0.00187314 -0.0044931 -0.00240843 -0.000891217 0.00192558 -0.000466731 -0.00299323 -7.71307e-05 -0.00189143 -0.00641475 -0.00444974 0.00490292 -0.00281299 -0.000348126
internal_weight=1.70613e+06 1.70408e+06 1.56993e+06 1.4611e+06 1.41805e+06 134156 1.2618e+06 65762 108824 43050 156250 105497 38406 8879 27356 29527 25072 68394 88334 57530 10864 49890 32686 10364 6713 17163 7640 4151
internal_count=1706132 1704082 1569926 1461102 1418052 134156 1261802 65762 108824 43050 156250 105497 38406 8879 27356 29527 25072 68394 88334 57530 10864 49890 32686 10364 6713 17163 7640 4151
is_linear=0
shrinkage=0.03


Tree=17
num_leaves=31
num_cat=0
split_feature=0 13 1 9 8 27 4 20 2 11 11 0 20 13 0 2 11 6 20 27 20 9 4 27 23 0 8 5 1 0
split_gain=1302.32 937.407 639.618 441.992 315.688 292.511 293.651 237.773 214.778 195.906 167.162 162.943 152.306 144.193 134.604 117.366 113.935 102.564 95.4937 69.4309 58.653 54.8194 48.7939 42.2664 39.5451 22.6674 22.3103 11.1025 10.6585 10.1176
threshold=-0.26674902439117426 -12.513070583343504 -0.40720117092132563 -0.7458783984184264 -1.4397476911544798 0.09890425950288774 -0.082503542304038988 -0.020353615283966061 0.0094183324836194533 -0.0063153898809105149 -0.023975694552063938 0.15940463542938235 0.39807599782943731 -13.073032855987547 -0.10925489664077757 -0.010734138078987597 -0.0064962634351104489 -1.4999999999999998 -1.2800117731094358 0.072349701076746001 -0.51443946361541737 -0.69436669349670399 -0.099692463874816881 0.029852868057787422 -1.8512158989906309 0.060128301382064826 -0.95987001061439503 0.4647574275732041 -0.040827274322509759 -0.011537134647369383
decision_type=10 10 10 10 10 10 10 10 10 8 10 10 10 10 10 10 10 2 10 10 8 10 10 10 10 10 10 8 10 10
left_child=2 4 9 11 10 6 17 -8 13 -1 29 14 16 18 22 20 -7 -5 -6 -15 -12 -4 -3 -16 -17 -10 -14 -27 -23 -2
right_child=1 3 21 5 8 12 7 -9 25 -11 15 -13 26 19 23 24 -18 -19 -20 -21 -22 28 -24 -25 -26 27 -28 -29 -30 -31
leaf_value=-0.0097534927571826888 -0.010102223439510814 -0.0054869231085274608 -0.0055507613761468354 -0.0033274868639762375 -0.0048384278012939845 0.0018272960554345558 0.0012282617705180476 0.00026148819872813409 0.0011434088301483169 -0.022024209028858682 -0.0018301506508441058 -0.0090939103286499408 0.0068774675144812796 -0.0011576854412878122 0.00043593172216498056 -0.0029717787775257946 -0.0022607074347064196 -0.00064808146861171432 -0.0017589546825256528 0.00026437586707800674 -0.005625511383173569 -0.001962296495263775 -0.0012551110407925789 -0.0012433872666312577 -0.00077642241815100495 0.0018115674037612764 0.003402158179143789 0.0051185457079488328 0.00034696663220171555 -0.004867053674347757
leaf_weight=6128 2922 8346 2669 14198 10398 103602 332475 737892 4962 2035 6015 2060 5072 72384 16590 12482 6041 112184 70641 52876 14855 2476 4182 62415 19523 2609 6017 3920 3838 2676
leaf_count=6128 2922 8346 2669 14198 10398 103602 332475 737892 4962 2035 6015 2060 5072 72384 16590 12482 6041 112184 70641 52876 14855 2476 4182 62415 19523 2609 6017 3920 3838 2676
internal_value=3.57685e-06 8.85163e-05 -0.00810396 0.000401668 -0.00150773 0.000543526 0.000400773 0.000562499 -0.00097589 -0.0139418 -0.00345848 -0.0015843 0.00194859 -0.0012013 -0.00136355 -0.00287268 0.0015901 -0.000963382 -0.002185 -0.000556341 -0.00461409 -0.00231203 -0.0041997 -0.000886455 -0.00167439 0.00292731 0.00524576 0.00406262 -0.000592112 -0.00825313
internal_weight=1.70448e+06 1.68734e+06 17146 1.41107e+06 276263 1.31748e+06 1.19675e+06 1.07037e+06 217790 8163 58473 93593 120732 206299 91533 52875 109643 126382 81039 125260 20870 8983 12528 79005 32005 11491 11089 6529 6314 5598
internal_count=1704483 1687337 17146 1411074 276263 1317481 1196749 1070367 217790 8163 58473 93593 120732 206299 91533 52875 109643 126382 81039 125260 20870 8983 12528 79005 32005 11491 11089 6529 6314 5598
is_linear=0
shrinkage=0.03


Tree=18
num_leaves=31
num_cat=0
split_feature=21 2 12 23 16 18 12 9 0 0 15 7 12 9 16 23 9 16 3 18 17 23 1 23 6 19 2 10 16 23
split_gain=1372.72 981.815 723.686 427.419 375.461 322.222 329.549 283.838 226.616 186.541 151.839 126.605 118.718 124.111 106.948 102.192 90.6222 72.6059 69.9432 66.5298 66.3508 65.4241 59.4994 45.1686 42.3966 41.1384 38.9159 35.2638 11.2921 8.60872
threshold=-1.0000000180025095e-35 -0.0083002704195678217 -14.139537334442137 -1.9502196311950681 -0.19262676686048505 -0.1111960895359516 -16.704215049743649 -0.40749728679656977 -0.088784992694854722 -0.13014173507690427 -0.02272701263427734 -0.02716054022312164 -16.276276588439938 -0.49684694409370417 -0.29940402507781977 -1.7213407754898069 -0.62836396694183339 -0.13218434900045392 -0.0040243715047836295 -0.077903840690851198 -0.40009537339210505 -0.90191677212715138 -0.080334961414337144 -2.1090546846389766 -1.4999999999999998 -0.78362438082694996 -0.015403118915855883 0.025782581418752674 0.10187339410185815 -2.0267635583877559
decision_type=2 8 8 10 8 10 10 10 10 10 10 8 10 10 10 10 10 8 10 10 10 10 10 10 2 10 10 10 8 10
left_child=1 3 -2 9 14 6 17 -8 10 26 28 23 21 -14 16 29 -3 -6 22 -12 -17 -10 -11 -7 -20 -13 -1 -18 -5 -16
right_child=2 4 -4 8 5 11 7 -9 12 18 19 25 13 -15 15 20 27 -19 24 -21 -22 -23 -24 -25 -26 -27 -28 -29 -30 -31
leaf_value=-0.00995349935967141 -0.0030501774081663495 -0.0015249821069879361 -0.027188634094221023 -0.003250901257737211 0.00097565303196525059 -0.0018369689001560626 -0.00029182248785587734 0.00062073248008063305 -0.0028010112076354522 -0.0062131056754656105 -0.0026707381122534619 0.00091553352783265752 -0.0013886604376229272 0.0010896614490497143 -0.0040769488607721857 0.0036494253384786453 0.003531680408615193 -0.0023612885866541511 -0.0035003671631500055 0.00031292273153220318 0.001375258691313933 0.0013791820842111646 -0.0020807527635206499 0.00085985577024780637 -0.00093954682844528501 0.0029569420198410777 -0.0046844026657162493 0.007002483388286275 -0.0069991985153886596 -0.00088487619999749604
leaf_weight=5435 2327 2014 2015 2763 6104 6222 642921 585433 20766 10686 25755 11933 27504 51231 2065 13995 11456 59023 12102 8680 71023 3586 5691 31921 12507 52027 3983 5047 6910 2001
leaf_count=5435 2327 2014 2015 2763 6104 6222 642921 585433 20766 10686 25755 11933 27504 51231 2065 13995 11456 59023 12102 8680 71023 3586 5691 31921 12507 52027 3983 5047 6910 2001
internal_value=-1.39941e-05 3.12314e-05 -0.0159649 -0.00195386 0.000292941 0.000160711 3.20987e-05 0.000142932 -0.00112711 -0.00432752 -0.00291471 0.00177901 -0.000348979 0.000216839 0.00199651 0.0015437 0.0040613 -0.00203891 -0.00336533 -0.00191635 0.00177227 -0.00215801 -0.00489908 0.000394102 -0.00225546 0.00259079 -0.00810387 0.00478548 -0.00617043 -0.00284066
internal_weight=1.70513e+06 1.70078e+06 4342 197599 1.50318e+06 1.39558e+06 1.29348e+06 1.22835e+06 147195 50404 44108 102103 103087 78735 107601 89084 18517 65127 40986 34435 85018 24352 16377 38143 24609 63960 9418 16503 9673 4066
internal_count=1705126 1700784 4342 197599 1503185 1395584 1293481 1228354 147195 50404 44108 102103 103087 78735 107601 89084 18517 65127 40986 34435 85018 24352 16377 38143 24609 63960 9418 16503 9673 4066
is_linear=0
shrinkage=0.03


Tree=19
num_leaves=31
num_cat=0
split_feature=21 4 12 16 0 13 19 16 23 18 13 17 20 17 0 18 19 3 16 18 12 14 21 23 14 20 12 17 14 12
split_gain=1263.78 946.491 754.19 467.662 414.558 344.77 247.703 243.675 208.901 198.234 187.326 158.785 163.587 136.937 123.533 99.8833 94.1335 88.7854 72.7124 71.0634 68.4801 60.5372 58.9584 42.7176 38.7614 37.1848 26.6767 25.5629 23.3689 20.4961
threshold=-1.0000000180025095e-35 -0.092331301420927034 -14.066816329956053 -0.1617259085178375 -0.13014173507690427 -11.99103784561157 -0.054566001519560807 -0.16976103931665418 -1.9150204658508299 -0.10430943965911864 -13.142871379852293 -0.44797050952911371 -0.002885043621063232 -0.37630504369735712 0.028807759284973148 -0.27132135629653925 -0.14884269237518308 -0.0016751885414123533 -0.26814237236976618 -0.5809226632118224 -15.476754665374754 -2.9919751882553096 -0.35000000894069666 -0.47161643207073206 -2.0912464857101436 -0.38065421581268305 -15.08369731903076 -0.34722222387790674 -2.2767542600631709 -15.23892831802368
decision_type=2 8 8 8 10 10 8 8 10 10 10 8 10 8 10 10 10 10 10 10 10 10 2 10 10 8 10 10 10 10
left_child=1 3 -2 18 8 7 11 16 -5 14 22 23 -13 21 -9 -12 26 -11 24 -15 -10 -8 -6 -7 29 -20 -3 -18 -27 -1
right_child=2 5 -4 4 10 6 13 9 20 17 15 12 -14 19 -16 -17 27 -19 25 -21 -22 -23 -24 -25 -26 28 -28 -29 -30 -31
leaf_value=0.001792690924713969 -0.002519061141430563 0.0033267452402641309 -0.026708342881969677 -0.0079360929321441957 -0.0033779771538950281 0.0064343014269041387 -0.0011524810716764379 -0.0015401604223438073 -0.0016514687735419823 -0.0008556007983380236 -0.0014647525450351188 0.001360126718205433 0.00050495487109443807 -0.0043811447732550078 -0.00015046045524703836 -0.00012406288510247222 0.0013930054088296937 0.0022807150882411678 -0.0020816416817458277 -0.00065666467771572105 -0.0044923156604075309 0.002418677517095204 -0.00028631358415297226 0.00090151793557473889 0.00045078747164462068 0.0020053629529574136 -0.00012247323675309971 -0.0016647701852670086 0 0.0055183043236636817
leaf_weight=2792 2424 20768 2016 11292 42272 5337 5029 161732 16284 11375 119057 316568 559466 4337 90197 87044 3437 25278 2964 132494 16592 18846 6739 2003 2965 13301 2007 5930 8052 6437
leaf_count=2792 2424 20768 2016 11292 42272 5337 5029 161732 16284 11375 119057 316568 559466 4337 90197 87044 3437 25278 2964 132494 16592 18846 6739 2003 2965 13301 2007 5930 8052 6437
internal_value=-2.71996e-06 4.11058e-05 -0.0151546 -0.00138435 -0.00177604 0.000392416 0.000656742 -0.000466813 -0.004448 -0.000744348 -0.00130447 0.000853882 0.000814926 -0.000424329 -0.00104508 -0.000901653 0.00198903 0.00130089 0.00179888 -0.000792422 -0.00314001 0.00164594 -0.00296612 0.00511652 0.00365086 0.000803256 0.0030138 -0.000498653 0.0012559 0.00457211
internal_weight=1.70504e+06 1.7006e+06 4440 335791 299280 1.3648e+06 1.04408e+06 320724 44168 288582 255112 883374 876034 160706 251929 206101 32142 36653 36511 136831 32876 23875 49011 7340 12194 24317 22775 9367 21353 9229
internal_count=1705035 1700595 4440 335791 299280 1364804 1044080 320724 44168 288582 255112 883374 876034 160706 251929 206101 32142 36653 36511 136831 32876 23875 49011 7340 12194 24317 22775 9367 21353 9229
is_linear=0
shrinkage=0.03


Tree=20
num_leaves=31
num_cat=0
split_feature=0 1 13 16 19 12 13 16 17 11 8 9 8 18 17 19 18 0 15 11 4 25 18 9 1 14 8 4 16 27
split_gain=1136.18 879.697 660.792 414.972 292.625 264.727 246.869 218.406 211.788 211.751 187.931 181.514 173.554 165.733 140.226 113.571 108.742 95.5249 86.7948 69.1811 64.8509 64.7023 58.4604 57.5205 56.0592 54.5222 51.9086 43.0106 38.9157 38.0638
threshold=-0.13014173507690427 -0.46341681480407709 -12.108429431915281 -0.14779078215360639 -0.038355739787220948 -13.49179172515869 -13.039963722229002 -0.24811545014381406 -0.074288934469223009 -0.0064508111681789151 -2.0143042802810665 -0.44104753434658045 -2.4653966426849361 -0.23885969817638394 -0.40009537339210505 -0.11691857874393462 -0.10077995806932448 0.044150322675704963 -0.021534264087676998 -0.020698716863989827 -0.099748793989419923 -0.35842087864875788 -0.53736421465873707 -0.29500882327556605 -0.16603523492813108 -2.1323895454406734 -0.64988845586776722 -0.075580563396215425 -0.26814237236976618 0.086347457021474852
decision_type=10 10 10 10 8 10 10 8 10 8 10 10 10 10 10 10 10 10 10 10 10 10 10 10 10 10 10 10 10 10
left_child=1 9 3 15 7 14 17 26 11 -1 25 -9 20 -12 29 21 -10 19 -14 -5 24 28 -20 -16 -3 -8 -4 -24 -2 -6
right_child=2 12 4 6 5 -7 10 8 16 -11 13 -13 18 -15 23 -17 -18 -19 22 -21 -22 -23 27 -25 -26 -27 -28 -29 -30 -31
leaf_value=-0.008249050097810658 0.0032026420956791351 -0.008348134955499081 0.0053947217229321697 -0.0051569291992825689 0.00092682144357376418 -0.0098225350287681548 -0.0047125297483746019 -0.00032964469263671933 0.00091782614710406 -0.019165014327593557 -0.0012095607121899781 0.00068547288764878359 -0.0036919436257731308 0.00029697776606724238 -0.0014764221778544157 -0.0013768025462954959 0.0022823419727185071 -0.0011526915859273823 0.0023456155483850536 -0.0026373162800242605 -0.0013370916377725718 0.0044423518013146741 -0.0016589279437793467 0.00029951651383352754 -0.001958501394497646 -0.0011975695493057841 0.0020265287517070561 0.00088098073650665488 0.00097393905557383053 0.0044647242464632367
leaf_weight=10656 9369 5663 9400 13439 8671 2457 12788 273448 356384 2113 151553 375131 9829 115001 76324 9770 62107 31610 4858 49827 3082 8467 23693 20345 2183 6650 9373 7456 30248 4010
leaf_count=10656 9369 5663 9400 13439 8671 2457 12788 273448 356384 2113 151553 375131 9829 115001 76324 9770 62107 31610 4858 49827 3082 8467 23693 20345 2183 6650 9373 7456 30248 4010
internal_value=-2.02833e-05 -0.00376237 0.000139643 -0.000855545 0.000504655 -0.000952663 -0.00121568 0.000655358 0.000597551 -0.0107321 -0.000771745 0.000257102 -0.00210927 -0.000559123 -0.000706832 0.0015003 0.00112353 -0.00253967 -0.00126018 -0.00321348 -0.00543347 0.00209921 -0.000546677 -0.00109995 -0.00683012 -0.00358525 0.00382482 -0.00103717 0.00154183 0.00219526
internal_weight=1.7059e+06 69533 1.63637e+06 438722 1.19765e+06 111807 380868 1.08584e+06 1.06707e+06 12769 285992 648579 56764 266554 109350 57854 418491 94876 45836 63266 10928 48084 36007 96669 7846 19438 18773 31149 39617 12681
internal_count=1705905 69533 1636372 438722 1197650 111807 380868 1085843 1067070 12769 285992 648579 56764 266554 109350 57854 418491 94876 45836 63266 10928 48084 36007 96669 7846 19438 18773 31149 39617 12681
is_linear=0
shrinkage=0.03


Tree=21
num_leaves=29
num_cat=0
split_feature=4 2 13 8 16 24 19 8 16 3 13 18 16 0 20 19 24 18 8 0 6 6 15 2 3 13 17 17
split_gain=1132.59 869.342 403.425 289.279 287.755 251.626 250.423 233.364 203.712 179.565 163.482 159.941 142.287 134.667 113.814 111.45 101.655 89.3904 84.4458 76.2225 76.0461 74.7944 61.1614 60.028 34.8193 28.3989 27.4196 26.794
threshold=1.0000000180025095e-35 -0.010734138078987597 -12.072710037231444 -1.3680359721183775 -0.14149632304906842 -3.4999999999999996 -0.034516893327236169 -2.4653966426849361 -0.24033005535602567 -0.0084922537207603437 -13.008988380432127 -0.22943902015686032 -0.16976103931665418 -0.043116271495819085 -1.6173052787780759 -0.12679243087768552 -18.499999999999996 -0.48684622347354883 -3.0967004299163814 0.034277379512786872 -1.4999999999999998 -1.4999999999999998 -0.010353147983551024 0.0042677836026996383 -0.0034952998394146557 -11.339680194854735 0.24906087666749957 -0.35268484055995936
decision_type=8 8 10 10 8 2 8 10 10 10 10 10 8 10 8 10 2 8 10 10 2 2 10 10 10 10 10 10
left_child=1 3 4 5 15 13 7 21 -9 -8 19 -12 -11 18 -5 23 17 -16 -1 -6 -18 -4 26 -3 -15 -24 -7 -17
right_child=-2 2 6 14 10 22 9 8 -10 12 11 -13 -14 24 16 27 20 -19 -20 -21 -22 -23 25 -25 -26 -27 -28 -29
leaf_value=-0.012401646634086621 -0.020095135026746872 0.00071540778292355069 -0.0064540488100124221 -0.006596742959923056 -0.0028882386743648257 -0.0045208057111909188 -0.0088466475857442491 0.0035381727821619381 0.00063829432717860894 0.0011170945473204098 -0.0011861195837177311 0.00030037611909600648 -0.0014308238781947091 -0.0045776004302471212 0.0050767583634812076 0.00058601109375923128 -0.0031519100383449717 -0.0004819445553240561 -0.0060510769934931218 -0.00093579977567311891 -0.00047665477120557344 -0.0015864309117811738 -0.0011123844909270251 0.0027845000212701342 -0.001296494918268653 0.0019749146267659403 -0.00031917211578121973 -0.0022768752770019273
leaf_weight=2530 2020 24340 3128 2565 47474 6686 2027 21856 1029868 26803 157858 109937 70235 6137 4299 4025 12718 5331 17964 30751 36813 17769 15284 27981 6778 2703 2031 7972
leaf_count=2530 2020 24340 3128 2565 47474 6686 2027 21856 1029868 26803 157858 109937 70235 6137 4299 4025 12718 5331 17964 30751 36813 17769 15284 27981 6778 2703 2031 7972
internal_value=1.92688e-06 3.1817e-05 0.000220337 -0.00240448 -0.000588373 -0.0038795 0.000503943 0.000637467 0.000700495 -0.000934714 -0.000931444 -0.000575333 -0.000721865 -0.00560387 -0.000943548 0.00124561 -0.000640187 0.00209804 -0.00712604 -0.00213535 -0.00119421 -0.00246286 -0.00164779 0.00184351 -0.00299049 -0.000591347 -0.00364482 -0.00130735
internal_weight=1.70588e+06 1.70386e+06 1.58202e+06 121839 410338 60113 1.17169e+06 1.07262e+06 1.05172e+06 99065 346020 267795 97038 33409 61726 64318 59161 9630 20494 78225 49531 20897 26704 52321 12915 17987 8717 11997
internal_count=1705883 1703863 1582024 121839 410338 60113 1171686 1072621 1051724 99065 346020 267795 97038 33409 61726 64318 59161 9630 20494 78225 49531 20897 26704 52321 12915 17987 8717 11997
is_linear=0
shrinkage=0.03


Tree=22
num_leaves=27
num_cat=0
split_feature=12 21 2 16 13 18 8 9 13 0 0 2 13 0 23 16 2 23 0 24 2 11 27 23 20 20
split_gain=1121.6 1165.6 817.766 450.732 453.344 287.495 282.763 259.982 171.417 125.863 118.613 114.764 94.7861 87.6497 81.7434 80.4822 79.3754 76.727 65.7245 49.5424 46.1387 38.6468 35.3308 21.0332 17.015 15.044
threshold=-12.668993949890135 -0.25000000745058054 -0.010734138078987597 -0.22658324986696241 -12.419076442718504 -0.19212298840284345 -3.0967004299163814 -0.4425616562366485 -13.590137481689451 -0.050312578678131097 0.055763661861419685 -0.018173678778111931 -12.979273796081541 -0.16459327936172483 -1.3270022273063657 -0.32340739667415613 0.0076374590862542399 -1.7702670097351072 -0.0033027529716491695 -3.4999999999999996 0.00153766421135515 -0.018411177210509774 0.078218415379524245 -1.4786422252655027 0.38993957638740545 -0.75210392475128163
decision_type=8 2 10 8 10 10 10 10 10 10 10 10 10 10 10 10 10 10 10 2 10 10 10 10 8 10
left_child=2 23 6 15 10 7 19 -6 18 11 12 -10 -5 -7 -11 20 -12 -17 21 -1 -4 -8 -19 -2 -22 -20
right_child=1 -3 3 4 5 13 8 -9 9 14 16 -13 -14 -15 -16 17 -18 22 25 -21 24 -23 -24 -25 -26 -27
leaf_value=-0.010491995300523698 -0.0027095227163000941 -0.024561181301209014 0.0012033428890855615 -0.0024013836679293724 -0.00043274206412663733 -0.0031920556859734717 -0.0083230948713134915 0.00052790122767019129 -0.0050691772594424565 -0.0014176810258988146 -0.00034168895007952269 -0.0016961714552265195 -0.00094583934285152036 0.001350171471198325 0.0010272746370075898 -0.0027314243582313466 0.0029187530110848861 0.001175418168494428 -0.0036391546814236279 -0.0043550749322038233 0.004157396469768304 -0.002969969676182778 0.0029801409351514494 0.0010753704418594964 0.0080758287156881218 -0.00030249309490152092
leaf_weight=3603 2090 2904 2832 63574 437320 3389 5259 601515 12113 29742 52846 37947 114835 235060 20174 2310 7184 16207 2242 3715 5610 2815 32374 2152 3253 2757
leaf_count=3603 2090 2904 2832 63574 437320 3389 5259 601515 12113 29742 52846 37947 114835 235060 20174 2310 7184 16207 2242 3715 5610 2815 32374 2152 3253 2757
internal_value=-1.50233e-05 -0.0114795 3.63926e-05 0.000218627 0.000114969 0.000339395 -0.00234169 0.000123195 -0.00194654 -0.0015037 -0.00108419 -0.00256033 -0.00147144 0.00127781 -0.000423192 0.00270347 6.44302e-05 0.00213912 -0.00513092 -0.00789272 0.00494627 -0.00677375 0.00240229 -0.000815222 0.00598209 -0.00204833
internal_weight=1.70582e+06 7146 1.69868e+06 1.57831e+06 1.51572e+06 1.27728e+06 120367 1.03884e+06 113049 99976 238439 50060 178409 238449 49916 62586 60030 50891 13073 7318 11695 8074 48581 4242 8863 4999
internal_count=1705822 7146 1698676 1578309 1515723 1277284 120367 1038835 113049 99976 238439 50060 178409 238449 49916 62586 60030 50891 13073 7318 11695 8074 48581 4242 8863 4999
is_linear=0
shrinkage=0.03


Tree=23
num_leaves=29
num_cat=0
split_feature=21 2 2 13 9 23 17 20 0 8 27 2 15 19 0 1 13 24 0 18 9 9 0 6 4 14 18 23
split_gain=1091.01 858.282 413.83 341.036 330.759 290.302 249.679 232.305 205.662 173.932 140.507 131.027 124.738 111.184 97.0383 82.5438 113.926 80.815 79.9259 70.0749 49.1592 44.5913 34.4324 30.5783 26.9965 22.8482 10.2025 9.53968
threshold=-1.0000000180025095e-35 -0.010734138078987597 0.0011159777641296389 -12.979273796081541 -0.59050005674362172 -2.6737115383148189 -0.37630504369735712 -0.031330883502960198 -0.071074545383453355 -3.0967004299163814 0.083372164517641081 0.007286106003448368 -0.027815163135528561 -0.034516893327236169 -0.057217955589294427 -0.2316295504570007 -12.923080444335936 -3.4999999999999996 0.075057983398437514 -0.064905583858489976 -0.6610220968723296 -0.38132105767726893 0.011451333761215212 -1.4999999999999998 -0.10042493045330046 -2.721624374389648 -0.10077995806932448 -3.1864943504333492
decision_type=2 10 10 10 10 10 8 10 10 8 10 10 10 8 10 8 10 2 10 10 10 10 10 2 10 10 10 10
left_child=1 5 -2 11 9 14 10 -8 12 23 -6 17 26 -11 -1 20 -17 18 -3 -14 -10 -19 -13 -5 -16 -24 -7 -26
right_child=2 3 -4 4 6 8 7 -9 15 13 -12 22 19 -15 24 16 -18 21 -20 -21 -22 -23 25 -25 27 -27 -28 -29
leaf_value=-0.0089959419472852506 -0.021986795088577663 -0.003108245970098233 -0.0032467524473301563 -0.0065181127103814147 0.0012828115404634889 -0.0079560097029015998 0.001029663218629263 0.00014190423972021901 -0.0031115353123590344 -0.00031181506219296883 0.0044811298692454043 -0.00098691129718368547 -0.0032873823879033754 -0.003007971371268024 -0.0013958418513896407 -0.0042773796049035764 -0.00048884652154587661 -0.0014316063922618768 -0.00054496576081962064 -0.00029157590474023317 0.001125374071581521 0.001026862933657887 0.0040504524064746894 -0.0027702276689261884 -0.0063638937257366156 0.00045687875224885807 -0.0038190553070915952 -0.0026859022620563484
leaf_weight=6359 2240 45035 2131 3607 32910 4717 403209 777156 2247 224350 20307 2682 28107 14226 3637 9535 26159 16547 15130 9754 22573 10300 4240 7715 3145 2919 2810 2734
leaf_count=6359 2240 45035 2131 3607 32910 4717 403209 777156 2247 224350 20307 2682 28107 14226 3637 9535 26159 16547 15130 9754 22573 10300 4240 7715 3145 2919 2810 2734
internal_value=-5.27736e-06 3.51094e-05 -0.0141831 0.000222576 0.000335517 -0.0023862 0.000537269 0.000445722 -0.00179712 -0.000658289 0.00253919 -0.00149708 -0.00331415 -0.000479793 -0.00612277 -0.000636531 -0.00155428 -0.00187022 -0.00247839 -0.00253726 0.000676081 -0.000475901 0.00170398 -0.0042148 -0.00381961 0.00274986 -0.00678305 -0.00504509
internal_weight=1.70648e+06 1.70211e+06 4371 1.58033e+06 1.48348e+06 121777 1.23358e+06 1.18036e+06 105902 249898 53217 96853 45388 238576 15875 60514 35694 87012 60165 37861 24820 26847 9841 11322 9516 7159 7527 5879
internal_count=1706481 1702110 4371 1580333 1483480 121777 1233582 1180365 105902 249898 53217 96853 45388 238576 15875 60514 35694 87012 60165 37861 24820 26847 9841 11322 9516 7159 7527 5879
is_linear=0
shrinkage=0.03


Tree=24
num_leaves=31
num_cat=0
split_feature=12 21 2 23 17 19 13 0 20 27 0 0 18 15 20 18 13 18 20 8 11 0 14 8 13 13 27 12 1 23
split_gain=1026.12 977.165 801.055 353.63 303.611 273.181 290.709 216.322 201.583 187.385 167.741 155.572 148.485 138.246 128.354 111.573 86.7544 82.2035 79.5265 68.7703 78.072 51.3365 50.7659 49.2114 44.0425 41.2342 39.8719 32.3132 29.8106 25.6714
threshold=-12.668993949890135 -0.25000000745058054 -0.0077923967037349931 -1.9502196311950681 -0.35268484055995936 -0.054566001519560807 -11.946274757385252 -0.079110741615295396 -0.020353615283966061 0.083372164517641081 0.044150322675704963 -0.058577775955200188 -0.59016326069831837 -0.02272701263427734 0.20881739258766177 -0.086038056761026369 -11.291186809539793 -0.077903840690851198 0.38993957638740545 -3.0967004299163814 -0.020698716863989827 -0.020789027214050289 -3.0265039205551143 -1.4021266698837278 -12.025571346282957 -10.877653598785399 0.09890425950288774 -15.627819538116453 0.037393838167190559 -1.6137598156929014
decision_type=8 2 10 10 8 8 10 10 10 10 10 10 10 10 10 10 10 10 8 10 10 10 10 10 10 10 10 10 10 10
left_child=2 -2 3 11 9 6 10 13 -8 22 -6 19 -7 23 15 -9 -14 -15 28 -1 -21 -16 27 -5 26 -24 -13 -4 -11 -20
right_child=1 -3 4 7 5 12 8 14 -10 18 -12 24 16 17 21 -17 -18 -19 29 20 -22 -23 25 -25 -26 -27 -28 -29 -30 -31
leaf_value=-0.009701927147104248 -0.0011495460792970561 -0.022904178297972585 0.0021381390984894374 -0.0074353257886527 -0.00074021775331015247 -0.0071392882236969027 0.0013009400897965237 -0.00112316872619736 0.00031940885931336854 -0.00093865375761424186 0.00059961050752930763 -0.0037236751960573124 -0.0022912187078104672 -0.0024341538682463217 0.000130984683950546 0.0016294533942865334 -0.00048475972235432173 0.00059556026323888801 0.0013843610601508359 -0.0077840216106898593 -0.003059463100742284 0.0033687818113964014 0.00036766033850203951 -0.0028464241246055344 0 0.0022839078931891324 -0.0011647576922844548 -0.0014273577744001588 0.0026302882814840272 0.0056612723816906914
leaf_weight=3643 4265 2917 2358 5643 279295 3056 280739 76864 575115 2058 119571 18294 30868 32324 7701 15458 105704 10263 2007 5031 11218 10618 19442 5139 5449 22132 9160 10625 14448 14790
leaf_count=3643 4265 2917 2358 5643 279295 3056 280739 76864 575115 2058 119571 18294 30868 32324 7701 15458 105704 10263 2007 5031 11218 10618 19442 5139 5449 22132 9160 10625 14448 14790
internal_value=-1.7639e-07 -0.01094 4.90965e-05 -0.00165177 0.00029856 0.000190183 0.000330554 -0.00095603 0.000642295 0.00200431 -0.000337569 -0.00377823 -0.00106575 -0.00251564 -0.000193103 -0.000652755 -0.000902113 -0.00169862 0.0037644 -0.00586991 -0.00472889 0.00206325 0.000900026 -0.0054978 -0.00243575 0.00140993 -0.00291673 -0.000702259 0.00215315 0.00522238
internal_weight=1.7062e+06 7182 1.69901e+06 216805 1.48221e+06 1.39435e+06 1.25472e+06 164010 855854 87860 398866 52795 139628 53369 110641 92322 136572 42587 33303 19892 16249 18319 54557 10782 32903 41574 27454 12983 16506 16797
internal_count=1706195 7182 1699013 216805 1482208 1394348 1254720 164010 855854 87860 398866 52795 139628 53369 110641 92322 136572 42587 33303 19892 16249 18319 54557 10782 32903 41574 27454 12983 16506 16797
is_linear=0
shrinkage=0.03


Tree=25
num_leaves=23
num_cat=0
split_feature=4 8 13 9 1 19 16 18 14 2 20 7 18 9 14 6 2 18 11 14 14 11
split_gain=954.354 724.977 620.325 306.702 304.875 299.403 238.995 222.988 177.661 167.963 116.581 89.6758 64.314 55.2755 57.7407 50.2774 47.4691 32.5083 28.9085 18.0141 15.1658 12.6453
threshold=1.0000000180025095e-35 -2.4653966426849361 -12.979273796081541 -0.40615528821945185 -0.40720117092132563 -1.0000000180025095e-35 -0.28217040002346033 -0.12689303606748578 -2.9919751882553096 0.007286106003448368 -1.6173052787780759 -0.029700192622840401 -0.064905583858489976 -1.1158590316772459 -2.3331142663955684 -2.4999999999999996 -0.0066510066390037528 -0.13272676616907117 -0.0094483341090381128 -2.721624374389648 -2.0314321517944331 -0.017078255303204056
decision_type=8 10 10 10 10 8 8 8 10 10 10 8 8 10 10 2 10 10 10 10 10 10
left_child=1 4 9 5 15 7 18 -4 -8 10 16 13 -12 -6 -15 -1 -3 20 -5 21 -13 -11
right_child=-2 2 3 6 11 -7 8 -9 -10 19 12 17 -14 14 -16 -17 -18 -19 -20 -21 -22 -23
leaf_value=-0.012106842977654254 -0.01841664559293316 -0.0068066005763763645 -0.00025093271084917443 0.0050423686307704031 -0.0065738564375236678 -0.0096901374571867344 -0.00011295958724304895 0.001452241015145121 0.00093788660200378382 0.00062772558718222568 -0.0021068018101357343 -0.0023511462931789036 0.00041304351897289172 -0.0043933863544140883 -0.0012286281894344959 -0.0047508647231382364 -0.0021706765856201854 0.001772520419259015 0.00077425251321866907 0.00011606909288777381 -0.00010919684615936846 0.0038188881284031001
leaf_weight=3538 2031 6279 707219 12300 4719 2432 198301 76160 530325 2185 98252 6369 9664 10839 11190 2551 4062 3220 2027 3866 5061 3654
leaf_count=3538 2031 6279 707219 12300 4719 2432 198301 76160 530325 2185 98252 6369 9664 10839 11190 2551 4062 3220 2027 3866 5061 3654
internal_value=-8.47491e-06 1.86823e-05 0.000124112 0.000292444 -0.00361627 -0.000120401 0.000729294 -8.4147e-05 0.000651598 -0.00187792 -0.00219101 -0.00261472 -0.00187752 -0.00363653 -0.00286206 -0.00966494 -0.00519736 -0.000670858 0.00450522 0.00182811 -0.00142978 0.00281576
internal_weight=1.70624e+06 1.70421e+06 1.65673e+06 1.52876e+06 47487 785811 742953 783379 728626 127962 118257 41398 107916 26748 22029 6089 10341 14650 14327 9705 11430 5839
internal_count=1706244 1704213 1656726 1528764 47487 785811 742953 783379 728626 127962 118257 41398 107916 26748 22029 6089 10341 14650 14327 9705 11430 5839
is_linear=0
shrinkage=0.03


Tree=26
num_leaves=31
num_cat=0
split_feature=12 21 6 16 0 1 13 16 17 16 18 22 19 12 13 27 19 0 20 12 3 27 20 27 17 14 13 18 3 16
split_gain=927.853 971.014 757.104 433.613 310.956 266.608 260.369 241.846 223.757 182.789 182.81 146.369 127.475 127.078 104.5 103.883 100.059 92.4342 88.8577 86.2054 79.1035 67.9703 58.3105 42.5862 40.6541 38.2504 36.0395 31.8172 26.1899 18.0507
threshold=-12.668993949890135 -0.25000000745058054 -1.0000000180025095e-35 -0.1617259085178375 -0.042151987552642815 -0.46341681480407709 -11.727900505065916 -0.031705297529697411 -0.35268484055995936 -0.16976103931665418 -0.12975736707448957 -10.499999999999998 -0.060150064527988427 -16.761588096618649 -12.979273796081541 0.086347457021474852 -0.14466871321201322 -0.26674902439117426 0.053051322698593147 -15.991660594940184 -0.0021323605906218286 0.078970178961753859 -0.45514690876007075 0.068800948560237898 -0.35268484055995936 -2.2859473228454585 -11.475680828094481 -0.66508767008781422 -0.0084922537207603437 -0.093479003757238374
decision_type=8 2 2 8 10 10 8 10 8 8 10 2 8 10 10 10 10 10 10 10 8 10 8 10 10 10 10 10 10 8
left_child=2 29 3 22 5 17 9 8 15 16 13 -7 -10 -11 23 -8 28 -5 19 -9 -12 -16 -1 -6 -18 27 -20 -24 -4 -2
right_child=1 -3 6 4 14 11 7 18 12 10 20 -13 -14 -15 21 -17 24 -19 26 -21 -22 -23 25 -25 -26 -27 -28 -29 -30 -31
leaf_value=-0.0019421647837286244 0.0011420859595636578 -0.022347430384461915 0.00049149875952873325 -0.011121272029838246 -0.0033956477873130697 -0.0044265614596795929 0.0010602249584677425 0.0035929697379645693 0.00030283822524027965 -0.0022266895592727553 -0.00083221967179729361 -0.0016831186748881683 -0.00080178266277427005 -0.0004997412732157849 -0.00088217846912082992 0.003729883901486728 0.0015897293898681452 -0.0048196373504993031 -0.00038587113128952545 0.0014357611789355192 0.0015247140440296141 0.00058302162830366916 0.0061858470463071443 -0.0013941429037452762 -0.0015280543915879557 0.00086998757608951118 0.00087638874264173172 0.0024668181141252197 0.0029449073241388595 -0.0023648599217727757
leaf_weight=2786 2022 2914 5255 3497 15129 23118 42570 18386 351969 43746 16337 76092 127724 300863 91233 19237 5350 8756 23032 188465 52798 40673 2479 30731 9927 12047 144572 16794 24940 2211
leaf_count=2786 2022 2914 5255 3497 15129 23118 42570 18386 351969 43746 16337 76092 127724 300863 91233 19237 5350 8756 23032 188465 52798 40673 2479 30731 9927 12047 144572 16794 24940 2211
internal_value=-1.20604e-05 -0.0104387 3.46956e-05 -0.00127019 -0.00164828 -0.00288865 0.000342072 0.000634334 0.000227885 -0.000240278 -0.000439773 -0.0023444 7.56635e-06 -0.000722745 -0.000862931 0.00191922 0.00155342 -0.00700716 0.00122021 0.00163715 0.000961472 -0.000427625 0.00190495 -0.0020904 -0.000401414 0.00228173 0.000700514 0.00310468 0.00254266 -0.00068261
internal_weight=1.70565e+06 7147 1.69851e+06 323335 289229 111463 1.37517e+06 915955 541500 459216 413744 99210 479693 344609 177766 61807 45472 12253 374455 206851 69135 131906 34106 45860 15277 31320 167604 19273 30195 4233
internal_count=1705653 7147 1698506 323335 289229 111463 1375171 915955 541500 459216 413744 99210 479693 344609 177766 61807 45472 12253 374455 206851 69135 131906 34106 45860 15277 31320 167604 19273 30195 4233
is_linear=0
shrinkage=0.03


Tree=27
num_leaves=25
num_cat=0
split_feature=21 8 13 3 16 18 13 1 16 3 8 24 0 16 14 18 23 19 9 0 18 14 13 4
split_gain=868.482 690.4 608.721 418.813 334.514 276.064 349.806 196.392 168.274 147.425 130.511 107.254 100.422 93.4005 93.1966 82.5945 67.5904 42.3653 38.3037 35.3311 42.7895 22.6829 7.38876 5.45238
threshold=-1.0000000180025095e-35 -2.8737926483154292 -12.979273796081541 -0.013644513208419083 -0.18899485468864438 -0.19212298840284345 -11.475680828094481 -0.40720117092132563 -0.094754062592983232 -0.0021323605906218286 -0.58828467130661 -5.4999999999999991 0.044150322675704963 -0.29940402507781977 -1.4551198482513426 -0.093255639076232896 -0.94292205572128285 -1.7367410063743589 -0.3826515525579452 -0.13697075843811032 -0.27132135629653925 -2.5014358758926387 -11.844770908355711 -0.099951773881912218
decision_type=2 10 8 10 8 10 10 10 8 10 10 2 10 10 10 10 10 10 10 10 10 10 10 10
left_child=1 7 8 -2 10 6 -6 -1 16 -7 13 12 -10 -4 -12 -13 17 -3 -18 23 22 -22 -21 -9
right_child=3 2 4 -5 5 9 -8 19 11 -11 14 15 -14 -15 -16 -17 18 -19 -20 20 21 -23 -24 -25
leaf_value=-0.010397078212623898 -0.020348974742782144 -0.0040987230240677724 0.0049958105386041412 -0.0018793865910054154 -0.00068991026158501641 -0.00046177221211310708 0.00037764948868946029 -0.0063109546934137185 -0.004150386325732924 0.0012505502460174801 0.00092540890003142402 -0.0019636240340262581 -0.0012935871590164052 0.0020754416274168137 -0.0037997833916087517 0.0010245013191001278 0 -4.2930230038620535e-05 0.0042196568998315916 -0.0055066600243868216 -0.0030614886446375385 3.0857290010356766e-05 -0.002709667360637341 -0.0026460943380995404
leaf_weight=4213 2276 2270 12119 2086 480443 54704 648306 4042 38450 249255 33840 40010 16799 59717 3709 9997 2945 15253 4532 3101 2614 6170 4875 2001
leaf_count=4213 2276 2270 12119 2086 480443 54704 648306 4042 38450 249255 33840 40010 16799 59717 3709 9997 2945 15253 4532 3101 2614 6170 4875 2001
internal_value=-1.84742e-05 1.75688e-05 9.52685e-05 -0.0126797 0.000261999 0.000139375 -7.65874e-05 -0.00469564 -0.0018698 0.000941143 0.00185744 -0.00239351 -0.00330652 0.00260339 0.000406982 -0.00135609 0.000327053 -0.000684112 0.00262876 -0.00342891 -0.0025505 -0.000972389 -0.0040932 -0.00543821
internal_weight=1.70373e+06 1.69936e+06 1.67235e+06 4362 1.54209e+06 1.43271e+06 1.12875e+06 27016 130256 303959 109385 105256 55249 71836 37549 50007 25000 17523 7477 22803 16760 8784 7976 6043
internal_count=1703727 1699365 1672349 4362 1542093 1432708 1128749 27016 130256 303959 109385 105256 55249 71836 37549 50007 25000 17523 7477 22803 16760 8784 7976 6043
is_linear=0
shrinkage=0.03


Tree=28
num_leaves=31
num_cat=0
split_feature=21 13 12 9 16 16 13 16 1 0 27 0 3 27 6 0 17 2 23 17 15 16 15 20 3 1 17 23 1 12
split_gain=864.883 628.674 563.078 356.912 288.261 225.493 198.555 248.921 170.724 158.526 108.891 102.811 127.656 98.8233 92.036 75.2514 72.2779 68.2863 64.2394 55.9836 43.824 42.3299 34.8055 33.2464 28.7687 25.7186 25.4173 23.633 19.218 16.1963
threshold=-1.0000000180025095e-35 -12.617157459259031 -14.139537334442137 -0.67380017042160023 -0.233374148607254 -0.13218434900045392 -11.727900505065916 -0.043853726238012307 -0.56995189189910878 -0.14457958936691281 0.084348589181900038 0.029393672943115238 -0.0036327213747426863 0.076657697558403029 -1.4999999999999998 -0.035364389419555657 -0.088033024221658693 0.0071211112663149842 -1.576338469982147 -0.43311122059822077 -0.011338114738464354 -0.26814237236976618 1.0000000180025095e-35 -0.13175469636917111 0.00032480061054229742 0.13425821065902713 -0.029367008246481415 -2.1090546846389766 0.21618762612342837 -14.875594139099119
decision_type=2 10 8 10 8 8 8 10 10 10 10 10 10 10 2 10 10 10 10 10 10 10 10 10 10 8 10 10 8 10
left_child=1 5 -2 9 13 18 10 -8 15 14 -6 12 -10 25 29 -7 17 -11 26 -15 -18 -20 -16 -13 -23 -5 28 -17 -1 -3
right_child=2 3 -4 4 6 8 7 -9 11 16 -12 23 -14 19 22 27 20 -19 21 -21 -22 24 -24 -25 -26 -27 -28 -29 -30 -31
leaf_value=0.0014664980340942542 -0.0016373098594079541 -0.003690216299980125 -0.022518015619031332 0.0024214551841084293 -0.00047051668042890374 -0.0071518134053332747 0.00010253171873472813 0.0011185626720540021 -0.0037177977619677134 -0.0016441835599875383 0.00078438757532295182 -5.6912507806049448e-06 -0.0014853107114215166 0.0066511413078813586 -0.0033248603193983257 -0.0040207161234253009 -0.0021721332778947742 0.0014628107215349133 0.0039211462830932515 0.0030197827237466359 0.00030234321998191745 0.00036391509510659049 0.0006410341984661236 -0.001353364073050407 0.0032883464561451457 -0.00036290107020229179 -0.0034952940678774987 0 -0.0016483005925313503 -0.0091521673978521983
leaf_weight=2938 2380 2159 2017 3828 313452 6943 451759 418615 30705 74326 77010 39592 98180 4895 5206 2041 6846 6474 5226 26442 51813 16986 2670 28283 3326 8894 2634 2727 3173 2697
leaf_count=2938 2380 2159 2017 3828 313452 6943 451759 418615 30705 74326 77010 39592 98180 4895 5206 2041 6846 6474 5226 26442 51813 16986 2670 28283 3326 8894 2634 2727 3173 2697
internal_value=-8.49657e-06 2.75879e-05 -0.0125982 0.000263375 0.000423985 -0.00138408 0.000339763 0.000591908 -0.00175485 -0.00110863 -0.000221561 -0.00153435 -0.0020318 0.00279658 -0.00425569 -0.00522039 -0.000804993 -0.00138408 0.000854742 0.00369199 0 0.00161292 -0.00198658 -0.000577434 0.000924689 0.000512098 -0.00129439 -0.00193911 -0.000107758 -0.00735096
internal_weight=1.70424e+06 1.69984e+06 4397 1.45709e+06 1.3049e+06 242754 1.26084e+06 870374 208471 152191 390462 196760 128885 44059 12732 11711 139459 80800 34283 31337 58659 25538 7876 67875 20312 12722 8745 4768 6111 4856
internal_count=1704237 1699840 4397 1457086 1304895 242754 1260836 870374 208471 152191 390462 196760 128885 44059 12732 11711 139459 80800 34283 31337 58659 25538 7876 67875 20312 12722 8745 4768 6111 4856
is_linear=0
shrinkage=0.03


Tree=29
num_leaves=31
num_cat=0
split_feature=12 21 2 16 23 18 9 15 14 19 18 20 0 0 16 7 24 10 3 14 23 8 2 20 27 24 8 14 23 9
split_gain=832.804 946.138 611.558 299.217 290.996 217.244 233.684 174.692 167.582 150.777 107.188 152.03 101.454 99.7256 83.55 79.7426 75.316 60.3891 53.0455 52.9075 52.1996 51.7081 47.4807 38.3745 35.0577 49.148 34.0913 30.8357 19.4316 12.8643
threshold=-12.668993949890135 -0.25000000745058054 -0.0077923967037349931 -0.22076833993196485 -2.2053977251052852 -0.1111960895359516 -0.43789628148078913 -0.02272701263427734 -2.9798569679260249 -1.4951196908950803 -0.10077995806932448 0.1990470886230469 -0.058577775955200188 -0.033122897148132317 -0.32340739667415613 -0.027444199658930298 -5.4999999999999991 -0.0082522849552333338 -0.0013891369453631339 -2.1604452133178706 -1.796470522880554 -1.4021266698837278 -0.018173678778111931 0.38993957638740545 0.09890425950288774 -4.4999999999999991 -2.2985960245132442 -2.6372699737548824 -2.4732844829559322 -0.80542293190956105
decision_type=8 2 8 8 10 10 10 10 10 10 8 10 10 10 10 8 2 10 8 10 10 10 10 8 8 2 10 10 10 10
left_child=2 29 4 14 12 6 9 13 -8 -5 11 -9 22 21 17 26 -12 19 -17 -4 -16 -6 -1 -22 25 -14 -7 -26 -24 -2
right_child=1 -3 3 5 7 15 8 10 -10 -11 16 -13 24 -15 20 18 -18 -19 -20 -21 23 -23 28 -25 27 -27 -28 -29 -30 -31
leaf_value=-0.00840889074748849 0.0010994838229613378 -0.02166004031322559 0.004385599161489534 -0.0040118123713903855 -0.0064348258788241817 -0.0027064897755584368 -0.00031809628319992979 -0.001500926641083835 0.00069319652405831116 -0.00031637441650504645 -0.0017040572513877406 0.0010758935933754569 -0.0051698804257847867 0.00032195904361435824 -0.0023508911783895882 0.00035845516190294719 0.0016839213698790427 0.0077908138932785889 0.0025855376093243195 -0.00055778668894591367 0.0013730316659216282 -0.0025943652866235304 -0.0051092751148394486 0.0032254742677494913 -0.0028242380365118354 -0.0017107688269443829 0.00063963534075713664 0.00081901699699025391 -0.0016402920896635296 -0.0018575774121754312
leaf_weight=4749 2200 2901 5254 9641 7598 2478 200315 100535 552429 554449 7093 25360 6912 4441 2250 12434 25849 3365 51366 2640 39220 7629 6056 14557 3065 9696 31842 4480 3083 2037
leaf_count=4749 2200 2901 5254 9641 7598 2478 200315 100535 552429 554449 7093 25360 6912 4441 2250 12434 25849 3365 51366 2640 39220 7629 6056 14557 3065 9696 31842 4480 3083 2037
internal_value=1.07111e-05 -0.00987299 5.531e-05 0.000273178 -0.00143179 0.000179603 7.76223e-05 -0.00091618 0.000423648 -0.000383562 -0.000577975 -0.000977282 -0.0038002 -0.00355058 0.0022207 0.00153787 0.000930887 0.00455777 0.00216233 0.00276189 0.00170959 -0.00467342 -0.00584597 0.00190509 -0.00251701 -0.00327696 0.000354025 -0.000707235 -0.00411594 -0.000304849
internal_weight=1.70592e+06 7138 1.69879e+06 1.48224e+06 216546 1.41495e+06 1.31683e+06 178505 752744 564090 158837 125895 38041 19668 67286 98120 32942 11259 63800 7894 56027 15227 13888 53777 24153 16608 34320 7545 9139 4237
internal_count=1705924 7138 1698786 1482240 216546 1414954 1316834 178505 752744 564090 158837 125895 38041 19668 67286 98120 32942 11259 63800 7894 56027 15227 13888 53777 24153 16608 34320 7545 9139 4237
is_linear=0
shrinkage=0.03


Tree=30
num_leaves=31
num_cat=0
split_feature=12 21 2 23 17 19 13 0 27 17 2 0 18 12 9 1 18 1 5 9 23 13 2 17 1 17 12 0 9 23
split_gain=876.581 811.328 609.312 278.694 245.206 244.613 222.834 175.272 161.749 150.645 139.297 127.99 123.663 104.986 110.763 86.8623 78.1091 80.6023 76.0047 66.0071 60.19 55.0041 53.1724 42.9185 33.6157 42.4444 32.5019 22.736 19.4042 18.5908
threshold=-12.668993949890135 -0.25000000745058054 -0.0077923967037349931 -1.9865197539329527 -0.35803958773612971 -0.052715584635734551 -11.900589466094969 -0.088784992694854722 0.087450258433818831 -0.074288934469223009 0.0087892366573214548 -0.13014173507690427 -0.59016326069831837 -16.237792968749996 -0.49684694409370417 -0.29472082853317255 -0.077903840690851198 -0.29472082853317255 -0.5069293975830077 -0.37107588350772852 -1.1924754977226255 -12.025571346282957 -0.014240886084735392 0.29802101850509649 -0.25203484296798701 0.42172574996948248 -14.371872901916502 0.07352426648139955 -0.68066883087158192 -1.4359598159790037
decision_type=8 2 8 10 8 8 10 10 10 8 10 10 10 10 10 8 10 10 10 8 10 10 10 10 10 10 10 8 10 10
left_child=2 29 3 11 8 6 10 16 20 -8 -6 24 -7 15 -15 -9 17 -5 28 -14 -4 23 -18 -13 25 -1 -22 -20 -10 -2
right_child=1 -3 4 7 5 12 9 13 18 -11 -12 21 19 14 -16 -17 22 -19 27 -21 26 -23 -24 -25 -26 -27 -28 -29 -30 -31
leaf_value=-0.0095199390685467046 -0.0028954980771028691 -0.021063687904283021 -0.0019745858377121488 -0.0053825199170673653 -0.00042170136739328362 -0.0064089157825445962 0.0002390785938920593 0.0021246045621356401 0.0015891581920160157 0.0010600160187001202 0.0018016659654029714 -0.0037241522339886883 -0.0015032462850699349 -0.0011298786913063773 0.0010636042795633799 -0.0024074912717432025 -0.0024723432852138817 -0.0021123668040459133 0.00083184622343116519 -0.00015490926341939868 0.00068234866855145578 -0.00015345012272376135 0.0013423659068242215 -0.0011063960288465347 -0.0023215034586744816 -0.0034942689198355047 0.0025184812879258485 0.0033833666967470811 0.0054880540792801337 0.00066547301918855664
leaf_weight=4274 2185 2906 5657 9841 394932 3303 508740 3985 2054 334078 26569 25637 72225 31663 57519 25714 5261 25471 8940 60549 34650 7066 7113 8336 2139 2706 11753 5246 13335 2090
leaf_count=4274 2185 2906 5657 9841 394932 3303 508740 3985 2054 334078 26569 25637 72225 31663 57519 25714 5261 25471 8940 60549 34650 7066 7113 8336 2139 2706 11753 5246 13335 2090
internal_value=-1.61565e-05 -0.0101281 2.93798e-05 -0.0014543 0.000246965 0.000153236 0.000283615 -0.000856284 0.00184045 0.000565275 -0.000278874 -0.00340623 -0.00105255 -0.000233807 0.000279532 -0.00176433 -0.00238336 -0.00309452 0.00359699 -0.000893502 0.000812138 -0.00262104 -0.000289245 -0.0031159 -0.00658876 -0.00761375 0.00117569 0.0018789 0.00505293 -0.00120436
internal_weight=1.70594e+06 7181 1.69876e+06 216725 1.48203e+06 1.4004e+06 1.26432e+06 166567 81635 842818 421501 50158 136077 118881 89182 29699 47686 35312 29575 132774 52060 41039 12374 33973 9119 6980 46403 14186 15389 4275
internal_count=1705937 7181 1698756 216725 1482031 1400396 1264319 166567 81635 842818 421501 50158 136077 118881 89182 29699 47686 35312 29575 132774 52060 41039 12374 33973 9119 6980 46403 14186 15389 4275
is_linear=0
shrinkage=0.03


Tree=31
num_leaves=31
num_cat=0
split_feature=21 2 12 23 16 13 16 9 18 15 12 2 9 18 20 8 8 23 20 14 7 24 27 24 17 14 10 8 23 18
split_gain=763.074 626.595 503.094 252.837 250.359 248.108 279.001 179.794 166.008 142.86 121.535 106.665 97.7435 96.3597 146.912 93.2262 90.3506 88.0718 86.8062 74.5059 74.1789 63.5478 61.3834 41.7077 38.0966 31.7489 29.7143 25.9685 20.2543 18.0461
threshold=-1.0000000180025095e-35 -0.0083002704195678217 -14.104099273681639 -2.1530539989471431 -0.17894199490547177 -11.727900505065916 -0.043853726238012307 -0.99104517698287953 -0.12689303606748578 -0.025830745697021481 -16.953179359436032 -0.019688499160110947 -0.38393571972846979 -0.10077995806932448 0.18953591585159305 -1.3255417346954343 -0.58828467130661 -1.6524960398674009 0.38993957638740545 -1.4551198482513426 -0.026891784742474552 -5.4999999999999991 0.099814154207706465 -7.4999999999999991 -0.04292421601712703 -3.1385329961776729 0.004402272868901492 -1.7742497920989988 -3.1864943504333492 -0.12382782250642775
decision_type=2 10 8 10 8 8 10 10 10 10 10 10 10 10 10 10 10 10 8 10 8 2 10 2 10 10 10 10 10 10
left_child=1 3 -2 11 16 8 12 -8 10 15 -6 27 -7 14 -11 29 17 -3 -19 24 -10 -15 23 -13 -18 -17 -21 -1 -24 -5
right_child=2 4 -4 9 5 6 7 -9 20 13 -12 22 -14 21 -16 25 19 18 -20 26 -22 -23 28 -25 -26 -27 -28 -29 -30 -31
leaf_value=-0.0087455844805000068 -0.0014702088210004178 -0.0011185128829584235 -0.02116064262872543 -0.0073752547330576818 -0.0024263332763880679 -0.00056768514273684487 -0.003174452527312523 0.001020097134941036 7.4157379366011602e-05 -0.0017006012736705716 -0.00051105606341832698 -0.006351056965487897 0.00033272904233199032 -0.0016535444009016774 0.0009142385113461456 -0.0033154980937161018 0.00053719253134932611 0.0016639650123718714 0.0039041085799634066 -0.0053011032608408564 0.0020686517114009676 0.0014982859301614466 -0.0022581517666073769 -0.0028485980938205216 0.0042986034063891487 0.00038609911667459082 -0.00041787027490492303 -0.0038871267882627293 0.00090206572332321108 -0.0028242584212428983
leaf_weight=4016 2383 6942 2032 4717 31959 226453 8888 435077 40020 89110 392854 4025 207068 7048 24151 3258 39391 57861 22254 2124 28867 23467 2391 20775 2142 4204 2377 3459 4361 2306
leaf_count=4016 2383 6942 2032 4717 31959 226453 8888 435077 40020 89110 392854 4025 207068 7048 24151 3258 39391 57861 22254 2124 28867 23467 2391 20775 2142 4204 2377 3459 4361 2306
internal_value=-2.07653e-05 1.31498e-05 -0.0118245 -0.00157411 0.000221975 0.000100918 0.000403714 0.000931972 -0.000436518 -0.00103155 -0.000658532 -0.00372581 -0.00013703 -0.000735573 -0.00113883 -0.00382683 0.00146188 0.00202863 0.0023103 0.000373356 0.000923155 0.000745719 -0.00286365 -0.00354318 0.000787145 -0.0012991 -0.00308185 -0.00691965 -0.000254189 -0.00620784
internal_weight=1.70598e+06 1.70156e+06 4415 197288 1.50428e+06 1.37119e+06 877486 443965 493700 158261 424813 39027 433521 143776 113261 14485 133091 87057 80115 46034 68887 30515 31552 24800 41533 7462 4501 7475 6752 7023
internal_count=1705980 1701565 4415 197288 1504277 1371186 877486 443965 493700 158261 424813 39027 433521 143776 113261 14485 133091 87057 80115 46034 68887 30515 31552 24800 41533 7462 4501 7475 6752 7023
is_linear=0
shrinkage=0.03


Tree=32
num_leaves=31
num_cat=0
split_feature=12 21 8 13 16 2 18 13 16 8 11 17 20 18 4 20 18 7 27 6 18 2 16 3 27 13 7 26 2 23
split_gain=719.383 693.374 566.35 416.888 280.768 242.099 210.77 230.773 149.415 106.623 81.4125 71.8539 71.2313 76.4939 59.6762 59.2976 52.0452 43.6675 42.6008 40.6453 44.1213 38.2779 37.3615 33.3135 27.0871 24.0794 23.8811 19.1587 17.8248 15.1145
threshold=-12.668993949890135 -0.15000000223517415 -2.0143042802810665 -13.073032855987547 -0.22076833993196485 -0.014779508113861082 -0.10077995806932448 -11.515042304992674 -0.14149632304906842 -3.0967004299163814 -0.011821995023638008 -0.40009537339210505 -1.6173052787780759 -0.064905583858489976 -0.055148093029856675 -0.16380780935287473 -0.16932693868875501 -0.06129480525851249 0.073028367012739195 -3.4999999999999996 -0.15190181881189344 -0.0083002704195678217 0.111242663115263 -0.0017327800160273907 0.07985135912895204 -12.03716468811035 -0.029106765985488888 1.5000000000000002 -0.0012530907988548277 -0.98243987560272206
decision_type=8 2 10 10 8 10 10 10 8 10 10 10 10 10 10 10 10 10 10 2 10 10 8 10 10 10 8 2 10 10
left_child=2 17 5 8 11 19 7 -6 15 26 -8 24 21 -14 16 27 -11 -2 -13 -1 22 -10 -21 -22 -5 -16 28 -4 -7 -17
right_child=1 -3 3 4 6 9 10 -9 12 14 -12 18 13 -15 25 29 -18 -19 -20 20 23 -23 -24 -25 -26 -27 -28 -29 -30 -31
leaf_value=-0.009387940839314924 0.00034936906957969518 -0.021307669856874722 0.00091447241407117486 0.0018548985694188331 -0.00035822922625850943 -0.0049686790394565935 0.0004931593250804727 0.00043753874640830876 -0.0065124182606173565 -0.0021869745638304853 0.0022429111171220601 0.00018088287954892286 -0.0021092478855405231 0.0010176096773904055 -0.0021097013173941594 0.001600421750801657 0 -0.0049060523191863095 0.0021665174275038537 -0.0022984533677062177 -0.0043041127518452784 -0.0019360448789226088 -0.0081122604208341137 0.00050566847440127144 0.0050644875386494015 0.00095033422634300884 -0.0015201208445454987 -0.0021149511021458919 -0.0012531615627065817 0.0050216880193633805
leaf_weight=2798 2756 2246 3091 4691 574461 9945 41855 762601 4584 34174 58205 13694 74572 7340 2206 3694 13961 2131 37201 2241 2003 3641 3569 2296 9260 14648 4498 3356 2025 2507
leaf_count=2798 2756 2246 3091 4691 574461 9945 41855 762601 4584 34174 58205 13694 74572 7340 2206 3694 13961 2131 37201 2241 2003 3641 3569 2296 9260 14648 4498 3356 2025 2507
internal_value=-1.81811e-05 -0.00920754 2.29173e-05 0.000156193 0.000283055 -0.00222928 0.000195306 9.54112e-05 -0.00168711 -0.00159778 0.00152007 0.0022068 -0.00211606 -0.00182094 -0.00102902 0.0013113 -0.00156422 -0.00212925 0.00164505 -0.00598416 -0.00461572 -0.004748 -0.00627716 -0.00188776 0.00410755 0.000483278 -0.00372817 -0.000658037 -0.00443962 0.00329986
internal_weight=1.70625e+06 7133 1.69912e+06 1.60475e+06 1.50197e+06 94364 1.43712e+06 1.33706e+06 102785 81457 100060 64846 90137 81912 64989 12648 48135 4887 50895 12907 10109 8225 5810 4299 13951 16854 16468 6447 11970 6201
internal_count=1706250 7133 1699117 1604753 1501968 94364 1437122 1337062 102785 81457 100060 64846 90137 81912 64989 12648 48135 4887 50895 12907 10109 8225 5810 4299 13951 16854 16468 6447 11970 6201
is_linear=0
shrinkage=0.03


Tree=33
num_leaves=31
num_cat=0
split_feature=0 2 1 23 2 9 12 15 0 20 13 14 27 18 13 17 8 18 9 9 15 17 27 20 23 18 23 18 7 16
split_gain=718.629 455.811 368.63 235.672 217.622 213.198 160.261 152.571 133.914 131.285 116.895 115.327 105.872 115.518 89.6667 80.1928 64.3705 63.1792 55.6944 52.6987 45.4211 38.0151 37.9423 33.0454 25.5693 23.8483 21.2889 20.4536 18.6605 16.2157
threshold=-0.26674902439117426 -0.0067808702588081351 -0.46341681480407709 -2.6737115383148189 0.0090943011455237883 -0.40615528821945185 -12.668993949890135 -0.0072539448738098136 0.06362739205360414 -0.002885043621063232 -12.262754440307615 -3.9244456291198726 0.094328347593545928 -0.12689303606748578 -11.717095375061033 -0.34722222387790674 -1.3465630412101743 -0.10077995806932448 -0.56293609738349903 -0.66721728444099415 -0.0047922730445861808 0.064616870135068907 0.096493922173976912 0.38250395655632025 -3.1864943504333492 -0.55566653609275807 -1.2005368471145628 -0.18518029153347013 -0.029397045262157914 0.040440244600176818
decision_type=10 8 10 10 10 8 8 10 10 10 10 8 10 10 8 8 10 10 10 10 10 10 10 10 10 10 10 8 10 8
left_child=2 3 14 20 5 6 9 12 25 -3 17 21 13 -5 -1 -13 -14 -9 -12 -4 -2 -7 26 -24 29 28 -10 -26 -6 -22
right_child=1 4 19 7 8 11 -8 10 22 -11 18 15 16 -15 -16 -17 -18 -19 -20 -21 24 -23 23 -25 27 -27 -28 -29 -30 -31
leaf_value=-0.007446381998651933 -0.0058669650283137264 0.0003527770347469561 -0.0047117992886090221 -0.0033985986719543212 0.0031724771439340981 -0.0017315250671162906 -0.0069906549453486316 -0.0016132119761896357 0 -0.00049596897799910234 -0.00060528731189482109 0.0019801944468663254 -0.002504686339963993 -0.0005563971900388973 -0.016279667125764934 0.00056165217375115143 0.00096957757556179994 0.00043189951351091979 0.0010673536577268351 -0.00018079670763385645 -0.0015648909123595295 6.3384895398499894e-05 0.0035079879332595978 0.0076392854643246811 -0.0027965785043457653 0.00010112408096127694 0.0026999656040467266 0.00037304184271927447 -1.6040291941055476e-05 -0.0050929057449838784
leaf_weight=5515 8298 265101 3313 41557 4233 24032 2618 56883 3062 427537 26134 38017 6363 19260 2093 591721 15427 17300 53653 6345 2716 18115 12055 2566 3013 24960 13952 3321 2246 4461
leaf_count=5515 8298 265101 3313 41557 4233 24032 2618 56883 3062 427537 26134 38017 6363 19260 2093 591721 15427 17300 53653 6345 2716 18115 12055 2566 3013 24960 13952 3321 2246 4461
internal_value=-2.65095e-05 3.64525e-05 -0.00602875 -0.00112171 0.000246218 0.000166128 -0.000201783 -0.000840151 0.0019625 -0.000170666 -0.000277749 0.00054715 -0.00187682 -0.00251528 -0.0107675 0.000649268 -6.4926e-05 -0.00113256 0.000515391 -0.00192003 -0.00407527 -0.000961331 0.00332715 0.00448151 -0.00278335 0.000549357 0.00221841 -0.0011851 0.0021022 -0.00398575
internal_weight=1.70587e+06 1.6886e+06 17266 258386 1.43022e+06 1.36714e+06 695256 236577 63074 692638 153970 671885 82607 60817 7608 629738 21790 74183 79787 9658 21809 42147 31635 14621 13511 31439 17014 6334 6479 7177
internal_count=1705867 1688601 17266 258386 1430215 1367141 695256 236577 63074 692638 153970 671885 82607 60817 7608 629738 21790 74183 79787 9658 21809 42147 31635 14621 13511 31439 17014 6334 6479 7177
is_linear=0
shrinkage=0.03


end of trees

feature_importances:
Column_18=81
Column_16=79
Column_0=73
Column_13=71
Column_8=57
Column_2=55
Column_9=51
Column_20=47
Column_17=42
Column_23=41
Column_12=40
Column_1=38
Column_19=37
Column_14=34
Column_27=31
Column_11=27
Column_15=26
Column_24=22
Column_3=19
Column_4=19
Column_6=19
Column_21=14
Column_7=13
Column_25=10
Column_5=9
Column_10=5
Column_22=5
Column_26=5

parameters:
[boosting: gbdt]
[objective: regression]
[metric: l2]
[tree_learner: serial]
[device_type: cpu]
[data_sample_strategy: bagging]
[data: ]
[valid: ]
[num_iterations: 2000]
[learning_rate: 0.03]
[num_leaves: 31]
[num_threads: 2]
[seed: 0]
[deterministic: 0]
[force_col_wise: 0]
[force_row_wise: 0]
[histogram_pool_size: -1]
[max_depth: 6]
[min_data_in_leaf: 2000]
[min_sum_hessian_in_leaf: 0.001]
[bagging_fraction: 0.8]
[pos_bagging_fraction: 1]
[neg_bagging_fraction: 1]
[bagging_freq: 1]
[bagging_seed: 7719]
[bagging_by_query: 0]
[feature_fraction: 0.8]
[feature_fraction_bynode: 1]
[feature_fraction_seed: 2437]
[extra_trees: 0]
[extra_seed: 11797]
[early_stopping_round: 0]
[early_stopping_min_delta: 0]
[first_metric_only: 0]
[max_delta_step: 0]
[lambda_l1: 10]
[lambda_l2: 500]
[linear_lambda: 0]
[min_gain_to_split: 0]
[drop_rate: 0.1]
[max_drop: 50]
[skip_drop: 0.5]
[xgboost_dart_mode: 0]
[uniform_drop: 0]
[drop_seed: 21238]
[top_rate: 0.2]
[other_rate: 0.1]
[min_data_per_group: 100]
[max_cat_threshold: 32]
[cat_l2: 10]
[cat_smooth: 10]
[max_cat_to_onehot: 4]
[top_k: 20]
[monotone_constraints: ]
[monotone_constraints_method: basic]
[monotone_penalty: 0]
[feature_contri: ]
[forcedsplits_filename: ]
[refit_decay_rate: 0.9]
[cegb_tradeoff: 1]
[cegb_penalty_split: 0]
[cegb_penalty_feature_lazy: ]
[cegb_penalty_feature_coupled: ]
[path_smooth: 0]
[interaction_constraints: ]
[verbosity: -1]
[saved_feature_importance_type: 0]
[use_quantized_grad: 0]
[num_grad_quant_bins: 4]
[quant_train_renew_leaf: 0]
[stochastic_rounding: 1]
[linear_tree: 0]
[max_bin: 255]
[max_bin_by_feature: ]
[min_data_in_bin: 3]
[bin_construct_sample_cnt: 200000]
[data_random_seed: 38]
[is_enable_sparse: 1]
[enable_bundle: 1]
[use_missing: 1]
[zero_as_missing: 0]
[feature_pre_filter: 1]
[pre_partition: 0]
[two_round: 0]
[header: 0]
[label_column: ]
[weight_column: ]
[group_column: ]
[ignore_column: ]
[categorical_feature: ]
[forcedbins_filename: ]
[precise_float_parser: 0]
[parser_config_file: ]
[objective_seed: 8855]
[num_class: 1]
[is_unbalance: 0]
[scale_pos_weight: 1]
[sigmoid: 1]
[boost_from_average: 1]
[reg_sqrt: 0]
[alpha: 0.9]
[fair_c: 1]
[poisson_max_delta_step: 0.7]
[tweedie_variance_power: 1.5]
[lambdarank_truncation_level: 30]
[lambdarank_norm: 1]
[label_gain: ]
[lambdarank_position_bias_regularization: 0]
[eval_at: ]
[multi_error_top_k: 1]
[auc_mu_weights: ]
[num_machines: 1]
[local_listen_port: 12400]
[time_out: 120]
[machine_list_filename: ]
[machines: ]
[gpu_platform_id: -1]
[gpu_device_id: -1]
[gpu_device_id_list: ]
[gpu_use_dp: 0]
[num_gpu: 1]

end of parameters

pandas_categorical:null
