tree
version=v4
num_class=1
num_tree_per_iteration=1
label_index=0
max_feature_idx=33
objective=regression
feature_names=Column_0 Column_1 Column_2 Column_3 Column_4 Column_5 Column_6 Column_7 Column_8 Column_9 Column_10 Column_11 Column_12 Column_13 Column_14 Column_15 Column_16 Column_17 Column_18 Column_19 Column_20 Column_21 Column_22 Column_23 Column_24 Column_25 Column_26 Column_27 Column_28 Column_29 Column_30 Column_31 Column_32 Column_33
feature_infos=[-1.056964635848999:0.48779439926147461] [-4.1209239959716797:0.74997055530548096] [-0.11188590526580811:0.13687151670455933] [-0.10048085451126099:0.15692850947380066] [-0.20158103108406067:0.47218838334083557] [-4.0158696174621582:4.4148941040039062] [-16:0] [-0.42303618788719177:0] [-10.72308349609375:-0.0034432073589414358] [-3.4266149997711182:-0.013721644878387451] [-1:1] [-0.083798855543136597:0] [-23.142679214477539:-7.611177921295166] [-19.45045280456543:-5.8052029609680176] [-6.6806416511535645:0.71334981918334961] [-0.12240695953369141:0.90466606616973877] [-0.73777669668197632:1.1664085388183594] [-0.83558398485183716:3.8637986183166504] [-0.92586225271224976:0] [-24.789472579956055:0] [-6.59521484375:0.89390450716018677] [-1:0] [-39:0] [-14.89865779876709:-0.0012750033056363463] [-41:0] [-1:0] [0:13] [-0.10033726692199707:0.76671123504638672] [-1.5470935106277466:2.5912313461303711] [-2.7667229175567627:9.5497369766235352] [-2.0401544570922852:2.1815192699432373] [9.3441591262817383:16.389305114746094] [1:3824] [0:1]
tree_sizes=3234 3108 2934 2943 3225 3209 2847 2848 3068 3249 3165 3243 3256 3047 2950 3261 3215 3206 3241 3154 3131 3210 2843 3223 3252 2752 3163 3127 3214 3251 3240 3252

Tree=0
num_leaves=31
num_cat=0
split_feature=13 0 1 9 2 17 0 19 8 13 19 27 11 8 2 27 18 9 31 23 6 18 27 2 28 5 2 8 31 32
split_gain=2649.03 1567.17 1058.54 902.975 716.057 404.856 399.545 379.891 325.16 315.007 363.251 272.758 255.976 221.059 216.25 209.671 168.818 156.727 139.028 129.832 115.298 107.164 98.6631 91.0027 97.6666 83.013 77.6289 54.9726 50.0976 48.9534
threshold=-12.870800971984862 -0.17898744344711301 -0.26406568288803095 -0.56006106734275807 -0.021633690223097798 -0.35268484055995936 0.034896105527877815 -0.0032354212598875161 -2.4653966426849361 -12.002213954925535 -0.047567758709192269 0.083372164517641081 -0.0085586365312337858 -1.9338980317115781 0.00153766421135515 0.084348589181900038 -0.27485078573226923 -0.59416276216506947 12.491678237915041 -1.3974145054817197 -1.4999999999999998 -0.077903840690851198 0.1000681482255459 -0.00615943525917828 -0.052744325250387185 -0.47142198681831354 0.010203117504715921 -1.021700322628021 12.601169109344484 78.500000000000014
decision_type=10 10 10 10 10 8 10 10 10 8 10 10 10 10 10 10 10 10 8 10 2 10 10 10 8 10 10 10 8 8
left_child=4 2 12 7 13 11 19 8 20 15 -11 18 -2 -1 29 -7 -10 -4 -5 23 -3 22 -21 24 -6 -13 -16 -23 -15 -8
right_child=1 3 17 5 6 9 14 -9 16 10 -12 25 -14 28 26 -17 -18 -19 -20 21 -22 27 -24 -25 -26 -27 -28 -29 -30 -31
leaf_value=-0.021616531006179353 -0.013231173211571353 -0.010154905896686085 -0.0078643177401640924 -9.5764898773060235e-05 -0.0057177057653128079 -0.0035732844495823613 -0.0043165344334190683 -0.015035805279912579 -0.0040228364186311819 -0.001709947660656085 -0.0036903770531797287 0.004353202000536396 -0.025680146547076125 -0.0055356353276208832 -0.0026450518726974389 -0.0016912812893495964 -0.0024933321665686998 -0.0018151945118088325 -0.0034616299553563343 -0.007063379403451692 -0.0056128885966350139 0.00038657664213591954 -0.0024457427661478404 -0.0065439775346974264 -0.010344002577012111 0.0006290877455225473 0.0017964290595049652 -0.0054100982941737812 -0.012371473548043991 -0.0065656783513297085
leaf_weight=2766 8427 6553 6379 30024 6218 206155 19475 2232 174123 763989 93026 12520 2302 2097 15989 71245 102717 8305 16884 37903 23935 2948 4429 18710 23734 13262 4145 2057 3599 18007
leaf_count=2766 8427 6553 6379 30024 6218 206155 19475 2232 174123 763989 93026 12520 2302 2097 15989 71245 102717 8305 16884 37903 23935 2948 4429 18710 23734 13262 4145 2057 3599 18007
internal_value=-0.00294914 -0.00256544 -0.00988045 -0.00244043 -0.00659162 -0.00206964 -0.00609597 -0.00388438 -0.00378292 -0.00220989 -0.00192557 9.50377e-05 -0.0168223 -0.0148784 -0.00410014 -0.00308746 -0.00345446 -0.0044987 -0.00130625 -0.00727851 -0.00669938 -0.00608506 -0.00657305 -0.00838964 -0.00945471 0.00255344 -0.00162337 -0.00205767 -0.0103153 -0.00543838
internal_weight=1.70416e+06 1.54208e+06 25413 1.51666e+06 162077 1.2071e+06 153615 309560 307328 1.13442e+06 857015 72690 10729 8462 57616 277400 276840 14684 46908 95999 30488 47337 42332 48662 29952 25782 20134 5005 5696 37482
internal_count=1704155 1542078 25413 1516665 162077 1207105 153615 309560 307328 1134415 857015 72690 10729 8462 57616 277400 276840 14684 46908 95999 30488 47337 42332 48662 29952 25782 20134 5005 5696 37482
is_linear=0
shrinkage=1


Tree=1
num_leaves=30
num_cat=0
split_feature=4 13 0 16 1 16 6 17 2 12 0 11 2 16 16 14 23 4 2 0 2 16 0 28 24 12 0 17 5
split_gain=2668.56 2423.38 1024.22 631.683 569.769 531.656 671.24 341.536 336.222 327.011 254.446 191.627 172.49 157.057 115.891 91.4408 76.7366 69.6101 62.8594 59.2771 51.9479 50.7546 43.9031 40.9803 35.9153 28.1135 26.5231 17.9554 10.8911
threshold=-1.0000000180025095e-35 -12.820794582366942 -0.13697075843811032 -0.1303976699709892 -0.24134421348571775 -0.22658324986696241 -1.0000000180025095e-35 -0.056435201317071908 -0.021633690223097798 -13.273291587829588 0.028807759284973148 -0.020698716863989827 -0.0033804818522185083 -0.28217040002346033 -0.12858630716800687 -2.6613079309463497 -1.2943465709686277 -0.078934088349342332 0.0071211112663149842 -0.030240595340728756 0.0015901252627372744 -0.22658324986696241 -0.15347236394882199 0.18414759635925296 -19.499999999999996 -15.730844497680662 -0.17898744344711301 -0.054552078247070306 -0.68605589866638172
decision_type=8 8 10 8 10 10 2 10 10 10 10 10 10 10 10 8 10 10 10 10 10 10 8 8 2 10 10 10 10
left_child=1 3 4 16 15 9 12 -8 19 13 11 -10 -7 -4 22 25 20 -16 -12 -5 24 28 -6 -23 -1 -3 -17 -22 -18
right_child=-2 2 5 8 14 6 7 -9 10 -11 18 -13 -14 -15 17 26 21 -19 -20 -21 27 23 -24 -25 -26 -27 -28 -29 -30
leaf_value=0 -0.030758263420971144 -0.0019888242326728629 0.0060334549755826335 -0.01177947484566298 0.0044078973113465345 -0.0019942286504879433 0.00033011229922500786 0.0013687169594182342 -0.0076261443968137672 -0.0067990592195753203 -0.0022036956027838448 -0.0039120802628573037 -0.00013419374609427499 0.0025901570081773248 -0.0034194535839785468 -0.012778919440327767 0.0068618214393464799 0.00011980920168196874 0.0018760687772253959 -0.0044787731046732017 0.0024976942341950088 0.0026248999800462299 -0.00076822264675763469 -0.0014000252578924082 -0.0048778984772011244 -0.0068238868442950101 -0.0057278386238045608 -0.00061456161826705237 0.0024367123990966925
leaf_weight=2343 2035 2195 19815 5407 3081 108934 798432 443936 15851 2229 49006 75721 76800 33794 16721 5153 2161 6775 3198 2475 3399 6074 2143 2987 2629 5716 2146 2414 2005
leaf_count=2343 2035 2195 19815 5407 3081 108934 798432 443936 15851 2229 49006 75721 76800 33794 16721 5153 2161 6775 3198 2475 3399 6074 2143 2987 2629 5716 2146 2414 2005
internal_value=-8.01858e-07 4.47784e-05 0.000428982 -0.00328682 -0.00405881 0.000563362 0.000450185 0.00070188 -0.00400138 0.00342294 -0.00364119 -0.00459616 -0.00122915 0.00391241 -0.00150447 -0.00866151 0.00120358 -0.00240518 -0.00193265 -0.00992671 -0.000641137 0.00269815 0.0023505 0.00126286 -0.00277465 -0.00571599 -0.0112444 0.00121142 0.00528574
internal_weight=1.70558e+06 1.70354e+06 1.52787e+06 175670 43930 1.48394e+06 1.4281e+06 1.24237e+06 151658 55838 143776 91572 185734 53609 28720 15210 24012 23496 52204 7882 10785 13227 5224 9061 4972 7911 7299 5813 4166
internal_count=1705575 1703540 1527870 175670 43930 1483940 1428102 1242368 151658 55838 143776 91572 185734 53609 28720 15210 24012 23496 52204 7882 10785 13227 5224 9061 4972 7911 7299 5813 4166
is_linear=0
shrinkage=0.03


Tree=2
num_leaves=28
num_cat=0
split_feature=4 4 8 12 16 1 12 16 19 12 1 16 18 6 12 8 28 16 32 16 29 9 14 2 18 29 18
split_gain=2508.2 2079.74 886.142 583.106 511.799 493.693 438.928 425.738 361.458 272.094 263.045 191.545 221.162 159.109 147.848 115.721 110.787 85.8985 84.0706 69.1264 67.2643 47.5837 43.0351 38.4841 29.3798 18.4187 1.64997
threshold=1.0000000180025095e-35 -0.094242721796035753 -1.6534969210624693 -16.437147140502926 -0.19262676686048505 -0.40720117092132563 -12.668993949890135 -0.26814237236976618 -0.049278127029538148 -16.390740394592282 -0.56995189189910878 -0.15688096731901166 -0.093255639076232896 -1.4999999999999998 -16.907661437988278 -2.7092440128326412 0.30889900028705602 -0.11544751003384589 124.50000000000001 -0.29940402507781977 0.12464984506368638 -1.1158590316772459 -2.1240561008453365 -0.019688499160110947 -0.64459168910980214 0.2916186004877091 -0.45341154932975763
decision_type=8 8 10 10 8 10 8 8 8 10 10 8 10 2 10 10 8 10 10 10 8 10 10 10 10 8 10
left_child=1 2 5 11 19 15 7 18 -9 16 -11 25 14 21 -13 -1 -6 -15 -5 22 -14 -7 -4 -17 -21 26 -3
right_child=-2 3 4 6 9 13 -8 8 -10 10 -12 12 20 17 -16 23 -18 -19 -20 24 -22 -23 -24 -25 -26 -27 -28
leaf_value=-0.014517961339665493 -0.029813068902854102 0.0016938354485536594 0.0064913160018602459 0.0038595604722534058 -0.0028903175540483271 -0.0095699332179273993 -0.011200336936298357 0.00091739983851038651 -0.00068695411760377485 -0.0057706419840718084 -0.00075602561556229765 -0.0038899063261668768 0.0028128314885835378 0.0028098117516950787 -0.0013997319725741805 -0.0095601900314933302 -0.0068313784369360888 -0.0029584678141880176 0.0089195010839760586 0.0044578758182302084 -0.0020471333908855939 -0.0049841667400361079 0.00097597811672152585 -0.0038929749145612102 0.00110382806072257 0.00053403863530166731 0.0040196529246144322
leaf_weight=4409 2033 2068 5476 16045 41040 2875 2247 1078254 142573 9550 161105 30418 11414 2013 76097 3119 7873 45344 4043 2555 2801 22829 2045 3605 15456 3223 4435
leaf_count=4409 2033 2068 5476 16045 41040 2875 2247 1078254 142573 9550 161105 30418 11414 2013 76097 3119 7873 45344 4043 2555 2801 22829 2045 3605 15456 3223 4435
internal_value=1.72902e-05 6.18194e-05 -0.00207741 0.000575439 -0.00115891 -0.00472511 0.000775914 0.000802344 0.000729587 -0.00162829 -0.00105444 -0.00132834 -0.00165824 -0.00377158 -0.00212852 -0.0105259 -0.00359345 -0.00268021 0.0050844 0.00281989 0.00179779 -0.00568135 0.00518339 -0.00704305 0.00170339 0.00261832 0.00349661
internal_weight=1.70494e+06 1.70291e+06 329294 1.37362e+06 245100 84194 1.24316e+06 1.24092e+06 1.22083e+06 219568 170655 130456 120730 73061 106515 11133 48913 47357 20088 25532 14215 25704 7521 6724 18011 9726 6503
internal_count=1704945 1702912 329294 1373618 245100 84194 1243162 1240915 1220827 219568 170655 130456 120730 73061 106515 11133 48913 47357 20088 25532 14215 25704 7521 6724 18011 9726 6503
is_linear=0
shrinkage=0.03


Tree=3
num_leaves=28
num_cat=0
split_feature=25 13 8 9 0 17 6 8 18 2 2 15 26 15 23 18 11 23 7 2 32 0 30 14 20 30 0
split_gain=2339.5 2131.98 1213.46 578.291 429.91 356.045 350.514 254.261 249.394 239.567 238.455 199.832 197.649 160.55 108.682 95.1543 96.3138 90.8273 84.0136 80.9324 77.0535 65.5402 51.3069 45.1114 44.5582 32.6058 7.44625
threshold=-1.0000000180025095e-35 -12.870800971984862 -2.4653966426849361 -0.51465147733688343 0.028807759284973148 -0.35268484055995936 -2.4999999999999996 -0.26570250093936915 -0.10077995806932448 -0.017048917710781094 0.0015901252627372744 -0.020471394062042233 1.0000000180025095e-35 -0.021534264087676998 -1.3378192186355589 -0.077903840690851198 -0.018643154762685295 -0.89672917127609242 -0.029700192622840401 0.010203117504715921 78.500000000000014 -0.030240595340728756 0.029494519345462326 -2.859339594841003 0.20630747079849246 0.0049479049630463132 -0.12402892112731932
decision_type=8 8 10 10 10 8 2 8 10 10 10 10 2 10 10 10 10 10 8 10 8 10 10 10 10 8 10
left_child=1 4 6 7 9 12 26 11 -7 14 20 -4 -5 -8 21 17 -17 -11 -15 25 24 -1 -22 -21 -6 -12 -3
right_child=-2 2 3 5 10 8 13 -9 -10 15 19 -13 -14 18 -16 16 -18 -19 -20 23 22 -23 -24 -25 -26 -27 -28
leaf_value=-0.010675183538225209 -0.028494977202953565 -0.015336835624577475 -0.0038418547608916154 0.0019224350332841156 -0.0017339957993349551 0.00060788731827881963 -0.0094473226848473969 -0.00995998376499003 0.0023974831658854913 -0.0047915159985415338 -0.0008227940856931485 -0.00026690328864817435 0.0055556302343866383 -0.0041421911196904814 -0.0016825840386742862 -0.0053863571589454068 0.00023298318598613196 -0.001966500006783179 -0.0010000093861056831 0.0074467383507983865 -0.004913055242799883 -0.0037934474754098137 -0.0015015121012823555 0.0010770734657890482 0.0024083529208911783 0.0017578545684086057 -0.0075232542215117456
leaf_weight=8653 2089 2000 14150 48578 19748 969404 3433 2026 75302 57656 9633 373372 18979 18751 2320 3293 9472 14128 13887 2112 13921 2488 6684 2149 2145 7235 2422
leaf_count=8653 2089 2000 14150 48578 19748 969404 3433 2026 75302 57656 9633 373372 18979 18751 2320 3293 9472 14128 13887 2112 13921 2488 6684 2149 2145 7235 2422
internal_value=1.08308e-06 4.45435e-05 0.000388613 0.00052763 -0.00322772 0.000876012 -0.00470348 -0.000466173 0.000738253 -0.00447181 -0.00128673 -0.000402995 0.00298085 -0.00360627 -0.00819352 -0.00383107 -0.00134242 -0.00425712 -0.00284955 0.00128826 -0.00257402 -0.00939307 -0.0038824 0.00474775 -0.00127003 0.000285562 -0.0123172
internal_weight=1.70603e+06 1.70394e+06 1.5423e+06 1.50181e+06 161637 1.11226e+06 40493 389548 1.04471e+06 98010 63627 387522 67557 36071 13461 84549 12765 71784 32638 21129 42498 11141 20605 4261 21893 16868 4422
internal_count=1706030 1703941 1542304 1501811 161637 1112263 40493 389548 1044706 98010 63627 387522 67557 36071 13461 84549 12765 71784 32638 21129 42498 11141 20605 4261 21893 16868 4422
is_linear=0
shrinkage=0.03


Tree=4
num_leaves=31
num_cat=0
split_feature=4 13 9 16 16 8 13 15 0 18 27 0 18 29 16 6 8 18 9 31 19 16 8 3 24 14 18 5 5 12
split_gain=2163.59 2012.94 882.199 675.136 535.496 461.932 386.124 363.558 345.725 318.726 183.518 169.572 147.874 141.304 136.711 134.984 125.969 102.459 101.01 89.5553 69.1814 65.08 58.0579 52.976 48.765 35.6325 33.5046 25.509 16.2482 8.41069
threshold=1.0000000180025095e-35 -12.513070583343504 -0.70188963413238514 -0.14149632304906842 -0.233374148607254 -2.0143042802810665 -13.008988380432127 -0.02272701263427734 -0.13697075843811032 -0.17159824073314664 0.07592471688985826 -0.088784992694854722 -0.1111960895359516 0.11762226745486261 0.1673783361911774 -1.4999999999999998 -0.66432589292526234 -0.29053117334842676 -0.54561096429824818 13.04941511154175 -0.034516893327236169 -0.26814237236976618 -1.8321456909179685 -0.006691230693832039 -3.4999999999999996 -1.8531680703163145 -0.15986199676990506 0.23663807660341266 0.7324240803718568 -15.722594261169432
decision_type=8 10 10 8 8 10 10 10 10 10 10 10 10 8 8 2 10 10 10 8 10 10 10 10 2 10 10 8 8 10
left_child=1 3 8 18 10 14 13 11 15 -9 19 -6 -8 -7 25 -3 -12 20 28 -4 -10 27 -19 -23 -16 -5 -17 -20 -1 -30
right_child=-2 2 4 5 7 6 12 9 17 -11 16 -13 -14 -15 24 26 -18 22 21 -21 -22 23 -24 -25 -26 -27 -28 -29 29 -31
leaf_value=0.00017059795013132679 -0.027757127244923911 -0.010703433595901615 0.0024327089913396384 -0.0055191378193536486 -0.0060648735063925747 -0.0027494078881068603 -0.0017322888007119453 0.00047859684701011664 -0.001743810590591844 0.0018101708640169505 0.006928815354436707 -0.00097175183878131087 0.0010139594467019123 -0.0050776858469507172 -0.011695491133267576 -0.0049757597328392005 0.0028390170386476663 -0.0016183436163616522 0.0022094664148342427 -0.0029168611036662503 -0.0049208789689271903 -0.00086580560742200525 0.00055911832317962179 0.0022073097691735865 -0.0046045919158817965 -0.0012414949515374338 -0.00047876341841126505 0.0062868332031356189 -0.00098631327748971583 -0.004166939179791428
leaf_weight=2000 2025 4325 9022 12370 9162 58135 101040 1034288 60472 191777 17304 16117 20865 43632 5706 5734 13285 17115 3744 3489 6788 6627 28756 16912 2320 2647 2314 3740 2088 2015
leaf_count=2000 2025 4325 9022 12370 9162 58135 101040 1034288 60472 191777 17304 16117 20865 43632 5706 5734 13285 17115 3744 3489 6788 6627 28756 16912 2320 2647 2314 3740 2088 2015
internal_value=-7.38581e-06 3.35531e-05 0.000494937 -0.00227033 0.000728124 -0.00283777 -0.00240812 0.000613698 -0.0019011 0.000687775 0.00399829 -0.00291115 -0.00125757 -0.00377052 -0.00685577 -0.00657269 0.00523647 -0.00136087 0.0014801 0.000863031 -0.00210282 0.00217607 -0.000255538 0.00132963 -0.0100712 -0.00484877 -0.00382149 0.00455075 -0.00190912 -0.00289647
internal_weight=1.70581e+06 1.70379e+06 1.41995e+06 283841 1.29444e+06 246715 223672 1.25134e+06 125504 1.22606e+06 43100 25279 121905 101767 23043 12373 30589 113131 37126 12511 67260 31023 45871 23539 8026 15017 8048 7484 6103 4103
internal_count=1705814 1703789 1419948 283841 1294444 246715 223672 1251344 125504 1226065 43100 25279 121905 101767 23043 12373 30589 113131 37126 12511 67260 31023 45871 23539 8026 15017 8048 7484 6103 4103
is_linear=0
shrinkage=0.03


Tree=5
num_leaves=31
num_cat=0
split_feature=4 13 9 16 16 1 0 13 13 16 8 0 0 8 6 26 17 23 16 8 17 4 33 31 3 23 16 31 31 14
split_gain=2226.64 1869.74 841.925 730.409 467.25 458.984 384.733 305.498 287.185 311.555 215.465 156.161 149.838 123.917 123.067 117.906 103.559 97.3427 93.0675 78.7121 55.3722 53.9204 45.7119 42.7144 31.1699 24.0203 23.9184 19.0018 18.4123 16.0522
threshold=1.0000000180025095e-35 -12.513070583343504 -0.63846924901008595 -0.13218434900045392 -0.26814237236976618 -0.56995189189910878 -0.14457958936691281 -13.008988380432127 -11.727900505065916 -0.043853726238012307 -2.060709953308105 -0.035364389419555657 0.044150322675704963 -2.4653966426849361 -1.4999999999999998 1.0000000180025095e-35 -0.075957357883453355 -1.6745041608810423 -0.26814237236976618 -0.78045609593391407 0.061498938128352172 -0.055148093029856675 1.0000000180025095e-35 11.443188190460207 -0.0076377838850021354 -2.1530539989471431 0.13645185530185702 13.270637035369875 12.069117069244387 -2.2337706089019771
decision_type=8 10 10 8 8 10 10 10 10 10 8 10 10 10 2 2 10 10 10 10 10 10 8 10 10 10 8 8 10 10
left_child=1 3 6 17 19 11 14 12 15 -10 -9 -5 -7 21 26 -6 -15 24 29 27 -16 -8 -21 -20 28 -13 -3 -4 -1 -19
right_child=-2 2 4 5 8 7 13 10 9 -11 -12 25 -14 16 20 -17 -18 18 23 22 -22 -23 -24 -25 -26 -27 -28 -29 -30 -31
leaf_value=-0.00059898146893487417 -0.028188974435056968 -0.0053794845508265661 0.008399372127439176 -0.010951004282504615 -0.0002595355905428152 -0.0044347642731052562 -0.00375012420170962 -0.0054918581554426332 0.00045496812762040164 0.0015987536866171441 -0.0010850974133155302 -0.0059267603100006706 -0.0018638410356436386 -0.001277926412053948 -0.0052731513262852083 0.0012454798074330415 0.0003627696864089712 0.0062043858944602478 -0.00094430133416639652 0.0046913721176612602 -0.00017110488004184194 0 0.00095944777723918804 0.0019582862058397186 0.00048809279341591487 -0.0014835913302268413 -0.012427985323528642 0.0034696241322244997 -0.0048092609903276741 0.0019970190764519434
leaf_weight=2030 2016 2303 6106 7565 297081 72305 18130 10540 456957 405740 116319 2067 30534 93308 5697 55094 54214 4883 5327 8734 3000 4107 5135 20775 3838 3157 2504 2240 2038 2002
leaf_count=2030 2016 2303 6106 7565 297081 72305 18130 10540 456957 405740 116319 2067 30534 93308 5697 55094 54214 4883 5327 8734 3000 4107 5135 20775 3838 3157 2504 2240 2038 2002
internal_value=1.2195e-05 5.40016e-05 0.000498255 -0.00216857 0.000779609 -0.00279383 -0.0013963 -0.00247181 0.000699304 0.000993871 -0.00147371 -0.00824436 -0.00368704 -0.000996717 -0.00618316 -2.18095e-05 -0.000673759 0.00152081 0.00223534 0.00504599 -0.00365082 -0.00306412 0.00341197 0.00134802 -0.00138044 -0.00365819 -0.00993261 0.00738108 -0.00306947 0.00523964
internal_weight=1.70575e+06 1.70373e+06 1.42035e+06 283380 1.23709e+06 242487 183263 229698 1.21487e+06 862697 126859 12789 102839 169759 13504 352175 147522 40893 32987 22215 8697 22237 13869 26102 7906 5224 4807 8346 4068 6885
internal_count=1705746 1703730 1420350 283380 1237087 242487 183263 229698 1214872 862697 126859 12789 102839 169759 13504 352175 147522 40893 32987 22215 8697 22237 13869 26102 7906 5224 4807 8346 4068 6885
is_linear=0
shrinkage=0.03


Tree=6
num_leaves=27
num_cat=0
split_feature=4 13 8 9 8 17 6 19 2 19 11 20 29 31 15 13 2 7 17 0 0 0 2 17 29 1
split_gain=2177.07 1752.25 1005.84 506.856 486.939 341.046 304.429 302.368 271.389 258.854 205.219 190.856 175.458 173.015 119.18 110.015 109.317 67.4919 64.6884 60.1337 53.5127 46.6604 22.4271 17.237 15.9356 9.00169
threshold=1.0000000180025095e-35 -12.797373771667479 -2.4653966426849361 -0.51465147733688343 -1.4397476911544798 -0.35268484055995936 -2.4999999999999996 -0.0032354212598875161 0.0071211112663149842 -0.047567758709192269 -0.023222441785037514 -1.2800117731094358 0.22231211513280871 12.753739356994631 -0.013511359691619871 -13.039963722229002 -0.015403118915855883 -0.030160431750118729 0.2840800434350968 0.055763661861419685 -0.0010084509849548338 -0.098082840442657457 0.0094183324836194533 0.10409312695264818 0.1139388754963875 -0.31386846303939814
decision_type=8 8 10 10 10 8 2 8 10 8 10 10 8 8 10 10 10 8 10 10 10 10 10 10 8 10
left_child=1 4 6 7 10 13 25 12 11 -7 23 19 -4 -5 21 -13 24 -16 -18 -6 -10 -8 -22 -1 -12 -3
right_child=-2 2 3 5 8 9 14 -9 20 -11 16 15 -14 -15 17 -17 18 -19 -20 -21 22 -23 -24 -25 -26 -27
leaf_value=-0.0054237537072647475 -0.027762041866396112 -0.014321738454186057 -6.0650869427954358e-05 0.003809322925725838 -0.0067228700919625822 0.00085567571010612686 -0.0088512731875878947 -0.0096824019184501859 -0.0011927031671350534 -0.00081134572433272324 -0.005451716695043002 -0.0025483173555082418 -0.0018078359684258023 0.00032000688237376776 -0.0037035550069660192 -0.00057725259686911728 -0.0042417448734133507 -0.00076661026202454251 -0.00057293896913121901 -0.0019554846693660521 0.001177519399534971 -0.0023758703169128549 0.0042936254191657131 -0.012092445507741193 -0.010071358627121274 -0.006659916202159645
leaf_weight=2024 2036 2034 320753 49549 10277 938779 3975 2650 2935 91473 5388 72751 61281 17570 15896 40315 21389 13444 5850 3992 4247 2089 6050 4195 2875 2105
leaf_count=2024 2036 2034 320753 49549 10277 938779 3975 2650 2935 91473 5388 72751 61281 17570 15896 40315 21389 13444 5850 3992 4247 2089 6050 4195 2875 2105
internal_value=1.30986e-05 5.45981e-05 0.000388046 0.000514826 -0.00272057 0.000843297 -0.00430323 -0.000421289 -0.00186045 0.000707053 -0.00555505 -0.00228704 -0.000343693 0.00290947 -0.00328859 -0.00185379 -0.00454075 -0.00240325 -0.00348916 -0.00552078 0.00215671 -0.00701715 0.00315022 -0.0105319 -0.00757623 -0.0116276
internal_weight=1.70592e+06 1.70389e+06 1.5216e+06 1.48206e+06 182288 1.09737e+06 39543 384684 140567 1.03025e+06 41721 127335 382034 67119 35404 113066 35502 29340 27239 14269 13232 6064 10297 6219 8263 4139
internal_count=1705922 1703886 1521598 1482055 182288 1097371 39543 384684 140567 1030252 41721 127335 382034 67119 35404 113066 35502 29340 27239 14269 13232 6064 10297 6219 8263 4139
is_linear=0
shrinkage=0.03


Tree=7
num_leaves=27
num_cat=0
split_feature=4 13 8 16 9 16 1 6 8 13 14 17 0 0 8 15 27 0 2 17 8 16 11 28 17 4
split_gain=1873.57 1754.77 819.388 557.967 445.103 424.196 342.011 241.919 239.652 235.199 225.22 164.971 161.153 126.02 102.553 89.4471 85.1192 76.7974 63.5644 44.2705 42.9539 39.682 52.7076 34.8217 32.0953 33.4876
threshold=-1.0000000180025095e-35 -12.600508213043211 -2.4653966426849361 -0.13218434900045392 -0.51465147733688343 -0.26814237236976618 -0.46341681480407709 -1.4999999999999998 -0.26570250093936915 -13.008988380432127 -3.0880835056304927 -0.072442017495632158 -0.040341377258300774 0.044919312000274665 -2.060709953308105 -0.021534264087676998 0.07592471688985826 -0.11403512954711913 0.0013774961698800328 -0.0022061684867367144 -1.5423725843429563 -0.26814237236976618 -0.020698716863989827 -0.049054119735956185 0.018673746846616272 -0.099897887557744966
decision_type=8 10 10 8 10 8 10 2 10 10 10 10 10 10 10 10 10 10 10 10 10 10 10 8 10 10
left_child=1 3 7 18 8 16 12 17 11 13 -7 -4 23 -8 -11 -9 -6 -3 24 -17 -14 -20 -23 -5 25 -1
right_child=-2 2 4 6 5 10 9 15 -10 14 -12 -13 20 -15 -16 19 -18 -19 21 -21 -22 22 -24 -25 -26 -27
leaf_value=0.0018484300104386286 -0.02569635718337835 -0.011365648832399645 -0.00079745083576041964 -0.0042091170279755057 0.001083325540096599 -5.2646377901846721e-05 -0.0042267075409480846 -0.0076767922956871614 -0.0095683000588307043 -0.0046530257533282321 0.0010121744187646217 0.00050397311046879764 -0.00608684667862256 -0.0018303586467850017 -0.0011386462063474627 -0.0028595984618666765 0.0060133687048804551 -0.004602149426429801 0.004409644903268721 -0.00025589045894159549 -0.00096102748535172988 -0.0026243408071941012 0.0019897476172766587 -0.010475553713110878 -0.003099961106400503 -0.0014337663684019385
leaf_weight=5512 2051 4012 222003 2163 4367 229505 70205 2355 2023 7826 799124 143943 2066 29771 90309 16281 16534 4338 5009 9620 4437 2099 15352 7630 2697 4687
leaf_count=5512 2051 4012 222003 2163 4367 229505 70205 2355 2023 7826 799124 143943 2066 29771 90309 16281 16534 4338 5009 9620 4437 2099 15352 7630 2697 4687
internal_value=-5.49389e-06 3.27843e-05 0.000432167 -0.00228742 0.000547373 0.000862122 -0.0028628 -0.00396811 -0.000349502 -0.00250387 0.000774393 -0.000284734 -0.00700396 -0.00352876 -0.00144412 -0.00254186 0.00504669 -0.00834429 0.00118471 -0.00192707 -0.00295066 0.00213474 0.00136042 -0.00939232 -0.00046542 0.000315526
internal_weight=1.70592e+06 1.70387e+06 1.4541e+06 249763 1.4175e+06 1.04953e+06 214407 36606 367969 198111 1.02863e+06 365946 16296 99976 98135 28256 20901 8350 35356 25901 6503 22460 17451 9793 12896 10199
internal_count=1705919 1703868 1454105 249763 1417499 1049530 214407 36606 367969 198111 1028629 365946 16296 99976 98135 28256 20901 8350 35356 25901 6503 22460 17451 9793 12896 10199
is_linear=0
shrinkage=0.03


Tree=8
num_leaves=29
num_cat=0
split_feature=25 6 1 0 13 17 16 16 22 17 0 13 9 17 12 31 29 1 9 2 27 16 7 9 14 2 0 2
split_gain=1836.67 1662.98 805.135 530.082 529.063 317.579 317.502 314.704 306.1 269.898 220.297 189.954 177.108 171.035 150.288 134.17 93.3631 86.3275 81.4482 79.4726 77.0272 74.8607 133.286 50.5616 49.9031 40.5274 39.5123 28.6171
threshold=-1.0000000180025095e-35 -1.0000000180025095e-35 -0.090217769145965562 -0.26674902439117426 -12.002213954925535 -0.074288934469223009 -0.233374148607254 -0.16428591310977933 -13.499999999999998 -0.38354165852069849 -0.03862261772155761 -13.008988380432127 -0.44104753434658045 0.058479778468608863 -17.008963584899899 12.753739356994631 0.12464984506368638 -0.40720117092132563 -0.56293609738349903 -0.014779508113861082 0.067648336291313185 1.0000000180025095e-35 -0.018567400053143498 -0.5541749596595763 -1.8531680703163145 0.0094183324836194533 0.22855970263481143 0.00050563216791488241
decision_type=8 2 10 10 8 10 8 8 2 8 8 10 10 10 10 8 8 10 10 10 10 10 8 8 10 10 8 10
left_child=1 2 3 17 7 9 24 18 19 15 -10 16 -11 -13 27 -6 -9 -1 -3 -5 -16 23 -23 -7 26 -20 -4 -8
right_child=-2 4 6 8 5 21 14 11 10 12 -12 13 -14 -15 20 -17 -18 -19 25 -21 -22 22 -24 -25 -26 -27 -28 -29
leaf_value=-0.013388910643994924 -0.025379542604157965 -0.0018012036555757937 0.0049165708265935526 -0.0081213848102223117 0.0035736368563205208 -0.00012486183475905554 -0.0060020180847281763 -0.0014558412487761926 -0.0035843211709601312 -0.00035908890088154328 -0.0010769920179720478 -0.0011651258594624573 0.00066475113683387257 0.00048855177806484903 -0.0013819276907992817 -0.00015360964995362149 -0.0042454731122200454 -0.0054688044177912338 0.0018139400939883366 -0.0043784146255971311 2.7905358084721357e-05 0.0012756376158153864 0.0029263504132434133 0.0012974357955069782 -0.0005540256010968228 0.0042910915493271917 0.00029667949921448984 -0.0015093861089599668
leaf_weight=4752 2063 3855 11444 9620 34485 25928 5237 26887 62741 241970 65037 152673 406425 88330 61693 11310 19172 3278 22122 17956 78445 109126 76293 149264 2022 9094 2177 2443
leaf_count=4752 2063 3855 11444 9620 34485 25928 5237 26887 62741 241970 65037 152673 406425 88330 61693 11310 19172 3278 22122 17956 78445 109126 76293 149264 2022 9094 2177 2443
internal_value=-2.61197e-06 3.53762e-05 -0.00188649 -0.00337272 0.00049231 0.000817322 -0.000393377 -0.000570606 -0.00295889 0.000440981 -0.00231964 -0.000899826 0.000282227 -0.000558038 -0.000828753 0.00265492 -0.00265659 -0.010701 0.00209045 -0.00581623 -0.000593319 0.00153935 0.0019625 0.00108548 0.00360035 0.00260133 0.00423608 -0.00478921
internal_weight=1.70584e+06 1.70378e+06 326845 163384 1.37693e+06 1.0548e+06 163461 322133 155354 694190 127778 287062 648395 241003 147818 45795 46059 8030 35071 27576 140138 360611 185419 175192 15643 31216 13621 7680
internal_count=1705842 1703779 326845 163384 1376934 1054801 163461 322133 155354 694190 127778 287062 648395 241003 147818 45795 46059 8030 35071 27576 140138 360611 185419 175192 15643 31216 13621 7680
is_linear=0
shrinkage=0.03


Tree=9
num_leaves=31
num_cat=0
split_feature=0 13 11 9 16 15 16 19 23 18 13 13 8 18 16 13 18 24 17 0 2 9 23 16 16 3 19 32 24 0
split_gain=1663.73 1214.99 949.648 462.892 440.752 427.014 373.258 335.605 315.505 244.239 242.368 232.117 142.025 140.384 139.308 137.445 116.757 101.646 151.215 119.885 82.8392 69.3907 68.0155 62.6805 53.2282 57.1104 45.7873 44.4784 34.694 32.3787
threshold=-0.13697075843811032 -12.513070583343504 -0.0045876996591687194 -0.56006106734275807 -0.14350491762161252 -0.030253410339355465 -0.28217040002346033 -0.0032354212598875161 -1.8810431957244871 -0.11756678298115729 -13.073032855987547 -11.717095375061033 -2.0143042802810665 -0.21042172610759732 -0.12685485184192655 -11.406943321228026 -0.10430943965911864 -4.4999999999999991 0.31345014274120336 0.082513540983200087 -0.01322741527110338 -0.55127117037773121 -1.9502196311950681 0.13645185530185702 -0.28217040002346033 -0.006691230693832039 -0.78362438082694996 124.50000000000001 -1.4999999999999998 -0.15347236394882199
decision_type=10 8 8 8 10 10 8 10 10 10 10 8 10 10 10 10 10 2 10 10 10 10 10 8 10 10 10 10 2 8
left_child=2 4 5 7 21 23 27 13 -7 11 17 -8 28 15 29 -3 -14 19 -19 -6 -16 -2 -11 -1 -23 -26 -15 -5 -12 -10
right_child=1 3 -4 6 10 8 9 -9 14 22 12 -13 16 26 20 -17 -18 18 -20 -21 -22 24 -24 -25 25 -27 -28 -29 -30 -31
leaf_value=-0.0051174028162821556 -0.0016105012698146297 -0.0016364783405987352 -0.022310879833472748 0.0042123411628620941 -0.0048612246274548779 -0.0072658709742043203 -0.00013076618565095562 -0.011211966438764461 0.0041009704582651227 -0.00061367564062465678 -0.0057515267538602137 0.00089524664123881729 -0.0014523695991229325 -0.0015944938303214654 -0.0048363699180863085 -0.00010825725250852371 0.0011221361439385572 -0.002864736080924443 0.0025433085290550617 -0.0013534169916161016 -0.0014172408124819545 0.0045086070054922113 0.0025194698097196003 -0.012001506632978722 -0.0010061613364859292 0.0022248717162920155 0.0010741068362931313 0.0087366948889524756 -0.0010937673117897156 -9.253613226302266e-05
leaf_weight=3199 5114 97805 2192 12552 45158 10951 271148 2135 3560 6408 7385 733580 106715 5918 8489 115993 18091 27931 5102 11763 26150 5853 79750 5559 6415 16675 56082 3045 2302 2533
leaf_count=3199 5114 97805 2192 12552 45158 10951 271148 2135 3560 6408 7385 733580 106715 5918 8489 115993 18091 27931 5102 11763 26150 5853 79750 5559 6415 16675 56082 3045 2302 2533
internal_value=6.7557e-06 0.000190523 -0.0047722 0.000543334 -0.0016952 -0.00395337 0.000818314 -0.000549817 -0.00284912 0.000750705 -0.00217794 0.000618129 -0.00135985 -0.000446053 -0.00158067 -0.000810951 -0.0010738 -0.00338349 -0.00199504 -0.00415964 -0.0023206 0.00146299 0.00228078 -0.00993156 0.00203436 0.00131219 0.000803866 0.00535821 -0.00478213 0.00243732
internal_weight=1.70555e+06 1.64292e+06 62633 1.38442e+06 258504 60441 1.10648e+06 277933 51683 1.09089e+06 224447 1.00473e+06 134493 275798 40732 213798 124806 89954 33033 56921 34639 34057 86158 8758 28943 23090 62000 15597 9687 6093
internal_count=1705553 1642920 62633 1384416 258504 60441 1106483 277933 51683 1090886 224447 1004728 134493 275798 40732 213798 124806 89954 33033 56921 34639 34057 86158 8758 28943 23090 62000 15597 9687 6093
is_linear=0
shrinkage=0.03


Tree=10
num_leaves=30
num_cat=0
split_feature=4 4 1 13 0 19 16 8 16 20 17 31 12 13 17 13 19 24 19 17 29 1 9 16 4 27 9 2 17
split_gain=1772.94 1608.33 727.283 479.478 477.344 385.098 309.861 278.638 274.022 230.474 239.807 218.537 198.315 158.848 144.032 134.479 123.935 116.473 113.136 111.669 102.914 95.177 83.5645 86.586 81.4514 63.7766 53.7497 39.4341 29.9433
threshold=1.0000000180025095e-35 -0.094242721796035753 -0.090217769145965562 -12.002213954925535 -0.26674902439117426 -0.034516893327236169 -0.15688096731901166 -2.060709953308105 -0.15930104255676267 -0.020353615283966061 -0.43311122059822077 10.475018978118898 -16.826973915100094 -13.142871379852293 0.018673746846616272 -12.979273796081541 -0.0081410254351794702 -3.4999999999999996 -0.11885388568043707 -0.37630504369735712 0.12464984506368638 -0.40720117092132563 -0.72644647955894459 -0.29940402507781977 -0.072741217911243425 0.065544988960027709 -0.57265487313270558 0.0028974935412406926 -0.34722222387790674
decision_type=8 8 10 10 10 8 8 10 8 10 10 10 8 10 10 10 8 2 10 10 8 10 10 10 10 10 10 10 10
left_child=1 2 4 6 21 9 18 17 22 24 -11 16 20 -9 -14 27 -7 -6 26 -13 -8 -1 -4 -24 -5 -17 -3 -10 -20
right_child=-2 3 8 5 7 11 12 13 15 10 -12 19 14 -15 -16 25 -18 -19 28 -21 -22 -23 23 -25 -26 -27 -28 -29 -30
leaf_value=-0.013006993146873988 -0.025244041193056382 -0.0012694912145069215 -0.0030707143763754005 3.1045616966195599e-05 -0.0072290616189662109 -0.0027134983383143327 -0.0015094193292067432 -0.0040928799074033285 -0.0035113123389933459 0.0046843831069070373 0.00056420737655835519 0.0017221768933517964 -0.0012523950163220129 -0.0015520091314647601 0.00021721326047373233 -0.0013027714716079015 -0.011343476334459082 -0.0035272713628133777 0.0012030592129917742 -0.0010883899849725568 -0.0045654909559075391 -0.0050058332321883869 0.0053198287085342915 0.001480387357494515 0.0018132550268332751 0.00015809365129462724 0.0032299529489388133 -0.00037909545497683017 -0.0021541806436461337
leaf_weight=4723 2005 2255 2238 25660 15375 4881 25804 29603 21390 12502 654073 14801 125885 92059 113502 53445 2128 19576 3327 74216 16971 3305 6786 23333 266282 52805 27034 4754 5786
leaf_count=4723 2005 2255 2238 25660 15375 4881 25804 29603 21390 12502 654073 14801 125885 92059 113502 53445 2128 19576 3327 74216 16971 3305 6786 23333 266282 52805 27034 4754 5786
internal_value=-2.39708e-05 1.29138e-05 -0.00186815 0.000464236 -0.00327549 0.00077314 -0.000550637 -0.00288541 -0.000454282 0.000954808 0.000645387 -0.00103269 -0.000896083 -0.00218694 -0.00055535 -0.00106104 -0.00595445 -0.00524315 0.00195874 -0.000610712 -0.00276759 -0.0102348 0.00199759 0.00242798 0.00165796 -0.000576589 0.00285797 -0.00297081 -0.000898478
internal_weight=1.7065e+06 1.7045e+06 329392 1.37511e+06 164641 1.05454e+06 320564 156613 164751 958517 666575 96026 282162 121662 239387 132394 7009 34951 38402 89017 42775 8028 32357 30119 291942 106250 29289 26144 9113
internal_count=1706504 1704499 329392 1375107 164641 1054543 320564 156613 164751 958517 666575 96026 282162 121662 239387 132394 7009 34951 38402 89017 42775 8028 32357 30119 291942 106250 29289 26144 9113
is_linear=0
shrinkage=0.03


Tree=11
num_leaves=31
num_cat=0
split_feature=0 13 11 9 2 17 19 4 19 27 23 2 8 8 12 31 0 17 29 20 13 19 20 15 0 4 24 23 0 23
split_gain=1709.34 1185.66 614.927 576.337 383.203 341.255 320.975 262.639 236.382 233.432 227.436 209.072 198.451 170.108 163.342 105.33 90.7277 89.7591 87.6413 87.6261 80.4321 72.3136 69.0169 67.2952 49.8393 49.7009 43.3055 36.0054 25.799 25.647
threshold=-0.26674902439117426 -12.513070583343504 -0.0047161530237644902 -0.70188963413238514 -0.0081410678103566152 -0.35268484055995936 -0.052715584635734551 -0.075580563396215425 -0.010714599862694739 0.087450258433818831 -1.6524960398674009 0.007286106003448368 -3.0967004299163814 -2.7092440128326412 -16.953179359436032 12.501768589019777 -0.001507759094238281 0.45490548014640814 0.24373318254947665 0.22954276204109195 -11.544195652008055 -1.9817810654640196 0.38993957638740545 -0.01316016912460327 0.056827366352081306 -0.10025900974869727 -3.4999999999999996 -1.4227293729782102 -0.11403512954711913 -2.3923436403274532
decision_type=10 10 8 10 10 8 8 10 10 10 10 10 10 10 10 8 10 10 8 10 10 10 8 10 10 10 2 10 10 10
left_child=2 4 13 8 10 9 7 -7 12 15 16 14 28 -1 26 -5 17 -2 -16 25 -8 -15 -11 -14 -13 -12 -6 -23 -3 -18
right_child=1 3 -4 5 11 6 20 -9 -10 22 19 24 23 21 18 -17 29 -19 -20 -21 -22 27 -24 -25 -26 -27 -28 -29 -30 -31
leaf_value=-0.012319633561488026 -0.0071161389660397674 -0.0069913663667800349 -0.023314142274223293 0.0022786475237727521 -0.0041397026906925347 -0.00039992306725813965 -0.0029483669193873423 0.00086001024469749927 -0.010010563351848396 0.0029899795634212097 0 0.00020235066842786353 -0.0031885469842384199 -0.0093056209008078837 -0.00036473724126357364 -0.0004837763354832937 -0.0042713602304638044 -0.0025407313336106869 -0.002122174790849491 0.0021214789112775825 -0.00065869517264185442 -0.0051956589958399232 0.0062729488904007553 -0.00064652570500535109 0.003179817330766796 -0.0027427507095492193 -0.0018823401678662922 -0.0013282337337705075 -0.0034259396091228687 -0.0017846308641936157
leaf_weight=3465 19085 4149 2031 35192 18409 177355 15618 910046 2413 13441 7352 9496 10037 2068 100141 18579 8964 6038 34204 4181 106398 4013 13755 97925 11116 31638 16508 5638 7711 9189
leaf_count=3465 19085 4149 2031 35192 18409 177355 15618 910046 2413 13441 7352 9496 10037 2068 100141 18579 8964 6038 34204 4181 106398 4013 13755 97925 11116 31638 16508 5638 7711 9189
internal_value=-1.83534e-05 7.86829e-05 -0.00928891 0.000430532 -0.0017165 0.000617344 0.000490212 0.00065415 -0.0015336 0.00249799 -0.00336843 -0.000955952 -0.0013195 -0.00671033 -0.00130505 0.00132298 -0.00490215 -0.00609924 -0.000820612 -0.00178559 -0.000965057 -0.00459101 0.00474452 -0.000899227 0.00185958 -0.00223371 -0.00312258 -0.00314262 -0.00492987 -0.00311025
internal_weight=1.70616e+06 1.68894e+06 17215 1.41262e+06 276321 1.29038e+06 1.20942e+06 1.0874e+06 122235 80967 86447 189874 119822 15184 169262 53771 43276 25123 134345 43171 122016 11719 27196 107962 20612 38990 34917 9651 11860 18153
internal_count=1706155 1688940 17215 1412619 276321 1290384 1209417 1087401 122235 80967 86447 189874 119822 15184 169262 53771 43276 25123 134345 43171 122016 11719 27196 107962 20612 38990 34917 9651 11860 18153
is_linear=0
shrinkage=0.03


Tree=12
num_leaves=31
num_cat=0
split_feature=21 2 12 13 16 23 9 13 20 17 18 0 2 6 19 15 19 0 18 20 18 0 0 2 18 22 15 23 16 17
split_gain=1596.9 1379.36 811.095 624.13 437.364 414.447 354.522 263.181 261.801 257.699 228.698 223.999 207.643 146.542 143.651 128.373 99.3941 88.9624 86.2492 84.5477 101.202 81.4657 73.4195 71.9001 67.3149 49.7107 40.608 31.6795 31.3397 9.37
threshold=-1.0000000180025095e-35 -0.010454189963638781 -14.104099273681639 -12.072710037231444 -0.14149632304906842 -1.9865197539329527 -0.58331429958343495 -12.979273796081541 -0.020353615283966061 -0.37630504369735712 -0.19620587676763532 -0.071074545383453355 -0.017048917710781094 -1.4999999999999998 -0.11691857874393462 -0.030253410339355465 -0.034516893327236169 0.041086643934249885 -0.086038056761026369 0.18467581272125247 -0.1111960895359516 -0.033122897148132317 -0.069284081459045396 0.0069617019034922132 -0.089529450982809053 -5.4999999999999991 -0.010120570659637449 -3.1864943504333492 -0.28217040002346033 0.26021252572536474
decision_type=2 10 8 10 8 10 10 10 10 8 10 10 10 2 10 10 8 10 10 10 8 10 10 10 10 2 10 10 10 10
left_child=1 5 -2 4 14 12 13 17 18 -10 -9 15 21 22 23 -7 -15 -6 -8 20 -13 -1 -5 -3 -17 -21 29 -28 -16 -14
right_child=2 3 -4 6 7 11 8 10 9 -11 -12 19 26 16 28 24 -18 -19 -20 25 -22 -23 -24 -25 -26 -27 27 -29 -30 -31
leaf_value=-0.010579711713490845 -0.0036533450060291122 0.0012884507520558707 -0.029156501542231563 -0.0073343693495317806 -0.0033845651530911387 -0.0077595221350090305 0.0014462658875726917 -0.0013055707178337131 0.0027090089594928052 0.00040372003510170967 0.00058499454466749213 -0.0019445572771972979 -0.0068028122569775652 -0.00012633952906658505 0.0012502925306406838 -0.0036026535916714735 -0.0027434397504091132 -0.0012579905050615803 0.0030572077822752712 -0.00083247986809705139 0.0013854550091625256 -0.0048949114130494003 -0.0017432115742371304 0.0036127105892989897 -0.00058032967640285883 0.003443301393045356 -0.0051903674137347153 -0.0019129613333713456 -0.0023483325407519361 -0.0028232688900809507
leaf_weight=8108 2392 33461 2001 3409 52263 5313 241572 175412 46425 642807 85004 32402 4308 178299 2393 24309 13631 28761 34817 3446 10439 5454 5992 19669 9695 6195 3608 13039 8604 2197
leaf_count=8108 2392 33461 2001 3409 52263 5313 241572 175412 46425 642807 85004 32402 4308 178299 2393 24309 13631 28761 34817 3446 10439 5454 5992 19669 9695 6195 3608 13039 8604 2197
internal_value=-9.56292e-06 3.94775e-05 -0.0171236 0.000284223 -0.000728639 -0.00294246 0.000636655 -0.00115616 0.000875468 0.000561285 -0.000687371 -0.00184246 -0.00562311 -0.000506582 0.00153434 -0.00354122 -0.000320412 -0.00264572 0.00165544 -0.000542758 -0.00111959 -0.00857022 -0.00406898 0.00218016 -0.00277054 0.00191973 -0.00373938 -0.00277142 -0.00151884 -0.00579904
internal_weight=1.70542e+06 1.70103e+06 4393 1.57252e+06 405567 128513 1.16695e+06 341440 965621 689232 260416 91799 36714 201331 64127 39317 191930 81024 276389 52482 42841 13562 9401 53130 34004 9641 23152 16647 10997 6505
internal_count=1705425 1701032 4393 1572519 405567 128513 1166952 341440 965621 689232 260416 91799 36714 201331 64127 39317 191930 81024 276389 52482 42841 13562 9401 53130 34004 9641 23152 16647 10997 6505
is_linear=0
shrinkage=0.03


Tree=13
num_leaves=29
num_cat=0
split_feature=25 8 12 24 16 15 9 12 24 16 8 16 18 1 28 17 14 3 8 15 18 12 29 16 7 20 32 24
split_gain=1639.63 1095.23 629.393 508.496 410.824 372.845 261.761 252.096 239.486 251.616 177.298 174.165 160.771 109.284 97.6162 90.9646 82.2724 72.9126 61.2792 56.5669 55.9721 55.2789 54.1746 47.1427 22.0276 18.3783 13.6434 11.7631
threshold=-1.0000000180025095e-35 -2.0143042802810665 -16.390740394592282 -3.4999999999999996 -0.233374148607254 -0.024154126644134518 -0.40749728679656977 -13.273291587829588 -3.4999999999999996 -0.050474269315600388 -3.0967004299163814 0.1673783361911774 -0.1111960895359516 -0.36397081613540644 0.081127658486366286 -0.40009537339210505 -2.2502385377883907 -0.001515097916126251 -2.8737926483154292 -0.011618971824645994 -0.1492064222693443 -15.093021392822264 0.09738462790846826 -0.17260392010211942 -0.029106765985488888 0.30536788702011114 71.500000000000014 -4.4999999999999991
decision_type=8 10 10 2 8 10 10 10 2 8 10 8 10 10 8 10 10 10 10 10 10 10 8 10 8 10 8 2
left_child=1 3 8 11 7 13 -7 15 9 23 19 25 16 -6 -11 -4 -10 21 -13 -5 -19 -12 -14 -3 -21 27 -20 -1
right_child=-2 2 4 10 5 6 -8 -9 12 14 17 18 22 -15 -16 -17 -18 20 26 24 -22 -23 -24 -25 -26 -27 -28 -29
leaf_value=-0.0057667340890971124 -0.024071529251993358 0.0021047796681031685 0.0057388438301591155 -0.0083186018677580791 -0.0073113633860335389 -1.6665838620640678e-05 0.00082592927882825539 -0.005414976111699844 -0.0014910754710219995 -0.0026050766378912975 -0.0037623190396062945 -0.01386993955163944 0.0028887746834669321 -0.0021427969452482805 -0.0051953016082201221 0.0026708574452812698 0.00055627591531814621 -0.00089898390014260185 -0.0035959795913612564 -0.0043518956417248934 0.0016361782444004195 -0.00025541034362892373 -0.0007497568444453643 -0.00080668970306238899 -0.0011557270385889006 -0.0014066487265021557 -0.0085544252177432098 -0.0030926159690531376
leaf_weight=10512 2046 6068 11838 2975 4108 670807 654785 2619 68606 37476 11082 3227 14589 25373 22655 41257 23183 27555 2356 6967 10348 6630 4479 20417 3646 2115 2808 4906
leaf_count=10512 2046 6068 11838 2975 4108 670807 654785 2619 68606 37476 11082 3227 14589 25373 22655 41257 23183 27555 2356 6967 10348 6630 4479 20417 3646 2115 2808 4906
internal_value=-1.44532e-05 2.13218e-05 0.000206901 -0.0030977 0.000429213 0.000324586 0.000399468 0.0029431 -0.0013769 -0.00255495 -0.00172535 -0.00664781 -0.000446423 -0.00298293 -0.00362072 0.00340765 -0.000970516 -0.000947483 -0.0102195 -0.00474123 -0.000186749 -0.00250913 0.00202145 -0.000101884 -0.00338228 -0.00468587 -0.00686232 -0.00505855
internal_weight=1.70543e+06 1.70339e+06 1.60826e+06 95127 1.41079e+06 1.35507e+06 1.32559e+06 55714 197473 86616 69203 25924 110857 29481 60131 53095 91789 55615 8391 13588 37903 17712 19068 26485 10613 17533 5164 15418
internal_count=1705433 1703387 1608260 95127 1410787 1355073 1325592 55714 197473 86616 69203 25924 110857 29481 60131 53095 91789 55615 8391 13588 37903 17712 19068 26485 10613 17533 5164 15418
is_linear=0
shrinkage=0.03


Tree=14
num_leaves=28
num_cat=0
split_feature=4 2 13 8 16 20 24 13 20 19 8 31 17 20 5 19 8 23 16 0 14 13 17 28 0 15 17
split_gain=1592.38 1201.37 556.125 380.016 378.354 323.216 311.794 211.534 205.241 200.137 195.841 167.283 155.984 137.913 130.928 123.659 122.032 117.584 90.4139 78.4799 67.7251 62.6136 99.5068 58.3835 57.8877 47.8791 28.1185
threshold=1.0000000180025095e-35 -0.010734138078987597 -12.072710037231444 -1.3680359721183775 -0.15688096731901166 -0.0053610205650329581 -3.4999999999999996 -13.073032855987547 0.36296597123146063 -0.036504346877336495 -3.0967004299163814 12.482080936431887 0.047068376094102866 -1.6173052787780759 0.12475526705384256 -0.11885388568043707 -3.0967004299163814 -1.4359598159790037 -0.25730341672897333 0.068959116935729994 -2.9670755863189693 -12.014022827148436 0.26021252572536474 0.36478264629840856 -0.036954224109649651 -0.010353147983551024 -0.35803958773612971
decision_type=8 8 10 10 8 10 2 10 10 8 10 8 10 8 10 10 10 10 8 10 10 10 10 8 10 8 10
left_child=1 3 4 6 15 10 16 19 9 -7 -4 -10 -9 -5 17 23 -1 -15 -12 -6 -16 22 -8 -3 -18 -23 -17
right_child=-2 2 5 13 7 8 21 12 11 -11 18 -13 -14 14 20 26 24 -19 -20 -21 -22 25 -24 -25 -26 -27 -28
leaf_value=-0.011709710993066409 -0.023872934964360836 0.0028242814186611727 -0.0051446859522151283 -0.0073893256011005673 -0.003076767038671463 0.00027589355179442551 -0.0046188443638680151 -0.0012842368775226047 0.0030027627622806678 -0.0012680357733102028 0.0062921490157867542 -1.2549202332580094e-05 0.00013636526411252143 -0.0032880303799833225 -0.00043772386815427335 0.00072195892122868858 -0.0066988858930657098 -0.00024354094388708147 0.0013436037695212532 -0.00066733994442916213 0.0038279573478989812 -0.002819835431585661 0.00082459604345749989 0.00011302256387921924 -0.0035765766710024794 0.0010634328329739739 -0.0024831884378524963
leaf_weight=3599 2013 35510 3673 2566 54129 652604 11392 166169 41225 84922 2929 27120 118638 19793 5986 3349 18716 26840 358854 16511 6558 3914 3753 9263 11210 7531 6423
leaf_count=3599 2013 35510 3673 2566 54129 652604 11392 166169 41225 84922 2929 27120 118638 19793 5986 3349 18716 26840 358854 16511 6558 3914 3753 9263 11210 7531 6423
internal_value=-9.59773e-06 2.54285e-05 0.000247129 -0.00283832 -0.000702902 0.000580076 -0.00452911 -0.00106063 0.0002437 9.69736e-05 0.00131966 0.0018105 -0.000692223 -0.00116414 -0.000829528 0.00161129 -0.00644249 -0.00156329 0.00139312 -0.00252647 0.00183062 -0.00203125 -0.00326752 0.00227742 -0.00561715 -0.000301911 -0.00137386
internal_weight=1.70519e+06 1.70318e+06 1.58132e+06 121858 409992 1.17133e+06 60115 355447 805871 737526 365456 68345 284807 61743 59177 54545 33525 46633 361783 70640 12544 26590 15145 44773 29926 11445 9772
internal_count=1705190 1703177 1581319 121858 409992 1171327 60115 355447 805871 737526 365456 68345 284807 61743 59177 54545 33525 46633 361783 70640 12544 26590 15145 44773 29926 11445 9772
is_linear=0
shrinkage=0.03


Tree=15
num_leaves=31
num_cat=0
split_feature=0 13 11 9 8 16 16 19 15 14 13 20 29 2 32 20 0 29 11 16 2 27 9 0 3 32 7 8 9 20
split_gain=1342.16 866.206 810.151 464.262 390.898 376.801 306.963 278.45 266.121 212.5 163.484 146.351 138.533 132.288 117.332 108.107 98.483 94.9022 78.537 78.2176 74.9724 73.259 69.8619 69.6643 64.4908 58.1549 53.6406 48.7791 42.5269 49.9529
threshold=-0.13697075843811032 -12.820794582366942 -0.0041894887108355752 -0.54268535971641529 -3.0967004299163814 -0.26814237236976618 -0.10654117912054061 -0.0032354212598875161 -0.030253410339355465 -3.0756980180740352 -11.946274757385252 -0.031330883502960198 0.11762226745486261 -0.017048917710781094 84.500000000000014 1.0000000180025095e-35 0.040348559617996223 0.19181892275810244 -0.021554403007030484 -0.12858630716800687 0.0071211112663149842 0.07592471688985826 -0.33247880637645716 -0.028905749320983883 -0.0036327213747426863 78.500000000000014 -0.037164717912673943 -0.64988845586776722 -0.53444775938987721 -0.2983133196830749
decision_type=10 8 8 10 10 8 10 10 10 10 10 10 8 10 10 10 10 8 10 10 10 10 10 10 10 8 10 10 10 10
left_child=2 6 4 7 26 21 20 10 -6 14 17 -11 18 -10 -7 -12 24 -3 23 -15 28 -5 -20 -8 -14 -18 -1 -23 -2 -30
right_child=1 3 -4 5 8 9 12 -9 13 11 15 -13 16 19 -16 -17 25 -19 22 -21 -22 27 -24 -25 -26 -27 -28 -29 29 -31
leaf_value=-0.012263943146871745 -0.0028940529167654247 -0.0010612391083581318 -0.021093885456099647 0.00084430018461323028 -0.0077264424864593451 0.00039046649353531322 -0.0072277771030030968 -0.0098479393115591691 -0.0053785137539538131 0.0014104507926071604 0.00081043621828446016 0.00056000155257962254 -0.0068325605953918171 0.0020106631094911568 -0.0008977267143377959 -0.00054470018404009378 5.1794766188489199e-05 -0.0034103740508472581 -0.0018781358131374692 -0.001567182084783815 0.0031213553289218695 0.0065953854427720643 0.00031978082957841072 -0.0021512854903070725 -0.0037124135453165089 -0.0033973136731743677 -0.0052693254241397451 0.0030178593099949099 -0.0015845269653025067 0.001714062282405853
leaf_weight=4227 3625 68434 2010 4581 7397 147781 3630 2409 6987 261871 77350 607198 9734 6069 110819 165041 8075 20145 48992 32957 8509 10876 17185 8308 25551 8708 3082 7577 6021 10659
leaf_count=4227 3625 68434 2010 4581 7397 147781 3630 2409 6987 261871 77350 607198 9734 6069 110819 165041 8075 20145 48992 32957 8509 10876 17185 8308 25551 8708 3082 7577 6021 10659
internal_value=-4.66054e-06 0.000160168 -0.00429395 0.000385997 -0.00356517 0.000671673 -0.00194044 -0.000598684 -0.00261194 0.000592675 -0.000515704 0.000817271 -0.00255941 -0.00170907 -0.000161078 -0.000110246 -0.00376227 -0.001615 -0.00173499 -0.000984799 0.000841811 0.00443164 -0.00130476 -0.00394752 -0.00466499 -0.00176696 -0.00987916 0.00526061 -0.000151091 0.000494442
internal_weight=1.70581e+06 1.64308e+06 62729 1.48408e+06 60719 1.1507e+06 158997 333379 53410 1.12767e+06 330970 869069 130183 46013 258600 242391 52068 88579 78115 39026 28814 23034 66177 11938 35285 16783 7309 18453 20305 16680
internal_count=1705808 1643079 62729 1484082 60719 1150703 158997 333379 53410 1127669 330970 869069 130183 46013 258600 242391 52068 88579 78115 39026 28814 23034 66177 11938 35285 16783 7309 18453 20305 16680
is_linear=0
shrinkage=0.03


Tree=16
num_leaves=31
num_cat=0
split_feature=21 6 16 3 2 18 16 29 9 0 19 14 2 23 28 3 17 16 19 23 11 10 17 14 14 32 0 14 25 7
split_gain=1432.17 1187.84 563.968 543.442 475.101 311.101 298.084 279.236 204.495 169.27 164.226 121.638 120.659 119.45 107.532 98.4928 94.558 79.3248 77.3037 61.6337 59.1633 55.3021 45.159 43.8089 41.6651 30.4624 29.1065 26.5756 17.92 15.5315
threshold=-1.0000000180025095e-35 -1.0000000180025095e-35 -0.1617259085178375 -0.016103102825582024 -0.015403118915855883 -0.10077995806932448 -0.19262676686048505 0.10389846190810205 -1.2479828000068662 -0.079110741615295396 -0.034516893327236169 -3.2605935335159297 -0.0039719417691230765 -1.6745041608810423 -0.20439694821834561 -0.0022723987931385632 -0.46981680393218989 -0.29940402507781977 -0.032609887421131127 -1.3723328709602354 -0.012650221586227415 -0.22855886071920392 -0.0022061684867367144 -4.0100567340850821 -2.1240561008453365 118.50000000000001 -0.054760634899139397 -2.2175716161727901 -0.53162083029746998 -0.035023543983697884
decision_type=2 2 8 10 10 10 8 8 10 10 8 10 10 10 10 8 10 10 10 10 10 8 10 10 10 8 10 10 10 10
left_child=1 2 17 -2 9 6 14 10 29 19 -8 -9 -10 -11 18 21 -16 24 -3 -4 23 26 27 -17 -1 -22 -7 -19 -23 -6
right_child=3 5 4 -5 8 15 7 11 12 13 -12 -13 -14 -15 16 20 -18 22 -20 -21 25 28 -24 -25 -26 -27 -28 -29 -30 -31
leaf_value=0.0058062350600510933 -0.025188461706190553 0.00059858228711371893 -0.0084374230687109843 -0.0038464947508883903 -0.0094080889570194743 -0.0035390921955369388 0.0005600477514814239 -0.0018302610124797721 -0.0019851401908470181 -0.0049184020299909929 -0.0010282138988800019 -0.00030695298610129002 -0.00063957345693700218 -0.0001172919672154378 0.0061707039470901646 -0.0020027817267757458 0.0020661760495315189 0.0024411733431126794 -0.0051924903266115019 -0.003866154502621471 0.0035248149949251057 0.0034927397924591035 -0.0015158793488074869 0.0017063797374050431 0.00051368574488203696 0.0017689556724324344 -0.00010636171945292994 0.00028011819243255865 0 -0.003755558739879079
leaf_weight=5728 2236 7881 12768 2180 2507 3339 835834 58319 143636 11664 62429 243974 105266 7816 5230 2953 70920 14719 2249 5386 40326 3112 4249 16188 2002 14586 5812 8441 2338 2044
leaf_count=5728 2236 7881 12768 2180 2507 3339 835834 58319 143636 11664 62429 243974 105266 7816 5230 2953 70920 14719 2249 5386 40326 3112 4249 16188 2002 14586 5812 8441 2338 2044
internal_value=-7.32864e-06 3.91942e-05 -0.00158672 -0.0161766 -0.00202076 0.000425467 0.000306333 0.000183244 -0.00154564 -0.00515044 0.00044882 -0.000604361 -0.0014197 -0.0030582 0.00200469 0.00213996 0.0023904 0.00197829 -0.000842656 -0.00723726 0.0025814 -9.04189e-05 0.00116299 0.00108245 0.00458645 0.003084 -0.00150844 0.00168879 0.00216681 -0.00755182
internal_weight=1.70613e+06 1.70172e+06 326226 4416 291087 1.37549e+06 1.28684e+06 1.20056e+06 253453 37634 898263 302293 248902 19480 86280 88654 76150 35139 10130 18154 74053 14601 27409 19141 7730 54912 9151 23160 5450 4551
internal_count=1706132 1701716 326226 4416 291087 1375490 1286836 1200556 253453 37634 898263 302293 248902 19480 86280 88654 76150 35139 10130 18154 74053 14601 27409 19141 7730 54912 9151 23160 5450 4551
is_linear=0
shrinkage=0.03


Tree=17
num_leaves=31
num_cat=0
split_feature=12 21 4 8 16 16 18 12 2 19 6 2 17 12 16 11 19 30 14 8 3 16 27 24 3 28 16 16 14 12
split_gain=1278.87 1206.03 1088.75 523.852 409.894 336.177 319.048 332.612 266.796 236.272 210.502 165.595 130.634 99.5152 98.673 97.8383 77.8251 70.5239 57.6349 53.6302 47.4291 41.9358 41.5791 32.3142 31.4651 27.0289 26.6125 26.1849 19.5333 16.7088
threshold=-12.668993949890135 -0.25000000745058054 -0.092331301420927034 -2.3743073940277095 -0.233374148607254 -0.22076833993196485 -0.10077995806932448 -16.761588096618649 -0.0066510066390037528 -0.036504346877336495 -3.4999999999999996 -0.025263412855565544 -0.40009537339210505 -17.070975303649899 -0.13218434900045392 -0.011821995023638008 -0.078298658132553087 -0.2585111260414123 -1.7817091345787046 -3.0967004299163814 -0.0021323605906218286 0.15326476097106936 0.07592471688985826 -3.4999999999999996 -0.00088780521764419962 0.078486945480108275 -0.070017799735069261 0.17575962841510775 -2.4676756858825679 -15.222558975219725
decision_type=8 2 8 10 8 8 10 8 10 8 2 10 10 10 8 10 10 10 10 10 10 8 10 2 10 8 8 8 10 10
left_child=2 26 3 10 25 12 7 14 11 -9 21 -6 22 -10 -7 24 18 -18 -14 27 -17 -1 28 -21 -8 -5 -2 -12 -4 -27
right_child=1 -3 5 4 8 6 15 9 13 -11 19 -13 16 -15 -16 20 17 -19 -20 23 -22 -23 -24 -25 -26 29 -28 -29 -30 -31
leaf_value=-0.0053842953113060199 0.00083177260204481617 -0.025406654342974459 0.00014586530122543122 0.004510195020696924 -0.0077101255220580192 0.0013941091968800706 -0.00035023611158070233 0.00044072369987200374 -0.0039313370019543247 -0.0011248644644551067 -0.0043139103581037548 -0.0021388814302137509 0.0034031475166878961 -0.00034107443771668117 -0.0026998357832645902 0.00044630986856297018 -0.0044164493655308992 0.0010281964926600379 -0.00071571995857829603 -0.0044124170031417283 0.0031649983293204355 -0.014114280343910077 0.0067343667451975134 -0.0015795358002522841 0.0015365837445856674 0 -0.0034370848390771684 -0.0084217211455820309 0.0042365876919393626 0.0028010336430932324
leaf_weight=2004 2218 2943 2102 9014 4651 5623 13569 1084434 6824 93729 10948 119118 22153 149102 42788 7039 2104 11515 3220 6079 48991 2168 8133 11505 17546 2934 2054 2554 2082 5339
leaf_count=2004 2218 2943 2102 9014 4651 5623 13569 1084434 6824 93729 10948 119118 22153 149102 42788 7039 2104 11515 3220 6079 48991 2168 8133 11505 17546 2934 2054 2554 2082 5339
internal_value=3.28489e-06 -0.0121831 5.8838e-05 -0.00147977 -0.0010634 0.00043395 0.000340074 0.00021476 -0.00134293 0.000315494 -0.0049146 -0.00238083 0.00280528 -0.000512182 -0.00220879 0.00208917 0.00189867 3.91916e-05 0.00286511 -0.0039257 0.00283573 -0.0110101 0.00546588 -0.00267041 0.000711742 0.00335306 -0.00130292 -0.00538534 0.00248045 0.0018729
internal_weight=1.70448e+06 7215 1.69727e+06 332240 296982 1.36503e+06 1.31372e+06 1.22657e+06 279695 1.17816e+06 35258 123769 51309 155926 48411 87145 38992 13619 25373 31086 56030 4172 12317 17584 31115 17287 4272 13502 4184 8273
internal_count=1704483 7215 1697268 332240 296982 1365028 1313719 1226574 279695 1178163 35258 123769 51309 155926 48411 87145 38992 13619 25373 31086 56030 4172 12317 17584 31115 17287 4272 13502 4184 8273
is_linear=0
shrinkage=0.03


Tree=18
num_leaves=31
num_cat=0
split_feature=21 6 12 16 0 12 18 9 16 11 16 18 12 0 8 16 28 32 2 22 32 30 27 24 2 0 16 32 12 32
split_gain=1352.19 973.599 669.43 491.589 348.498 285.597 266.147 228.749 207.496 202.785 196.575 169.24 146.308 107.254 104.828 89.8978 92.369 91.3674 72.6965 60.7873 60.9595 53.5732 54.5198 47.3731 43.5094 41.4749 40.2907 19.8337 18.5385 7.34998
threshold=-1.0000000180025095e-35 -1.0000000180025095e-35 -14.139537334442137 -0.0078942007385194284 -0.17898744344711301 -16.651364326477047 -0.1111960895359516 -0.40749728679656977 -0.28217040002346033 -0.022045589052140709 -0.233374148607254 -0.15454052388668058 -12.668993949890135 -0.0028656125068664546 -3.0967004299163814 -0.14779078215360639 -0.004313546232879161 74.500000000000014 -0.021633690223097798 -12.499999999999998 169.50000000000003 -0.30371887981891627 0.09890425950288774 -5.4999999999999991 -0.0025150581495836373 0.22855970263481143 -0.29940402507781977 56.500000000000007 -15.773360729217528 106.50000000000001
decision_type=2 2 8 8 10 8 10 8 8 10 10 10 10 10 10 8 8 8 10 2 10 10 10 2 8 8 10 8 10 10
left_child=1 3 -2 10 14 15 7 12 -9 13 25 -11 -7 -6 -5 27 23 -18 -16 28 -21 24 -23 -17 -12 26 -1 -3 -8 -29
right_child=2 5 -4 4 9 6 19 8 -10 11 21 -13 -14 -15 18 16 17 -19 -20 20 -22 22 -24 -25 -26 -27 -28 29 -30 -31
leaf_value=0.0053380104448533788 -0.0033189506652160617 0.0036567673027929288 -0.026656308623937107 -0.010311848853325005 -0.0070965116276070295 -3.3533606844632412e-05 -0.0016182747885380721 0.0048425580695988287 0.00068728092447211569 -0.0023029546734057993 -0.003484376659468949 -0.00022753869902751136 -0.0073021187575654694 -0.0022842122304875564 -0.0089930953977913307 -0.0029798707474804165 -0.0011276463482591081 -0.0039949148482751962 -0.0034807523736737614 0.0020094799358393958 0.0051768905870198476 -0.00073972743570925429 0.00073108176440269291 0.00018296851747528535 -0.00041823732134186443 -0.00042552563894083888 0.0019584437592309717 -0.00063205518833982894 0.0011223737129339058 0.0015515323278757378
leaf_weight=6102 2327 2490 2015 4221 9448 574236 4601 10553 617615 102649 8403 54504 2004 8778 2700 4660 20456 20958 13168 79741 5816 61018 35315 23490 8590 2618 8836 2418 3366 2030
leaf_count=6102 2327 2490 2015 4221 9448 574236 4601 10553 617615 102649 8403 54504 2004 8778 2700 4660 20456 20958 13168 79741 5816 61018 35315 23490 8590 2618 8836 2418 3366 2030
internal_value=-1.41727e-05 3.07121e-05 -0.0158454 -0.00144083 -0.00239165 0.000380734 0.000486056 0.000365576 0.000761361 -0.00194879 -1.48213e-05 -0.00158806 -6.56405e-05 -0.00491771 -0.00610205 -0.00139381 -0.00172186 -0.00261616 -0.00468309 0.00202421 0.00225711 -0.000478327 -0.00019645 -0.000373009 -0.00200784 0.00289094 0.00348656 0.00174977 -0.000427037 0.000359951
internal_weight=1.70513e+06 1.70078e+06 4342 326350 195468 1.37443e+06 1.29793e+06 1.20441e+06 628168 175379 130882 157153 576240 18226 20089 76502 69564 41414 15868 93524 85557 113326 96333 28150 16993 17556 14938 6938 7967 4448
internal_count=1705126 1700784 4342 326350 195468 1374434 1297932 1204408 628168 175379 130882 157153 576240 18226 20089 76502 69564 41414 15868 93524 85557 113326 96333 28150 16993 17556 14938 6938 7967 4448
is_linear=0
shrinkage=0.03


Tree=19
num_leaves=30
num_cat=0
split_feature=21 2 12 13 16 9 0 20 17 18 13 0 1 27 7 9 19 22 3 16 5 19 18 30 16 5 15 32 24
split_gain=1245.29 964.912 699.812 440.483 357.665 286.173 278.77 247.828 233.279 191.475 164.299 152.624 148.644 120.914 115.377 110.767 105.252 103.357 90.5502 75.6137 72.7046 70.5264 63.4003 58.1555 56.1756 46.8552 42.2678 34.012 10.6523
threshold=-1.0000000180025095e-35 -0.010734138078987597 -14.066816329956053 -11.99103784561157 -0.15688096731901166 -0.64953449368476857 -0.13014173507690427 -0.002885043621063232 -0.37630504369735712 -0.10786180570721625 -13.142871379852293 0.028807759284973148 -0.56995189189910878 0.090836007148027434 -0.030951668508350846 -1.2479828000068662 -0.11691857874393462 -10.499999999999998 -0.0036327213747426863 0.008143882732838394 0.29656416177749639 -0.034516893327236169 -0.49185648560523981 0.066693775355815901 -0.28217040002346033 0.027950529009103778 -0.021534264087676998 87.500000000000014 -7.4999999999999991
decision_type=2 8 8 10 8 10 10 10 8 10 10 10 10 10 10 10 10 2 10 10 10 8 10 10 10 10 10 8 2
left_child=1 6 -2 4 16 15 12 19 -9 11 18 -6 28 14 -12 -5 24 -11 25 -7 26 -17 -15 -20 -3 -8 -14 -18 -1
right_child=2 3 -4 5 9 7 10 8 -10 17 13 -13 20 22 -16 21 27 -19 23 -21 -22 -23 -24 -25 -26 -27 -28 -29 -30
leaf_value=-0.011982798116568443 -0.0027812458225678453 0.0041678001016069027 -0.026185549435186136 -0.005512337606456392 -0.0016335401479958215 0.0010406926469264614 -0.0069094069498776573 0.0024090537362678158 0.00025832212791612584 -0.0015907774969053871 -0.0027429395482797625 -0.00032599182775587771 -0.0068738344121198553 0.0033550067694626076 0.00039648857781051679 -0.00039451941610503316 0.00069253437310964536 0.001579820875573412 -0.0030101269384694117 0.002009657419932539 0.00055232531505098432 -0.0031000341789104444 -0.00016808027097316397 0.0018805119546203826 0.0016281946685722812 -0.0014607468010788642 -0.0034067751371083792 -0.0024660064998852484 -0.0057067111136393433
leaf_weight=2581 2424 10274 2016 3809 211162 183954 8530 48425 641402 11578 35660 131021 5589 5833 14484 116150 5404 38792 9524 124456 2603 8954 16103 2350 37993 2236 13478 5837 2413
leaf_count=2581 2424 10274 2016 3809 211162 183954 8530 48425 641402 11578 35660 131021 5589 5833 14484 116150 5404 38792 9524 124456 2603 8954 16103 2350 37993 2236 13478 5837 2413
internal_value=-2.85127e-06 4.06516e-05 -0.0150436 0.00023925 -0.000551158 0.000556625 -0.00253104 0.000728579 0.000411371 -0.000880472 -0.00174637 -0.00113496 -0.00522395 -0.00102628 -0.00183524 -0.000770256 0.00160545 0.00083666 -0.0039543 0.0014353 -0.00395854 -0.000602118 0.000809263 -0.00198109 0.00221211 -0.00591945 -0.00458807 -0.000957189 -0.00980026
internal_weight=1.70504e+06 1.7006e+06 4440 1.57921e+06 452061 1.12715e+06 121384 998237 689827 392553 94720 342183 26664 72080 50144 128913 59508 50370 22640 308410 21670 125104 21936 11874 48267 10766 19067 11241 4994
internal_count=1705035 1700595 4440 1579211 452061 1127150 121384 998237 689827 392553 94720 342183 26664 72080 50144 128913 59508 50370 22640 308410 21670 125104 21936 11874 48267 10766 19067 11241 4994
is_linear=0
shrinkage=0.03


Tree=20
num_leaves=30
num_cat=0
split_feature=21 13 12 9 16 16 1 15 18 11 18 0 0 0 18 27 1 16 1 3 29 32 6 15 23 1 5 5 29
split_gain=1120.3 901.265 605.24 421.617 395.594 316.584 268.726 235.644 213.697 183.439 179.091 176.448 138.005 115.848 98.8159 91.6649 85.467 78.1223 61.819 48.4394 59.4524 48.4196 46.0268 44.7284 43.6594 38.5248 36.5407 34.5093 23.9451
threshold=-1.0000000180025095e-35 -12.448790073394774 -14.104099273681639 -0.70188963413238514 -0.10518600791692732 -0.25730341672897333 -0.56995189189910878 -0.02272701263427734 -0.10077995806932448 -0.021105589345097538 -0.10077995806932448 -0.19675326347351071 -0.0037740468978881832 -0.10523045063018797 -0.29053117334842676 0.07592471688985826 -0.18704104423522946 -0.26814237236976618 -0.11634176969528197 -0.0059678941033780566 0.30136778950691229 127.50000000000001 -1.4999999999999998 -0.013511359691619871 -1.6524960398674009 0.17666107416152957 -0.5069293975830077 2.3034312725067143 0.023533483035862449
decision_type=2 8 8 10 8 8 10 10 10 10 8 10 10 10 10 10 10 8 8 10 8 10 2 10 10 8 10 8 8
left_child=1 4 -2 11 17 15 13 16 -9 12 -11 22 -8 -6 18 25 -7 24 -13 27 -21 -17 -3 -16 -1 -5 -26 -19 -15
right_child=2 3 -4 5 6 7 9 8 -10 10 -12 14 -14 28 23 21 -18 19 -20 20 -22 -23 -24 -25 26 -27 -28 -29 -30
leaf_value=-0.0004394787807811056 -0.0028014343263570609 -0.0088021851773586249 -0.024736053567071543 0.0027828342255394344 -0.0092840572379026664 -0.0054841043621523394 -0.0058514806452053154 0.00039558342689022447 0.0020465918855965136 -0.0017991676687865079 0.00049331397391762298 -0.0039276845605122832 -0.001770018457048032 -0.00094431139330885736 -0.0027765395893604096 0.0037731500894477386 -0.0013561891039131203 0.00030759877797288736 -0.0013807814743846936 0.0016035075879099624 -0.001068316274085416 0.0079950167432195143 -0.0026194873214368209 0.00028574835144634609 0.0060851272800667641 -0.0015908658721456076 0.0015963028193951253 -0.0025874572510096614 -0.0046496086415872551
leaf_weight=2150 2398 2897 2001 2871 5582 5833 15409 1141966 74878 170379 36915 10078 15726 3226 4254 17101 18805 6643 59095 25635 9968 3401 2732 43684 3882 3380 3729 7202 4085
leaf_count=2150 2398 2897 2001 2871 5582 5833 15409 1141966 74878 170379 36915 10078 15726 3226 4254 17101 18805 6643 59095 25635 9968 3401 2732 43684 3882 3380 3729 7202 4085
internal_value=-2.08668e-05 2.01974e-05 -0.0143465 0.000346703 -0.00143958 0.000509488 -0.00195891 0.000438812 0.000498223 -0.00172057 -0.00138927 -0.00132811 -0.00386001 -0.00611533 -0.00106035 0.00370998 -0.00243504 0.000757747 -0.00178168 0.000254127 0.000842715 0.00466145 -0.00630889 -5.6601e-06 0.00314308 0.000430806 0.0041568 -0.00121516 -0.00321815
internal_weight=1.7059e+06 1.70151e+06 4399 1.39098e+06 310531 1.26824e+06 251322 1.24148e+06 1.21684e+06 238429 207294 122740 31135 12893 117111 26753 24638 59209 69173 49448 35603 20502 5629 47938 9761 6251 7611 13845 7311
internal_count=1705905 1701506 4399 1390975 310531 1268235 251322 1241482 1216844 238429 207294 122740 31135 12893 117111 26753 24638 59209 69173 49448 35603 20502 5629 47938 9761 6251 7611 13845 7311
is_linear=0
shrinkage=0.03


Tree=21
num_leaves=31
num_cat=0
split_feature=12 21 13 8 8 13 19 27 2 9 18 2 18 14 0 18 2 9 29 27 32 18 8 7 32 0 1 18 28 24
split_gain=1080.09 1011.13 831.68 461.233 312.364 300.349 214.7 201.766 176.604 171.407 157.449 152.641 136.916 123.729 109.853 104.488 97.7262 101.797 95.7081 59.2103 52.5907 44.9632 34.9932 31.8236 31.593 31.3063 25.0246 20.4736 18.3339 17.9993
threshold=-12.668993949890135 -0.15000000223517415 -12.072710037231444 -2.0143042802810665 -2.4653966426849361 -13.142871379852293 -0.034516893327236169 0.094328347593545928 -0.017048917710781094 -0.40615528821945185 -0.11440601944923399 0.007286106003448368 -0.11756678298115729 -2.8803213834762569 -0.13697075843811032 -0.66508767008781422 0.0063682780601084241 -0.37107588350772852 0.11762226745486261 0.088578887283802046 56.500000000000007 -0.16932693868875501 -3.0967004299163814 -0.029397045262157914 83.500000000000014 -0.03862261772155761 -0.16603523492813108 -0.1492064222693443 0.055152727290987975 -4.4999999999999991
decision_type=8 2 8 10 10 10 8 8 10 10 10 10 10 10 10 8 10 10 8 10 10 10 10 10 10 8 10 10 8 2
left_child=2 20 3 8 14 11 9 12 29 10 -6 18 -7 -11 26 -9 17 -8 -5 -18 -2 25 -23 28 -13 -10 -4 -25 -16 -1
right_child=1 -3 4 5 6 7 16 15 21 13 -12 24 -14 -15 23 -17 19 -19 -20 -21 -22 22 -24 27 -26 -27 -28 -29 -30 -31
leaf_value=-0.0098707486597750301 -0.0057597852943162622 -0.025859647271067442 -0.0073852974249315056 -0.0016535561177058121 0.00016417123021270668 -0.001027579340053812 -0.0024403652940141337 0.0057059192459175323 -0.0053153448053983917 0.00029701695456207841 0.0021058824327911444 0.003653357119991681 0.00073231540018181345 0.0013435520314080017 -0.0032964321040418634 0.00068799402973197268 -3.4386882071223943e-05 -0.00016213414002994885 -0.0037359897435324933 0.0032205537126210127 3.7920954075123439e-05 -0.0039858537183626802 -0.00055556874807703011 -0.0010090426768701271 -0.00015840851293835151 -0.0025558451874313792 -0.0023248930170088633 0.0020040946222047514 0 -0.0044875903274555892
leaf_weight=4324 2147 2247 4190 46364 516278 229009 37289 3447 9159 139968 40104 3609 47547 382469 8116 85125 20615 33829 37549 6075 2779 3456 9784 8291 3387 9984 2101 2113 2017 2511
leaf_count=4324 2147 2247 4190 46364 516278 229009 37289 3447 9159 139968 40104 3609 47547 382469 8116 85125 20615 33829 37549 6075 2779 3456 9784 8291 3387 9984 2101 2113 2017 2511
internal_value=1.31432e-06 -0.0112288 5.22013e-05 -0.000981767 0.000478188 -0.000710062 0.000551828 -0.000323614 -0.00408496 0.000674043 0.000306434 -0.00224865 -0.00072315 0.0010643 -0.00269155 0.000917581 -0.00078972 -0.00136956 -0.00260556 0.000741047 -0.00273163 -0.00305683 -0.00158526 -0.00153399 0.00188046 -0.0039931 -0.00603506 -0.000305741 -0.00269321 -0.00837473
internal_weight=1.70588e+06 7173 1.69871e+06 495255 1.20346e+06 456037 1.17663e+06 365128 39218 1.07882e+06 556382 90909 276556 522437 26828 88572 97808 71118 83913 26690 4926 32383 13240 20537 6996 19143 6291 10404 10133 6835
internal_count=1705883 7173 1698710 495255 1203455 456037 1176627 365128 39218 1078819 556382 90909 276556 522437 26828 88572 97808 71118 83913 26690 4926 32383 13240 20537 6996 19143 6291 10404 10133 6835
is_linear=0
shrinkage=0.03


Tree=22
num_leaves=27
num_cat=0
split_feature=21 2 12 16 4 8 18 12 2 8 20 5 12 23 16 7 2 15 23 24 8 4 32 31 3 18
split_gain=1067.73 855.536 568.532 393.921 372.641 282.381 282.207 255.199 244.94 169.071 136.548 140.915 113.311 111.932 99.1207 75.1943 71.6023 68.9605 67.2989 55.5009 61.581 51.2771 50.5798 41.8337 30.2817 15.442
threshold=-1.0000000180025095e-35 -0.010734138078987597 -14.139537334442137 -0.22076833993196485 -0.09923501685261725 -1.4021266698837278 -0.093255639076232896 -16.437147140502926 -0.017048917710781094 -2.8737926483154292 -1.6173052787780759 0.12475526705384256 -13.273291587829588 -1.4359598159790037 -0.29940402507781977 -0.025577231310307976 -0.0039719417691230765 -0.021534264087676998 -1.7702670097351072 -3.4999999999999996 -2.2985960245132442 -0.099608093500137315 124.50000000000001 12.920341014862062 0.0027079284191131596 -0.18294951319694516
decision_type=2 10 8 8 8 10 10 8 10 10 8 10 10 10 10 8 10 10 10 2 10 10 10 10 8 10
left_child=1 5 -2 12 9 8 7 -6 19 24 -7 13 14 -12 22 -8 -11 25 -16 20 -1 -19 -3 -13 -5 -10
right_child=2 3 -4 4 6 10 15 -9 17 16 11 23 -14 -15 18 -17 -18 21 -20 -21 -22 -23 -24 -25 -26 -27
leaf_value=-0.011070144013814129 -0.0027718997426050035 0.0036188548625583549 -0.02404785336868627 -0.00269807708805056 -0.0011715012847121598 -0.0071498728062165005 0.0007885485602440028 0.00032912197124527451 -0.0071848667836146773 -0.0014578688288635734 -0.0030646344477928958 0.0031321606835528369 -0.0032356630043841026 -0.00016062465862831522 -0.0028564712776544096 0.0028618136584242326 -0.00031248572269740066 -0.0029082169310531668 0.0021661520375152814 -0.0030248853642934302 -0.0057776435350052873 -0.00049514317047745775 0.0082463321201397127 -0.00043526256584754965 -0.0062758787079014574 -0.0027345091561084898
leaf_weight=4290 2395 14598 2007 6333 111688 2620 25402 1116896 2985 92287 20859 8925 2621 27767 2057 45456 106899 21147 47779 3886 9112 13407 2834 3950 5176 2446
leaf_count=4290 2395 14598 2007 6333 111688 2620 25402 1116896 2985 92287 20859 8925 2621 27767 2057 45456 106899 21147 47779 3886 9112 13407 2834 3950 5176 2446
internal_value=-1.5651e-05 2.4447e-05 -0.0139969 0.00021138 0.000108884 -0.00239704 0.000298916 0.000192038 -0.00392161 -0.00105964 -0.00101084 -0.000688928 0.00240532 -0.00143097 0.00265179 0.0021335 -0.000846989 -0.00256478 0.00192657 -0.00688261 -0.00783058 -0.00200092 0.00459685 0.0020399 -0.00452643 -0.00563061
internal_weight=1.70582e+06 1.70142e+06 4402 1.58003e+06 1.51014e+06 121394 1.29944e+06 1.22858e+06 57273 210695 64121 61501 69889 48626 67268 70858 199186 39985 49836 17288 13402 34554 17432 12875 11509 5431
internal_count=1705822 1701420 4402 1580026 1510137 121394 1299442 1228584 57273 210695 64121 61501 69889 48626 67268 70858 199186 39985 49836 17288 13402 34554 17432 12875 11509 5431
is_linear=0
shrinkage=0.03


Tree=23
num_leaves=31
num_cat=0
split_feature=0 13 8 11 9 19 16 16 16 18 6 24 0 17 27 31 2 32 11 5 28 23 13 2 32 17 0 23 18 18
split_gain=1059.42 717.513 447.451 419.501 277.609 359.966 250.58 212.916 193.51 189.062 155.689 145.295 162.446 149.854 128.652 90.0628 78.3911 71.8138 70.9467 63.1474 55.8599 55.8464 49.8031 46.8145 35.9971 35.967 28.5482 20.8549 18.4598 16.3189
threshold=-0.26674902439117426 -12.979273796081541 -2.060709953308105 -0.0047824389766901723 -0.40615528821945185 -1.0000000180025095e-35 -0.28217040002346033 -0.13218434900045392 0.085662871599197402 -0.11440601944923399 -1.4999999999999998 -4.4999999999999991 0.0073220133781433114 0.31345014274120336 0.09314396977424623 12.463042736053469 -0.014240886084735392 70.500000000000014 -0.023222441785037514 -1.1633630394935606 0.055152727290987975 -0.95373964309692372 -12.084508419036863 -0.0050240112468600264 124.50000000000001 -0.004276509163901209 -0.06277227401733397 -1.2746467590332029 -0.20457375794649121 -0.16228198260068891
decision_type=10 8 10 8 10 8 10 8 8 10 2 2 10 10 10 10 10 8 10 10 8 10 10 10 10 10 10 10 10 10
left_child=3 7 10 8 5 9 24 21 19 -4 26 12 18 20 -8 -10 -12 -14 -9 27 -13 25 -18 -15 -6 -2 29 -1 -28 -3
right_child=1 2 4 -5 6 -7 14 11 15 -11 16 13 17 23 -16 -17 22 -19 -20 -21 -22 -23 -24 -25 -26 -27 28 -29 -30 -31
leaf_value=-0.005114767591378762 0.00097501456656057337 -0.0076700097602961405 -0.00014477402127376055 -0.018908100846322287 0.0035875244325712569 -0.011027861383037246 0.00055194480429272223 -0.00770819595293472 -0.011611688293308099 0.0016272374250966687 -0.0050708341508178901 -0.00097056932776523207 -0.00036121297870760093 0.0041571889478945467 0.0018214187125932758 -0.0038924226728556059 -0.0025531578691321945 -0.0031330234611802068 -0.0040060301615349051 0.0021439682510649006 -0.0034457188323449607 0.0034795322801014204 -0.00047639046780879836 -0.00088963587548608939 0.0078249071093576799 -0.0024225194140930508 -0.0040118118504691436 -0.0012027980251821924 -0.00035353277348014201 -0.0031468890399390325
leaf_weight=2714 8067 4257 687149 2018 11461 2176 643213 6527 3911 58324 4264 22927 16338 5047 80892 3254 13739 17807 29370 2218 13312 5188 41756 2013 2724 3656 4620 3053 2025 2461
leaf_count=2714 8067 4257 687149 2018 11461 2176 643213 6527 3911 58324 4264 22927 16338 5047 80892 3254 13739 17807 29370 2218 13312 5188 41756 2013 2724 3656 4620 3053 2025 2461
internal_value=-5.9534e-06 7.02827e-05 0.000249402 -0.00731418 0.000362569 -4.45682e-05 0.000775025 -0.00206416 -0.00519594 -4.73623e-06 -0.00203308 -0.00253221 -0.0033762 -0.00113714 0.000695335 -0.0086277 -0.00134822 -0.00183976 -0.00478407 -0.00175428 -0.00192247 0.00103823 -0.0010141 0.00271485 0.00466039 -0.000115769 -0.00491505 -0.00335286 -0.00304173 -0.00638739
internal_weight=1.70648e+06 1.68931e+06 1.55906e+06 17168 1.48594e+06 747649 738290 130252 15150 745473 73122 113341 70042 43299 724105 7165 59759 34145 35897 7985 36239 16911 55495 7060 14185 11723 13363 5767 6645 6718
internal_count=1706481 1689313 1559061 17168 1485939 747649 738290 130252 15150 745473 73122 113341 70042 43299 724105 7165 59759 34145 35897 7985 36239 16911 55495 7060 14185 11723 13363 5767 6645 6718
is_linear=0
shrinkage=0.03


Tree=24
num_leaves=31
num_cat=0
split_feature=0 13 13 16 8 19 3 15 13 17 9 8 18 16 17 2 0 19 29 2 27 18 9 23 27 30 14 18 27 6
split_gain=987.314 630.099 609.551 359.368 308.824 264.362 325.848 214.602 212.344 208.744 189.672 180.927 157.325 144.868 131.54 111.583 107.588 100.244 90.66 65.0222 65.0095 62.5486 59.812 51.2318 48.199 45.7497 42.7067 40.2208 37.3296 32.4418
threshold=-0.13697075843811032 -10.447001457214354 -12.072710037231444 -0.1617259085178375 -3.0967004299163814 -0.034516893327236169 -0.0084922537207603437 -0.030253410339355465 -13.073032855987547 -0.43311122059822077 -0.63846924901008595 -1.9338980317115781 -0.12081054970622061 -0.043853726238012307 -0.37630504369735712 -0.014779508113861082 0.062477678060531623 -0.11885388568043707 0.38641174137592321 0.0090943011455237883 0.087450258433818831 -0.29395392537116999 -0.37481871247291559 -1.5950258970260618 0.099271211773157134 -0.24436178803443906 -2.3739751577377315 -0.16932693868875501 0.083372164517641081 -2.4999999999999996
decision_type=10 8 10 10 10 10 10 10 10 10 8 8 8 10 10 10 10 10 8 10 10 10 10 10 10 10 10 10 10 2
left_child=1 4 3 17 29 9 -7 -6 16 28 21 27 -13 -12 20 24 18 19 -5 25 -8 -11 -16 -17 -9 -2 -21 -10 -4 -1
right_child=2 -3 5 8 7 6 14 15 11 10 13 12 -14 -15 22 23 -18 -19 -20 26 -22 -23 -24 -25 -26 -27 -28 -29 -30 -31
leaf_value=-0.012414558466111615 -0.00042433856323982605 -0.018511390604217682 0.0023680432298122285 -0.0023591274194448885 -0.0067703602960914096 -0.011364249853511145 0.00053125077358994442 -0.0055967154639306529 -0.0040875233120771445 -0.0010514109027151375 0.00033956088790389541 -0.00080453166504193898 0.0010750396292802569 0.0010877660651138475 -0.0019805013909690622 -0.0025529066140104256 -0.00054805123846166245 -0.0011824985597471156 -0.0051700679313283369 0.0054257932144298367 0.0047915857148004698 0.00027344998945985947 -0.00033228398499775464 5.4444947710620242e-05 -0.0010018670102204565 0.0021176751860393327 0.00090205463363666799 -0.0014161021042466964 0.0056291138195133381 -0.0061766251345733202
leaf_weight=2038 8192 2003 8293 55663 7416 2153 12073 6401 15493 74581 444336 245337 47316 493962 41187 8381 23169 9325 13320 7264 4085 55186 39196 27735 3541 23779 3005 9144 7262 5359
leaf_count=2038 8192 2003 8293 55663 7416 2153 12073 6401 15493 74581 444336 245337 47316 493962 41187 8381 23169 9325 13320 7264 4085 55186 39196 27735 3541 23779 3005 9144 7262 5359
internal_value=-9.98425e-07 -0.00367551 0.000140482 -0.000784018 -0.0030356 0.000501395 -0.000980422 -0.00218625 -0.00108192 0.000637023 0.000585359 -0.000710243 -0.000498305 0.000734139 -0.000688396 -0.00137692 -0.00234769 0.00156336 -0.00293951 0.0021833 0.00173783 -0.000486797 -0.00118754 -0.000569017 -0.00411525 0.00146059 0.00423322 -0.00315585 0.00403708 -0.00861048
internal_weight=1.7062e+06 62874 1.64332e+06 461007 60871 1.18231e+06 98694 53474 409442 1.08362e+06 1.06806e+06 317290 292653 938298 96541 46058 92152 51565 68983 42240 16158 129767 80383 36116 9942 31971 10269 24637 15555 7397
internal_count=1706195 62874 1643321 461007 60871 1182314 98694 53474 409442 1083620 1068065 317290 292653 938298 96541 46058 92152 51565 68983 42240 16158 129767 80383 36116 9942 31971 10269 24637 15555 7397
is_linear=0
shrinkage=0.03


Tree=25
num_leaves=26
num_cat=0
split_feature=21 2 12 16 12 8 18 20 19 22 8 19 31 19 7 20 27 32 29 10 18 19 8 8 20
split_gain=972.333 757.624 530.957 333.203 300.072 279.669 270.373 175.917 173.68 153.428 120.127 107.297 101.274 117.968 101.083 97.4602 79.1025 66.4674 74.5803 58.7399 53.8298 48.241 25.31 23.8762 5.03896
threshold=-1.0000000180025095e-35 -0.0083002704195678217 -14.104099273681639 -0.19262676686048505 -16.907661437988278 -3.0967004299163814 -0.20457375794649121 -1.6173052787780759 -0.042101806029677384 -13.499999999999998 -1.31537789106369 -0.72066655755043019 13.629351139068605 -0.1744352653622627 -0.0275712301954627 0.37555783987045294 0.099689275026321425 73.500000000000014 -0.066978938877582536 -0.098139815032482133 -0.47947947680950159 -0.060150064527988427 -1.0315828323364256 -1.3352846503257749 -0.092990159988403306
decision_type=2 8 8 8 8 10 10 8 8 2 10 10 8 10 10 8 10 8 8 10 10 10 10 10 8
left_child=1 5 -2 12 17 11 8 -7 -6 16 -11 -1 15 22 -8 21 -9 23 -19 -15 -17 -3 -14 -5 -13
right_child=2 3 -4 4 6 7 14 9 -10 10 -12 24 13 19 -16 20 -18 18 -20 -21 -22 -23 -24 -25 -26
leaf_value=-0.011184419043612599 -0.0025592002424049297 0.0021017564390716642 -0.02302273679473537 -0.0036157564091269076 0.00011067438036292775 -0.0072359345394063905 0.00020734566989003949 -0.0041806500570496959 -0.0011935554094794295 -0.0018462189103621738 -0.00016305815279083613 -0.0023157144832746642 -0.00023762954182898643 -0.0057224215597149299 0.0013758087302298536 0.0043298314486172268 -0.00033107142860766781 -0.00016604502001129904 -0.0044699245791340689 -0.00063553073661231231 -0.00021049832659626768 0.0002528576801379529 0.0035044453413737896 -0.00068139923234668406 -0.0049558263100435073
leaf_weight=2835 2418 49849 2014 2542 946750 4146 99571 21497 101259 68490 86617 3359 2021 2970 206269 21937 6485 4869 16161 5714 2435 17701 4987 19483 3865
leaf_count=2835 2418 49849 2014 2542 946750 4146 99571 21497 101259 68490 86617 3359 2021 2970 206269 21937 6485 4869 16161 5714 2435 17701 4987 19483 3865
internal_value=-9.12902e-06 2.92344e-05 -0.0133104 0.000258803 0.000134338 -0.00171611 0.000213317 -0.00144176 -1.55637e-05 -0.00128957 -0.000911757 -0.00648438 0.00186357 -0.000338202 0.000997336 0.00224248 -0.00332049 -0.00231616 -0.00351439 -0.00262478 0.00386903 0.00162709 0.00244137 -0.00110613 -0.00399644
internal_weight=1.70624e+06 1.70181e+06 4432 1.50452e+06 1.3969e+06 197294 1.35385e+06 187235 1.04801e+06 183089 155107 10059 107614 15692 305840 91922 27982 43055 21030 8684 24372 67550 7008 22025 7224
internal_count=1706244 1701812 4432 1504518 1396904 197294 1353849 187235 1048009 183089 155107 10059 107614 15692 305840 91922 27982 43055 21030 8684 24372 67550 7008 22025 7224
is_linear=0
shrinkage=0.03


Tree=26
num_leaves=30
num_cat=0
split_feature=12 4 11 16 8 13 16 17 2 2 18 19 12 4 1 27 2 32 0 3 31 17 17 0 18 14 15 14 24
split_gain=910.366 776.521 722.454 428.955 323.186 273.75 216.082 219.929 205.412 204.7 185.078 143.75 135.129 132.109 125.568 114.465 107.513 103.315 87.3173 82.0292 73.4381 70.621 54.7551 53.3843 38.2897 31.0732 24.7392 23.0973 22.7388
threshold=-12.668993949890135 -0.09923501685261725 -0.0068381670862436286 -0.1617259085178375 -3.0967004299163814 -11.727900505065916 -0.031705297529697411 -0.35268484055995936 0.0087892366573214548 -0.0066510066390037528 -0.12081054970622061 -0.060150064527988427 -16.761588096618649 -0.046305675059556954 -0.36397081613540644 0.083372164517641081 -0.025263412855565544 60.500000000000007 0.04827126860618592 -0.0022723987931385632 13.113960266113283 -0.079560570418834672 0.018673746846616272 -0.052470862865447991 -0.67836749553680409 -2.2945529222488399 -0.0054388046264648429 -2.2175716161727901 -5.4999999999999991
decision_type=8 10 8 8 10 10 10 8 10 10 10 8 10 10 10 10 10 10 10 10 10 8 10 10 10 10 10 10 2
left_child=1 3 17 22 14 8 7 15 10 16 12 -9 -3 20 -5 -7 -6 -2 28 -12 -8 -15 24 -11 -1 -20 -16 -26 -10
right_child=2 5 -4 4 9 6 13 11 18 23 19 -13 -14 21 26 -17 -18 -19 25 -21 -22 -23 -24 -25 27 -27 -28 -29 -30
leaf_value=0.0054486580390918447 -0.0073290291998681228 -0.0021761024846121422 -0.023018847106011049 -0.010474191612519022 -0.0064774804364906664 0.00098858447257446462 0.00086526084554366316 0.00034503918763816862 0.0020090851499965402 -0.0016854272586671474 -0.00091365786979292086 -0.00082606636019316628 -0.00045221253843482723 0.0010460890797903859 -0.0061089177578836414 0.0037359633449729128 -0.0021370720894223539 0.00070770226034579434 0.0043983955748927925 0.0016223015006408381 -0.00067811674168970107 0.0020945777772337533 -0.0015002081803276673 -0.00030424967019615566 0.0025421276329769369 0.001181938640597539 -0.0026742566554719639 0.00057237929344903669 -0.00070287205391665109
leaf_weight=2952 2230 46459 2166 3812 5110 41765 100444 354199 3637 33382 14273 127982 331032 111411 3550 20529 117786 2751 11862 50757 37632 128258 3298 102575 16734 4413 7839 8934 7881
leaf_count=2952 2230 46459 2166 3812 5110 41765 100444 354199 3637 33382 14273 127982 331032 111411 3550 20529 117786 2751 11862 50757 37632 128258 3298 102575 16734 4413 7839 8934 7881
internal_value=-1.28125e-05 3.34994e-05 -0.0103408 -0.00133348 -0.00171768 0.000334443 0.000634801 0.000251198 -0.000253928 -0.00145936 -0.000412517 3.30454e-05 -0.000667769 0.00118586 -0.00591086 0.0019213 -0.00234549 -0.00317597 0.00222319 0.0010584 0.000441526 0.00161163 0.0019317 -0.000650507 0.00235644 0.00360536 -0.00398198 0.00189204 0.00017647
internal_weight=1.70565e+06 1.69851e+06 7147 305972 274054 1.39253e+06 922220 544475 470314 258853 442521 482181 377491 377745 15201 62294 122896 4981 27793 65030 138076 239669 31918 135957 28620 16275 11389 25668 11518
internal_count=1705653 1698506 7147 305972 274054 1392534 922220 544475 470314 258853 442521 482181 377491 377745 15201 62294 122896 4981 27793 65030 138076 239669 31918 135957 28620 16275 11389 25668 11518
is_linear=0
shrinkage=0.03


Tree=27
num_leaves=30
num_cat=0
split_feature=12 21 13 8 16 15 18 16 16 1 0 24 0 17 28 11 32 23 32 10 1 9 31 7 32 17 17 23 23
split_gain=869.778 904.562 690.034 540.855 368.408 286.269 263.598 196.206 143.267 123.588 118.807 110.012 124.28 117.794 77.74 74.3621 68.9996 62.0837 57.6876 49.677 42.8599 41.9136 38.106 30.2606 29.9092 23.6116 20.6494 17.4872 2.81007
threshold=-12.668993949890135 -0.25000000745058054 -12.979273796081541 -2.8737926483154292 -0.18899485468864438 -0.02272701263427734 -0.10077995806932448 -0.093479003757238374 -0.29940402507781977 -0.33635646104812617 -0.083502292633056627 -4.4999999999999991 0.0082696974277496355 0.32930262386798864 0.33954609930515295 -0.023222441785037514 192.50000000000003 -0.94292205572128285 70.500000000000014 -0.0042235872242599717 -0.10366022586822508 -0.3826515525579452 13.435328006744387 -0.030160431750118729 147.50000000000003 1.0000000180025095e-35 -0.059991186484694474 -1.4097164869308469 -0.69937521219253529
decision_type=8 2 10 10 8 10 10 8 10 10 10 2 10 10 8 10 8 10 8 10 8 10 10 8 8 10 10 10 10
left_child=2 27 7 9 8 10 -7 17 19 -4 -6 12 15 16 -10 -9 -13 22 -14 -5 -15 -19 26 24 -11 -25 -1 -2 -23
right_child=1 -3 3 4 5 6 -8 11 14 23 -12 13 18 20 -16 -17 -18 21 -20 -21 -22 28 -24 25 -26 -27 -28 -29 -30
leaf_value=0.00098628532747795962 -0.0023516298286518035 -0.021597122356739794 -0.0088457402041252579 0.0030230009013157374 -0.0045699606243935348 9.6074891453081291e-05 0.0016893783828659278 -0.0074571160276397982 0.001846073267358012 -0.0047335499508768374 -0.00094888056179146614 -0.001645305970074129 -0.00045696257620688445 0.0036337744007140047 -0.00054744146860892995 -0.0037553513448385679 -0.0069182894402580151 -0.00017684123536912719 -0.00311453353783676 0.0068274132675343732 -0.0011763851929870648 0.0023232616571319045 -0.0040548146880094614 -0.0026291558535166421 -0.00081130395682815391 0.00067934343477739627 -0.0011309773117894187 0.0010863593151028863 0.0053478160384407454
leaf_weight=7693 2277 2917 4055 10606 14562 1297850 100268 6708 77926 9768 19106 32616 14569 4684 14015 29742 2032 2998 15449 5651 2047 2454 2039 4298 2627 2779 7854 2005 2132
leaf_count=7693 2277 2917 4055 10606 14562 1297850 100268 6708 77926 9768 19106 32616 14569 4684 14015 29742 2032 2998 15449 5651 2047 2454 2039 4298 2627 2779 7854 2005 2132
internal_value=-1.93467e-05 -0.0100801 2.61253e-05 0.000203016 0.000272798 0.00014469 0.000211118 -0.00204382 0.00195682 -0.00426273 -0.0025678 -0.00259852 -0.00335653 -0.00134821 0.00147699 -0.00453641 -0.0020571 0.000325557 -0.00186315 0.00452759 0.00214925 0.00251358 -0.000644848 -0.00309574 -0.00398922 -0.00133128 -6.65264e-05 -0.000733824 0.00417585
internal_weight=1.70373e+06 7199 1.69653e+06 1.56351e+06 1.53998e+06 1.43179e+06 1.39812e+06 133017 108198 23527 33668 107847 66468 41379 91941 36450 34648 25170 30018 16257 6731 7584 17586 19472 12395 7077 15547 4282 4586
internal_count=1703727 7199 1696528 1563511 1539984 1431786 1398118 133017 108198 23527 33668 107847 66468 41379 91941 36450 34648 25170 30018 16257 6731 7584 17586 19472 12395 7077 15547 4282 4586
is_linear=0
shrinkage=0.03


Tree=28
num_leaves=31
num_cat=0
split_feature=21 13 12 8 8 27 7 20 6 20 24 9 28 15 6 27 11 11 18 32 22 17 8 18 18 10 1 29 9 19
split_gain=858.733 657.464 484.25 354.311 257.451 243.54 242.972 248.42 179.295 170.066 146.099 129.429 101.963 95.0081 83.6265 74.5819 85.7418 73.1662 70.2845 61.8984 59.8126 57.6488 55.481 50.2923 43.8232 37.4165 37.0361 31.1384 28.2627 2.04461
threshold=-1.0000000180025095e-35 -12.617157459259031 -14.139537334442137 -2.109627246856689 -1.5941036939620969 0.09314396977424623 -0.031621364876627915 -0.002885043621063232 -2.4999999999999996 0.37555783987045294 -3.4999999999999996 -0.36593014001846308 0.11118668690323831 -0.010828495025634764 -1.4999999999999998 0.09890425950288774 -0.020698716863989827 -0.023222441785037514 -0.57641702890396107 73.500000000000014 -8.4999999999999982 0.29802101850509649 -2.8737926483154292 -0.5444384217262267 -0.11440601944923399 -0.17836480587720868 -0.27822852134704584 -0.098232753574848161 -0.37870416045188898 -0.9716341197490691
decision_type=2 8 8 10 10 8 10 10 2 10 2 10 8 10 2 10 10 10 8 10 2 10 10 8 10 8 10 8 10 8
left_child=1 4 -2 8 10 6 14 -8 26 11 17 -7 18 25 -5 16 -14 29 28 -20 -11 27 -19 -17 -15 -10 -3 -12 -6 -1
right_child=2 3 -4 5 12 9 7 -9 13 20 21 -13 15 24 -16 23 -18 22 19 -21 -22 -23 -24 -25 -26 -27 -28 -29 -30 -31
leaf_value=-0.010106727841398582 -0.0022108978878228906 -0.010015764940614499 -0.021775963469857326 -0.0028173101254821732 0.0002485500339823478 0.00042846251546921669 0.0010328290879694471 6.2338040288130103e-05 -0.0045238338002241132 -0.00037775058387007544 0.0008312584722585828 0.002311943173386951 -0.0062727340269103787 -0.0011959083215715071 -0.00059441327548254131 0.002076470914839887 -0.0021195125375849835 -0.0073876334227504659 -1.0765252923418082e-05 -0.001318628889904629 0.0047078337462138744 0.002845554302578341 -0.0030969537081922292 -0.0012520390550022889 0.0012787858379084093 0 -0.0032111326397959296 -0.0026245730824299026 0.0047392148006979084 -0.0047591522773586708
leaf_weight=2527 2380 2285 2017 16568 2493 94225 360233 696556 9823 2166 2490 50588 4956 39896 156827 4697 37515 3542 69124 61897 16619 2096 16619 18257 7125 2047 2128 11950 2572 2019
leaf_count=2527 2380 2285 2017 16568 2493 94225 360233 696556 9823 2166 2490 50588 4956 39896 156827 4697 37515 3542 69124 61897 16619 2096 16619 18257 7125 2047 2128 11950 2572 2019
internal_value=-9.27196e-06 2.66836e-05 -0.0125541 0.000267805 -0.00141695 0.000367939 0.000222742 0.00039377 -0.00191777 0.00145392 -0.00356616 0.00109418 -0.000967846 -0.00143841 -0.000816028 -0.00193842 -0.00267849 -0.00501285 -0.000493647 -0.000633572 0.00411129 -0.00130332 -0.00402582 -0.000528399 -0.0008051 -0.00378896 -0.00745629 -0.0020007 0.00280373 -0.00849809
internal_weight=1.70424e+06 1.69984e+06 4397 1.45709e+06 242754 1.39378e+06 1.23018e+06 1.05679e+06 63304 163598 41243 144813 201511 58891 173395 65425 42471 24707 136086 131021 18785 16536 20161 22954 47021 11870 4413 14440 5065 4546
internal_count=1704237 1699840 4397 1457086 242754 1393782 1230184 1056789 63304 163598 41243 144813 201511 58891 173395 65425 42471 24707 136086 131021 18785 16536 20161 22954 47021 11870 4413 14440 5065 4546
is_linear=0
shrinkage=0.03


Tree=29
num_leaves=31
num_cat=0
split_feature=12 11 2 23 16 29 9 15 17 32 13 0 18 20 0 17 11 19 19 19 31 17 32 32 2 18 27 3 31 23
split_gain=803.536 666.09 615.918 307.739 300.659 275.367 172.358 169.742 150.796 122.747 111.253 111.045 110.747 156.783 100.552 99.7774 77.7625 76.6459 75.6818 62.4724 62.0445 49.8141 48.7137 82.6096 42.392 36.0563 35.4795 49.4329 35.1804 34.9769
threshold=-12.668993949890135 -0.0063153898809105149 -0.0077923967037349931 -2.2053977251052852 -0.22658324986696241 0.23627723753452304 -0.43634025752544398 -0.02272701263427734 -0.070770829916000352 60.500000000000007 -11.583602428436278 -0.058577775955200188 -0.10077995806932448 0.1990470886230469 -0.033122897148132317 -0.40009537339210505 -0.022045589052140709 -0.052715584635734551 -0.076543465256690965 -0.12274341285228728 12.815617084503176 -0.38354165852069849 124.50000000000001 110.50000000000001 -0.018173678778111931 -0.093255639076232896 0.09890425950288774 -0.0031975372694432731 12.367932319641115 -1.576338469982147
decision_type=8 8 10 10 8 8 10 10 10 10 10 10 8 10 10 10 10 8 8 10 8 8 10 8 10 10 10 10 10 10
left_child=2 9 3 11 15 6 8 14 -6 -2 18 24 13 -9 25 22 -14 -8 -7 29 -21 -12 23 -4 -1 -5 27 -13 -28 -17
right_child=1 -3 4 7 5 10 17 12 -10 -11 21 26 16 -15 -16 19 -18 -19 -20 20 -22 -23 -24 -25 -26 -27 28 -29 -30 -31
leaf_value=-0.008488296213556663 -0.0075981504854319044 -0.022450692530696446 0.004963808389238729 -0.0056178589887761875 -0.00049401169463791895 -0.0011867186855703828 0.00079484076611712634 -0.0015132126217788705 0.00053769260650404673 0.0010287814547482762 0.0025304779356083258 -0.0051054311180044193 -0.0039773078636443108 0.0011036268574094812 0.0003780397181631361 -0.00055371781036386619 0.0013704644379404648 -0.00017508621286370076 -0.0042419980061435244 0.0012805860087373928 -0.0026077672788456445 -0.00021663779468782669 0.0080330586208788718 -0.00053760886514549926 -0.0043184721920721311 -0.0020220578182563002 0.00085246849295137395 -0.0016570968701498845 -0.0030688852561763509 0.0027587706318595493
leaf_weight=4749 2294 2007 7572 10558 295306 114185 597820 100535 223515 2837 5835 7330 2150 25360 4441 2862 30792 82822 7513 12286 4683 94116 2798 3267 9139 4669 4642 9278 2903 27660
leaf_count=4749 2294 2007 7572 10558 295306 114185 597820 100535 223515 2837 5835 7330 2150 25360 4441 2862 30792 82822 7513 12286 4683 94116 2798 3267 9139 4669 4642 9278 2903 27660
internal_value=9.58327e-06 -0.00969888 5.33949e-05 -0.001439 0.000272038 0.000182781 0.000362511 -0.000908965 -4.88723e-05 -0.00310712 -0.000787115 -0.0038743 -0.000575528 -0.000981428 -0.00350587 0.00232392 0.000958217 0.000676336 -0.00139438 0.00163328 0.000146403 -4.14812e-05 0.00456502 0.00332857 -0.00601062 -0.00463371 -0.00253676 -0.0033013 -0.000715976 0.00243457
internal_weight=1.70592e+06 7138 1.69879e+06 216546 1.48224e+06 1.42111e+06 1.19946e+06 178505 518821 5131 221649 38041 158837 125895 19668 61128 32942 680642 121698 47491 16969 99951 13637 10839 13888 15227 24153 16608 7545 30522
internal_count=1705924 7138 1698786 216546 1482240 1421112 1199463 178505 518821 5131 221649 38041 158837 125895 19668 61128 32942 680642 121698 47491 16969 99951 13637 10839 13888 15227 24153 16608 7545 30522
is_linear=0
shrinkage=0.03


Tree=30
num_leaves=31
num_cat=0
split_feature=12 21 2 16 23 29 0 19 13 0 15 12 9 13 1 16 9 31 14 9 13 10 8 5 1 19 14 5 1 20
split_gain=848.167 827.294 613.391 310.195 297.847 283.554 173.868 158.379 172.814 144.381 120.563 110.955 119.071 92.6883 88.9558 83.2819 78.0141 73.2994 63.2401 60.2466 59.6929 50.1535 50.1437 46.8295 45.2362 44.4821 43.4259 40.7604 38.1221 31.1969
threshold=-12.668993949890135 -0.25000000745058054 -0.0077923967037349931 -0.22076833993196485 -1.9502196311950681 0.23627723753452304 -0.088784992694854722 -0.054566001519560807 -11.900589466094969 -0.13014173507690427 -0.02272701263427734 -16.237792968749996 -0.49684694409370417 -11.544195652008055 -0.29472082853317255 -0.32340739667415613 -0.3826515525579452 13.718424320220949 -3.6690593957900997 -0.5077247917652129 -12.025571346282957 0.025782581418752674 -1.4021266698837278 0.39027737081050878 -0.31386846303939814 -0.045671612024307244 -2.1604452133178706 0.57258433103561412 -0.25203484296798701 -0.65708601474761952
decision_type=8 2 10 8 10 8 10 8 8 10 10 10 10 10 8 10 8 8 10 10 10 10 10 10 10 10 10 8 10 8
left_child=2 -2 4 15 9 7 10 8 -5 28 22 14 -13 19 -8 21 -9 27 -15 -7 23 26 -6 -11 -12 -19 -4 -17 29 -1
right_child=1 -3 3 5 6 13 11 16 -10 20 24 12 -14 18 -16 17 -18 25 -20 -21 -22 -23 -24 -25 -26 -27 -28 -29 -30 -31
leaf_value=-0.0039249359775080286 -0.00098323806783194145 -0.02100308971945062 0.0044001493332523015 -0.00013182942171243171 -0.0071483816027496329 -0.0024343021552670381 0.0022075239702676669 -0.0013379176690277088 0.00070536161556166062 -0.0033929571736605597 -0.0032573014568396353 -0.0011453795384874165 0.0011453130054620204 -0.0034056241120453234 -0.0024434568863279517 0.00091004156691951057 9.9062752920739706e-05 0.00046672042603493086 5.0330095204718533e-05 -0.00094947342409313577 -0.00013054888845123592 0.0077110529160685599 -0.0024425081928861631 0.00091243460602041739 -0.0008478325436592427 -0.00426017324811494 -6.0585863791413068e-05 0.0027944945843293829 -0.0023838463504308074 -0.0094720943125817855
leaf_weight=2774 4275 2906 5387 314892 5388 34817 3855 68642 745403 33364 9494 31131 56918 4522 25248 17125 66070 5592 90598 89863 7536 3114 4684 2121 27430 2027 2731 31248 2269 4513
leaf_count=2774 4275 2906 5387 314892 5388 34817 3855 68642 745403 33364 9494 31131 56918 4522 25248 17125 66070 5592 90598 89863 7536 3114 4684 2121 27430 2027 2731 31248 2269 4513
internal_value=-1.70587e-05 -0.00996374 2.77309e-05 0.000246043 -0.0014609 0.000150818 -0.000823899 0.000333199 0.0004565 -0.00341751 -0.00235567 -0.000199472 0.000330123 -0.000837892 -0.00179037 0.00222982 -0.000633166 0.00171948 -0.000127777 -0.00137458 -0.00260924 0.00456663 -0.00520731 -0.00311818 -0.00151062 -0.00093881 0.00294824 0.00214963 -0.00671586 -0.00778655
internal_weight=1.70594e+06 7181 1.69876e+06 1.48203e+06 216725 1.41481e+06 164148 1.19501e+06 1.0603e+06 52577 46996 117152 88049 219800 29103 67224 134712 55992 95120 124680 43021 11232 10072 35485 36924 7619 8118 48373 9556 7287
internal_count=1705937 7181 1698756 1482031 216725 1414807 164148 1195007 1060295 52577 46996 117152 88049 219800 29103 67224 134712 55992 95120 124680 43021 11232 10072 35485 36924 7619 8118 48373 9556 7287
is_linear=0
shrinkage=0.03


Tree=31
num_leaves=31
num_cat=0
split_feature=21 2 12 23 16 13 16 9 29 15 19 17 2 31 19 17 24 24 8 17 19 26 4 8 5 15 28 14 8 8
split_gain=760.602 629.657 435.031 267.463 250.212 274.793 271.912 179.975 164.204 134.294 109.661 104.771 101.862 99.2578 149.608 134.352 95.5829 111.094 95.3304 94.7891 66.8154 64.9539 50.4759 47.7719 41.6948 41.4839 38.1736 32.3784 20.4469 3.6001
threshold=-1.0000000180025095e-35 -0.0083002704195678217 -14.104099273681639 -2.1530539989471431 -0.1756881773471832 -11.727900505065916 -0.043853726238012307 -0.99104517698287953 0.24373318254947665 -0.025830745697021481 -0.030824038200080391 -0.01908214949071407 -0.019688499160110947 13.751607418060305 -0.043824065476655953 -0.35268484055995936 -18.499999999999996 -4.4999999999999991 -1.3255417346954343 0.055639671161770828 -0.091019779443740831 1.0000000180025095e-35 -0.045448902994394295 -0.63196685910224903 0.26266483962535864 0.0059969723224639901 -0.056612273678183549 -3.1385329961776729 -1.7742497920989988 -1.6745519042015073
decision_type=2 10 8 10 8 10 10 10 8 10 8 10 10 8 10 10 2 2 10 10 10 2 10 10 10 10 8 10 10 10
left_child=1 3 -2 12 13 8 10 -8 11 18 -7 -6 28 15 22 23 19 -18 29 -11 -17 -10 -15 -3 26 -16 -14 -20 -1 -5
right_child=2 4 -4 9 5 6 7 -9 21 16 -12 -13 24 14 25 20 17 -19 27 -21 -22 -23 -24 -25 -26 -27 -28 -29 -30 -31
leaf_value=-0.0086315904646049324 -0.0020119799737721234 0.0040300713223564225 -0.020508484202742629 -0.0071592964485739314 -0.00072783968378933687 6.4462484325622556e-05 -0.0031718028982793975 0.0010248755847238247 -0.0019515200322226184 0.0040525958596354505 -0.0013522729163226118 0.0002564188004298678 -0.00073315491660766864 0.0021542322819443857 -0.007582768454864287 0.0016426929107633008 -0.002057194589869092 -0.00026944736726062417 -0.0032290306088568897 -0.0013738316281856485 -0.00014319227461572661 -8.5453813866351533e-05 -0.0016218249585251787 0.0013567881067004617 0.00086671915226126811 -0.0014748756633131209 -0.003728802098189658 0.00050471526193507311 -0.0040212027281645076 -0.0036144629618752402
leaf_weight=4016 2383 24571 2032 4257 177807 372904 8888 435077 78386 6615 56086 213356 5169 9497 2279 61259 50750 81965 3258 4446 26604 21819 4159 9324 2087 2261 24296 4204 3459 2766
leaf_count=4016 2383 24571 2032 4257 177807 372904 8888 435077 78386 6615 56086 213356 5169 9497 2279 61259 50750 81965 3258 4446 26604 21819 4159 9324 2087 2261 24296 4204 3459 2766
internal_value=-2.17257e-05 1.21344e-05 -0.0118063 -0.001579 0.000221469 9.70742e-05 0.000416606 0.000936711 -0.000469836 -0.00102125 -0.000121421 -0.000190578 -0.00379168 0.00142732 -0.000613226 0.00173598 -0.000734093 -0.000960486 -0.00373187 0.0018804 0.0011008 -0.00155062 0.000966359 0.00333383 -0.00294439 -0.00504854 -0.00323429 -0.00118821 -0.00692166 -0.00613606
internal_weight=1.70598e+06 1.70156e+06 4415 197288 1.50428e+06 1.36432e+06 872955 443965 491368 158261 428990 391163 39027 139954 18196 121758 143776 132715 14485 11061 87863 100205 13656 33895 31552 4540 29465 7462 7475 7023
internal_count=1705980 1701565 4415 197288 1504277 1364323 872955 443965 491368 158261 428990 391163 39027 139954 18196 121758 143776 132715 14485 11061 87863 100205 13656 33895 31552 4540 29465 7462 7475 7023
is_linear=0
shrinkage=0.03


end of trees

feature_importances:
Column_16=82
Column_0=66
Column_8=57
Column_2=55
Column_18=52
Column_13=49
Column_17=49
Column_19=43
Column_9=40
Column_12=38
Column_23=29
Column_32=28
Column_1=25
Column_15=25
Column_27=24
Column_14=23
Column_20=23
Column_4=22
Column_11=21
Column_24=21
Column_29=21
Column_31=20
Column_6=18
Column_3=15
Column_5=14
Column_28=14
Column_21=13
Column_7=12
Column_22=6
Column_30=6
Column_10=5
Column_25=4
Column_26=3
Column_33=1

parameters:
[boosting: gbdt]
[objective: regression]
[metric: l2]
[tree_learner: serial]
[device_type: cpu]
[data_sample_strategy: bagging]
[data: ]
[valid: ]
[num_iterations: 2000]
[learning_rate: 0.03]
[num_leaves: 31]
[num_threads: 1]
[seed: 0]
[deterministic: 0]
[force_col_wise: 0]
[force_row_wise: 0]
[histogram_pool_size: -1]
[max_depth: 6]
[min_data_in_leaf: 2000]
[min_sum_hessian_in_leaf: 0.001]
[bagging_fraction: 0.8]
[pos_bagging_fraction: 1]
[neg_bagging_fraction: 1]
[bagging_freq: 1]
[bagging_seed: 7719]
[bagging_by_query: 0]
[feature_fraction: 0.8]
[feature_fraction_bynode: 1]
[feature_fraction_seed: 2437]
[extra_trees: 0]
[extra_seed: 11797]
[early_stopping_round: 0]
[early_stopping_min_delta: 0]
[first_metric_only: 0]
[max_delta_step: 0]
[lambda_l1: 10]
[lambda_l2: 500]
[linear_lambda: 0]
[min_gain_to_split: 0]
[drop_rate: 0.1]
[max_drop: 50]
[skip_drop: 0.5]
[xgboost_dart_mode: 0]
[uniform_drop: 0]
[drop_seed: 21238]
[top_rate: 0.2]
[other_rate: 0.1]
[min_data_per_group: 100]
[max_cat_threshold: 32]
[cat_l2: 10]
[cat_smooth: 10]
[max_cat_to_onehot: 4]
[top_k: 20]
[monotone_constraints: ]
[monotone_constraints_method: basic]
[monotone_penalty: 0]
[feature_contri: ]
[forcedsplits_filename: ]
[refit_decay_rate: 0.9]
[cegb_tradeoff: 1]
[cegb_penalty_split: 0]
[cegb_penalty_feature_lazy: ]
[cegb_penalty_feature_coupled: ]
[path_smooth: 0]
[interaction_constraints: ]
[verbosity: -1]
[saved_feature_importance_type: 0]
[use_quantized_grad: 0]
[num_grad_quant_bins: 4]
[quant_train_renew_leaf: 0]
[stochastic_rounding: 1]
[linear_tree: 0]
[max_bin: 255]
[max_bin_by_feature: ]
[min_data_in_bin: 3]
[bin_construct_sample_cnt: 200000]
[data_random_seed: 38]
[is_enable_sparse: 1]
[enable_bundle: 1]
[use_missing: 1]
[zero_as_missing: 0]
[feature_pre_filter: 1]
[pre_partition: 0]
[two_round: 0]
[header: 0]
[label_column: ]
[weight_column: ]
[group_column: ]
[ignore_column: ]
[categorical_feature: ]
[forcedbins_filename: ]
[precise_float_parser: 0]
[parser_config_file: ]
[objective_seed: 8855]
[num_class: 1]
[is_unbalance: 0]
[scale_pos_weight: 1]
[sigmoid: 1]
[boost_from_average: 1]
[reg_sqrt: 0]
[alpha: 0.9]
[fair_c: 1]
[poisson_max_delta_step: 0.7]
[tweedie_variance_power: 1.5]
[lambdarank_truncation_level: 30]
[lambdarank_norm: 1]
[label_gain: ]
[lambdarank_position_bias_regularization: 0]
[eval_at: ]
[multi_error_top_k: 1]
[auc_mu_weights: ]
[num_machines: 1]
[local_listen_port: 12400]
[time_out: 120]
[machine_list_filename: ]
[machines: ]
[gpu_platform_id: -1]
[gpu_device_id: -1]
[gpu_device_id_list: ]
[gpu_use_dp: 0]
[num_gpu: 1]

end of parameters

pandas_categorical:null
