tree
version=v4
num_class=1
num_tree_per_iteration=1
label_index=0
max_feature_idx=27
objective=regression
feature_names=Column_0 Column_1 Column_2 Column_3 Column_4 Column_5 Column_6 Column_7 Column_8 Column_9 Column_10 Column_11 Column_12 Column_13 Column_14 Column_15 Column_16 Column_17 Column_18 Column_19 Column_20 Column_21 Column_22 Column_23 Column_24 Column_25 Column_26 Column_27
feature_infos=[-0.84046447277069092:0.53957056999206543] [-3.5128097534179688:0.73073786497116089] [-0.14343428611755371:0.1194157600402832] [-0.10038489103317261:0.10042804479598999] [-0.20158103108406067:0.62741082906723022] [-4.0158696174621582:4.4365401268005371] [-16:0] [-0.45281714200973511:-4.9153763939102646e-06] [-11.925601959228516:-0.004763387143611908] [-4.0398764610290527:-0.0069598453119397163] [-1:1] [-0.12043476849794388:0] [-23.178176879882812:-6.6414260864257812] [-19.511388778686523:-5.2051596641540527] [-6.601325511932373:0.75502252578735352] [-0.16945481300354004:0.90228444337844849] [-0.84176427125930786:1.1161112785339355] [-0.85048794746398926:3.8594918251037598] [-0.92965620756149292:0] [-23.473684310913086:0] [-6.7655916213989258:0.89956247806549072] [-1:0] [-39:0] [-14.233029365539551:-0.00049648736603558064] [-42:0] [-1:0] [0:11] [-0.10032573342323303:0.76671123504638672]
tree_sizes=2546 2537 2339 2662 2169 2552 2551 2467 2571 3005 2566 2066 3006 2459 2468 3020 2156 3120 2445 2573 3129 2157 2756 2751 1970 2223 2561 2665 2656 2870 2241 2599 2933 2920 3041 3131 3144 3171 2669 2067 2065 3025 2781 2736 1668 3202 2364 2471 2516 3247 2957 3110 2586 2956 2461 2204 3263 2552 1673 2455 2445 1958 2052 2260 2254 2133 3250 2503 2233 2317 2685 2728 2999 2946 2283 2931 2454 3151 1955 2944 2993 2435 2323 2635 2632 2851 2571 1916 2874 2842 2794 3223 3129 3242 2737 2012 2165 2161 2252

Tree=0
num_leaves=24
num_cat=0
split_feature=4 0 8 13 1 19 16 0 8 8 0 15 12 19 2 11 18 1 24 15 1 24 0
split_gain=2518.26 1043.24 487.33 444.807 250.587 222.636 224.207 138.554 132.462 115.813 114.986 84.0577 78.6714 61.3535 54.3365 46.1638 44.9043 38.09 32.1175 20.175 17.494 11.3766 8.8019
threshold=1.0000000180025095e-35 -0.098359882831573472 -3.0841972827911373 -12.872251987457274 -0.56735020875930775 -1.0000000180025095e-35 -0.2336921542882919 -0.26986879110336298 -1.6766262054443357 -2.1051712036132808 0.029390364885330204 -0.019708156585693356 -14.751873493194578 -0.041869873180985444 0.0040002539753913888 -0.01657807361334562 -0.076851952821016298 0.082665473222732558 -19.499999999999996 0.008689075708389284 -0.22206425666809079 -2.4999999999999996 -0.2223435044288635
decision_type=8 10 10 10 10 10 10 10 10 8 10 10 10 10 10 10 10 10 2 10 10 2 10
left_child=1 2 7 10 22 6 13 -1 11 -8 15 -6 -7 -5 19 17 -17 -3 -10 -12 -9 -16 -4
right_child=-2 3 4 5 8 12 9 20 18 -11 14 -13 -14 -15 21 16 -18 -19 -20 -21 -22 -23 -24
leaf_value=-0.015897739842459586 -0.031160307447292566 -0.0050018213781220962 -0.0099163659136220616 0.0014848041306925663 -0.0077060413704955737 -0.0027956621795836162 -0.0026445087659742769 -0.0090200638235951799 -0.00046765884343700202 -0.0011209339703305745 -0.0029230536846693482 -0.003839371892796269 -0.011336088236327842 -0.0010832264928252904 -8.1912779954750482e-05 -0.00337160371211934 -0.00043626297354571169 -0.0019045898488532188 -0.0025711008507414528 -0.0016512495584574888 -0.0048882644600253536 -0.0022727901774796761 -0.0058854373778011978
leaf_weight=2814 2076 27266 4516 36997 6431 2008 45870 3820 6820 1358247 30196 26537 2023 11386 12915 36773 4899 4514 57378 18766 3507 2019 3382
leaf_count=2814 2076 27266 4516 36997 6431 2008 45870 3820 6820 1358247 30196 26537 2023 11386 12915 36773 4899 4514 57378 18766 3507 2019 3382
internal_value=-0.00152062 -0.00147613 -0.00422652 -0.00127636 -0.00359173 -0.00112216 -0.00110139 -0.0103681 -0.0031483 -0.00117131 -0.00290485 -0.00468387 -0.00775913 0.000897169 -0.00196279 -0.0037117 -0.00301075 -0.00458409 -0.00233667 -0.002448 -0.00742278 -0.000412607 -0.00858918
internal_weight=1.71116e+06 1.70908e+06 115205 1.59388e+06 105064 1.45653e+06 1.4525e+06 10141 97166 1.40412e+06 137348 32968 4031 48383 63896 73452 41672 31780 64198 48962 7327 14934 7898
internal_count=1711160 1709084 115205 1593879 105064 1456531 1452500 10141 97166 1404117 137348 32968 4031 48383 63896 73452 41672 31780 64198 48962 7327 14934 7898
is_linear=0
shrinkage=1


Tree=1
num_leaves=24
num_cat=0
split_feature=25 0 8 2 9 12 16 19 1 23 24 2 0 0 9 12 16 12 18 0 0 1 15
split_gain=2470.42 979.95 356.854 335.565 237.118 237.698 182.944 153.624 147.791 119.808 70.1838 63.3212 60.586 59.4153 51.372 48.9559 47.1091 27.2483 25.9999 24.6539 21.8364 8.12965 7.43768
threshold=-1.0000000180025095e-35 -0.15263891220092771 -3.0841972827911373 -0.011073321104049681 -0.54265412688255299 -16.354293823242184 -0.2336921542882919 -0.003105591749772429 -0.46272444725036616 -2.1042640209197994 -18.499999999999996 -0.019792213104665276 -0.024241805076599118 -0.052645683288574212 -0.5834384262561797 -16.902705192565914 0.17619778960943225 -16.414578437805172 -0.076851952821016298 -0.26986879110336298 -0.024241805076599118 -0.3671386837959289 -0.0068627595901489249
decision_type=8 10 10 8 10 10 8 10 10 10 2 10 10 10 10 10 8 10 10 10 10 10 10
left_child=1 2 16 9 7 15 -7 13 19 11 22 21 18 -5 -12 -6 -1 -14 -11 -4 -13 -3 -10
right_child=-2 3 8 4 5 6 -8 -9 10 12 14 20 17 -15 -16 -17 -18 -19 -20 -21 -22 -23 -24
leaf_value=-0.0058886329393424194 -0.02909320287489197 -0.0074109422105019789 -0.0083259829170819425 -0.0012396998653676776 -0.0014471359356754928 0.0024914982640532402 0.00053842209180209998 -0.0075374248029971393 0 -0.0020614231665208186 -0.0042634936140692721 -0.0035790092750206085 -0.0015637529083760977 -0.00019238254437877768 -0.00159022941087615 -0.00028043692242970164 -0.013042883336965098 0.00060763513781706042 -0.00023157194278449213 -0.0037301103234287378 -0.0013729909328952605 -0.003083200283214804 0.0022565828131142496
leaf_weight=3158 2125 3294 4342 58733 44666 44745 1013596 2223 2643 31993 10945 8282 6172 283775 18681 118874 3549 22814 9566 3569 10662 2042 2146
leaf_count=3158 2125 3294 4342 58733 44666 44745 1013596 2223 2643 31993 10945 8282 6172 283775 18681 118874 3549 22814 9566 3569 10662 2042 2146
internal_value=-1.21167e-05 3.23282e-05 -0.0041256 0.000156423 0.000261664 0.000457796 0.000622416 -0.000432305 -0.00302157 -0.00157137 -0.00209966 -0.00337412 -0.000927297 -0.000374396 -0.00264217 -0.000604354 -0.0103582 0.00011643 -0.00165512 -0.00663325 -0.00242009 -0.00621224 0.00113221
internal_weight=1.7126e+06 1.71047e+06 49033 1.66144e+06 1.56661e+06 1.22188e+06 1.05834e+06 344731 42326 94825 34415 24280 70545 342508 29626 163540 6707 28986 41559 7911 18944 5336 4789
internal_count=1712595 1710470 49033 1661437 1566612 1221881 1058341 344731 42326 94825 34415 24280 70545 342508 29626 163540 6707 28986 41559 7911 18944 5336 4789
is_linear=0
shrinkage=0.03


Tree=2
num_leaves=22
num_cat=0
split_feature=4 0 13 8 9 19 1 0 1 8 19 9 1 6 24 1 1 1 3 12 0
split_gain=2294.74 1016.84 402.166 395.162 281.029 154.206 127.186 123.664 101.848 91.4617 84.002 69.4351 62.9173 62.1051 45.1509 33.5055 31.0122 28.8505 23.5949 21.1186 17.91
threshold=1.0000000180025095e-35 -0.15263891220092771 -12.847920417785643 -3.0841972827911373 -0.5123084783554076 -0.003105591749772429 -0.46272444725036616 0.029390364885330204 0.19787198305130008 -2.1581553220748897 -0.024545336142182347 -0.89317879080772389 -0.26460552215576166 -4.4999999999999991 -18.499999999999996 0.19215148687362674 0.38470250368118292 0.19787198305130008 -0.005993001163005828 -16.141638755798336 0.19954198598861697
decision_type=8 10 10 10 10 8 10 10 10 10 10 10 10 2 2 10 10 10 10 10 10
left_child=1 3 7 12 5 9 19 13 10 -4 -6 -8 -1 -3 -13 -15 -10 18 -9 -5 -19
right_child=-2 2 4 6 8 -7 11 17 16 -11 -12 14 -14 15 -16 -17 -18 20 -20 -21 -22
leaf_value=-0.013115474408346902 -0.028350964881630206 -0.0061911179922009884 -0.0015372340624450029 -0.0027032676713123959 0.00057216771013440229 -0.0070212722158969516 -0.0063970950488516825 -0.001798003755836791 0.0017151299694940685 -0.0001300484078039968 -0.00070328908682966039 0.000897661301306529 -0.00510787579937031 -0.0019558615289571408 -0.0021672766711679685 0.00088656608072878421 0.0050217076797724278 0.0020179225904364134 -0.00023320003912005396 -0.0074271843592062809 -0.00085554059015402538
leaf_weight=4208 2065 2727 46567 2190 999020 2594 2798 10405 43096 363644 48120 4697 2469 83096 26946 3485 2529 6598 46756 5723 2199
leaf_count=4208 2065 2727 46567 2190 999020 2594 2798 10405 43096 363644 48120 4697 2469 83096 26946 3485 2529 6598 46756 5723 2199
internal_value=3.12333e-06 4.58198e-05 0.000172264 -0.00418969 0.000322461 -0.000343652 -0.00303371 -0.00127859 0.00057441 -0.000292199 0.000512962 -0.00217268 -0.0107584 -0.0020037 -0.00169611 -0.00183357 0.00195737 -0.000284589 -0.000536365 -0.00639381 0.00125999
internal_weight=1.71193e+06 1.70987e+06 1.66084e+06 49031 1.50557e+06 412805 42354 155266 1.09276e+06 410211 1.04714e+06 34441 6677 89308 31643 86581 45625 65958 57161 7913 8797
internal_count=1711932 1709867 1660836 49031 1505570 412805 42354 155266 1092765 410211 1047140 34441 6677 89308 31643 86581 45625 65958 57161 7913 8797
is_linear=0
shrinkage=0.03


Tree=3
num_leaves=25
num_cat=0
split_feature=25 0 1 9 9 12 16 0 2 23 2 0 15 27 0 19 2 24 12 16 15 7 18 8
split_gain=2324.1 928.702 425.631 247.586 240.841 253.031 197.492 143.353 135.564 112.259 93.1913 77.5992 66.7598 60.7671 54.3211 50.7485 50.6277 47.1092 40.0959 32.7178 27.5196 23.7693 19.1067 7.42706
threshold=-1.0000000180025095e-35 -0.098359882831573472 -0.56735020875930775 -0.83361002802848805 -0.5869159698486327 -16.650078773498532 -0.227400466799736 0.19954198598861697 -0.01375359622761607 -2.0212099552154537 -0.019792213104665276 -0.14381140470504758 -0.039338707923889153 0.076521169394254698 0.034327179193496711 -0.041869873180985444 -0.0074104890227317801 -3.4999999999999996 -15.352848052978514 -0.16723815351724622 -0.0063249468803405753 -0.052806008607149117 -0.22324877977371213 -1.6984201669692991
decision_type=8 10 10 10 8 10 10 10 10 10 10 8 10 10 10 10 10 2 10 10 10 10 10 10
left_child=1 2 12 11 7 14 13 8 21 20 -8 18 -1 -7 17 -10 -11 -6 -4 -16 -5 -3 -13 -14
right_child=-2 4 3 9 5 6 10 -9 15 16 -12 22 23 -15 19 -17 -18 -19 -20 -21 -22 -23 -24 -25
leaf_value=-0.013392138725558606 -0.028207960291347221 -0.0067554863622798032 -0.0037648509375767516 -0.0056885444972023629 -0.0025115581898021316 0.00061863086718852943 -0.0029789841442710635 -0.0070457797531264564 -0.00028079630100466183 -0.0017939793994504987 0.00044675655975872166 -0.0039050078463334172 -0.0082606449809973902 0.0029140466460132451 0.0024586571522791367 -0.0019162586460920801 -0.00027239794593181141 -0.00083014916101301225 -0.00932789064227133 -0.00043643763786690081 -0.0022447746590185942 -0.0025823777856739641 -0.00037204847329678955 -0.0044445012163243855
leaf_weight=2112 2125 2574 3141 5497 28155 15088 6676 2587 229920 36251 1181781 3961 2673 38387 3465 18084 44020 34643 4864 29841 5472 4554 2450 4761
leaf_count=2112 2125 2574 3141 5497 28155 15088 6676 2587 229920 36251 1181781 3961 2673 38387 3465 18084 44020 34643 4864 29841 5472 4554 2450 4761
internal_value=-1.16617e-06 4.19219e-05 -0.00255321 -0.00197764 0.000230201 0.0003921 0.000507131 -0.000608324 -0.000528222 -0.00137865 0.000426016 -0.00557525 -0.00847838 0.00228368 -0.00108625 -0.000404874 -0.000970122 -0.00160262 -0.00753 -9.44619e-05 -0.0041695 -0.00447269 -0.00272287 -0.00628857
internal_weight=1.71308e+06 1.71096e+06 115202 105656 1.59576e+06 1.33804e+06 1.24193e+06 257719 255132 91240 1.18846e+06 14416 9546 53475 96104 248004 80271 62798 8005 33306 10969 7128 6411 7434
internal_count=1713082 1710957 115202 105656 1595755 1338036 1241932 257719 255132 91240 1188457 14416 9546 53475 96104 248004 80271 62798 8005 33306 10969 7128 6411 7434
is_linear=0
shrinkage=0.03


Tree=4
num_leaves=20
num_cat=0
split_feature=4 1 9 13 14 16 19 2 9 9 13 27 2 22 16 1 11 2 7
split_gain=2191.24 697.114 316.062 330.904 181.172 174.758 173.129 156.984 112.456 109.405 97.5627 80.8325 74.9674 61.6359 61.5903 34.3658 21.8349 17.0502 1.32394
threshold=1.0000000180025095e-35 -0.29547035694122309 -0.5869159698486327 -13.003886222839354 -1.3217558264732359 -0.227400466799736 -0.0054545290768146506 -0.025084488093852993 -0.95380881428718556 -1.2401576638221739 -11.920211315155028 0.080553036183118834 -0.0064552351832389823 -10.499999999999998 -0.12042251974344252 -0.31503134965896601 -0.020797897130250927 0.0017627134802751245 -0.030870177783071991
decision_type=8 10 10 10 8 10 10 10 10 10 8 10 10 2 10 8 10 10 10
left_child=1 4 6 14 7 11 9 -1 15 18 -7 -5 -11 -10 17 -9 -16 -4 -3
right_child=-2 2 3 5 -6 10 -8 8 13 12 -12 -13 -14 -15 16 -17 -18 -19 -20
leaf_value=-0.0070792384036045776 -0.027729622221354371 -0.0059191077054006527 -0.00086437124332931596 0.00038763774005697558 -0.010664004490189161 -3.2414624859838017e-05 -0.0078712989697542445 -0.0087730114012040637 -0.0033856593908371179 -0.0016064017032454618 0.00056934595973515015 0.0029638730733132696 -0.00034133151071192414 -0.0010541559173267712 -0.0026671759593346355 -0.00267159474163286 -0.0014007939086448525 0.0010661924219065595 -0.00264209275080748
leaf_weight=5938 2061 2756 6156 16350 2184 331863 2564 2352 13659 52546 890093 35799 213061 42230 17197 2320 61645 10041 2008
leaf_count=5938 2061 2756 6156 16350 2184 331863 2564 2352 13659 52546 890093 35799 213061 42230 17197 2320 61645 10041 2008
internal_value=-3.17171e-07 4.10061e-05 0.000165415 0.000351428 -0.00290873 0.000479128 -0.000765538 -0.00257186 -0.00207065 -0.00068264 0.000405726 0.00217321 -0.00059528 -0.00165425 -0.00135094 -0.00635238 -0.00169587 0.000310564 -0.00497701
internal_weight=1.71282e+06 1.71076e+06 1.64208e+06 1.36914e+06 68683 1.2741e+06 272935 66499 60561 270371 1.22196e+06 52149 265607 55889 95039 4672 78842 16197 4764
internal_count=1712823 1710762 1642079 1369144 68683 1274105 272935 66499 60561 270371 1221956 52149 265607 55889 95039 4672 78842 16197 4764
is_linear=0
shrinkage=0.03


Tree=5
num_leaves=24
num_cat=0
split_feature=21 12 8 6 16 16 2 19 16 12 15 19 7 17 2 16 7 5 9 23 8 18 12
split_gain=1713.81 1003.32 719.957 313.903 248.045 244.282 158.567 140.183 163.673 146.174 84.912 75.9498 50.7253 42.3433 34.3913 25.105 14.7381 13.4865 12.1603 9.68152 9.03571 7.06592 4.43465
threshold=-1.0000000180025095e-35 -13.982168197631834 -2.8683488368988033 -1.0000000180025095e-35 0.19551253318786624 -0.227400466799736 -0.025084488093852993 -0.024545336142182347 -0.18969825655221936 -16.414578437805172 7.7992677688598646e-05 -1.0000000180025095e-35 -0.030385860241949555 -0.39035399258136744 0.0069227144122123727 -0.30202190577983851 -0.068185664713382707 0.50144600868225109 -0.85066297650337208 -1.6201544404029844 -3.9737535715103145 -0.25999101996421808 -15.369659900665281
decision_type=2 8 10 2 8 8 10 8 8 10 10 8 10 10 10 10 10 8 10 10 10 10 10
left_child=2 -2 4 5 12 15 17 8 13 -10 -8 14 20 -5 -9 16 -4 -7 22 -17 -1 -22 -14
right_child=1 -3 3 7 -6 6 10 11 9 -11 -12 -13 18 -15 -16 19 -18 -19 -20 -21 21 -23 -24
leaf_value=-0.0057547905505873354 -0.0032549836986121346 -0.030947601243985313 0.0050128935514551463 0.0033000282477647935 -0.010977064108906672 -0.0026289155024367401 -0.0013525733128432282 -0.0011332881230487568 -0.0006312935335270846 0.00042563376142594955 -0.00031056535866695806 -0.0048265134009528327 -0.00055169320748973407 0.0013956327425352661 0.00042781353443023355 -0.00020870664021848436 0.0017728216947946595 -0.0070671018939288009 0.00040392092594700006 0.0018726946877965971 -0.0042356990010703355 -0.0020703194562323017 -0.0027254469371711882
leaf_weight=4625 2515 2015 4332 13198 4385 2101 145057 47381 131243 1098688 138793 3904 2140 61472 16655 2097 3313 3414 2596 9326 5915 4986 2661
leaf_count=4625 2515 2015 4332 13198 4385 2101 145057 47381 131243 1098688 138793 3904 2140 61472 16655 2097 3313 3414 2596 9326 5915 4986 2661
internal_value=9.2784e-07 -0.0174845 5.25735e-05 0.00013191 -0.00473486 -0.000731852 -0.000950562 0.000326427 0.00039589 0.000312397 -0.000845564 -0.000996198 -0.00331914 0.00175594 -0.000722447 0.0025113 0.00384065 -0.00578528 -0.00111702 0.00147271 -0.00428198 -0.00340582 -0.00195654
internal_weight=1.71281e+06 4530 1.70828e+06 1.68097e+06 27308 308433 289365 1.37254e+06 1.3046e+06 1.22993e+06 283850 67940 22923 74670 64036 19068 7645 5515 7397 11423 15526 10901 4801
internal_count=1712812 4530 1708282 1680974 27308 308433 289365 1372541 1304601 1229931 283850 67940 22923 74670 64036 19068 7645 5515 7397 11423 15526 10901 4801
is_linear=0
shrinkage=0.03


Tree=6
num_leaves=24
num_cat=0
split_feature=25 0 13 8 9 16 0 1 16 2 8 19 9 27 0 0 2 2 17 16 9 0 23
split_gain=1981.26 781.453 367.702 298.402 225.461 160.343 146.084 112.416 108.699 86.766 80.2848 74.0794 61.0749 60.5884 57.6552 54.598 53.9948 34.191 26.9484 26.7706 10.9194 6.58081 0.706078
threshold=-1.0000000180025095e-35 -0.15263891220092771 -12.872251987457274 -3.0841972827911373 -0.5123084783554076 -0.227400466799736 0.19954198598861697 -0.56735020875930775 -0.12042251974344252 -0.021752090193331238 -1.8307222723960874 -0.022493936121463772 -0.38042068481445307 0.076521169394254698 0.034327179193496711 -0.26986879110336298 0.0063364566303789624 0.0017627134802751245 0.013920394238084556 -0.01082274643704295 -0.54265412688255299 -0.26986879110336298 -2.0615355968475337
decision_type=8 10 10 10 10 10 8 10 10 10 10 10 10 10 10 10 10 10 10 10 10 10 10
left_child=1 3 8 15 6 13 10 21 17 22 -4 -7 16 -6 -11 -1 -9 18 -3 -14 -19 -5 -10
right_child=-2 2 4 7 5 11 -8 12 9 14 -12 -13 19 -15 -16 -17 -18 20 -20 -21 -22 -23 -24
leaf_value=-0.012776340840105831 -0.026025037832609847 0.00018751131633846588 -0.001142656524720185 -0.0074483392912390494 0.00056248540086051085 0.00049490568864127727 -0.0066722839594552212 -0.0031561146225407614 -0.0064582456535297386 -0.0019302413552821735 -5.2785886717425672e-05 -0.00076874274499617488 0.0018566568696791587 0.0029676404563447742 -0.0005486729716398654 -0.0056540391659035526 0.0010873975632759241 -0.00030563870896537073 -0.0032500660896877102 -0.0011825879361596738 0.0018362884940762172 -0.0033545024879158437 -0.0030246087368766346
leaf_weight=2819 2128 6645 73873 3789 14173 1009100 2718 23767 2664 77269 338234 42940 3905 31785 43681 3856 2677 2144 2353 5878 12166 2255 2143
leaf_count=2819 2128 6645 73873 3789 14173 1009100 2718 23767 2664 77269 338234 42940 3905 31785 43681 3856 2677 2144 2353 5878 12166 2255 2143
internal_value=3.10115e-06 4.32455e-05 0.000153952 -0.0036731 0.000294314 0.00051946 -0.000300812 -0.00266504 -0.00126476 -0.00161323 -0.000250028 0.000442703 -0.00196582 0.00224641 -0.00143807 -0.00938448 -0.00270319 0.00059718 -0.000803608 3.2678e-05 0.00149563 -0.00633979 -0.00541321
internal_weight=1.71296e+06 1.71083e+06 1.66189e+06 48946 1.51282e+06 1.098e+06 414825 42271 149065 125757 412107 1.05204e+06 36227 45958 120950 6675 26444 23308 8998 9783 14310 6044 4807
internal_count=1712962 1710834 1661888 48946 1512823 1097998 414825 42271 149065 125757 412107 1052040 36227 45958 120950 6675 26444 23308 8998 9783 14310 6044 4807
is_linear=0
shrinkage=0.03


Tree=7
num_leaves=23
num_cat=0
split_feature=25 0 13 9 8 0 19 17 2 14 0 2 24 2 23 0 2 0 18 15 3 8
split_gain=1751 799.211 348.351 236.969 233.989 156.204 102.132 96.8183 94.4691 92.4467 73.0293 60.996 48.4945 45.7651 38.6109 34.1034 25.7724 23.5624 21.1983 17.411 12.6144 10.499
threshold=-1.0000000180025095e-35 -0.15263891220092771 -12.847920417785643 -0.55988299846649159 -3.0841972827911373 0.19954198598861697 -0.024545336142182347 -0.37622246146202082 0.0030429363250732426 -1.8445097804069517 -0.052645683288574212 -0.018319810740649697 -18.499999999999996 -0.015518227126449345 -1.5145943164825437 0.034327179193496711 0.0064835473895072946 0.034327179193496711 -0.34992791712284083 -0.016827881336212155 0.0013296857359819116 -1.1741415262222288
decision_type=8 10 10 8 10 10 10 8 10 8 10 10 2 10 10 10 10 10 10 10 10 10
left_child=1 4 8 5 19 10 7 -5 11 12 -4 14 21 -14 -3 -13 -8 18 -10 -1 -19 -6
right_child=-2 2 3 6 9 -7 16 -9 17 -11 -12 15 13 -15 -16 -17 -18 20 -20 -21 -22 -23
leaf_value=-0.011715601559942617 -0.024493452120186287 -0.0047651968821094282 -0.0013592394654588559 0.0019650324115005348 -0.0010968908940306623 -0.0076937107571445999 -0.0011648811180126708 0.00047259914346382646 0.00075627524497367247 -0.0070596724658687163 -0.00017692359944315069 -0.0017491571944206682 -0.0048317506990296043 -0.0020511458887916426 -0.00024629093608559329 -0.00065598785805427837 0.00018767238126306807 0.00048366719956365316 -0.001745891042925065 -0.0060876926569290619 0.0023701813240769327 0.0012884203209105576
leaf_weight=2392 2126 7703 58020 40278 2474 2178 40774 1103003 4656 3896 244894 74031 7372 25106 2399 42166 17610 13494 6787 4270 4146 3170
leaf_count=2392 2126 7703 58020 40278 2474 2178 40774 1103003 4656 3896 244894 74031 7372 25106 2399 42166 17610 13494 6787 4270 4146 3170
internal_value=-1.49193e-05 2.24717e-05 0.000134125 0.000273876 -0.00374634 -0.000471748 0.00046355 0.000526276 -0.00121567 -0.00283939 -0.000406239 -0.00156987 -0.00231451 -0.00275508 -0.00378258 -0.00135954 -0.000753695 0.000312928 -0.000713636 -0.00882712 0.000996709 0.000189835
internal_weight=1.71294e+06 1.71082e+06 1.66214e+06 1.50676e+06 48680 305092 1.20166e+06 1.14328e+06 155382 42018 302914 126299 38122 32478 10102 116197 58384 29083 11443 6662 17640 5644
internal_count=1712945 1710819 1662139 1506757 48680 305092 1201665 1143281 155382 42018 302914 126299 38122 32478 10102 116197 58384 29083 11443 6662 17640 5644
is_linear=0
shrinkage=0.03


Tree=8
num_leaves=24
num_cat=0
split_feature=4 1 9 12 15 19 23 15 16 9 19 11 19 14 16 25 25 9 18 16 9 9 23
split_gain=1762.41 644.483 286.365 228.948 204.927 174.184 165.83 144.772 139.368 89.4463 73.0758 69.8686 61.2081 43.1861 42.4474 39.4918 39.0622 36.8683 20.0865 16.3924 32.1111 16.3766 1.96755
threshold=1.0000000180025095e-35 -0.31503134965896601 -0.55988299846649159 -16.448443412780758 -0.039338707923889153 -0.003105591749772429 -2.2593598365783687 -0.016266644001007077 -0.2336921542882919 -1.2401576638221739 -0.028415496461093422 -0.020407057367265221 -0.03028876148164272 -2.4936184883117671 -0.17305371165275571 -0.60864976048469532 -0.65207299590110768 -0.83361002802848805 -0.49921487271785731 0.20676180720329287 -0.55687808990478505 -0.2872824221849441 -2.5597816705703731
decision_type=8 10 10 8 10 8 10 10 10 10 8 10 10 8 10 10 10 10 10 10 8 10 10
left_child=1 4 5 11 13 7 19 15 12 -9 -10 21 -5 -1 -13 -3 17 -8 -18 22 -21 -4 -6
right_child=-2 2 3 8 6 -7 16 9 10 -11 -12 14 -14 -15 -16 -17 18 -19 -20 20 -22 -23 -24
leaf_value=-0.004607336079891086 -0.024998621209689067 -0.0044464410814137063 -0.0032287847696316936 0.0025256991240972574 -0.0042231926151785589 -0.008397643969098768 -0.0057973922396582379 -0.0045540495105446934 0.00046534648041550067 -0.00035849341277913377 -0.00060464631148797313 0.0016090860215166589 -0.00028774307352166773 -0.012127309479490174 -0.00066518857083492831 -0.0016535104314718044 0.0012487733897298607 -0.0018188727738803138 -0.00097282666863203698 -0.0098312390128629263 -0.0040346198797673438 -0.00081211921944247443 -0.0018076546515130693
leaf_weight=2636 2037 9260 11349 40082 6159 2104 2183 4164 1062618 300281 60069 7296 8059 2006 128458 11316 4018 18907 17886 2013 3825 4199 2039
leaf_count=2636 2037 9260 11349 40082 6159 2104 2183 4164 1062618 300281 60069 7296 8059 2006 128458 11316 4018 18907 17886 2013 3825 4199 2039
internal_value=-1.27096e-05 2.41576e-05 0.000137323 0.000334122 -0.00297409 -0.000656454 -0.00242422 -0.000592598 0.000476238 -0.000424234 0.000407586 -0.000761591 0.00205043 -0.00877862 -0.000535301 -0.00300034 -0.00145762 -0.0023693 -0.000533138 -0.0052124 -0.00669859 -0.00264045 -0.00379534
internal_weight=1.71296e+06 1.71093e+06 1.64926e+06 1.32213e+06 61672 327125 57030 325021 1.17083e+06 304445 1.12269e+06 151302 48141 4642 135754 20576 42994 21090 21904 14036 5838 15548 8198
internal_count=1712964 1710927 1649255 1322130 61672 327125 57030 325021 1170828 304445 1122687 151302 48141 4642 135754 20576 42994 21090 21904 14036 5838 15548 8198
is_linear=0
shrinkage=0.03


Tree=9
num_leaves=29
num_cat=0
split_feature=4 0 1 13 0 9 9 0 16 19 0 14 27 8 19 16 2 24 1 17 17 7 20 3 27 20 8 18
split_gain=1718.9 712.821 330.462 297.566 206.65 168.281 153.786 144.865 130.596 74.9019 71.5542 71.4256 61.6443 48.2928 44.1726 36.8612 32.1454 30.234 38.5551 26.4022 26.312 24.5179 22.672 22.1274 19.3659 14.2205 10.2366 4.46321
threshold=1.0000000180025095e-35 -0.09510940313339232 -0.26460552215576166 -12.872251987457274 -0.26986879110336298 -0.55090734362602223 -0.83361002802848805 0.19954198598861697 -0.25872075557708735 -0.02643674053251743 0.034327179193496711 -2.4270125627517696 0.080553036183118834 -1.615125775337219 -0.041869873180985444 -0.15480779111385343 0.0030429363250732426 -4.4999999999999991 0.12571021914482119 0.33230796456336981 0.33230796456336981 -0.028402921743690964 -0.46126407384872431 -0.0057900415267795316 0.052870780229568488 -1.2838087081909177 -0.82786610722541798 -0.25999101996421808
decision_type=8 10 10 10 10 8 8 10 8 10 10 8 10 10 10 10 10 2 10 10 10 8 10 10 10 10 10 10
left_child=1 2 4 10 11 7 24 14 12 -10 17 -1 -7 20 -5 23 22 18 -3 -19 -6 -17 -12 -8 27 -15 -18 -4
right_child=-2 3 6 5 13 8 15 -9 9 -11 16 -13 -14 25 -16 21 26 19 -20 -21 -22 -23 -24 -25 -26 -27 -28 -29
leaf_value=-0.0055787824386669682 -0.024515714194438494 -0.0026520575671603636 -0.0039809498017078955 -0.00014369330361683745 -0.0054579833383208804 0 -0.00039235364085973427 -0.0070578533273035994 0.00048681486694924814 -0.0006108257429397882 -0.0017216039219554648 -0.01258490665937971 0.0032917657945846232 -0.003503748353339671 -0.0015192303016468064 -0.0012792362413406198 -0.00014191739715866718 -0.0013694608075279708 0 0.0010160393734698408 -0.0019260113111653303 3.3704535165701638e-05 -0.00027033742645767614 0.0024356199163933986 -0.0063701615476523662 -0.00099592046208618612 0.0013072327249265098 -0.0018205049264967343
leaf_weight=5025 2074 36534 4003 276439 8781 6545 4523 2345 1064673 58401 15002 3058 20849 2730 22348 53142 6719 29964 5817 4320 3728 16201 28155 4392 3639 9099 10165 3893
leaf_count=5025 2074 36534 4003 276439 8781 6545 4523 2345 1064673 58401 15002 3058 20849 2730 22348 53142 6719 29964 5817 4320 3728 16201 28155 4392 3639 9099 10165 3893
internal_value=-1.84852e-05 1.81983e-05 -0.00218458 0.00018852 -0.00476217 0.000314796 -0.00122937 -0.000315567 0.000480119 0.000429223 -0.0011467 -0.00884305 0.00251084 -0.00324405 -0.000249946 -0.000734067 -0.000360379 -0.00175254 -0.0022954 -0.00104996 -0.00454291 -0.000970146 -0.00079563 0.00102435 -0.00439467 -0.00171765 0.00072579 -0.00312336
internal_weight=1.71256e+06 1.71049e+06 122214 1.58828e+06 32421 1.4516e+06 89793 301132 1.15047e+06 1.12307e+06 136676 8083 27394 24338 298787 78258 60041 76635 42351 34284 12509 69343 43157 8915 11535 11829 16884 7896
internal_count=1712564 1710490 122214 1588276 32421 1451600 89793 301132 1150468 1123074 136676 8083 27394 24338 298787 78258 60041 76635 42351 34284 12509 69343 43157 8915 11535 11829 16884 7896
is_linear=0
shrinkage=0.03


Tree=10
num_leaves=24
num_cat=0
split_feature=4 0 8 13 1 9 19 27 8 15 15 0 13 0 20 9 11 25 25 20 10 9 10
split_gain=1582.74 651.255 301.556 231.476 175.812 162.036 132.317 98.5627 77.4938 75.4593 66.7986 59.9326 58.1964 43.0288 41.729 33.8966 32.5156 46.342 22.4853 17.1714 16.3569 16.1338 12.8714
threshold=1.0000000180025095e-35 -0.098359882831573472 -3.3971583843231197 -13.003886222839354 -0.56735020875930775 -0.44450198113918299 -0.003105591749772429 0.092884529381990447 -1.5619675517082212 7.7992677688598646e-05 -0.028012216091156002 0.02880838513374329 -11.737652301788328 -0.16324651241302487 0.3297413587570191 -0.56618636846542347 -0.019728801213204857 -0.5296528935432433 -0.46712793409824366 0.27452081441879278 0.11896904930472375 -0.54527500271797169 -0.44500091671943659
decision_type=8 10 10 10 10 10 10 10 10 10 10 10 10 10 10 10 10 10 10 10 10 10 8
left_child=1 2 13 11 22 6 9 12 10 -5 -6 16 -7 -1 -9 -10 17 -3 20 -18 -13 -20 -4
right_child=-2 3 4 5 8 7 -8 14 15 -11 -12 18 -14 -15 -16 -17 19 -19 21 -21 -22 -23 -24
leaf_value=-0.0095959409076292763 -0.023573964347478778 -0.0040584979638169346 -0.0025051298333958203 -0.00040479282857543543 -0.0057185600507164329 2.2836198236739415e-05 -0.0053569745486500816 0.001124567365401649 -0.0023030362941724317 0.0002641848431829385 -0.0018676434234457197 -0.00057645479570131528 0.00059028433846620954 -0.0036012054796760807 0.0027810753467533474 -0.00032043570527563601 -0.0015076693935892802 -0.00018698258560740424 -0.0013644075148605966 0.0009257955564322258 -0.0027255486189159293 0.00097886768397134117 -0.0066219877814338666
leaf_weight=4745 2063 10533 2024 296530 4405 234252 3781 85384 8881 309429 36601 32924 540522 2728 16735 49940 40631 4010 2738 2307 3237 13015 6157
leaf_count=4745 2063 10533 2024 296530 4405 234252 3781 85384 8881 309429 36601 32924 540522 2728 16735 49940 40631 4010 2738 2307 3237 13015 6157
internal_value=-1.6524e-05 1.85728e-05 -0.00215181 0.000176424 -0.0017235 0.000274718 -0.000100436 0.000535828 -0.00135565 -6.27529e-05 -0.00235245 -0.00115178 0.000419229 -0.00780828 0.00141118 -0.000641721 -0.0018167 -0.00305263 -0.000399537 -0.00136086 -0.000811565 0.000523685 -0.00584098
internal_weight=1.71357e+06 1.71151e+06 115481 1.59603e+06 108008 1.48663e+06 609740 876893 99827 605959 41006 109395 774774 7473 102119 58821 57481 14543 51914 42938 36161 15753 8181
internal_count=1713572 1711509 115481 1596028 108008 1486633 609740 876893 99827 605959 41006 109395 774774 7473 102119 58821 57481 14543 51914 42938 36161 15753 8181
is_linear=0
shrinkage=0.03


Tree=11
num_leaves=19
num_cat=0
split_feature=4 8 13 16 19 16 15 4 2 16 27 11 8 15 7 23 15 9
split_gain=1455.24 593.6 324.912 278.333 270.035 189.949 167.012 161.31 96.4342 78.4091 60.3477 53.2588 27.6232 27.5151 20.5475 14.716 10.0348 8.17878
threshold=1.0000000180025095e-35 -2.8683488368988033 -12.802520751953123 0.19551253318786624 -1.0000000180025095e-35 -0.2336921542882919 0.011827230453491213 -0.084847204387187944 -0.021752090193331238 -0.16195807605981824 0.076521169394254698 -0.020797897130250927 -1.2975661754608152 -0.012508511543273924 -0.024268763139843937 -1.7227527499198911 -0.002968966960906982 -1.2401576638221739
decision_type=8 10 8 8 8 10 10 10 10 8 10 10 10 10 10 10 10 10
left_child=1 3 8 13 5 10 -6 -7 12 15 -4 -11 16 -1 17 -10 -3 -15
right_child=-2 2 4 -5 6 7 -8 -9 9 11 -12 -13 -14 14 -16 -17 -18 -19
leaf_value=-0.0051863433572635342 -0.022632386663129056 -0.0073849418335243562 0.00030860236992732597 -0.010726732452528127 -0.012188093271950742 -0.00053546506706112623 -0.00080488121302541601 0.00032941869357535193 -0.00069487001026032741 -0.0023790199291558976 0.0026960747241932563 -0.0009129636336503783 -0.0016938930589721066 -0.0042852952967677993 0.0001373411873114685 0.0013106322723397308 -0.0028235297356262899 -0.0021227652528895617
leaf_weight=3683 2057 2355 13436 4597 2023 230037 2401 1221735 3674 27633 36393 124346 3172 2668 2583 14336 2003 14003
leaf_count=3683 2057 2355 13436 4597 2023 230037 2401 1221735 3674 27633 36393 124346 3172 2668 2583 14336 2003 14003
internal_value=-1.7186e-05 1.64296e-05 8.86723e-05 -0.00431289 0.000232033 0.000255142 -0.00678016 0.000192032 -0.00112312 -0.000965838 0.00206773 -0.00118842 -0.00435508 -0.00281322 -0.0022243 0.000877588 -0.00585659 -0.00260103
internal_weight=1.71314e+06 1.71108e+06 1.68354e+06 27534 1.50602e+06 1.5016e+06 4424 1.45177e+06 177519 169989 49829 151979 7530 22937 19254 18010 4358 16671
internal_count=1713135 1711078 1683544 27534 1506025 1501601 4424 1451772 177519 169989 49829 151979 7530 22937 19254 18010 4358 16671
is_linear=0
shrinkage=0.03


Tree=12
num_leaves=29
num_cat=0
split_feature=21 12 0 1 13 8 19 1 8 0 8 15 2 7 2 2 14 18 17 18 8 23 27 8 23 12 10 0
split_gain=1286.53 701.521 587.57 265.955 189 136.2 128.304 108.87 105.114 79.195 54.835 63.3764 46.2774 50.1438 46.104 39.684 39.6245 36.6109 35.3225 34.8818 28.1229 20.3746 19.9936 15.6587 14.2656 13.1884 11.0602 6.16381
threshold=-1.0000000180025095e-35 -13.982168197631834 -0.098359882831573472 -0.26460552215576166 -12.872251987457274 -3.0841972827911373 -0.024545336142182347 0.17332965135574344 -2.1051712036132808 0.034327179193496711 -1.5286653637886045 -0.02287197113037109 0.0064835473895072946 -0.025819192640483376 -0.019792213104665276 0.0035715387202799325 -1.8983689546585081 -0.076851952821016298 -0.3697101473808288 -0.17326660454273221 -1.615125775337219 -1.8819034695625303 0.10056791827082635 -1.1127421259880064 -2.465212225914001 -15.369659900665281 0.24820397794246676 -0.26986879110336298
decision_type=2 8 10 10 8 10 8 10 10 10 10 10 10 10 10 10 8 10 10 10 10 10 10 10 10 10 10 10
left_child=2 -2 3 5 9 27 7 8 -6 14 11 25 13 -8 -4 24 20 -16 -9 -13 -7 -12 -23 -17 -11 -5 -14 -1
right_child=1 -3 4 10 6 16 12 18 -10 15 21 19 26 -15 17 23 -18 -19 -20 -21 -22 22 -24 -25 -26 -27 -28 -29
leaf_value=-0.0112937984440858 -0.0031002677973501641 -0.026458210177152674 -0.0045116241948877991 -0.0023904597121463876 -0.0011331171449621719 -0.0040953301667307372 -0.0037423187402173411 0.0027698205149419919 0.00033957846254549501 -0.0015393158104742995 -0.0025713067931197437 -0.0021501098605630127 -0.00048278273033355824 -0.0010329162100322078 -0.0015464844349886606 -0.00082136113574712974 -0.007116055926678448 0.00051802647271457548 0.0011117637694588063 0 -0.0018471189390281547 -0.00042017113252521644 0.002289552511628018 0.001638847493866694 -0.00021602366306133414 -0.0068563593385534563 0.00085886950073952011 -0.0056506913523026335
leaf_weight=2014 2490 2011 3995 2136 44610 10334 7069 14794 1266065 9092 3309 20952 10093 41428 64932 2314 2184 8287 61313 9787 13734 42716 2079 13082 35521 2309 10824 2920
leaf_count=2014 2490 2011 3995 2136 44610 10334 7069 14794 1266065 9092 3309 20952 10093 41428 64932 2314 2184 8287 61313 9787 13734 42716 2079 13082 35521 2309 10824 2920
internal_value=-4.1913e-06 -0.0151982 4.0112e-05 -0.0020309 0.000189676 -0.00437664 0.000290208 0.000353473 0.000288812 -0.000872159 -0.00112812 -0.00202262 -0.000962926 -0.00146813 -0.00150446 -4.791e-05 -0.0033777 -0.00130682 0.00145395 -0.00147298 -0.00288834 -0.000453614 -0.0002639 0.001236 -0.000506428 -0.00522968 0.000201322 -0.00883658
internal_weight=1.71239e+06 4501 1.70789e+06 114474 1.59342e+06 31186 1.4562e+06 1.38678e+06 1.31068e+06 137223 83288 35184 69414 48497 77214 60009 26252 73219 76107 30739 24068 48104 44795 15396 44613 4445 20917 4934
internal_count=1712394 4501 1707893 114474 1593419 31186 1456196 1386782 1310675 137223 83288 35184 69414 48497 77214 60009 26252 73219 76107 30739 24068 48104 44795 15396 44613 4445 20917 4934
is_linear=0
shrinkage=0.03


Tree=13
num_leaves=23
num_cat=0
split_feature=25 8 2 16 19 16 15 13 23 15 16 8 2 7 18 11 18 15 23 9 19 20
split_gain=1278.33 605.428 277.757 245.283 227.225 161.741 138.958 114.559 95.4611 60.3791 58.459 52.6214 47.215 43.4482 31.6931 21.9369 8.07652 7.19954 10.3945 10.2892 4.86438 4.66802
threshold=-1.0000000180025095e-35 -2.8683488368988033 -0.0087403785437345487 0.19551253318786624 -1.0000000180025095e-35 -0.17015773802995679 0.012091487646102907 -11.954581260681151 -2.1042640209197994 0.0026286840438842778 -0.32531520724296564 -1.3164727687835691 -0.019792213104665276 -0.029750903137028214 -0.5137001872062682 -0.021199923940002915 -0.18702895939350125 0.0037367939949035649 -1.8819034695625303 -0.99028357863426197 -0.22579535096883771 -0.41247427463531489
decision_type=8 10 8 8 8 10 10 8 10 10 10 10 10 10 10 10 10 10 10 10 10 8
left_child=1 3 8 13 5 10 -6 -7 12 11 -4 -10 21 17 -11 -14 20 18 -1 -19 -15 -3
right_child=-2 2 4 -5 6 7 -8 -9 9 14 -12 -13 15 16 -16 -17 -18 19 -20 -21 -22 -23
leaf_value=-0.0058505008296003908 -0.020912824643754848 -0.0030610580242255566 0.0032295658322325747 -0.010377758067064615 -0.011127633250388583 -0.00029518077230624183 -0.00074529301439013324 0.00031788181389214254 -0.0019945564520162835 0.0020771390153988718 0.0010007150553148995 -0.00051221874917297034 -0.0032797944137441383 -0.0023930210650864921 -0.00012615132101380337 -0.001272350579660411 0.00039617621336096099 -0.0039363174850144834 -0.002795597004597456 -0.0013656629471594218 -0.00023292477676408255 -0.0062175258394617482
leaf_weight=4066 2128 3571 11284 4597 2027 380438 2412 977064 37362 6364 140003 52898 7169 2286 39355 20146 2560 3214 4281 4481 2111 2631
leaf_count=4066 2128 3571 11284 4597 2027 380438 2412 977064 37362 6364 140003 52898 7169 2286 39355 20146 2560 3214 4281 4481 2111 2631
internal_value=-5.44851e-06 2.64937e-05 9.9562e-05 -0.0043408 0.000228823 0.000249962 -0.00619353 0.000145806 -0.00104997 -0.000688308 0.00117903 -0.00113673 -0.00247671 -0.00292624 0.000193205 -0.00185949 -0.000813038 -0.00377228 -0.00456416 -0.00265062 -0.00154689 -0.00480881
internal_weight=1.71245e+06 1.71032e+06 1.68272e+06 27596 1.51323e+06 1.50879e+06 4439 1.3575e+06 169496 135979 151287 90260 33517 22999 45719 27315 6957 16042 8347 7695 4397 6202
internal_count=1712448 1710320 1682724 27596 1513228 1508789 4439 1357502 169496 135979 151287 90260 33517 22999 45719 27315 6957 16042 8347 7695 4397 6202
is_linear=0
shrinkage=0.03


Tree=14
num_leaves=23
num_cat=0
split_feature=25 0 13 8 9 16 12 1 15 0 9 14 1 11 12 16 18 19 1 1 20 20
split_gain=1299.07 580.268 252.767 248.012 182.126 135.152 106.403 96.5828 88.6405 77.3637 59.7658 58.1967 57.1002 47.9789 43.7354 37.4011 34.2303 33.5196 30.7038 22.0041 21.0038 15.0802
threshold=-1.0000000180025095e-35 -0.13636368513107297 -13.003886222839354 -3.0841972827911373 -0.5123084783554076 -0.28452908992767328 -12.590905666351317 -0.56735020875930775 -0.010380685329437254 0.034327179193496711 -0.59072327613830555 -3.0626896619796748 -0.26460552215576166 -0.020407057367265221 -15.221837997436522 -0.062045194208621972 -0.076851952821016298 -0.04544857703149318 -0.27924948930740351 -0.56735020875930775 -1.1030323505401609 0.03776830434799195
decision_type=8 10 8 10 8 8 10 10 10 10 10 10 10 10 10 10 10 10 10 10 10 10
left_child=1 3 9 12 6 17 8 20 -4 13 14 -7 -1 15 -9 -3 -15 -6 -12 -11 -5 -21
right_child=-2 2 4 7 5 11 -8 10 -10 19 18 -13 -14 16 -16 -17 -18 -19 -20 21 -22 -23
leaf_value=-0.0098715006785165659 -0.021017427899924692 2.5342071040529608e-05 -0.0014497691617153257 -0.0074860647224582215 0.0036838824258089036 8.5633258797599404e-06 -0.0055183178400569181 -0.0013244403538375099 -8.6152536099206963e-05 -0.0028545559455219242 -0.0023508482822983258 0.00052168962534905312 -0.0035391183359736902 -0.0017025803852623905 -0.0047061936825272188 -0.0039421912373738596 0.00044026269858232092 0.00038743520808423625 -0.00023802538159977559 -0.00040250079847395576 -0.003107830772243656 0.00089171425780864384
leaf_weight=4548 2143 2355 48204 2707 13819 262827 2983 7738 366592 2323 7978 833516 3073 44965 7276 13015 7410 3862 24988 36203 3835 9837
leaf_count=4548 2143 2355 48204 2707 13819 262827 2983 7738 366592 2323 7978 833516 3073 44965 7276 13015 7410 3862 24988 36203 3835 9837
internal_value=-1.06182e-06 3.12358e-05 0.000139098 -0.00280255 0.000241686 0.000442065 -0.000291805 -0.00204434 -0.000246897 -0.001207 -0.00153472 0.000399011 -0.00773016 -0.00185848 -0.00308148 -0.00333373 -0.00139244 0.00301081 -0.000785791 -0.000278611 -0.00536499 -0.000112921
internal_weight=1.7122e+06 1.71005e+06 1.64791e+06 62143 1.5318e+06 1.11402e+06 417779 54522 414796 116108 47980 1.09634e+06 7621 67745 15014 15370 52375 17681 32966 48363 6542 46040
internal_count=1712197 1710054 1647911 62143 1531803 1114024 417779 54522 414796 116108 47980 1096343 7621 67745 15014 15370 52375 17681 32966 48363 6542 46040
is_linear=0
shrinkage=0.03


Tree=15
num_leaves=29
num_cat=0
split_feature=0 13 8 13 19 16 0 24 9 15 9 0 27 15 3 11 4 11 18 18 16 25 24 17 19 9 16 17
split_gain=1231.05 684.318 310.085 193.6 187.918 161.75 137.284 131.506 117.506 106.245 67.0708 59.7325 48.0651 43.3439 42.9503 40.0722 62.7639 33.361 32.0083 30.6895 17.5413 17.2759 16.3538 13.9246 12.1754 11.874 11.6601 10.1541
threshold=-0.26986879110336298 -10.945574283599852 -2.1051712036132808 -13.098713874816893 -1.0000000180025095e-35 -0.2336921542882919 0.11665806174278261 -4.4999999999999991 -0.40263840556144709 -0.039338707923889153 -1.2401576638221739 0.047743946313858039 0.078870769590139403 -0.010606527328491209 -0.00016930103447521103 -0.017792063765227791 -0.10006288066506384 -0.015517461579293011 -0.16375764459371564 -0.53637710213661183 0.012298733461648228 -0.48361085355281824 -10.499999999999998 0.2996539175510407 -1.3752160072326658 -0.51930141448974598 -0.0019973821472376581 0.55249032378196727
decision_type=10 8 8 10 8 8 10 2 10 10 10 10 10 10 10 10 10 10 10 10 10 10 2 10 10 10 10 10
left_child=1 9 7 11 5 12 -6 20 -7 -1 -9 14 -5 18 19 22 -17 -15 -12 -4 -2 24 -11 -22 -13 -23 -18 -16
right_child=2 -3 3 4 6 8 -8 10 -10 15 13 21 -14 17 27 16 26 -19 -20 -21 23 25 -24 -25 -26 -27 -28 -29
leaf_value=-0.010683277482117301 -0.0020290557738963967 -0.022614186725771493 0.00085982413999804313 0.00037697954398191572 0 -5.3305769400305761e-05 -0.010430532754481614 -0.0050657471366918876 0.00048434903440144011 0.0003690931491325863 -0.0035894637588694141 -0.001597717918573069 0.0024522096454897809 -0.0022200158151360269 -0.00089510883801634028 -0.0076655902380245141 -0.0034624005615281452 -0.00013071648726354162 -0.00020132624118474399 -0.002411306377753743 -0.005775044749577329 -0.00095232237693618183 -0.0029121811230199291 -0.0022050401110963913 -5.9373433323920537e-05 0.0012343569247214397 -0.00027749710734835598 0.00058062575923192481
leaf_weight=2423 3626 2005 2376 14370 2058 760326 2061 3312 702890 2345 7750 6797 37908 7909 18883 3903 2175 40362 3975 39820 7680 2277 2140 2468 13987 10108 2208 4722
leaf_count=2423 3626 2005 2376 14370 2058 760326 2061 3312 702890 2345 7750 6797 37908 7909 18883 3903 2175 40362 3975 39820 7680 2277 2140 2468 13987 10108 2208 4722
internal_value=-9.42625e-06 -0.0078806 7.25332e-05 0.000161461 0.00024548 0.000263998 -0.00579417 -0.00177993 0.000204842 -0.00525872 -0.00117594 -0.00112032 0.00189644 -0.000916151 -0.00164053 -0.0038432 -0.00504951 -0.000498441 -0.00252057 -0.00221217 -0.00439655 -7.03683e-05 -0.00127143 -0.0050793 -0.000602269 0.000787696 -0.0021121 -0.000581534
internal_weight=1.71286e+06 17199 1.69566e+06 1.61858e+06 1.51961e+06 1.51549e+06 4119 77082 1.46322e+06 15194 63308 98970 52278 59996 65801 12771 8286 48271 11725 42196 13774 33169 4485 10148 20784 12385 4383 23605
internal_count=1712864 17199 1695665 1618583 1519613 1515494 4119 77082 1463216 15194 63308 98970 52278 59996 65801 12771 8286 48271 11725 42196 13774 33169 4485 10148 20784 12385 4383 23605
is_linear=0
shrinkage=0.03


Tree=16
num_leaves=20
num_cat=0
split_feature=25 8 1 12 16 16 12 15 23 16 7 15 18 3 15 9 15 18 9
split_gain=1329.19 525.764 201.567 167.091 174.611 157.542 150.728 88.8411 58.8799 47.5417 36.0374 31.4498 29.1852 22.3473 10.0758 11.227 7.50891 6.47197 6.32326
threshold=-1.0000000180025095e-35 -2.8683488368988033 -0.31503134965896601 -12.590905666351317 -0.17015773802995679 0.19551253318786624 -16.701721191406246 -0.0306897759437561 -2.2593598365783687 -0.25872075557708735 -0.034113820642232888 0.012370288372039797 -0.068053830415010438 -0.0017300456529483197 0.0037367939949035649 -0.92040029168128956 -0.0092958211898803694 -0.25107969343662256 -0.89317879080772389
decision_type=8 10 10 10 10 8 8 10 10 10 10 10 10 8 10 8 10 10 10
left_child=1 5 7 4 9 10 -6 12 13 -4 14 -10 -3 -9 17 -16 -12 -1 -18
right_child=-2 2 3 -5 6 -7 -8 8 11 -11 16 -13 -14 -15 15 -17 18 -19 -20
leaf_value=-0.0061059456045843121 -0.021467830576555495 -0.0066455581060209804 0.0020559027383200896 -0.0075269995572152214 -0.0011273099246735712 -0.0089146867885924602 0.00014000863029844826 -0.0050855312659170357 -0.0010822593198197518 0.00081414015506957825 -0.0029401974151908473 0.0010686607529291538 -0.0014971543199903616 -0.0018768598938153848 -0.0037874366999366888 -0.00092003376198048273 -0.001520419048262851 -0.0027924366468101533 4.4148258171091599e-05
leaf_weight=3505 2094 3617 37110 2045 89435 4612 1381601 3615 31866 118629 2097 6986 2004 6655 3130 3017 4862 2872 3424
leaf_count=3505 2094 3617 37110 2045 89435 4612 1381601 3615 31866 118629 2097 6986 2004 6655 3130 3017 4862 2872 3424
internal_value=-9.13034e-06 2.32189e-05 9.11976e-05 0.000151766 0.000163913 -0.0040523 6.23984e-05 -0.00169058 -0.00124308 0.00111758 -0.00289099 -0.000679214 -0.00513129 -0.00321782 -0.00397378 -0.00260029 -0.0014348 -0.0049688 -0.000874032
internal_weight=1.71318e+06 1.71108e+06 1.68356e+06 1.62882e+06 1.62678e+06 27519 1.47104e+06 54743 49122 155739 22907 38852 5621 10270 12524 6147 10383 6377 8286
internal_count=1713176 1711082 1683563 1628820 1626775 27519 1471036 54743 49122 155739 22907 38852 5621 10270 12524 6147 10383 6377 8286
is_linear=0
shrinkage=0.03


Tree=17
num_leaves=30
num_cat=0
split_feature=4 0 13 1 19 0 3 9 0 9 27 8 23 1 6 8 11 8 2 12 3 27 0 11 25 2 12 11 0
split_gain=1200.38 528.459 196.903 191.249 146.672 141.218 132.905 107.707 93.7589 88.05 55.5518 55.4497 46.1955 42.4055 38.6397 32.2519 40.0758 28.3306 25.9443 24.243 23.5893 23.4276 22.1543 18.9767 12.919 11.6943 11.241 9.88816 7.23208
threshold=1.0000000180025095e-35 -0.098359882831573472 -12.802520751953123 -0.26460552215576166 -0.028415496461093422 -0.26986879110336298 -0.0091337487101554853 -0.44450198113918299 -0.0047618746757507316 -0.83361002802848805 0.080553036183118834 -2.7017740011215206 -1.946896433830261 0.19215148687362674 -3.4999999999999996 -1.615125775337219 -0.01657807361334562 -3.0841972827911373 0.0058391378261148938 -15.089348316192625 -0.005277457879856228 0.099899217486381545 0.19954198598861697 -0.017600764520466324 -0.62656554579734791 -0.018319810740649697 -15.789057254791258 -0.015060079284012316 -0.13636368513107297
decision_type=8 10 10 10 10 10 10 8 10 8 10 10 10 10 2 10 10 10 10 10 10 8 10 10 10 10 10 10 10
left_child=1 3 8 5 7 17 -6 11 14 19 -9 -4 27 20 -3 16 -7 -1 -8 24 -10 -14 -15 -16 -5 -17 -19 -11 -21
right_child=-2 2 4 9 6 15 18 10 13 12 -12 -13 21 22 23 25 -18 26 -20 28 -22 -23 -24 -25 -26 -27 -28 -29 -30
leaf_value=-0.010589245914281991 -0.020340840687838983 -0.0049889637156593381 -0.0016897022707474637 -0.0028731029480386387 -0.0076954648664615795 -0.0057678228880438959 -0.0011095852418498788 0.00047202685554020878 -0.0014994896386610413 -0.003830584156317424 0.0011759572965727406 8.7672164888674339e-05 -0.00082503879458173466 0.0020323137276248258 -0.0024391627429059099 -0.0024717337744737853 -0.0020150238807949469 -0.002346270315635854 7.362709331529996e-06 -0.0061668642588524596 -0.00027483701380577081 0.0004699789714653085 -0.00097040491082330406 -0.0011498418145578146 0 -0.00044126915729156757 -0.0063405369830322944 -0.0010149469908986321 -0.002471048707539102
leaf_weight=2228 2108 3028 15760 3522 2057 4811 52673 674993 17553 4523 119553 546592 49543 9120 17211 4396 7399 2121 28054 3193 72038 16105 2391 33340 2055 6875 3664 2478 2159
leaf_count=2228 2108 3028 15760 3522 2057 4811 52673 674993 17553 4523 119553 546592 49543 9120 17211 4396 7399 2121 28054 3193 72038 16105 2391 33340 2055 6875 3664 2478 2159
internal_value=-3.30406e-06 2.75404e-05 0.000169656 -0.00193114 0.000279167 -0.0039115 -0.000942162 0.000354221 -0.000845289 -0.00116251 0.000578995 3.58712e-05 -0.000766203 -0.000300791 -0.00185491 -0.00261897 -0.00368604 -0.00728756 -0.000720078 -0.0036219 -0.000525096 -0.000501654 0.0013692 -0.00161428 -0.00188414 -0.00133005 -0.00522698 -0.00300807 -0.00506575
internal_weight=1.71154e+06 1.70944e+06 1.59436e+06 115072 1.43968e+06 31494 82784 1.3569e+06 154681 83578 794546 562352 72649 101102 53579 23481 12210 8013 80727 10929 89591 65648 11511 50551 5577 11271 5785 7001 5352
internal_count=1711543 1709435 1594363 115072 1439682 31494 82784 1356898 154681 83578 794546 562352 72649 101102 53579 23481 12210 8013 80727 10929 89591 65648 11511 50551 5577 11271 5785 7001 5352
is_linear=0
shrinkage=0.03


Tree=18
num_leaves=23
num_cat=0
split_feature=4 0 15 9 23 16 19 2 12 9 12 14 14 18 1 27 0 9 24 9 15 12
split_gain=1072.94 486.15 233.922 141.951 136.093 98.128 94.4511 88.1112 86.8343 74.647 65.6727 63.1935 58.2333 52.9154 41.0245 34.6154 31.3791 26.5063 21.2004 19.3536 15.5915 8.63055
threshold=1.0000000180025095e-35 -0.098359882831573472 -0.039338707923889153 -0.44297949969768519 -2.0212099552154537 -0.28452908992767328 -0.003105591749772429 -0.017182150855660435 -16.902705192565914 -0.74394527077674855 -16.109475135803219 -2.3199336528778072 -3.2900795936584468 -0.22324877977371213 -0.156990110874176 0.076521169394254698 0.19954198598861697 -0.92040029168128956 -3.4999999999999996 -0.52668935060501088 -0.0085582137107849104 -15.62599992752075
decision_type=8 10 10 8 10 10 8 10 10 10 10 8 8 10 10 10 10 8 2 10 10 10
left_child=1 2 11 6 17 15 7 19 18 13 -9 21 -10 -6 -11 -5 -17 -4 -7 -3 -19 -1
right_child=-2 3 4 5 9 8 -8 10 12 14 -12 -13 -14 -15 -16 16 -18 20 -20 -21 -22 -23
leaf_value=-0.0017595652907720478 -0.019505193293344179 -0.0045656011591729394 -0.007367222510071594 -0.00036950860728728085 -0.0040784449570607471 -0.001589518841434767 -0.004615521702596429 -0.00077582225319535196 -0.0001261525674479662 -0.0015160794736410312 8.1247211712019735e-06 -0.010867451670534444 0.00050502221896214425 -0.00060482602412044906 -8.0444668356476504e-05 0.0039234750784280211 0.00048615371803024493 -0.0046351168343651168 -0.00015191978647945622 -0.0010264725679472652 -0.0021643799800329811 -0.0053898000304320468
leaf_weight=2101 2042 4351 2006 2709 10780 23894 3844 117017 159605 29304 525496 2435 725002 6720 46258 10964 3479 5538 15832 2811 7811 2149
leaf_count=2101 2042 4351 2006 2709 10780 23894 3844 117017 159605 29304 525496 2435 725002 6720 46258 10964 3479 5538 15832 2811 7811 2149
internal_value=-2.92614e-05 -1.35787e-07 -0.00187891 0.000135803 -0.00152002 0.000371628 -0.000203503 -0.000173407 0.000328752 -0.00107114 -0.000134676 -0.00714686 0.000390797 -0.00281509 -0.000647454 0.00259049 0.00315955 -0.004102 -0.00103306 -0.00337332 -0.0033414 -0.00403247
internal_weight=1.71215e+06 1.71011e+06 115102 1.595e+06 108417 941485 653519 649675 924333 93062 642513 6685 884607 17500 75562 17152 14443 15355 39726 7162 13349 4250
internal_count=1712148 1710106 115102 1595004 108417 941485 653519 649675 924333 93062 642513 6685 884607 17500 75562 17152 14443 15355 39726 7162 13349 4250
is_linear=0
shrinkage=0.03


Tree=19
num_leaves=24
num_cat=0
split_feature=4 0 23 13 19 0 3 18 19 16 11 16 16 18 16 0 3 0 10 5 7 19 5
split_gain=1067.11 432.195 180.862 159.213 143.123 130.836 128.497 101.746 99.6244 94.5895 70.7086 51.8123 48.2037 52.6193 47.1165 42.4628 39.7553 23.5698 21.2643 16.0173 11.816 10.9122 5.07896
threshold=1.0000000180025095e-35 -0.098359882831573472 -1.946896433830261 -12.333703517913817 -0.028415496461093422 0.029970824718475345 -0.0081656291149556619 -0.10000082105398177 -0.11300368234515189 -0.16723815351724622 -0.0057554796803742638 -0.27010935544967646 -0.21076681464910504 -0.076851952821016298 -0.15260311961174008 -0.26986879110336298 -0.007052303757518529 0.19954198598861697 0.10291429609060289 0.065095253288745894 -0.027163944207131859 -0.48200105130672449 0.34937630593776708
decision_type=8 10 10 8 10 10 8 10 8 10 10 10 8 10 10 10 10 10 8 10 10 10 8
left_child=1 2 15 5 7 12 -6 9 10 -5 14 17 22 -14 -4 -1 -13 -7 -8 21 -9 -17 -3
right_child=-2 3 8 4 6 11 18 20 -10 -11 -12 16 13 -15 -16 19 -18 -19 -20 -21 -22 -23 -24
leaf_value=-0.0073289557258159853 -0.019172991857279206 0.00030141144024577502 0.0011543402354797386 0.0011915331106042118 -0.0075045533618893785 0.0035792951295154662 -0.0011843618298173569 0.00080272929428610337 -0.0071579717757141292 0.00022278303061708799 -0.0055656251205996122 -0.001310630111901354 -0.0012550563528274852 0.0003124719209527104 -0.0011103983982040451 -0.0043591928926675003 0.00029785874105808091 0.00018359179942071331 -0.00018903167427381594 -0.00060590881077716399 0.0017515704783260216 -0.0016341729523755659 0.0024087415290694092
leaf_weight=3797 2112 2155 8638 99269 2098 5379 39557 19063 2005 1029616 2562 15282 156089 21440 83416 9865 109952 3041 39358 2021 49245 2933 3169
leaf_count=3797 2112 2155 8638 99269 2098 5379 39557 19063 2005 1029616 2562 15282 156089 21440 83416 9865 109952 3041 39358 2021 49245 2933 3169
internal_value=-1.23742e-05 1.67139e-05 -0.00175327 0.000145313 0.00029462 -0.000456226 -0.000920997 0.000377481 -0.001214 0.000308726 -0.00104792 0.000254987 -0.000976992 -0.00106372 -0.000889555 -0.00443153 9.47614e-05 0.00246556 -0.000696045 -0.00345458 0.00149889 -0.00384217 0.00170637
internal_weight=1.71206e+06 1.70995e+06 115237 1.59471e+06 1.27821e+06 316507 81013 1.19719e+06 96621 1.12888e+06 94616 133654 182853 177529 92054 18616 125234 8420 78915 14819 68308 12798 5324
internal_count=1712062 1709950 115237 1594713 1278206 316507 81013 1197193 96621 1128885 94616 133654 182853 177529 92054 18616 125234 8420 78915 14819 68308 12798 5324
is_linear=0
shrinkage=0.03


Tree=20
num_leaves=30
num_cat=0
split_feature=4 0 13 1 9 9 0 19 15 0 16 15 11 14 16 7 14 19 8 18 8 14 15 14 16 10 18 22 17
split_gain=955.776 439.194 194.975 179.78 137.547 103.877 94.2329 89.5614 92.0924 69.2388 68.7629 64.3081 56.0658 53.1533 41.1942 34.1577 32.773 28.724 28.6528 25.8968 25.7633 25.2709 23.9552 24.9122 23.3344 19.781 17.4257 15.5795 4.94698
threshold=1.0000000180025095e-35 -0.13636368513107297 -13.03396701812744 -0.26460552215576166 -0.43550010025501246 -0.81731078028678883 -0.26986879110336298 -0.003105591749772429 -0.010380685329437254 -0.04042315483093261 -0.30202190577983851 0.012947738170623781 -0.01741424202919006 -3.8137484788894649 -0.11878743395209311 -0.06540245562791823 -2.4270125627517696 -0.041869873180985444 -1.615125775337219 -0.23073416203260419 -1.2788587808609007 -3.4205096960067745 -0.021705865859985348 -3.0260188579559322 -0.16195807605981824 -0.31885150074958796 -0.076851952821016298 -3.4999999999999996 0.23039757460355761
decision_type=8 10 8 10 10 10 10 10 10 10 10 10 10 10 10 10 8 10 10 10 10 10 10 10 10 10 10 2 10
left_child=1 3 9 6 7 19 16 8 -4 12 17 -9 20 -12 27 -16 28 -6 25 -5 -3 -20 23 -7 -24 -8 -14 -11 -1
right_child=-2 2 4 5 10 22 18 11 -10 14 13 -13 26 -15 15 -17 -18 -19 21 -21 -22 -23 24 -25 -26 -27 -28 -29 -30
leaf_value=-0.0061301364830436958 -0.018401929053307908 -0.0056223813879416728 -0.0010639576059453015 -0.0058929987790328556 0.0034593373804533327 0.00024582445603821355 -0.0026504091761589059 -0.0074897606518782153 2.5013692849880518e-05 -0.00029090774832390536 -0.00041007780038757372 -0.00013837347341568104 -0.0016512756229754657 0.00047559044216254363 -0.0031555817656405381 -0.00079027041061791742 -0.009851104401448112 -0.00022006269340485028 -0.0032265115049260949 -0.0015933800082172441 -0.0023502690668291627 0.00027948502995941163 0.0019670380687473172 -0.0033964118328545208 -0.00040734263530123609 -0.0063175891592596109 0.00079621580685253007 0.0015421984188725552 -0.0027410192590680872
leaf_weight=2180 2042 5129 78697 4028 8919 2434 6013 2051 590992 7361 65355 2026 10098 788239 5740 64372 3042 2135 2703 2742 6397 3887 3960 3821 22068 2549 2955 8157 2845
leaf_count=2180 2042 5129 78697 4028 8919 2434 6013 2051 590992 7361 65355 2026 10098 788239 5740 64372 3042 2135 2703 2742 6397 3887 3960 3821 22068 2549 2955 8157 2845
internal_value=-2.00377e-05 7.09622e-06 0.000101018 -0.00245566 0.000188634 -0.00117624 -0.00452477 -0.000132326 -0.000103205 -0.00111464 0.000439017 -0.00431634 -0.00250837 0.000407228 -0.000698865 -0.00100914 -0.00713086 0.00274395 -0.00293463 -0.00442218 -0.00400451 -0.00124237 -0.000429325 -0.00202141 -4.52046e-06 -0.00406361 -0.00106613 0.000671993 -0.00468733
internal_weight=1.71294e+06 1.7109e+06 1.64862e+06 62272 1.53841e+06 39053 23219 673766 669689 110209 864648 4077 24579 853594 85630 70112 8067 11054 15152 6770 11526 6590 32283 6255 26028 8562 13053 15518 5025
internal_count=1712937 1710895 1648623 62272 1538414 39053 23219 673766 669689 110209 864648 4077 24579 853594 85630 70112 8067 11054 15152 6770 11526 6590 32283 6255 26028 8562 13053 15518 5025
is_linear=0
shrinkage=0.03


Tree=21
num_leaves=20
num_cat=0
split_feature=4 8 0 16 12 16 13 1 24 8 19 18 24 15 19 20 18 21 17
split_gain=998.714 413.165 254.391 156.647 136.473 140.248 135.519 107.899 77.8239 105.751 54.9604 50.5687 27.7809 20.1194 20.0784 13.294 13.2308 11.9436 6.63278
threshold=1.0000000180025095e-35 -2.8683488368988033 -0.056228399276733391 0.20676180720329287 -12.590905666351317 -0.25872075557708735 -12.278990268707274 -0.56735020875930775 -4.4999999999999991 -1.5970550775527952 -0.041869873180985444 -0.076851952821016298 -2.4999999999999996 -0.01135200262069702 -2.3293266296386714 -0.18522208929061887 -0.1430951729416847 -0.55000001192092884 -0.17749603092670438
decision_type=8 10 10 8 8 8 10 10 2 10 10 8 2 10 10 8 10 2 10
left_child=1 3 7 12 5 10 -7 14 9 -9 -4 -10 15 -14 -3 -1 -15 -16 -17
right_child=-2 2 4 -5 -6 6 -8 8 11 -11 -12 -13 13 16 17 18 -18 -19 -20
leaf_value=-0.0015047386507297633 -0.018740399764094164 -0.0063225426405417971 0.0027753935808334006 -0.0087178977340340927 -0.0055544516468902915 -0.00037358826327336405 0.00036001556063228104 -0.003840859180272457 -0.00051530308302413102 -0.00091707067777699813 -4.7514130967542915e-05 0.00096437298832721674 -0.0038642417963406298 -0.0014602476784944364 -0.001130559112280385 -0.0019941862318927604 0.00071202981491438205 -0.0038302197655085521 -0.0052033751238777766
leaf_weight=2952 2054 2261 26644 4098 3140 283063 1123484 13307 128206 63487 7757 24208 2262 8584 3745 2078 2936 3852 4780
leaf_count=2952 2054 2261 26644 4098 3140 283063 1123484 13307 128206 63487 7757 24208 2262 8584 3745 2078 2936 3852 4780
internal_value=5.34676e-06 3.34965e-05 9.3968e-05 -0.00356813 0.00024425 0.000259017 0.000212087 -0.00081118 -0.00067262 -0.00144916 0.00213871 -0.000275939 -0.00249878 -0.00150479 -0.00381588 -0.00372543 -0.000875071 -0.00268845 -0.00447334
internal_weight=1.7129e+06 1.71084e+06 1.68315e+06 27690 1.44409e+06 1.44095e+06 1.40655e+06 239066 229208 76794 34401 152414 23592 13782 9858 9810 11520 7597 6858
internal_count=1712898 1710844 1683154 27690 1444088 1440948 1406547 239066 229208 76794 34401 152414 23592 13782 9858 9810 11520 7597 6858
is_linear=0
shrinkage=0.03


Tree=22
num_leaves=26
num_cat=0
split_feature=4 0 1 13 9 16 0 9 23 18 27 16 18 12 0 6 2 2 0 18 20 10 8 2 16
split_gain=908.807 395.553 170.415 165.88 113.401 107.804 105.821 102.168 63.6153 60.9944 53.6764 42.3509 41.7626 38.6122 52.1339 37.1607 26.0023 20.5394 19.6951 19.4986 14.2073 11.261 10.0198 6.7856 6.16038
threshold=1.0000000180025095e-35 -0.098359882831573472 -0.56735020875930775 -13.13258123397827 -0.5869159698486327 -0.2336921542882919 0.19954198598861697 -0.83361002802848805 -1.946896433830261 -0.092526372522115694 0.080553036183118834 -0.13417011499404904 -0.076851952821016298 -15.328868865966795 -0.14381140470504758 -1.4999999999999998 -0.014868699014186857 -0.0067178024910390368 -0.26986879110336298 -0.080887086689472185 -0.16080015897750852 -0.35364393889904017 -3.3971583843231197 0.0017627134802751245 0.28805664181709295
decision_type=8 10 10 10 10 8 10 10 10 10 10 10 10 10 10 2 10 10 10 10 8 10 10 10 8
left_child=1 2 18 11 6 10 15 13 16 -7 -6 21 -10 22 -15 -5 -9 19 24 -13 -19 -3 -4 -23 -1
right_child=-2 3 7 4 5 9 -8 8 12 -11 -12 17 -14 14 -16 -17 -18 20 -20 -21 -22 23 -24 -25 -26
leaf_value=-0.0039601742400926197 -0.017911508265880647 -0.00087299843951541142 -0.0029146626889370755 -0.0015096893608038339 0.00015039678868404867 0.00021501372252510903 -0.0062798596076172487 -0.004740083737001302 -0.00091192358969356029 0.0011211023573883649 0.002403913174557063 -0.0022744197289910348 0.00089579192786948475 -0.0066372790210730403 -0.0015485998234867054 -0.00019523805012286382 -0.001659632629055548 -0.00042272762425882364 -0.0032175413533877036 -0.00018888491759145445 -0.0015748941104483749 -6.8823808702582928e-05 -0.00030367446760674952 0.001632673189787384 -0.0084424706392144094
leaf_weight=2522 2050 3145 2048 20840 13919 1144557 2211 4278 65539 70781 32242 28057 13347 5304 3450 224643 8060 24174 4515 5182 17363 2634 3665 5743 2607
leaf_count=2522 2050 3145 2048 20840 13919 1144557 2211 4278 65539 70781 32242 28057 13347 5304 3450 224643 8060 24174 4515 5182 17363 2634 3665 5743 2607
internal_value=-1.51214e-05 1.13746e-05 -0.00168117 0.000134402 0.000207854 0.000323212 -0.000377922 -0.00131371 -0.000926399 0.00026847 0.00173973 -0.00114048 -0.000598575 -0.00362338 -0.00485625 -0.000310888 -0.00289411 -0.00140133 -0.00541545 -0.00196579 -0.000924488 0.000515306 -0.00144719 0.00109013 -0.0068393
internal_weight=1.71288e+06 1.71083e+06 115335 1.59549e+06 1.50919e+06 1.2615e+06 247694 105691 91224 1.21534e+06 46161 86298 78886 14467 8754 245483 12338 74776 9644 33239 41537 11522 5713 8377 5129
internal_count=1712876 1710826 115335 1595491 1509193 1261499 247694 105691 91224 1215338 46161 86298 78886 14467 8754 245483 12338 74776 9644 33239 41537 11522 5713 8377 5129
is_linear=0
shrinkage=0.03


Tree=23
num_leaves=26
num_cat=0
split_feature=4 0 15 13 19 23 9 15 19 0 0 9 17 17 14 2 2 15 7 24 1 18 1 11 8
split_gain=819.233 349.575 225.614 141.119 125.613 111.51 90.5848 82.9157 69.8164 79.7217 55.9242 54.3255 50.7498 47.751 37.8162 36.3714 31.5662 23.0564 19.5725 18.9188 36.3226 17.6007 15.1854 8.90764 6.61222
threshold=1.0000000180025095e-35 -0.075069606304168687 -0.039338707923889153 -13.098713874816893 -0.03028876148164272 -2.3200805187225337 -0.40399415791034693 1.0000000180025095e-35 -1.0000000180025095e-35 0.11215096712112428 0.034327179193496711 -0.83361002802848805 -0.34303385019302363 0.050319779664278037 -2.0687595605850215 -0.0082102431915700418 0.0060800164937973031 -0.012205302715301512 -0.044231001287698739 -4.4999999999999991 0.077580899000167861 -0.11031242087483405 -0.56735020875930775 -0.02265254687517881 -1.3164727687835691
decision_type=8 10 10 8 10 10 10 10 10 10 10 10 10 10 8 10 10 10 8 2 10 10 10 10 10
left_child=1 2 14 10 6 17 7 -5 16 -10 19 13 -8 -7 24 -13 -6 -4 -19 20 -3 -21 -12 -24 -1
right_child=-2 3 5 4 8 11 12 -9 9 -11 22 15 -14 -15 -16 -17 -18 18 -20 21 -22 -23 23 -25 -26
leaf_value=-0.0050942671698600431 -0.016948521021507065 -0.0027823710132268424 -0.0056253925565468042 -0.00025947747997448527 -0.0010367794750543986 -0.0034588210364142405 0.001632744976954043 0.00038864016087364795 0 -0.007985525336121773 -0.0024504255566958461 -0.0012080708377333641 0.00049602856365447132 -8.0998295427108178e-05 -0.0097359586946834161 -0.00019898131281972757 0.00019572823001786206 -0.0035960375259986724 -0.00056915606259112209 -0.0014207245800787788 -9.0229246201389848e-05 0.00067407764466946996 -0.00095048341229326139 0.00017135299812079643 -0.0018841358998603248
leaf_weight=3227 2065 21701 3906 345937 58546 11249 37450 363730 2004 2064 2027 51034 611051 5852 2018 88554 26620 5308 3594 13661 5996 4289 7391 32010 2175
leaf_count=3227 2065 21701 3906 345937 58546 11249 37450 363730 2004 2064 2027 51034 611051 5852 2018 88554 26620 5308 3594 13661 5996 4289 7391 32010 2175
internal_value=-6.72471e-06 1.84866e-05 -0.00124211 0.00016438 0.000235229 -0.00100549 0.000307118 7.23236e-05 -0.000851207 -0.00448175 -0.00100451 -0.00077632 0.000563342 -0.0023551 -0.00620474 -0.000573046 -0.000649144 -0.00365204 -0.00250116 -0.0017238 -0.00222214 -0.000899226 -0.000193708 -4.08405e-05 -0.00412172
internal_weight=1.71346e+06 1.71139e+06 176917 1.53448e+06 1.4474e+06 169497 1.35817e+06 709667 89234 4068 87075 156689 648501 17101 7420 139588 85166 12808 8902 45647 27697 17950 41428 39401 5402
internal_count=1713459 1711394 176917 1534477 1447402 169497 1358168 709667 89234 4068 87075 156689 648501 17101 7420 139588 85166 12808 8902 45647 27697 17950 41428 39401 5402
is_linear=0
shrinkage=0.03


Tree=24
num_leaves=18
num_cat=0
split_feature=4 8 19 0 15 4 1 2 13 1 15 27 7 12 4 18 1
split_gain=820.056 324.96 209.356 179.128 178.581 114.354 111.457 103.295 110.485 75.7614 61.9298 40.9133 21.7916 12.781 9.77776 8.75318 6.25138
threshold=1.0000000180025095e-35 -2.8683488368988033 -1.0000000180025095e-35 -0.047193109989166253 0.010847628116607668 -0.075670149177312837 -0.3671386837959289 0.0087788267992436903 -12.095189094543455 -0.56735020875930775 -0.021705865859985348 0.078870769590139403 -0.023903824388980862 -14.853320598602293 -0.10011107847094534 -0.21553666144609449 -0.56735020875930775
decision_type=8 10 8 10 10 10 10 10 8 10 10 10 8 10 10 10 10
left_child=1 6 3 5 -4 9 16 8 -5 -3 -7 -9 13 15 -15 -8 -1
right_child=-2 2 4 7 -6 10 12 11 -10 -11 -12 -13 -14 14 -16 -17 -18
leaf_value=-0.0086719223121031735 -0.016892563843395565 -0.0039344527708574167 -0.011708573726532997 -0.00029336730426839601 -0.00029803969910085652 -0.0028157969148216618 -0.0025361346593627309 0.00058945447057551844 0.00033621407972528794 -0.0010272435130607264 9.8904681256306237e-05 0.002120168653154242 0.00024140688315940417 -0.0048721641760982723 -0.0017814388475369146 -0.00082578865108192073 -0.0042445797681423614
leaf_weight=2505 2084 8315 2007 335171 2595 6360 6781 31305 988890 126305 148887 33718 2753 3172 2985 6493 2923
leaf_count=2505 2084 8315 2007 335171 2595 6360 6781 31305 988890 126305 148887 33718 2753 3172 2985 6493 2923
internal_value=-4.77555e-06 2.05451e-05 7.4112e-05 9.26996e-05 -0.00599291 -0.000584719 -0.00317808 0.000234435 0.000176566 -0.00122293 -2.72319e-05 0.00139791 -0.00212282 -0.00247049 -0.00366515 -0.00178164 -0.00689749
internal_weight=1.71325e+06 1.71116e+06 1.68355e+06 1.67895e+06 4602 289867 27612 1.38908e+06 1.32406e+06 134620 155247 65023 22184 19431 6157 13274 5428
internal_count=1713249 1711165 1683553 1678951 4602 289867 27612 1389084 1324061 134620 155247 65023 22184 19431 6157 13274 5428
is_linear=0
shrinkage=0.03


Tree=25
num_leaves=21
num_cat=0
split_feature=4 8 1 19 15 16 13 15 1 8 19 15 18 18 9 7 4 2 19 14
split_gain=752.341 320.844 176.423 163.418 149.472 141.751 146.858 119.195 61.7805 53.4714 51.8984 50.6598 45.85 30.1445 28.3891 29.7774 24.9258 19.9302 18.9758 15.0172
threshold=1.0000000180025095e-35 -2.1051712036132808 -0.33865380287170405 -1.0000000180025095e-35 0.011559784412384035 -0.17015773802995679 -12.278990268707274 -0.0306897759437561 -0.56735020875930775 -2.7017740011215206 -0.054831216111779206 -0.010141849517822264 -0.67774683237075795 -0.18019474297761914 -1.2401576638221739 -0.043798031285405152 -0.03647015988826751 -0.0032350465189665552 -0.66876041889190663 -2.5691711902618404
decision_type=8 10 10 8 10 10 10 8 10 10 10 10 10 10 8 8 10 10 10 10
left_child=1 2 9 5 -5 10 8 -8 -7 18 12 17 -3 -11 -13 -16 -12 19 -1 -4
right_child=-2 3 11 4 -6 6 7 -9 -10 13 16 14 -14 -15 15 -17 -18 -19 -20 -21
leaf_value=-0.0079367633840296322 -0.016107995442019761 0.0037224788034866084 -0.004789281153483621 -0.010367526100721544 0 -0.0025354949652484689 -0.0035416233497500256 0.00022081423739259652 -0.00043892756265907003 -0.0044477744112775813 -0.00072730501075147548 -0.0033717449098843487 0.0011546042495554681 0 -0.0020448008771210674 -0.00023517507991625662 0.000715352278210291 -0.00017389073397080027 -0.0031144414374881715 -0.0021548829864166978
leaf_weight=4841 2108 6427 4230 2060 2479 12793 7122 1134670 313201 2255 18477 3134 107215 2623 9808 43276 24325 2490 2253 7470
leaf_count=4841 2108 6427 4230 2060 2479 12793 7122 1134670 313201 2255 18477 3134 107215 2623 9808 43276 24325 2490 2253 7470
internal_value=-7.18864e-06 1.71706e-05 -0.00180346 0.000109964 -0.00528298 0.00012684 3.49871e-05 0.000195543 -0.000525879 -0.0051072 0.000983856 -0.00120541 0.00131813 -0.00225599 -0.000779748 -0.000591087 8.44431e-05 -0.00278745 -0.00675063 -0.00328916
internal_weight=1.71326e+06 1.71115e+06 82380 1.62877e+06 4539 1.62423e+06 1.46779e+06 1.14179e+06 325994 11972 156444 70408 113642 4878 56218 53084 42802 14190 7094 11700
internal_count=1713257 1711149 82380 1628769 4539 1624230 1467786 1141792 325994 11972 156444 70408 113642 4878 56218 53084 42802 14190 7094 11700
is_linear=0
shrinkage=0.03


Tree=26
num_leaves=24
num_cat=0
split_feature=21 12 0 15 23 23 16 19 18 13 1 16 13 16 11 14 6 14 1 15 0 15 27
split_gain=721.725 480.127 316.107 188.964 121.151 115.541 91.5578 101.518 95.2939 108.453 45.8667 44.4811 40.0822 29.9997 29.4714 25.7201 24.1489 21.7058 17.5079 13.4514 10.4149 8.55359 3.71055
threshold=-1.0000000180025095e-35 -14.06983709335327 -0.098359882831573472 -0.039338707923889153 -1.946896433830261 -2.6657222509384151 -0.17015773802995679 -1.0000000180025095e-35 -0.1033826284110546 -12.00007390975952 -0.3671386837959289 -0.28452908992767328 -10.511146545410154 -0.15260311961174008 -0.022117105312645432 -2.4604431390762325 -1.4999999999999998 -2.2685109376907344 -0.19922173023223874 -0.0085582137107849104 0.01699355244636536 0.012091487646102907 0.097320821136236205
decision_type=2 8 10 10 10 8 10 10 10 8 10 10 10 10 10 10 2 8 10 10 10 10 10
left_child=2 -2 3 17 16 10 7 11 9 -8 22 -7 13 -6 -10 20 18 -1 -5 -18 -12 -17 -4
right_child=1 -3 5 4 12 6 8 -9 14 -11 15 -13 -14 -15 -16 21 19 -19 -20 -21 -22 -23 -24
leaf_value=-0.0041302947955217531 -0.0015564232162602158 -0.020659197345740763 -0.0021878614460692086 -0.0053419340802482434 0.0010364447169240157 0.0021765728190553638 -0.00043947429026554427 -0.0047940115594410481 -0.0021698868442125334 0.00017829421629081941 -0.0033664768587330926 0.00073431315792703853 -0.0037670981010105155 -0.00078743122412885567 0.0010300296943101398 -0.00074602844310024425 -0.0033982946334204464 -0.0090980170471100831 -0.0015111308011579458 -0.00077023298402084303 -0.0011863756508804974 0.00070575035450476246 -0.0052846817446098081
leaf_weight=4360 2472 2019 2257 6827 8468 22905 348659 2302 2145 955337 4469 125799 3335 79340 102569 14863 3283 2091 2127 4732 5750 4161 2491
leaf_count=4360 2472 2019 2257 6827 8468 22905 348659 2302 2145 955337 4469 125799 3335 79340 102569 14863 3283 2091 2127 4732 5750 4161 2491
internal_value=-2.22559e-05 -0.0114138 1.08476e-05 -0.00150754 -0.0011897 0.000120623 0.000158729 0.000859721 8.30952e-05 1.27818e-05 -0.00159616 0.000965026 -0.000742233 -0.000603271 0.00095163 -0.00109655 -0.00348593 -0.00632228 -0.00459172 -0.00201827 -0.00228033 -0.000403182 -0.00421845
internal_weight=1.71276e+06 4491 1.70827e+06 114563 108112 1.59371e+06 1.55972e+06 151006 1.40871e+06 1.304e+06 33991 148704 91143 87808 104714 29243 16969 6451 8954 8015 10219 19024 4748
internal_count=1712761 4491 1708270 114563 108112 1593707 1559716 151006 1408710 1303996 33991 148704 91143 87808 104714 29243 16969 6451 8954 8015 10219 19024 4748
is_linear=0
shrinkage=0.03


Tree=27
num_leaves=25
num_cat=0
split_feature=21 23 8 0 16 13 19 24 8 2 19 10 0 1 18 27 0 0 1 10 2 5 9 22
split_gain=726.178 416.36 276.2 176.384 93.78 108.667 88.8564 86.2185 74.7361 73.602 73.3267 63.1785 60.3154 55.4608 49.0109 39.2155 32.3463 26.6206 23.8576 19.2271 18.4972 17.9507 9.33962 7.96401
threshold=-1.0000000180025095e-35 -0.64250698685646046 -2.8683488368988033 -0.056228399276733391 -0.22150472551584241 -12.058441638946531 -0.040034787729382508 -4.4999999999999991 -1.5970550775527952 -0.017182150855660435 -0.041869873180985444 -0.1669596582651138 0.029390364885330204 0.27866649627685552 -0.11031242087483405 0.10006594285368921 -0.14381140470504758 0.23953849077224734 -0.063272655010223375 -0.34158073365688318 -0.0033689573174342509 -0.37144951522350306 -0.95380881428718556 -6.4999999999999991
decision_type=2 8 10 10 8 10 10 2 10 10 10 10 10 8 10 10 10 10 10 10 10 8 8 2
left_child=2 -2 9 7 10 12 -7 8 18 -1 17 -12 -6 14 -9 -10 21 -5 -4 23 -21 -11 -23 -18
right_child=1 -3 3 4 5 6 -8 13 15 16 11 -13 -14 -15 -16 -17 19 -19 -20 20 -22 22 -24 -25
leaf_value=-0.0069563821072361302 -0.0020768125039480985 -0.019920783115603677 -0.0038400647690480989 0.0020986610137865933 -0.00062598900570207019 0.00041227187913675642 -0.00051635012511644244 -0.00043933443887669865 -0.0014078650929665389 -0.0011683906528962289 -0.0040277949964030385 0.00050779736327414182 0.00015056029815339639 -0.0038430285366428717 0.0008663183683584641 0.00025669551619712154 0.00069875808024662408 -0.00045166161420395436 -0.00044835247479441332 -0.0029925110285146041 -0.00029573234337041434 -0.0064789698412698864 -0.002399191699199962 -0.0013481094754173428
leaf_weight=3245 2505 2053 12753 44968 204977 909397 102560 120370 50820 2131 2972 12865 159017 3282 32344 16379 3899 3628 2579 7559 3728 2360 2111 2273
leaf_count=3245 2505 2053 12753 44968 204977 909397 102560 120370 50820 2131 2972 12865 159017 3282 32344 16379 3899 3628 2579 7559 3728 2360 2111 2273
internal_value=2.12427e-06 -0.0113481 3.59367e-05 8.51996e-05 0.000210538 0.000157652 0.000317653 -0.000669276 -0.00145117 -0.00292927 0.00132536 -0.000422219 -0.000286176 -0.000250379 -0.000158921 -0.000998816 -0.00224338 0.00189949 -0.00332067 -0.0014662 -0.00217757 -0.00400847 -0.00504811 -5.46269e-05
internal_weight=1.71078e+06 4558 1.70622e+06 1.67891e+06 1.44038e+06 1.37595e+06 1.01196e+06 238527 82531 27306 64433 15837 363994 155996 152714 67199 24061 48596 15332 17459 11287 6602 4471 6172
internal_count=1710775 4558 1706217 1678911 1440384 1375951 1011957 238527 82531 27306 64433 15837 363994 155996 152714 67199 24061 48596 15332 17459 11287 6602 4471 6172
is_linear=0
shrinkage=0.03


Tree=28
num_leaves=25
num_cat=0
split_feature=21 12 0 15 13 23 15 0 9 9 2 2 17 17 17 9 0 16 27 12 0 0 25 1
split_gain=684.786 429.224 298.057 191.974 124.748 96.2019 93.2436 79.7934 63.3786 62.7432 49.1281 44.5292 39.0053 38.9031 41.4486 31.731 30.1437 29.7861 28.4071 25.6437 18.7203 10.3966 8.54191 3.60709
threshold=-1.0000000180025095e-35 -13.982168197631834 -0.098359882831573472 -0.039338707923889153 -12.825602531433104 -2.0212099552154537 0.0025412738323211674 0.19954198598861697 -0.5123084783554076 -0.83361002802848805 -0.025084488093852993 0.0090812202543020266 0.050319779664278037 -0.3479101806879043 -0.06123851612210273 -0.43101179599761957 -0.0019983053207397457 -0.15260311961174008 0.094068665057420744 -15.080212593078612 -0.14381140470504758 -0.14381140470504758 -0.3459250926971435 -0.33865380287170405
decision_type=2 8 10 10 10 10 10 8 10 10 10 10 10 10 8 8 10 10 10 10 10 8 10 10
left_child=2 -2 3 19 10 15 7 8 -6 12 -4 16 -7 18 -15 20 -12 -11 -8 23 -5 -17 -13 -1
right_child=1 -3 4 5 6 9 13 -9 -10 17 11 22 -14 14 -16 21 -18 -19 -20 -21 -22 -23 -24 -25
leaf_value=-0.0051865653195925752 -0.0017318185805975295 -0.019834602412871005 -0.0048064706505251149 -0.0053472691121438818 -0.00040304729541954112 -0.0038854827377947615 0.00081083786652662857 -0.0053420342854383794 0.00017301825397728079 0.0011904660837643076 -0.0013395087894035066 0.00062000782986133612 -0.00031855303573732885 0.00021212275938170116 0.00076757533412667625 0.00022602461647232346 -0.0004153393634741982 -0.00065106349741172586 0.0024902033622841266 -0.0092864030185146398 -0.0021098868816540094 -0.0022471633956813583 0.0027933183947885945 -0.0020800297748574757
leaf_weight=2226 2481 2029 2128 6234 233464 8137 30777 2005 646818 8310 51591 5526 4478 320554 196336 2305 86917 71976 13496 2040 3939 2838 2525 2170
leaf_count=2226 2481 2029 2128 6234 233464 8137 30777 2005 646818 8310 51591 5526 4478 320554 196336 2305 86917 71976 13496 2040 3939 2838 2525 2170
internal_value=-2.76304e-05 -0.0111026 4.70133e-06 -0.00146904 0.000111445 -0.00114963 0.000196905 4.21107e-06 1.97543e-05 -0.000772402 -0.000714067 -0.000636466 -0.00270261 0.000499059 0.000424224 -0.00332204 -0.000765309 -0.000450554 0.00135156 -0.00632637 -0.00427942 -0.00116375 0.00146017 -0.00408339
internal_weight=1.7113e+06 4510 1.70679e+06 114653 1.59214e+06 108217 1.44345e+06 882287 880282 92901 148687 146559 12615 561163 516890 15316 138508 80286 44273 6436 10173 5143 8051 4396
internal_count=1711300 4510 1706790 114653 1592137 108217 1443450 882287 880282 92901 148687 146559 12615 561163 516890 15316 138508 80286 44273 6436 10173 5143 8051 4396
is_linear=0
shrinkage=0.03


Tree=29
num_leaves=27
num_cat=0
split_feature=12 21 8 0 16 15 16 4 18 12 19 8 16 16 18 10 10 24 14 19 4 18 1 15 16 23
split_gain=615.24 608.03 293.216 184.438 171.907 106.791 99.0616 95.5104 79.0218 73.3642 65.9632 45.4114 40.3223 40.2245 35.6321 30.1078 28.6094 28.1446 28.0585 27.2092 23.381 19.4178 12.1231 9.03712 5.42265 5.40966
threshold=-12.590905666351317 -0.15000000223517415 -2.8683488368988033 -0.047193109989166253 0.19551253318786624 -0.020633220672607418 -0.16723815351724622 -0.078923176974058137 -0.096391014754772172 -16.674576759338375 -0.056700512766838067 -1.3270684480667112 -0.11878743395209311 -0.28452908992767328 -0.027028946205973622 0.10830514878034593 -0.10565530508756636 -4.4999999999999991 -2.8498389720916744 -0.34918473660945887 -0.099950149655342088 -0.15885975956916806 -0.17574948072433469 -0.00048750638961791987 0.085982233285903945 -1.5646753907203672
decision_type=8 2 10 10 8 10 10 10 10 10 10 10 10 10 10 10 10 2 10 8 10 10 10 10 10 10
left_child=2 16 4 5 20 11 10 12 9 -8 13 14 -7 -5 -4 -12 -2 -10 -9 -13 22 25 24 -24 -1 -22
right_child=1 -3 3 6 -6 7 8 18 17 -11 15 19 -14 -15 -16 -17 -18 -19 -20 -21 21 -23 23 -25 -26 -27
leaf_value=-0.0015478347209395085 -0.0038430397497722876 -0.019864815564622176 -0.0040940486118787381 0.0027602866521395019 -0.0080909187002584267 0.00042903584294764363 -0.00085049446931337986 -0.00048113619970258586 -0.00056213338997531163 0.00013103468509389148 -0.00081231208027741756 -0.00041913348185764751 -0.0013389795148821436 0.0011053356463522753 -0.00020162630368195751 0.00068291145916157944 0.0004701853838629561 0.0013213483251877391 0.00036305600678991477 -0.0032009191018119382 -0.0025938166364230901 0.0012723429968417965 -0.0027416684012584775 -0.00032327034430204528 -0.0042307266341858399 -0.00067925286305852795
leaf_weight=2223 2266 2249 12262 16112 4547 12806 72543 54088 7547 1099641 20789 13803 89613 83542 2799 27592 2363 61749 100068 3833 2350 2746 2299 3744 4677 4673
leaf_count=2223 2266 2249 12262 16112 4547 12806 72543 54088 7547 1099641 20789 13803 89613 83542 2799 27592 2363 61749 100068 3833 2350 2746 2299 3744 4677 4673
internal_value=-1.52587e-05 -0.00865981 2.19434e-05 7.26627e-05 -0.00303592 -0.000615591 0.00021633 -0.000406119 0.000128394 6.96982e-05 0.000948864 -0.00221941 -0.00111399 0.00138835 -0.00341967 3.25492e-05 -0.00175155 0.00110936 6.43205e-05 -0.00111185 -0.00185849 -0.000659862 -0.00268267 -0.00142838 -0.0035699 -0.00148959
internal_weight=1.71292e+06 6878 1.70605e+06 1.67879e+06 27259 289272 1.38952e+06 256575 1.24148e+06 1.17218e+06 148035 32697 102419 99654 15061 48381 4629 69296 154156 17636 22712 9769 12943 6043 6900 7023
internal_count=1712924 6878 1706046 1678787 27259 289272 1389515 256575 1241480 1172184 148035 32697 102419 99654 15061 48381 4629 69296 154156 17636 22712 9769 12943 6043 6900 7023
is_linear=0
shrinkage=0.03


Tree=30
num_leaves=21
num_cat=0
split_feature=4 0 8 2 19 13 0 8 3 17 9 2 7 7 12 2 23 18 14 5
split_gain=666.242 286.188 178.323 101.928 98.8176 97.9991 103.993 73.0351 70.0775 55.8964 54.8823 37.8999 34.1851 32.1034 28.7303 27.3127 21.0231 17.2502 14.304 12.0854
threshold=1.0000000180025095e-35 -0.26986879110336298 -1.8307222723960874 -0.017182150855660435 -0.028415496461093422 -11.954581260681151 0.035011202096939094 -3.0841972827911373 -0.0086266654543578607 -0.43440744280815119 -0.92040029168128956 0.010742675047367813 -0.044665213674306863 -0.028712707571685311 -15.288423538208006 0.0047308653593063363 -2.3200805187225337 -0.24180289357900617 -2.6210387945175166 0.67347088456153881
decision_type=8 10 8 10 10 10 10 10 10 10 10 10 10 10 10 10 10 10 8 8
left_child=1 7 3 16 5 6 -4 -1 -6 -7 14 12 19 -12 -5 -10 -3 -18 -14 -9
right_child=-2 2 4 10 8 9 -8 11 15 -11 13 -13 18 -15 -16 -17 17 -19 -20 -21
leaf_value=-0.0081439301713405864 -0.015349648070894397 -0.0056171652253676025 -0.00046545797558198533 -0.00064414091212412902 -0.0057060192931312811 0.0021465218039704694 0.00045086902275195522 -0.0019945635854359159 -0.0012241834240990053 0.00032872361372110031 -0.00095468281597115533 0.00070260028413237253 0.00047809298292696666 0.00016043987216365576 -0.0030309986694804203 -0.00010131636387332763 -0.0036867416873175947 0 -0.0026373059474833764 -0.0058219938564499319
leaf_weight=2798 2047 4343 331300 7871 2152 15052 167137 2088 42861 977024 54462 2043 2140 39335 13026 36738 2148 2004 2144 4208
leaf_count=2798 2047 4343 331300 7871 2152 15052 167137 2088 42861 977024 54462 2043 2140 39335 13026 36738 2148 2004 2144 4208
internal_value=-1.75713e-05 5.07692e-06 4.28333e-05 -0.0010537 0.000129247 0.000185217 -0.000157448 -0.00399816 -0.000882506 0.000357673 -0.000805333 -0.00278107 -0.0034822 -0.000485489 -0.00218205 -0.00071355 -0.00414247 -0.00209751 -0.00113104 -0.00483694
internal_weight=1.71292e+06 1.71087e+06 1.69545e+06 123189 1.57226e+06 1.49051e+06 498437 15421 81751 992076 114694 12623 10580 93797 20897 79599 8495 4152 4284 6296
internal_count=1712921 1710874 1695453 123189 1572264 1490513 498437 15421 81751 992076 114694 12623 10580 93797 20897 79599 8495 4152 4284 6296
is_linear=0
shrinkage=0.03


Tree=31
num_leaves=25
num_cat=0
split_feature=4 8 2 16 15 12 23 9 9 16 18 15 18 27 2 7 15 20 8 18 20 2 17 4
split_gain=551.49 280.272 131.903 109.305 86.2781 101.384 78.1137 68.4937 56.2621 47.6037 47.5868 46.9701 44.5354 32.5464 32.3185 22.3209 14.0673 13.4655 10.5393 8.86796 8.44655 4.27133 3.8351 3.82081
threshold=1.0000000180025095e-35 -2.8683488368988033 -0.0091131986118853075 0.19551253318786624 0.0014227628707885744 -12.590905666351317 -1.9820811152458189 -0.43101179599761957 -0.46781264245510096 -0.19355310499668119 -0.18019474297761914 -0.0055843591690063468 -0.52006778120994557 0.075736761093139662 -0.019792213104665276 -0.034113820642232888 0.0057503581047058114 -0.7080445885658263 -3.3971583843231197 -0.25999101996421808 -0.12253785133361815 -0.0062199323438107959 -0.039246767759323113 -0.10047620162367819
decision_type=8 10 8 8 10 10 10 8 8 10 8 10 8 10 10 10 10 8 10 10 8 10 10 10
left_child=1 3 6 15 5 7 14 -4 11 13 -11 -8 -10 -6 23 16 19 -16 21 -1 -18 -17 -20 -3
right_child=-2 2 4 -5 9 -7 8 -9 12 10 -12 -13 -14 -15 17 18 20 -19 22 -21 -22 -23 -24 -25
leaf_value=-0.0048485614213872085 -0.013888366774269618 -0.0016613057886035057 -0.00032809508144148017 -0.0069768822617014697 0.00029581397464134335 -0.0058395635520945436 -0.0023264913591274114 0.00021639973526357844 0.0019923067626297425 0.00021222162903488103 0.0009159679260775732 -0.00033860234885366278 -0.00015218192513698269 0.001752396359338902 0 -0.0027072132031609963 0 -0.0017266557503769727 -0.00071527734628650821 -0.0019425249764451684 -0.0022498683505165814 -0.00050164606562491903 0.00068646912077107781 -0.0042874801248895377
leaf_weight=3718 2068 2044 371655 4619 22887 2207 18931 470426 9509 517122 104059 25194 66075 37587 5086 2330 2135 25417 3030 3226 3501 2029 2992 5119
leaf_count=3718 2068 2044 371655 4619 22887 2207 18931 470426 9509 517122 104059 25194 66075 37587 5086 2330 2135 25417 3030 3226 3501 2029 2992 5119
internal_value=3.4955e-06 2.45149e-05 7.4252e-05 -0.00294772 0.000159772 -4.26162e-05 -0.000750951 -2.36107e-05 -0.000369329 0.000410735 0.000331236 -0.0012147 0.000124987 0.001213 -0.00193523 -0.00199299 -0.00283636 -0.00144961 -0.000860018 -0.00375995 -0.00143587 -0.00189958 0 -0.00373453
internal_weight=1.71297e+06 1.7109e+06 1.68332e+06 27580 1.52594e+06 844288 157375 842081 119709 681655 621181 44125 75584 60474 37666 22961 12580 30503 10381 6944 5636 4359 6022 7163
internal_count=1712966 1710898 1683318 27580 1525943 844288 157375 842081 119709 681655 621181 44125 75584 60474 37666 22961 12580 30503 10381 6944 5636 4359 6022 7163
is_linear=0
shrinkage=0.03


Tree=32
num_leaves=28
num_cat=0
split_feature=21 12 8 6 13 9 17 27 2 2 4 16 16 20 17 18 16 18 22 12 9 22 21 11 4 2 16
split_gain=566.318 407.166 260.937 145.181 106.79 85.2219 68.2174 54.6553 50.0215 41.9551 41.4314 40.1764 39.3361 38.7946 46.3453 34.4023 40.1779 31.8268 27.4511 21.8776 20.8538 19.5334 13.2486 12.5324 10.4609 8.65112 3.7387
threshold=-1.0000000180025095e-35 -13.982168197631834 -2.1051712036132808 -2.4999999999999996 -12.872251987457274 -0.43101179599761957 -0.055973816663026803 0.080553036183118834 0.010241778101772072 0.0039256929885596046 -0.074931338429450975 0.070527646690607085 -0.15035589039325711 -1.2838087081909177 0.61858159303665172 -0.17550761252641675 0.14796626567840579 -0.096391014754772172 -15.499999999999998 -15.061769962310789 -0.89317879080772389 -13.499999999999998 -0.74999999999999989 -0.0094055230729281885 -0.10007902979850768 0.010241778101772072 0.20676180720329287
decision_type=2 8 10 2 10 10 10 10 8 10 8 8 8 10 10 10 8 10 2 10 10 2 2 10 10 10 8
left_child=2 -2 3 11 9 6 8 10 -6 13 -7 -1 -9 21 -15 16 20 -8 -17 26 -5 -4 -20 25 -18 -11 -13
right_child=1 -3 4 15 5 7 17 12 -10 23 -12 19 -14 14 -16 18 24 -19 22 -21 -22 -23 -24 -25 -26 -27 -28
leaf_value=-0.0016708267071704893 -0.0011905155623966868 -0.018656137400514465 0.00015857530257000474 -0.0021957066364216393 -0.00037219005313409277 -0.00049905136083836887 0.00017483059853587102 0.001566724685978877 0.0015230362615375845 0.00030277052956148023 0.00034653142145000821 -0.0020561378930390385 0.00051022448215448353 -0.00080630683582019118 0.0020368342519620978 -0.0023432824145301376 -0.005635755806753546 0.0011240608736428482 0.0021101469180511622 -0.0085020487945754696 -0.00074617712227400992 -0.002739361339528111 0 -0.0013367750431107983 -0.0020414494426371182 0.0016474859751431728 -0.0050023711271809613
leaf_weight=3494 2528 2002 2198 13413 391039 56020 199207 53871 12407 15776 645257 2337 80994 106196 4898 3562 2135 37703 2765 2552 30685 12641 15649 2482 2828 6061 2536
leaf_count=3494 2528 2002 2198 13413 391039 56020 199207 53871 12407 15776 645257 2337 80994 106196 4898 3562 2135 37703 2765 2552 30685 12641 15649 2482 2828 6061 2536
internal_value=-4.55506e-06 -0.0100562 2.48515e-05 -0.00162136 0.000108445 0.000186203 -7.38258e-05 0.000385629 -0.000311351 -0.000651761 0.000278249 -0.00477642 0.000938682 -0.000872438 -0.000669703 -0.00110221 -0.00154078 0.000329209 -9.72816e-05 -0.00600236 -0.00121347 -0.00229937 0.000371783 0.000473459 -0.00401687 0.000717959 -0.00396807
internal_weight=1.71324e+06 4530 1.70871e+06 81956 1.62675e+06 1.4765e+06 640356 836142 403446 150252 701277 10919 134865 125933 111094 71037 49061 236910 21976 7425 44098 14839 18414 24319 4963 21837 4873
internal_count=1713236 4530 1708706 81956 1626750 1476498 640356 836142 403446 150252 701277 10919 134865 125933 111094 71037 49061 236910 21976 7425 44098 14839 18414 24319 4963 21837 4873
is_linear=0
shrinkage=0.03


Tree=33
num_leaves=28
num_cat=0
split_feature=12 11 8 1 13 16 18 0 8 0 22 2 17 20 15 27 18 11 2 24 18 24 2 17 17 20 12
split_gain=606.607 637.796 236.051 138.615 117.126 89.0172 76.4434 93.8046 50.2982 36.6117 34.1038 31.9294 30.7644 31.1884 30.2308 26.51 24.9217 29.996 28.197 23.7394 21.1128 16.6712 16.4331 15.5855 14.8292 8.78423 7.53295
threshold=-12.590905666351317 -0.0068282491993159047 -2.1051712036132808 -0.33865380287170405 -13.13258123397827 -0.18969825655221936 -0.10000082105398177 -0.075069606304168687 -2.7017740011215206 0.048620015382766731 -3.4999999999999996 -0.019792213104665276 -0.37622246146202082 0.050979763269424445 -0.028012216091156002 0.078870769590139403 -0.06380420550704001 -0.017227982170879837 0.0076240673661232003 -1.0000000180025095e-35 -0.18019474297761914 -3.4999999999999996 0.0030429363250732426 -0.035441393032670014 -0.31784643232822413 -0.81620347499847401 -16.761129379272457
decision_type=8 8 10 10 8 8 10 10 10 10 2 10 10 8 10 10 10 10 10 2 8 2 10 10 10 8 10
left_child=2 10 3 8 9 12 7 -7 21 16 -2 -8 15 -14 -5 -6 18 -18 -4 24 -10 -1 25 -21 -16 -11 -24
right_child=1 -3 4 14 5 6 11 -9 20 22 -12 -13 13 -15 19 -17 17 -19 -20 23 -22 -23 26 -25 -26 -27 -28
leaf_value=-0.0073229486086196418 -0.0043437651269801992 -0.020503117768563953 -0.001711115451010134 -0.003912288126250908 0.00058107307310729928 -0.00088068167171797694 -0.0021529428139722101 0.00010911547870209771 -0.0036451832293880322 -0.0016613920853783637 0.00034505350706258626 0.00097946192950977497 0.0016372751770046367 0.00032922779142663595 0.00060934219177199479 0.0026235506606024877 -0.0015058200073069319 0.0019322354136727855 0.0011029374833337346 -0.00074347758972896107 4.7503979233916063e-05 -0.0029573232085119143 0.0017307724565204358 0.0011205640222221292 -0.0013051626594447882 -0.00017155954787929315 0
leaf_weight=4457 2001 2123 52984 2703 9887 92162 2502 1225419 2153 4228 2771 99649 22566 61153 3425 16195 4059 4043 2947 7658 2581 2523 4836 7395 48870 17613 3987
leaf_count=4457 2001 2123 52984 2703 9887 92162 2502 1225419 2153 4228 2771 99649 22566 61153 3425 16195 4059 4043 2947 7658 2581 2523 4836 7395 48870 17613 3987
internal_value=-1.51073e-05 -0.00858888 2.18752e-05 -0.00154571 0.000101425 0.000165087 0.000101033 3.93458e-05 -0.00450828 -0.000919159 -0.00178966 0.000889704 0.000986383 0.000692994 -0.00101761 0.00188608 -0.00132494 0.000187528 -0.00154907 -0.00086904 -0.00176238 -0.00608821 -5.45131e-05 0.000159555 -0.00116951 -0.000504119 0.000993637
internal_weight=1.71289e+06 6895 1.706e+06 81765 1.62423e+06 1.52953e+06 1.41973e+06 1.31758e+06 11714 94697 4772 102151 109801 83719 70051 26082 64033 8102 55931 67348 4734 6980 30664 15053 52295 21841 8823
internal_count=1712890 6895 1705995 81765 1624230 1529533 1419732 1317581 11714 94697 4772 102151 109801 83719 70051 26082 64033 8102 55931 67348 4734 6980 30664 15053 52295 21841 8823
is_linear=0
shrinkage=0.03


Tree=34
num_leaves=29
num_cat=0
split_feature=19 15 0 15 23 4 8 16 19 13 0 20 23 18 0 27 0 14 16 0 12 9 3 7 19 25 19 4
split_gain=588.816 751.834 251.409 135.268 134.738 93.0261 92.4389 78.2503 68.7079 85.1771 54.4192 54.1042 52.4425 46.8555 41.1001 40.8918 47.4544 32.0552 25.9471 25.9002 20.2031 20.0807 18.3898 17.9515 16.2673 12.2016 8.54314 3.91457
threshold=-1.0000000180025095e-35 0.0014227628707885744 -0.048218607902526849 -0.02287197113037109 -0.29026614129543299 -0.099430918693542467 -1.3069914579391477 -0.2336921542882919 -0.034271823242306702 -11.844363689422606 0.014973431825637819 -0.020595908164978024 -1.8819034695625303 -0.027028946205973622 -0.15263891220092771 0.080553036183118834 0.19954198598861697 -3.2754451036453243 -0.30202190577983851 -0.15263891220092771 -15.377739906311033 -0.60268956422805775 -0.005993001163005828 -0.02607785444706678 -0.04544857703149318 -0.42540664970874781 -0.02643674053251743 -0.041891265660524361
decision_type=8 10 10 10 10 10 10 8 10 10 10 10 10 10 10 10 10 8 10 10 10 10 10 10 10 10 10 10
left_child=2 -2 3 6 5 12 13 15 9 10 -9 -11 -5 14 -1 23 18 -7 -17 -8 -21 27 -18 24 -4 -23 -25 -10
right_child=1 -3 7 4 -6 17 19 8 21 11 -12 -13 -14 -15 -16 16 22 -19 -20 20 -22 25 -24 26 -26 -27 -28 -29
leaf_value=-0.0071744314095043482 -0.019797952455899173 0.00033941442631989352 0 -0.0025788043525296856 -0.007161217433829168 -0.00086887518722420778 0.0011198706031367908 -0.00050375656120365349 -0.0025224830515307461 0.00076360237795976944 0.00015794545949583612 0.0002186919143592614 -0.00086133492742789203 -0.00071242204242685369 -0.0031481824479278188 0.0036114439672871868 -0.0015628989501927399 0.0001027130760455318 0.0016285101428455951 -0.00038236833140377959 -0.0031575426132337274 -0.00099694691326749013 0.0014675902459762829 0.0016634295323408766 -0.0027613005894406143 -0.00020098779177696194 -0.00029655811805057191 -0.0010939537108928226
leaf_weight=5185 2580 3543 4722 21266 2269 38235 3782 203503 5023 229203 246314 585001 68362 3065 7005 10051 4195 143001 20122 5848 4047 27086 2379 4964 2529 51073 2586 6233
leaf_count=5185 2580 3543 4722 21266 2269 38235 3782 203503 5023 229203 246314 585001 68362 3065 7005 10051 4195 143001 20122 5848 4047 27086 2379 4964 2529 51073 2586 6233
internal_value=-2.66606e-05 -0.00895447 7.79945e-06 -0.000776469 -0.000565682 -0.000496234 -0.00271279 0.000176843 0.000132648 0.000189765 -0.000140978 0.00037283 -0.00128421 -0.00428775 -0.00509959 0.00131904 0.00184914 -0.000102437 0.00234693 -0.000845689 -0.00164354 -0.000668015 -0.000397599 0 -0.00104442 -0.000485225 0.000978112 -0.00183713
internal_weight=1.71317e+06 6123 1.70705e+06 302065 273133 270864 28932 1.40498e+06 1.35344e+06 1.26402e+06 449817 814204 89628 15255 12190 51548 36747 181236 30173 13677 9895 89415 6574 14801 7251 78159 7550 11256
internal_count=1713172 6123 1707049 302065 273133 270864 28932 1404984 1353436 1264021 449817 814204 89628 15255 12190 51548 36747 181236 30173 13677 9895 89415 6574 14801 7251 78159 7550 11256
is_linear=0
shrinkage=0.03


Tree=35
num_leaves=30
num_cat=0
split_feature=12 11 0 13 23 16 15 15 13 15 18 1 16 18 7 0 18 22 2 25 3 18 0 7 25 12 0 24 2
split_gain=523.838 538.957 217.459 103.504 99.2224 76.3435 61.4962 50.0047 62.475 47.2942 46.7595 39.1114 38.9608 44.812 36.6532 34.5508 31.8557 31.7748 29.2457 27.6756 26.9288 23.6449 22.8331 20.0626 17.7905 10.9295 8.83327 8.28897 4.05455
threshold=-12.590905666351317 -0.0069508817978203288 -0.09510940313339232 -12.872251987457274 -1.9820811152458189 -0.28452908992767328 0.00032955408096313482 -0.021705865859985348 -11.335710048675535 -0.01135200262069702 -0.068053830415010438 0.14685747027397159 -0.093443512916564928 -0.20977240800857541 -0.07097578793764113 -0.16324651241302487 -0.1913189888000488 -3.4999999999999996 -0.025084488093852993 -0.6870327591896056 -0.013922861311584709 -0.027028946205973622 0.029390364885330204 -0.045614557340741151 -0.53342023491859425 -15.964407920837401 0.15069636702537539 -2.4999999999999996 -0.014868699014186857
decision_type=8 8 10 8 10 10 10 10 10 10 10 10 10 10 10 8 10 2 10 10 10 10 10 8 10 10 10 2 10
left_child=2 17 4 11 9 14 10 8 19 21 -7 18 15 -14 -5 -9 -8 -2 -4 -6 -16 28 -20 25 -13 -11 -26 -25 -1
right_child=1 -3 3 5 7 6 16 12 -10 23 -12 24 13 -15 20 -17 -18 -19 22 -21 -22 -23 -24 27 26 -27 -28 -29 -30
leaf_value=-0.0078326582657456591 -0.0040950780198497029 -0.01880267471148931 -0.004138068920536783 0.0053277480094903532 -0.0030916064748555999 -8.9587753745720808e-05 0.00025897087581705405 0.0034103539693852215 -0.0058169231161884147 -0.00098851717224700481 0.0011401874368065943 -0.0018035864202527391 -0.0014116972868998138 0.00010468442002476969 -0.001275418890230426 0 0.00078543292290999113 0.00042802058144991511 -0.0011770220812838722 -0.00034173249183478224 0.0019004221819877564 -0.0016443288577260621 -0.00030704745011201034 -0.0013193139911170189 0.0012137179505582064 -0.00401946951664607 -0.00036332066974345637 0.00085825464039380355 -0.003803330425360657
leaf_weight=2249 2027 2166 2018 2245 4731 689191 585223 3223 3159 2490 28480 2014 42433 28955 2359 10049 126591 2710 65794 10111 15202 2087 48656 3032 13864 3395 3517 2235 2854
leaf_count=2249 2027 2166 2018 2245 4731 689191 585223 3223 3159 2490 28480 2014 42433 28955 2359 10049 126591 2710 65794 10111 15202 2087 48656 3032 13864 3395 3517 2235 2854
internal_value=-2.05031e-05 -0.00798355 1.38686e-05 0.000107765 -0.0012091 0.000182219 0.000155989 -0.000833093 -0.00225298 -0.00321973 -3.96079e-05 -0.000682019 -0.000516208 -0.000796029 0.00201018 0.000941379 0.000353505 -0.00165635 -0.000890349 -0.00131002 0.0014337 -0.00509002 -0.000812725 -0.00182149 0.000544869 -0.00296186 0.000876594 -0.000348967 -0.00617318
internal_weight=1.71306e+06 6903 1.70616e+06 1.58515e+06 121003 1.44929e+06 1.42948e+06 102661 18001 18342 717671 135863 84660 71388 19806 13272 711814 4737 116468 14842 17561 7190 114450 11152 19395 5885 17381 5267 5103
internal_count=1713060 6903 1706157 1585154 121003 1449291 1429485 102661 18001 18342 717671 135863 84660 71388 19806 13272 711814 4737 116468 14842 17561 7190 114450 11152 19395 5885 17381 5267 5103
is_linear=0
shrinkage=0.03


Tree=36
num_leaves=30
num_cat=0
split_feature=19 15 0 1 16 23 13 17 18 15 20 9 0 15 27 0 12 17 26 15 1 4 9 3 8 12 3 9 3
split_gain=568.035 655.154 218.806 179.966 93.7588 80.2606 73.4743 74.4308 58.2574 56.8766 52.9985 51.7718 47.5711 46.7622 43.6445 41.6514 40.0017 26.9026 25.4776 23.9614 22.7583 22.476 20.4905 19.1726 16.4292 15.0165 9.91063 7.15072 5.01172
threshold=-1.0000000180025095e-35 1.0000000180025095e-35 -0.056228399276733391 -0.56735020875930775 -0.25872075557708735 -1.9820811152458189 -12.483006954193113 -0.055973816663026803 -0.076851952821016298 0.00091144442558288585 0.36835342645645147 -0.67348966002464283 0.029970824718475345 -0.0099093317985534651 0.078870769590139403 0.19954198598861697 -14.775435447692869 -0.27470886707305903 2.5000000000000004 0.0066254436969757089 0.22675549983978274 -0.099736664444208131 -0.45579062402248377 -0.0062263861764222375 -0.65766111016273487 -15.263682842254637 0.0020879461662843828 -0.32138669490814203 0.00098402501316741131
decision_type=8 10 10 10 8 10 10 8 10 10 8 8 10 10 10 10 10 10 2 10 8 10 10 10 10 10 8 10 10
left_child=2 -2 3 9 14 13 12 10 11 16 -8 -7 17 22 20 24 28 -6 -14 -9 27 -15 -5 -17 -16 -10 -11 -4 -1
right_child=1 -3 4 5 6 8 7 19 25 26 -12 -13 18 21 15 23 -18 -19 -20 -21 -22 -23 -24 -25 -26 -27 -28 -29 -30
leaf_value=-0.001634486419503351 -0.019287912779119887 -0.00019010169854216839 0.0017230806694664192 -0.0051853935475262717 0.0017957322471077296 -0.0016642500641885273 -3.1880964055266288e-05 0.00042834711445846417 0.0011100483661596714 0.0002140554973952673 0.00078869510256733262 -0.00037709169742443632 0.00020258856700655888 -0.00193354485488936 0.0035308084082712912 -0.0012917963660938408 -0.0084745394161587304 -0.00088718783328758997 -0.0017439350772879348 0.0010107281501519421 -0.0023992467043263059 0.00036504684096742374 -0.0018396937852329118 0.002005451788142508 0.001583855313722068 -0.00072986975937647995 -0.0024385510029565258 -0.00034656308656597762 -0.0044623506547493254
leaf_weight=2431 2459 3657 2861 5009 2945 34247 728906 311088 24500 2044 77908 156734 96712 10310 13053 3656 3021 110958 5940 81640 2506 5410 4043 2066 8408 4186 2004 2102 2335
leaf_count=2431 2459 3657 2861 5009 2945 34247 728906 311088 24500 2044 77908 156734 96712 10310 13053 3656 3021 110958 5940 81640 2506 5410 4043 2066 8408 4186 2004 2102 2335
internal_value=-1.77428e-05 -0.00879129 1.60808e-05 -0.000790962 0.000159075 -0.00060977 0.000120811 0.000212805 -0.000422808 -0.00433254 4.74237e-05 -0.000613217 -0.000386698 -0.00221463 0.00169028 0.00224106 -0.00577776 -0.000807653 7.91366e-05 0.000551306 -0.000291457 -0.00113713 -0.00389699 0 0.00283512 0.000823376 -0.0011569 0.000840109 -0.00336906
internal_weight=1.71314e+06 6116 1.70702e+06 256274 1.45075e+06 244439 1.4161e+06 1.19954e+06 219667 11835 806814 190981 216555 24772 34652 27183 7787 113903 102652 392728 7469 15720 9052 5722 21461 28686 4048 4963 4766
internal_count=1713139 6116 1707023 256274 1450749 244439 1416097 1199542 219667 11835 806814 190981 216555 24772 34652 27183 7787 113903 102652 392728 7469 15720 9052 5722 21461 28686 4048 4963 4766
is_linear=0
shrinkage=0.03


Tree=37
num_leaves=30
num_cat=0
split_feature=12 21 0 15 9 19 20 22 13 0 20 0 18 22 27 10 12 14 25 20 24 14 15 13 19 5 9 13 18
split_gain=525.7 549.905 180.092 179.395 84.4332 78.087 72.6379 70.403 63.9663 68.9045 55.9708 51.9914 43.1148 36.1477 35.3915 31.5063 28.0727 25.3171 22.5609 16.2348 17.255 15.4745 13.4281 12.912 11.6236 10.4376 9.65815 9.05037 5.35346
threshold=-12.590905666351317 -0.15000000223517415 -0.050391376018524163 -0.039338707923889153 -0.92040029168128956 -0.034271823242306702 0.36835342645645147 -12.499999999999998 -12.237329959869383 0.029390364885330204 -0.017942428588867184 -0.16324651241302487 -0.11347550898790358 -8.4999999999999982 0.080553036183118834 -0.17311691492795941 -15.098240852355955 -2.6613078117370601 -0.42540664970874781 0.25279065966606146 -1.0000000180025095e-35 -2.7926976680755611 0.0034549534320831303 -11.229014396667479 -0.020162807777523991 -1.8843207359313963 -0.48261925578117365 -11.942788600921629 -0.57127374410629261
decision_type=8 2 10 10 8 10 10 2 10 10 10 10 10 2 10 10 10 10 10 8 2 10 10 10 10 10 10 10 10
left_child=2 15 3 16 11 6 8 17 9 -4 -10 27 -9 26 -15 -2 21 -6 23 20 -20 -1 -21 28 -25 -13 -8 -5 -7
right_child=1 -3 5 4 7 18 13 12 10 -11 -12 25 -14 14 -16 -17 -18 -19 19 22 -22 -23 -24 24 -26 -27 -28 -29 -30
leaf_value=-0.0043067690908878973 -0.0037702675732293784 -0.018696710941616113 -0.00064903599340212332 -0.0025879376909026782 -0.0029912027864771127 -0.00053407238726557726 0.00044878166212229898 -0.0004230402525118707 0.00061764317774568435 0.00026739636356287884 0.00013214567087670048 -0.00048701196560718544 0.00061832531712380397 0.00090159615768885943 0.0026208718178622908 0.00073551827398417259 -0.007701792187741501 -0.0010396262434270362 -0.0016607763555278377 -0.00053631463501600384 -0.00024972936421793182 -0.00067898570191835548 0.00066407494287675027 -0.00023252458898964824 -0.0015535185039236281 -0.0026040175912642027 -0.0017350112132078915 -0.0063556619014328488 -0.0026184110563379662
leaf_weight=3542 2168 2236 153831 2546 10345 2107 2727 193227 320626 140621 646799 7049 43233 29899 18015 2468 2405 17004 11965 13762 23162 2020 19521 13854 11342 3062 3509 2726 7088
leaf_count=3542 2168 2236 153831 2546 10345 2107 2727 193227 320626 140621 646799 7049 43233 29899 18015 2468 2405 17004 11965 13762 23162 2020 19521 13854 11342 3062 3509 2726 7088
internal_value=-1.33056e-05 -0.00800736 2.10567e-05 -0.00066322 -0.000530543 0.000159945 0.000222383 -0.000400479 0.000175659 -0.000210648 0.000293596 -0.00265933 -0.000230474 0.00129416 0.00157461 -0.00147509 -0.00497138 -0.00182905 -0.000633676 -0.000308579 -0.000755345 -0.0032034 0.000158261 -0.00125807 -0.000857504 -0.00124889 -0.000773076 -0.00496989 -0.00222391
internal_weight=1.71286e+06 6872 1.70599e+06 287159 279192 1.41883e+06 1.31603e+06 263809 1.26188e+06 294452 967425 15383 236460 54150 47914 4636 7967 27349 102801 68410 35127 5562 33283 34391 25196 10111 6236 5272 9195
internal_count=1712859 6872 1705987 287159 279192 1418828 1316027 263809 1261877 294452 967425 15383 236460 54150 47914 4636 7967 27349 102801 68410 35127 5562 33283 34391 25196 10111 6236 5272 9195
is_linear=0
shrinkage=0.03


Tree=38
num_leaves=25
num_cat=0
split_feature=12 21 8 0 15 1 19 16 4 8 12 1 13 13 17 24 10 3 7 15 10 10 7 7
split_gain=460.003 457.032 192.402 119.147 102.158 92.5431 85.3842 96.8291 70.9959 58.1623 52.1316 43.5521 41.1798 37.0787 34.364 33.1651 31.4255 26.733 23.4667 16.0107 19.1541 14.4941 12.1828 7.09613
threshold=-12.590905666351317 -0.15000000223517415 -2.8683488368988033 -0.025524258613586422 -0.018888533115386959 -0.33865380287170405 -0.041869873180985444 -0.25872075557708735 -0.075670149177312837 -1.6766262054443357 -16.902705192565914 -0.56735020875930775 -11.854597091674803 -11.335710048675535 -0.35813848674297327 -3.4999999999999996 -0.10565530508756636 -0.0029978796374052759 -0.07097578793764113 -0.01135200262069702 -0.52179327607154835 0.10291429609060289 -0.037339048460125916 -0.048943214118480675
decision_type=8 2 10 10 10 10 10 10 10 10 10 10 10 10 10 2 10 10 10 10 10 10 10 8
left_child=2 16 5 4 9 23 7 18 11 15 -9 -6 -10 -11 21 -4 -2 -16 -5 -7 -21 -8 -22 -1
right_child=1 -3 3 6 8 19 14 10 12 13 -12 -13 -14 -15 17 -17 -18 -19 -20 20 22 -23 -24 -25
leaf_value=-0.007116548687020721 -0.003703563705513585 -0.017197361638538893 -0.0054646163925626441 0.0043487952172241891 -0.0032304308924679236 -0.0030968229232785209 -0.00020863675380518304 -0.00075462336267675283 -0.00048335372912981285 -0.00053747293919199207 0.00031949200600243205 -0.00062097880957209394 0.0003119318255228778 -0.0030779304700443051 -0.0020962347355873842 -0.0018239169906475287 0.00079827332618891296 -0.00056450158655959118 0.0016792195965928249 0.0013260522702176337 -0.0022982351743559624 0.001143823302306944 -0.00050879517155109607 -0.0034515146524810407
leaf_weight=2773 2242 2246 4572 3628 5631 3849 14160 41745 81269 27977 1014079 132832 205351 6084 11466 6112 2377 89720 21012 2332 6470 13045 8571 3380
leaf_count=2773 2242 2246 4572 3628 5631 3849 14160 41745 81269 27977 1014079 132832 205351 6084 11466 6112 2377 89720 21012 2332 6470 13045 8571 3380
internal_value=2.21376e-06 -0.00747895 3.46754e-05 7.58742e-05 -0.000329049 -0.00243699 0.000233569 0.000320682 -0.000183781 -0.0016852 0.000276403 -0.0007405 8.49405e-05 -0.0010379 -0.0004956 -0.00358336 -0.00147657 -0.000750476 0.0021629 -0.00141086 -0.000944363 0.000437989 -0.00134702 -0.00555905
internal_weight=1.71292e+06 6865 1.70606e+06 1.67868e+06 469828 27375 1.20886e+06 1.08046e+06 425083 44745 1.05582e+06 138463 286620 34061 128391 10684 4619 101186 24640 21222 17373 27205 15041 6153
internal_count=1712923 6865 1706058 1678683 469828 27375 1208855 1080464 425083 44745 1055824 138463 286620 34061 128391 10684 4619 101186 24640 21222 17373 27205 15041 6153
is_linear=0
shrinkage=0.03


Tree=39
num_leaves=19
num_cat=0
split_feature=19 15 0 13 8 2 16 13 17 0 22 19 17 24 16 16 13 5
split_gain=499.21 614.325 180.84 201.388 86.1016 85.5294 82.3733 69.5049 82.989 68.1079 47.3752 37.3859 42.5428 23.034 21.6045 18.3064 17.4687 9.33483
threshold=-1.0000000180025095e-35 0.0014227628707885744 -0.15263891220092771 -10.79887819290161 -3.0841972827911373 -0.025084488093852993 -0.17015773802995679 -11.954581260681151 -0.055973816663026803 0.0033228993415832524 -11.499999999999998 -0.056700512766838067 -0.36376573145389551 -5.4999999999999991 -0.13793128728866574 0.14796626567840579 -10.749855518341063 -1.0856534242630003
decision_type=8 10 10 10 10 10 10 10 10 10 2 10 10 2 10 10 10 10
left_child=2 -2 3 4 15 17 11 9 -9 -8 13 12 -7 -6 -12 -1 -13 -4
right_child=1 -3 5 -5 10 6 7 8 -10 -11 14 16 -14 -15 -16 -17 -18 -19
leaf_value=-0.0017333364818040821 -0.018079486771852473 0.0001017599150007746 -0.0054368849809938447 -0.0099896966249760338 -0.0045665687471138569 0.0024458864734188462 -0.00062587450509054502 -9.4948564501072629e-06 0.00056910763457004734 8.9299967468054684e-05 0.001336385617908621 -0.0004132388563441762 0.00079733632690598139 -0.00065967253950778581 -0.00063538084112224169 -0.0059116027199824549 0.00080615917107449168 -0.001683402515632156
leaf_weight=2296 2558 3608 2020 2054 3466 16720 234812 693027 327823 242733 5455 28469 92451 2668 29403 3479 16123 2034
leaf_count=2296 2558 3608 2020 2054 3466 16720 234812 693027 327823 242733 5455 28469 92451 2668 29403 3479 16123 2034
internal_value=7.36787e-06 -0.00818617 3.95657e-05 -0.00175027 -0.0012802 9.30189e-05 0.000104481 3.63008e-05 0.000176204 -0.000262015 -0.000760206 0.000764675 0.00106255 -0.00309027 -0.000303796 -0.00456871 2.50525e-05 -0.00401113
internal_weight=1.7112e+06 6166 1.70503e+06 48821 46767 1.65621e+06 1.65216e+06 1.4984e+06 1.02085e+06 477545 40992 153763 109171 6134 34858 5775 44592 4054
internal_count=1711199 6166 1705033 48821 46767 1656212 1652158 1498395 1020850 477545 40992 153763 109171 6134 34858 5775 44592 4054
is_linear=0
shrinkage=0.03


Tree=40
num_leaves=19
num_cat=0
split_feature=19 15 9 23 16 18 15 1 11 20 27 24 0 16 10 15 7 18
split_gain=434.757 535.579 170.511 137.305 95.3565 91.9281 75.8243 61.6783 43.9795 46.4324 36.6743 36.2232 26.4435 31.3857 22.1968 21.943 19.978 5.40916
threshold=-1.0000000180025095e-35 0.0014227628707885744 -1.2401576638221739 -1.7976592779159544 -0.19355310499668119 -0.10000082105398177 -0.0306897759437561 -0.40737438201904291 -0.021637690253555771 -0.015204429626464842 0.099440213292837157 -6.4999999999999991 0.23953849077224734 -0.32531520724296564 -0.45636782050132746 0.0072953104972839364 -0.061456628143787377 -0.10687314346432684
decision_type=8 10 10 10 8 8 10 8 10 8 10 2 8 10 10 10 10 10
left_child=2 -2 14 7 12 6 -6 15 10 -10 -9 -7 13 -5 -1 17 -14 -4
right_child=1 -3 3 4 5 11 -8 8 9 -11 -12 -13 16 -15 -16 -17 -18 -19
leaf_value=-0.0064155958079846519 -0.016888705850982514 0.00011609550345167348 -0.005044088721366264 0.0027736573097662557 -0.002271681109960596 -0.0010589930976756252 -1.5442041558641488e-06 -0.0032830796742560511 -1.5997421549612128e-05 -0.0012490924802653193 -0.0006650962778956182 0.001078981928207287 0.0009533477486827098 0.00090281761899604115 -0.0024107226662883332 -0.00064122298330351651 -0.0025788211732996249 -0.0024468117763043968
leaf_weight=3059 2567 3561 3230 8771 12878 7191 1328570 9378 80610 41613 10720 92541 2045 91410 4023 3129 2791 4209
leaf_count=3059 2567 3561 3230 8771 12878 7191 1328570 9378 80610 41613 10720 92541 2045 91410 4023 3129 2791 4209
internal_value=-3.00595e-05 -0.00769858 -9.35527e-08 1.97561e-05 0.000104826 4.08565e-05 -2.43995e-05 -0.000836153 -0.00066302 -0.00044165 -0.00195129 0.00091732 0.000975501 0.00108255 -0.00448916 -0.00300537 -0.00107958 -0.00385899
internal_weight=1.7123e+06 6128 1.70617e+06 1.69909e+06 1.5462e+06 1.44118e+06 1.34145e+06 152889 142321 122223 20098 99732 105017 100181 7082 10568 4836 7439
internal_count=1712296 6128 1706168 1699086 1546197 1441180 1341448 152889 142321 122223 20098 99732 105017 100181 7082 10568 4836 7439
is_linear=0
shrinkage=0.03


Tree=41
num_leaves=29
num_cat=0
split_feature=12 11 0 15 23 16 12 19 18 18 9 19 15 11 12 16 23 7 26 9 2 10 1 1 11 11 20 20
split_gain=428.644 521.687 165.314 119.347 82.9981 72.2432 75.986 66.4434 64.3512 53.4647 53.0628 47.4222 42.3307 39.9487 32.7731 32.156 30.0403 27.9138 24.9372 22.7122 21.7176 21.3563 19.4666 16.8011 16.2641 16.1198 14.485 11.5925
threshold=-12.590905666351317 -0.0068282491993159047 -0.056228399276733391 -0.039338707923889153 -2.2593598365783687 -0.17015773802995679 -16.761129379272457 -0.04744563810527324 -0.10687314346432684 -0.096391014754772172 -0.73462483286857594 -0.049266092479228966 -7.659196853637694e-05 -0.020059413276612755 -15.239272117614744 -0.27010935544967646 -1.4830874800682066 -0.07097578793764113 2.5000000000000004 -0.33735297620296473 -0.0022719487315043803 0.071620617061853423 0.11802032589912416 0.090710282325744643 -0.021637690253555771 -0.017600764520466324 0.37452894449234014 -0.1001269221305847
decision_type=8 8 10 10 10 10 10 8 10 8 10 10 8 10 10 10 10 10 2 10 10 10 8 10 10 10 8 8
left_child=2 12 3 14 20 11 22 9 10 -8 -6 15 -2 -10 16 17 -1 -4 -17 -9 24 23 25 -13 -5 -7 -23 -24
right_child=1 -3 5 4 8 6 7 19 13 -11 -12 21 -14 -15 -16 18 -18 -19 -20 -21 -22 26 27 -25 -26 -27 -28 -29
leaf_value=-0.004368583241179445 0.0016181145838532881 -0.018087445391312667 0.004534285484688037 -0.0048346956664013742 -0.0019156043218640903 -0.0019975978041221359 0.00013233764631831216 -0.00090299647946335908 -0.002179103136087645 0.00098853176650233097 -0.00044638792778617159 0.0008575304741859634 -0.0035229874104013826 0.00094287885438888372 -0.0067239777200092761 0.0010115349842284231 0 0.0015671338629451785 -0.00064314099689489481 0 8.7931840793483999e-05 -5.153831819365859e-05 0.0012389217053053641 -0.0014084642435162713 -0.0021959184965552013 -0.00080286407846590828 0.0014097677067912348 -0.0008134406339678639
leaf_weight=2433 2205 2094 3447 3336 25472 14163 1060838 70994 3558 69666 162498 3237 2580 37931 2812 72288 2538 18002 8666 37591 2244 16856 5206 12848 12069 44426 8730 3767
leaf_count=2433 2205 2094 3447 3336 25472 14163 1060838 70994 3558 69666 162498 3237 2580 37931 2812 72288 2538 18002 8666 37591 2244 16856 5206 12848 12069 44426 8730 3767
internal_value=-2.07412e-05 -0.00723575 1.02942e-05 -0.000693357 -0.000571971 0.000134328 6.36449e-05 0.000117422 -0.000414941 0.000185779 -0.000651628 0.000770862 -0.00116817 0.00064524 -0.00424393 0.00111682 -0.00229988 0.00215007 0.000827861 -0.00058909 -0.00252935 -7.53582e-05 -0.000911844 -0.000922254 -0.00292024 -0.00111121 0.000453027 0.000348183
internal_weight=1.7125e+06 6879 1.70562e+06 254891 247108 1.45072e+06 1.30665e+06 1.23909e+06 229459 1.1305e+06 187970 144074 4785 41489 7783 102403 4971 21449 80954 108585 17649 41671 67562 16085 15405 58589 25586 8973
internal_count=1712495 6879 1705616 254891 247108 1450725 1306651 1239089 229459 1130504 187970 144074 4785 41489 7783 102403 4971 21449 80954 108585 17649 41671 67562 16085 15405 58589 25586 8973
is_linear=0
shrinkage=0.03


Tree=42
num_leaves=26
num_cat=0
split_feature=12 11 8 0 2 19 13 0 15 4 8 1 0 24 11 23 15 17 7 14 17 19 15 23 14
split_gain=399.012 430.022 168.451 111.944 73.6385 62.0461 62.553 62.2162 61.2053 55.0542 52.0924 45.1306 33.3142 30.376 30.2466 29.3831 27.9746 27.8553 33.6242 25.5076 12.936 28.0369 9.61163 9.1265 4.00437
threshold=-12.590905666351317 -0.0069508817978203288 -2.8683488368988033 -0.047193109989166253 -0.017182150855660435 -0.041869873180985444 -11.844363689422606 0.0091412067413330095 -0.020633220672607418 -0.075670149177312837 -1.337413430213928 -0.0036886334419250484 -0.16324651241302487 -8.4999999999999982 -0.0065755159594118586 -0.77320685982704151 -7.659196853637694e-05 -0.4090414941310882 -0.025687469169497486 -2.8210812807083125 0.03652660362422467 -0.5637913942337035 0.0042290389537811288 -1.7976592779159544 -2.7120422124862666
decision_type=8 8 10 10 10 10 10 10 10 10 10 10 10 2 10 10 8 10 10 10 10 10 10 10 10
left_child=2 16 4 8 -1 6 7 -5 10 14 13 -8 24 -4 -10 -12 -2 22 -19 -11 23 -22 -7 -14 -6
right_child=1 -3 3 5 12 17 11 -9 9 19 15 -13 20 -15 -16 -17 -18 18 -20 -21 21 -23 -24 -25 -26
leaf_value=-0.0062654038028861986 0.00092974589474407153 -0.016641164160912499 -0.0056669540412763566 -0.00048998386870653589 -0.0016722918667723924 -0.00012941606478924166 0.00066883592203392306 0.00022360718950306034 -0.00074215646727565545 -0.00047478369974010071 0.00015754690412955773 0.00020429351244261642 -0.002715822572741874 -0.0021225574720697077 -0.0036104153817625461 -0.0024855143285275791 -0.0032526597689080347 -0.0017140840469640028 -0.00037197862709067249 0.00034151247538170013 -0.0020129236346029728 0.0017080972660825152 0.0014298893347774698 -0.00082536811577346573 -0.0043803132328373929
leaf_weight=3283 2211 2161 2883 179543 2157 5413 308516 281606 105634 53352 13228 490323 3698 11939 3026 4678 2591 20314 95623 94830 2663 3776 8026 8367 3393
leaf_count=3283 2211 2161 2883 179543 2157 5413 308516 281606 105634 53352 13228 490323 3698 11939 3026 4678 2591 20314 95623 94830 2663 3776 8026 8367 3393
internal_value=-2.12857e-05 -0.00694299 8.81054e-06 4.73481e-05 -0.00230558 0.000159375 0.000223815 -5.38011e-05 -0.000488472 -0.000329562 -0.00170281 0.000384384 -0.00163633 -0.00299398 -0.000840952 -0.000565424 -0.00136428 -0.00046434 -0.000616064 4.49841e-05 -0.000951516 9.17923e-05 0.000798192 -0.00151369 -0.00360262
internal_weight=1.71323e+06 6963 1.70627e+06 1.67893e+06 27337 1.38936e+06 1.25999e+06 461149 289570 256842 32728 798839 24054 14822 108660 17906 4802 129376 115937 148182 18504 6439 13439 12065 5550
internal_count=1713234 6963 1706271 1678934 27337 1389364 1259988 461149 289570 256842 32728 798839 24054 14822 108660 17906 4802 129376 115937 148182 18504 6439 13439 12065 5550
is_linear=0
shrinkage=0.03


Tree=43
num_leaves=26
num_cat=0
split_feature=21 13 8 24 0 15 14 9 1 24 16 18 19 15 25 18 20 20 12 1 9 20 12 15 15
split_gain=474.215 349.006 158.343 128.476 84.3715 79.0628 78.7032 67.139 49.2765 46.4875 36.0662 37.809 33.928 32.8534 32.5673 22.4411 21.5185 20.6628 19.9902 18.5155 17.7535 14.016 11.0975 10.4075 4.646
threshold=-1.0000000180025095e-35 -11.040793895721434 -2.1051712036132808 -4.4999999999999991 0.23953849077224734 0.0025412738323211674 -2.7472709417343135 -0.54265412688255299 0.30098974704742437 -14.499999999999998 -0.18969825655221936 -0.10000082105398177 -0.092492248862981782 -0.013524591922760008 -0.57832443714141835 -0.17550761252641675 0.046591967344284065 -0.26798462867736811 -14.775435447692869 0.16567319631576541 -0.89317879080772389 -0.08904558420181273 -15.849410533905028 0.0032631158828735356 -0.0026188492774963375
decision_type=2 8 8 2 8 10 10 10 10 2 10 10 10 10 10 10 8 10 10 8 10 10 10 10 8
left_child=2 -2 3 14 5 6 8 -8 -4 -6 12 -12 -7 16 18 20 21 -17 22 -11 -15 -5 -1 -21 -16
right_child=1 -3 4 13 9 10 7 -9 -10 19 11 -13 -14 15 24 17 -18 -19 -20 23 -22 -23 -24 -25 -26
leaf_value=-0.004909779302594495 -0.00074157179423248274 -0.016908664130373376 -0.00047365705905451822 -0.0019675855245810023 0.0004797013844518237 0.0017078707616851128 -0.00045912427647728171 0.00028124968435414081 0.0033175485322299741 -0.001170067950650002 0.00021039304694550029 0.0012124214682354367 0.00022394955357191604 -0.0017450410735028203 -0.00020865522264134102 -0.00097292264828446288 -0.0040762373830810052 0.0011815616141099478 -0.0075095546026317144 -0.0059618663052676451 -0.00032985179768337046 0.00066376735249008335 -0.002041004976137197 -0.0024311831029728815 -0.0021939858484137059
leaf_weight=3368 2408 2090 350925 4566 3432 32038 140877 497537 2601 3047 529604 35936 25362 11607 2025 5309 3322 12027 2104 2652 26525 2316 4449 3115 3860
leaf_count=3368 2408 2090 350925 4566 3432 32038 140877 497537 2601 3047 529604 35936 25362 11607 2025 5309 3322 12027 2104 2652 26525 2316 4449 3115 3860
internal_value=-2.63418e-05 -0.00925369 4.74284e-07 -0.00128582 6.54449e-05 8.47877e-05 -8.13188e-05 0.000117172 -0.000440271 -0.00236502 0.000349622 0.000275609 0.00106498 -0.000682611 -0.00367592 -0.00037864 -0.00221207 0.000496171 -0.00472573 -0.0034712 -0.000785397 -0.00105644 -0.00353396 -0.00444878 -0.00162766
internal_weight=1.7131e+06 4498 1.7086e+06 81478 1.62713e+06 1.61488e+06 991940 638414 353526 12246 622940 565540 57400 65672 15806 55468 10204 17336 9921 8814 38132 6882 7817 5767 5885
internal_count=1713102 4498 1708604 81478 1627126 1614880 991940 638414 353526 12246 622940 565540 57400 65672 15806 55468 10204 17336 9921 8814 38132 6882 7817 5767 5885
is_linear=0
shrinkage=0.03


Tree=44
num_leaves=15
num_cat=0
split_feature=21 11 2 9 15 15 15 9 14 18 9 1 10 12
split_gain=355.964 328.596 179.984 122.272 91.5987 83.1199 655.171 67.5816 42.7634 34.4607 32.1478 19.4494 15.3357 7.3613
threshold=-1.0000000180025095e-35 -0.006362637970596551 -0.025084488093852993 -1.2401576638221739 0.00032955408096313482 -1.0000000180025095e-35 1.0000000180025095e-35 -0.39992123842239374 -3.9234573841094966 -0.076851952821016298 -0.7771857976913451 -0.46272444725036616 -0.35947161912918085 -16.020948410034176
decision_type=2 8 10 10 10 8 10 10 8 10 10 10 10 10
left_child=2 -2 11 12 5 7 -7 -5 9 -6 -10 13 -4 -1
right_child=1 -3 3 4 8 6 -8 -9 10 -11 -12 -13 -14 -15
leaf_value=-0.0028074659601911014 -0.00011750292720491064 -0.015678308109677099 -0.0054150947646877685 -0.00035422747815591735 -0.00078829920089421935 -0.014254472129176627 -0.00013940666099882218 0.00018819101271427764 -0.00047369431290303728 0.0019646274324225188 0.00038043409791238992 -0.0016106616706887326 -0.0018971742365965719 -0.0069685942771710689
leaf_weight=2020 2476 2004 3164 448739 47340 2833 26924 381789 41175 3947 742265 2249 3324 2735
leaf_count=2020 2476 2004 3164 448739 47340 2833 26924 381789 41175 3947 742265 2249 3324 2735
internal_value=-4.56153e-06 -0.00801369 1.86027e-05 3.92115e-05 5.56963e-05 -0.000161275 -0.00170649 -0.000104557 0.000279632 -0.000553721 0.000334888 -0.00461699 -0.00392039 -0.00569329
internal_weight=1.71298e+06 4480 1.7085e+06 1.7015e+06 1.69501e+06 860285 29757 830528 834727 51287 783440 7004 6488 4755
internal_count=1712984 4480 1708504 1701500 1695012 860285 29757 830528 834727 51287 783440 7004 6488 4755
is_linear=0
shrinkage=0.03


Tree=45
num_leaves=31
num_cat=0
split_feature=19 15 8 24 13 15 0 15 16 16 24 0 17 11 27 9 20 1 14 15 15 9 17 7 17 13 17 1 14 1
split_gain=368.719 482.032 147.914 112.158 89.0888 73.2014 84.3822 217.669 55.0898 45.468 35.1672 35.1541 31.4141 31.389 30.6164 28.2847 27.9071 24.6149 19.1419 17.5877 21.1109 15.0709 13.9917 13.793 12.387 11.4915 8.89997 12.327 4.6252 4.22987
threshold=-1.0000000180025095e-35 0.0014227628707885744 -2.1051712036132808 -3.4999999999999996 -13.13258123397827 0.0024568438529968266 0.19954198598861697 -0.0033267140388488765 -0.21601023524999616 0.19551253318786624 -13.499999999999998 0.043667554855346687 -0.0022770039504393931 -0.020407057367265221 0.10006594285368921 -0.89317879080772389 -0.54545456171035755 -0.24092817306518552 -2.2246235609054561 0.0088610351085662859 -0.0099093317985534651 -0.5834384262561797 0.28556685149669653 -0.07097578793764113 -0.055973816663026803 -10.658895969390867 0.044780109077692039 -0.14508998394012448 -2.6949648857116695 -0.10366040468215941
decision_type=8 10 10 2 10 10 8 10 10 10 2 10 10 10 10 8 8 8 10 10 10 8 10 10 10 10 10 10 10 10
left_child=2 -2 3 9 11 6 8 -8 -6 26 16 13 -12 14 -4 19 -7 -15 21 20 -5 -17 -11 -13 -25 -20 27 -1 -28 -21
right_child=1 -3 4 15 5 10 7 -9 -10 22 12 23 -14 17 -16 18 -18 -19 25 29 -22 -23 -24 24 -26 -27 28 -29 -30 -31
leaf_value=-0.0037335977915865463 -0.015756181202918284 0.0003318126800159014 -0.003095149016113157 -0.0026580825444473275 0.0012151660200173937 -0.0012790642688952059 0.0013722153304274352 -0.0097427487094079637 -4.3517911267832457e-05 -0.0073043576654266132 0.00022712323773359743 -0.0018074130228756971 0.00074025458995265376 0.0006789855210198166 -9.5805279729046074e-05 -9.6529411776643149e-05 0.002046522527833672 -0.0011085564212173348 0.00090328632443750138 -0.004136140722303297 -3.691733677147661e-05 -0.0017284169352408769 -0.003139668209136681 -0.00085774446369768021 0.00053553160681651382 -0.0010512460076830224 0 -0.0013529053896103229 -0.0015745753053693224 -0.0013676226343921512
leaf_weight=4884 2579 3557 12028 3639 31919 2143 3337 2293 902448 2267 425386 2951 144977 7884 4375 15303 17391 37927 16461 2172 9108 7528 3508 7001 23105 2655 2454 5370 3920 2037
leaf_count=4884 2579 3557 12028 3639 31919 2143 3337 2293 902448 2267 425386 2951 144977 7884 4375 15303 17391 37927 16461 2172 9108 7528 3508 7001 23105 2655 2454 5370 3920 2037
internal_value=-4.54622e-06 -0.00706256 2.2718e-05 -0.00122177 8.55201e-05 0.000141209 -2.29094e-05 -0.00353121 0 -0.00300716 0.000403038 -0.000801694 0.000358613 -0.00121901 -0.00233941 -0.000518074 0.00164389 -0.000790436 -8.71022e-05 -0.00153402 -0.000879935 -0.000672975 -0.0052741 -8.96981e-07 0.000193011 0.000596654 -0.00207135 -0.0026356 -0.000994293 -0.00314747
internal_weight=1.71261e+06 6136 1.70647e+06 81306 1.62516e+06 1.52989e+06 939997 5630 934367 22403 589897 95271 570363 62214 16403 58903 19534 45811 41947 16956 12747 22831 5775 33057 30106 19116 16628 10254 6374 4209
internal_count=1712607 6136 1706471 81306 1625165 1529894 939997 5630 934367 22403 589897 95271 570363 62214 16403 58903 19534 45811 41947 16956 12747 22831 5775 33057 30106 19116 16628 10254 6374 4209
is_linear=0
shrinkage=0.03


Tree=46
num_leaves=22
num_cat=0
split_feature=19 15 0 2 11 9 16 12 25 15 2 9 0 17 1 24 9 0 9 1 27
split_gain=347.055 451.123 144.795 100.963 99.052 83.836 72.6333 70.8944 56.8906 45.3733 43.1776 36.9547 35.1145 29.0307 24.3062 23.9805 23.183 21.8753 17.3447 12.8917 3.89588
threshold=-1.0000000180025095e-35 0.0014227628707885744 -0.26986879110336298 -0.014284200966358183 -0.0067015751264989367 -0.5869159698486327 -0.19355310499668119 -16.398989677429196 -0.37167574465274805 -0.025978982448577877 -0.025084488093852993 -1.2401576638221739 -0.030922234058380123 -0.3697101473808288 -0.46272444725036616 -20.499999999999996 -0.59860768914222706 -0.037083148956298821 -0.52668935060501088 -0.3671386837959289 0.049889728426933296
decision_type=8 10 10 10 10 10 10 10 10 10 10 10 10 10 10 2 8 10 10 10 10
left_child=2 -2 4 10 8 9 13 -8 16 17 14 -11 15 -7 -4 -12 20 -5 -14 -18 -1
right_child=1 -3 3 5 -6 6 7 -9 -10 11 12 -13 18 -15 -16 -17 19 -19 -20 -21 -22
leaf_value=-0.0019588343003840401 -0.01528503958568617 0.00028517201618698918 -0.0049253860712541618 -0.003968697478095912 -0.0082920377915109145 0.0019124939512982825 -0.00045023635480254099 0.00021816963892631145 0.0024615583585716606 -0.0028424860397260132 0.00081305211753849986 -0.00026629713500998168 -0.0013128028760050678 0.00067770370124370924 -0.00055456222351390333 -0.0017991950434500831 -0.0027704050759612621 -8.6745305833084359e-05 0.00063323895393744536 -1.7038888202282114e-05 -0.0049515398673967851
leaf_weight=2122 2569 3566 3651 4143 2073 23085 163469 1097124 2018 4644 3109 268276 5156 72730 2004 27493 2129 2074 14512 4219 2795
leaf_count=2122 2569 3566 3651 4143 2073 23085 163469 1097124 2018 4644 3109 268276 5156 72730 2004 27493 2129 2074 14512 4219 2795
internal_value=-2.01598e-06 -0.00685008 2.44218e-05 5.13297e-05 -0.00282873 9.45157e-05 0.000192112 0.000131111 -0.00168447 -0.000378154 -0.00119599 -0.000316349 -0.000887327 0.000986704 -0.00359608 -0.00151535 -0.00252573 -0.00282119 8.83067e-05 -0.00111913 -0.00401539
internal_weight=1.71296e+06 6135 1.70683e+06 1.69147e+06 15356 1.63554e+06 1.35641e+06 1.26059e+06 13283 279137 55925 272920 50270 95815 5655 30602 11265 6217 19668 6348 4917
internal_count=1712961 6135 1706826 1691470 15356 1635545 1356408 1260593 13283 279137 55925 272920 50270 95815 5655 30602 11265 6217 19668 6348 4917
is_linear=0
shrinkage=0.03


Tree=47
num_leaves=23
num_cat=0
split_feature=21 11 8 2 2 19 1 15 27 8 15 24 3 24 15 11 20 9 13 15 10 1
split_gain=358.044 292.852 156.549 88.9482 73.4499 81.3737 65.5753 54.2252 51.0729 49.2619 74.8688 61.1342 49.2075 41.1279 26.218 25.5197 20.9488 19.0938 15.1705 12.5345 14.4151 11.1929
threshold=-1.0000000180025095e-35 -0.0063205554615706197 -2.8683488368988033 -0.0087403785437345487 0.010241778101772072 -0.028415496461093422 -0.40737438201904291 7.7992677688598646e-05 0.098767332732677474 -1.3578717708587644 -0.0085582137107849104 -7.4999999999999991 -0.0067500637378543607 -18.499999999999996 0.0070228576660156259 -0.022117105312645432 0.25279065966606146 -1.2401576638221739 -13.393789291381834 -0.017438590526580807 -0.526872158050537 0.19215148687362674
decision_type=2 8 8 10 10 8 10 8 10 10 10 2 10 2 10 10 8 8 10 10 10 10
left_child=2 -2 6 9 5 7 -1 -5 21 10 11 -4 -7 18 -15 -12 -10 -8 -11 -19 -21 -6
right_child=1 -3 3 4 8 12 17 -9 16 13 15 -13 -14 14 -16 -17 -18 19 -20 20 -22 -23
leaf_value=-0.0056341584966470544 -0.00046487402306733211 -0.015245236102686105 -0.005090333875064414 -3.8794490464106626e-05 -0.00046500134755501205 -0.0045346504781810949 -0.0035168907119600013 0.00033537960305676107 0.0014838292880990653 -0.00061084250628176879 -0.0021648026301938966 -0.0015806701327988597 -0.00069065201193224321 -0.00066370195820400523 0.00059877932008890169 -0.00016366925076588017 0.0036097950265169851 -0.0030356483733082213 0.0019388336633017274 0.0012363364521924864 -0.001091287408597142 0.00083419235426197163
leaf_weight=3913 2466 2014 5754 696429 8452 2690 3386 694649 12023 2166 6248 20533 72651 64440 18513 42147 8160 2241 10014 2284 15136 16593
leaf_count=3913 2466 2014 5754 696429 8452 2690 3386 694649 12023 2166 6248 20533 72651 64440 18513 42147 8160 2241 10014 2284 15136 16593
internal_value=-6.73158e-07 -0.0080332 2.25592e-05 5.94093e-05 0.00013276 9.55843e-05 -0.00222405 0.000147891 0.00131733 -0.000590254 -0.00116476 -0.00244078 -0.000860846 -0.000132379 -0.000376454 -0.000447655 0.00242435 -0.00152498 0.00145555 -0.00108834 -0.000743382 0.000383486
internal_weight=1.7129e+06 4480 1.70842e+06 1.68146e+06 1.51165e+06 1.46642e+06 26960 1.39108e+06 45228 169815 74682 26287 75341 95133 82953 48395 20183 23047 12180 19661 17420 25045
internal_count=1712902 4480 1708422 1681462 1511647 1466419 26960 1391078 45228 169815 74682 26287 75341 95133 82953 48395 20183 23047 12180 19661 17420 25045
is_linear=0
shrinkage=0.03


Tree=48
num_leaves=24
num_cat=0
split_feature=19 3 8 2 9 14 11 16 18 17 27 20 23 25 18 19 14 11 18 9 25 20 23
split_gain=314.496 342.832 132.12 95.5861 91.0865 82.7708 76.8083 64.8415 61.9561 42.5085 37.241 35.5671 32.8038 13.3073 12.6987 18.7509 11.7122 11.515 11.2496 11.303 9.94275 8.97311 7.66963
threshold=-1.0000000180025095e-35 -0.0062263861764222375 -2.8683488368988033 0.0087788267992436903 -0.43550010025501246 -3.2045739889144893 -0.0026390772545710202 0.19551253318786624 -0.14839038252830503 -0.38282586634159083 0.098767332732677474 -1.2838087081909177 -1.3908689022064207 -0.38441459834575648 -0.21553666144609449 -0.54291048645973194 -2.4270125627517696 -0.014003769960254429 -0.63493287563323964 -0.25337383151054377 -0.55238783359527577 0.23018243908882144 -1.9820811152458189
decision_type=8 10 8 10 10 8 10 10 8 8 8 8 10 10 10 10 10 10 10 10 10 10 10
left_child=2 -2 7 4 6 11 8 14 -4 -7 18 -6 13 -12 17 -16 -14 -1 -5 -20 -19 -3 -17
right_child=1 21 3 10 5 9 -8 -9 -10 -11 12 -13 16 -15 15 22 -18 20 19 -21 -22 -23 -24
leaf_value=-0.0033301632644851726 -0.015279392920180764 -0.0022320597097469021 -0.00033922095754796371 -0.0010231452011553004 -0.0023541647582649306 0.001667777397563526 -0.0052162327361911908 -0.0054057800207681266 0.00047529522976721126 0.00031967348243718544 -0.00095588846499002381 -0.00024635399813955933 0.0032885743336590941 0.0014846968477279056 -0.0021844809271693859 -0.00058884414175236727 0.0015668675375617161 -0.0019019300086558508 0.00085411365158591347 -0.00090536104211621159 0 0.00025957788858535405 0.0013470405276327134
leaf_weight=3721 2009 2018 598657 3082 7044 21379 2293 3942 97038 689140 3729 193057 11273 3277 3055 2695 8775 6337 39062 3017 3594 2118 3598
leaf_count=3721 2009 2018 598657 3082 7044 21379 2293 3942 97038 689140 3729 193057 11273 3277 3055 2695 8775 6337 39062 3017 3594 2118 3598
internal_value=9.92288e-07 -0.00651268 2.65052e-05 6.03721e-05 1.2087e-05 0.000209858 -0.000245468 -0.00203801 -0.000224919 0.000361803 0.00112433 -0.000327732 0.00200023 0.000168565 -0.0013453 -0.000419071 0.00260605 -0.00192112 0.00057689 0.000711766 -0.00123009 -0.00100102 0.000491508
internal_weight=1.71391e+06 6145 1.70776e+06 1.68082e+06 1.60861e+06 910620 697988 26942 695695 710519 72215 200101 27054 7006 23000 9348 20048 13652 45161 42079 9931 4136 6293
internal_count=1713910 6145 1707765 1680823 1608608 910620 697988 26942 695695 710519 72215 200101 27054 7006 23000 9348 20048 13652 45161 42079 9931 4136 6293
is_linear=0
shrinkage=0.03


Tree=49
num_leaves=31
num_cat=0
split_feature=0 23 2 19 2 3 2 18 23 12 14 24 0 18 15 27 0 0 12 3 12 3 27 23 8 3 10 15 15 12
split_gain=300.835 273.304 97.9167 73.552 71.1714 68.5596 66.3963 63.471 60.2387 52.5588 46.625 52.9978 43.6191 38.8156 36.8869 36.3682 29.8562 25.469 25.42 22.6146 17.4613 16.311 15.6937 14.5666 14.5248 14.1297 18.188 11.4346 14.4605 8.33323
threshold=-0.26986879110336298 -0.56055811047554005 -0.0083941775374114496 -1.0000000180025095e-35 0.013104489073157312 -0.0024637744063511486 0.0090812202543020266 -0.1033826284110546 -2.2043269872665401 -16.902705192565914 -2.434928178787231 -3.4999999999999996 -0.018986046314239498 -0.020139985717833039 -0.016266644001007077 0.099853783845901503 -0.024241805076599118 0.23953849077224734 -16.368467330932614 -0.0041272013913840047 -14.842612266540526 0.0010815933346748354 0.049632674083113677 -2.5597816705703731 -1.1127421259880064 -0.004517452558502554 -0.22693099826574323 -0.013172864913940428 0.0066254436969757089 -15.570455551147459
decision_type=10 8 10 8 10 10 10 10 10 10 8 2 10 10 10 10 10 10 10 10 10 10 10 10 10 10 10 10 10 10
left_child=1 4 8 6 10 -5 7 9 16 -4 20 -12 13 14 -10 21 25 -17 22 -20 29 -8 -14 -9 -15 -2 -27 -18 -29 -1
right_child=2 -3 3 5 -6 -7 15 23 12 -11 11 -13 18 24 -16 17 27 -19 19 -21 -22 -23 -24 -25 -26 26 -28 28 -30 -31
leaf_value=-0.0012640892889894042 -0.0041310031097971257 -0.012916467361917271 -0.0010311765191611841 -0.0069868108938860559 0.0024169725273512671 0.00015686416235174036 0.0010117540598234983 -0.0011905938641054454 -0.0020664392736069424 7.1445941714694416e-05 -0.0081728254378904616 -0.0014369165279738373 -0.002201477882979521 0.0023882918928117094 -0.00057088751451417395 0.0025272156041353999 0.00082362805608136576 -0.00062315394377604472 -0.00014022511231766429 0.001213131399623745 -0.0034024796810423197 -0.00017300031317359885 -1.7972997695056565e-05 0.00092962625423691323 -0.00040587094093305891 -0.00086247495777395846 -0.0033956864771617508 -0.001937151254948801 -5.7591048974528024e-05 0.00087851175149494907
leaf_weight=3812 4576 2116 39578 2028 2085 2124 27509 2482 18828 1310514 2345 2279 4349 4211 71967 17423 2621 2282 18373 25954 2508 15867 8369 87126 2144 7477 4296 8537 6846 2035
leaf_count=3812 4576 2116 39578 2028 2085 2124 27509 2482 18828 1310514 2345 2279 4349 4211 71967 17423 2621 2282 18373 25954 2508 15867 8369 87126 2144 7477 4296 8537 6846 2035
internal_value=-6.96776e-07 -0.00389394 3.97122e-05 0.00012058 -0.00223306 -0.00364382 0.000132388 9.02293e-05 -0.000603627 3.85306e-05 -0.00306427 -0.00537566 -0.000345332 -0.000731516 -0.000893922 0.00108159 -0.0017328 0.00214114 0.000307782 0.000650182 -0.00151986 0.000574499 -0.000842364 0.00086129 0.00144101 -0.00265503 -0.00191198 -0.000830013 -0.00114771 -0.000460647
internal_weight=1.71266e+06 17180 1.69548e+06 1.50693e+06 15064 4152 1.50278e+06 1.4397e+06 188548 1.35009e+06 12979 4624 154195 97150 90795 63081 34353 19705 57045 44327 8355 43376 12718 89608 6355 16349 11773 18004 15383 5847
internal_count=1712661 17180 1695481 1506933 15064 4152 1502781 1439700 188548 1350092 12979 4624 154195 97150 90795 63081 34353 19705 57045 44327 8355 43376 12718 89608 6355 16349 11773 18004 15383 5847
is_linear=0
shrinkage=0.03


Tree=50
num_leaves=28
num_cat=0
split_feature=21 11 23 2 18 0 15 24 0 0 24 18 8 4 15 13 8 8 4 10 20 26 11 13 2 11 20
split_gain=276.762 310.557 137.297 91.4552 83.0598 72.9711 72.0571 59.2822 61.9863 47.3064 40.9275 37.6008 36.9121 34.7765 31.2761 26.136 18.7922 20.437 18.5348 18.2638 16.9521 15.3214 23.2681 9.79104 8.91918 8.37838 7.54355
threshold=-1.0000000180025095e-35 -0.006362637970596551 -1.946896433830261 -0.019792213104665276 -0.10000082105398177 -0.044095754623413079 -0.0306897759437561 -12.499999999999998 0.23953849077224734 -0.098359882831573472 -6.4999999999999991 -0.64388233423233021 -2.5705569982528682 -0.070757895708084093 -0.0083804130554199201 -11.345410346984862 -0.95546790957450856 -2.7017740011215206 -0.099950149655342088 -0.22396688908338544 0.028950452804565433 1.0000000180025095e-35 -0.018875412642955777 -11.570622920989988 -0.0029685153858736153 -0.016430065035820004 -0.54545456171035755
decision_type=2 8 10 10 10 10 10 2 8 10 2 10 10 10 10 10 10 10 10 10 8 2 10 10 10 10 8
left_child=2 -2 3 12 5 6 15 11 -9 14 21 -7 -1 -8 25 -4 17 -12 -16 23 -21 22 -6 -11 -18 -5 -14
right_child=1 -3 4 9 10 7 13 8 -10 19 16 -13 26 -15 18 -17 24 -19 -20 20 -22 -23 -24 -25 -26 -27 -28
leaf_value=-0.007036151205642098 0.00022859841614512785 -0.014513809705045753 -0.0018243114042494424 -0.0051966863051080784 -0.004067516930244661 0.0041874241073998359 -0.00073447832633413278 0.00010667819530402878 -0.004191162912777345 -0.0010123299042271582 -0.0010097999458442736 0.00096894545305410132 -0.000985929892693533 -4.0674243840261925e-06 -0.0019207435656126753 -0.0057182311847895845 1.7370235391047567e-05 0.0015137545072214328 0.00085787272305709985 0.00030535336746188814 -0.00090794059083940701 0.0006897514713544925 -0.00020401882389275329 0.00031951668486677727 0.0009614158907798626 -0.0021624178617680062 -0.0033121449277610853
leaf_weight=2097 2531 2005 7683 2736 2101 3332 103971 1192552 2525 43475 2559 31997 3397 135723 5389 2018 18016 58997 2871 35124 14082 2556 3556 4997 18988 3502 3507
leaf_count=2097 2531 2005 7683 2736 2101 3332 103971 1192552 2525 43475 2559 31997 3397 135723 5389 2018 18016 58997 2871 35124 14082 2556 3556 4997 18988 3502 3507
internal_value=5.00657e-08 -0.00702228 2.09278e-05 -0.000950049 9.55527e-05 3.68951e-05 -0.000430231 0.000131958 9.55977e-05 -0.000703897 0.000901749 0.00133506 -0.00378769 -0.000323013 -0.00227963 -0.00290431 0.00107342 0.00139672 -0.000926869 -0.000456543 -4.14775e-05 -0.00106728 -0.00190143 -0.000867043 0.00051615 -0.00382465 -0.00235196
internal_weight=1.71229e+06 4536 1.70775e+06 121177 1.58657e+06 1.4798e+06 249395 1.23041e+06 1.19508e+06 112176 106773 35329 9001 239694 14498 9701 98560 61556 8260 97678 49206 8213 5657 48472 37004 6238 6904
internal_count=1712287 4536 1707751 121177 1586574 1479801 249395 1230406 1195077 112176 106773 35329 9001 239694 14498 9701 98560 61556 8260 97678 49206 8213 5657 48472 37004 6238 6904
is_linear=0
shrinkage=0.03


Tree=51
num_leaves=30
num_cat=0
split_feature=12 23 0 6 14 17 12 17 24 23 9 14 20 16 12 9 0 10 21 14 27 16 1 9 16 24 20 17 23
split_gain=280.687 398.259 127.892 105.848 87.4131 54.0483 43.522 51.5474 56.8528 36.4569 35.2123 51.0508 32.6072 30.1307 35.3457 26.1041 23.7835 22.6821 19.298 18.8303 15.5002 15.4305 14.822 13.4928 10.55 9.84197 7.32629 6.68825 3.86596
threshold=-12.590905666351317 -0.80808189511299122 -0.047193109989166253 -1.4999999999999998 -1.8983689546585081 -0.43440744280815119 -16.902705192565914 -0.054252604022622102 -11.499999999999998 -2.2043269872665401 -0.67348966002464283 -2.6868264675140376 -1.6198639869689939 0.068592827767133727 -14.763597965240477 -0.35746578872203821 -0.098359882831573472 -0.10565530508756636 -0.74999999999999989 -1.3787660002708433 0.09631433337926866 -0.12042251974344252 0.20391178131103518 -0.30442425608634943 -0.21601023524999616 -19.499999999999996 0.39665031433105474 0.01630485896021128 -0.88312432169914235
decision_type=8 8 10 2 8 10 8 10 2 10 8 10 10 10 10 8 10 10 2 8 10 10 10 10 10 2 8 8 10
left_child=2 17 3 4 13 20 21 8 -8 -9 18 12 -12 25 -15 -13 -6 -2 27 -20 22 28 26 -23 -22 -1 -4 -5 -7
right_child=1 -3 5 10 16 6 7 9 -10 -11 11 15 -14 14 -16 -17 -18 -19 19 -21 24 23 -24 -25 -26 -27 -28 -29 -30
leaf_value=0.00069695776459825028 -0.0023924115497963995 -0.01552263276553729 0.00022370375938525326 -0.00043672349150341731 -0.0066194212844645816 -0.00014636809234016272 0.0014493003493132239 -0.00053273066261306005 -4.9920838823465667e-05 0.00045466047737804303 -0.002683705649509495 -3.9246777637757651e-06 -0.00049512337806746458 -0.0014780373643748497 -0.0050356390680449045 0.0010055324075424596 -0.001795120095692134 0.0013367448097093197 -0.0015751052715759696 0.0007465434108449258 0.0034225744591185113 -0.0012940531672499856 -0.00092515004458558589 0 0.00080600478461313437 -0.00084179793282301125 0.0019265296114713147 0.0016481107453112426 0.0011748921049493377
leaf_weight=5679 2686 2029 4041 2105 3695 3288 22908 35718 824962 444958 6149 82982 102866 21753 2644 31116 2053 2179 32758 2997 5140 31679 2665 9651 2803 8697 7209 2275 3281
leaf_count=5679 2686 2029 4041 2105 3695 3288 22908 35718 824962 444958 6149 82982 102866 21753 2644 31116 2053 2179 32758 2997 5140 31679 2665 9651 2803 8697 7209 2275 3281
internal_value=-2.33117e-05 -0.0058558 1.78952e-06 -0.000551167 -0.00189711 0.000123864 9.98273e-05 0.000132166 -8.23053e-06 0.000380189 -0.000319236 -0.000169309 -0.000632999 -0.00133574 -0.00196902 0.000271936 -0.0052259 -0.000697313 -0.00113297 -0.00136462 0.00158802 -0.000783042 0.000897631 -0.000998955 0.00263716 -0.000210777 0.00137595 0.000642591 0.000507543
internal_weight=1.71297e+06 6894 1.70607e+06 307769 44521 1.3983e+06 1.37644e+06 1.32855e+06 847870 480676 263248 223113 109015 38773 24397 114098 5748 4865 40135 35755 21858 47899 13915 41330 7943 14376 11250 4380 6569
internal_count=1712966 6894 1706072 307769 44521 1398303 1376445 1328546 847870 480676 263248 223113 109015 38773 24397 114098 5748 4865 40135 35755 21858 47899 13915 41330 7943 14376 11250 4380 6569
is_linear=0
shrinkage=0.03


Tree=52
num_leaves=24
num_cat=0
split_feature=19 15 0 11 24 8 16 13 1 0 19 16 18 17 16 18 24 9 27 17 2 1 1
split_gain=289.667 410.002 119.825 97.9804 84.8166 77.3208 59.2247 59.8869 65.1904 52.1126 50.6802 47.7185 45.7237 41.5228 38.7537 35.9938 32.2161 31.8626 36.5879 37.6484 30.1181 21.9506 16.2636
threshold=-1.0000000180025095e-35 1.0000000180025095e-35 -0.056228399276733391 -0.0040012665558606378 -4.4999999999999991 -1.6766262054443357 -0.22150472551584241 -11.601281642913817 0.0015695691108703615 0.0091412067413330095 -0.056700512766838067 -0.024497292935848233 -0.096391014754772172 -0.33391572535037989 -0.14602738618850705 -0.11031242087483405 -18.499999999999996 -0.6940692365169524 0.076521169394254698 -0.3697101473808288 -0.021752090193331238 0.1321671009063721 0.1321671009063721
decision_type=8 10 10 8 2 10 10 8 10 10 8 8 10 10 10 10 2 10 10 10 10 10 8
left_child=2 -2 3 4 5 20 17 9 13 12 -11 -10 -8 -9 22 -16 -7 -4 21 -20 -1 -19 -6
right_child=1 -3 6 -5 14 16 7 8 11 10 -12 -13 -14 -15 15 -17 -18 18 19 -21 -22 -23 -24
leaf_value=-0.0060575558710932176 -0.014417338425108494 0.00035533934765430506 -0.0015142024981873066 -0.0063547894029357373 0.00030269801658729356 0.00054872127829852133 -0.00064580091473338916 0.0022542342563123363 -0.00011282058817513277 0.00015931490608185069 -0.0015545796934235184 0.00069949252484038883 0.00051306754053237046 0.00049871252336542576 -0.00047932556706748272 0.00058759559261063602 -0.0011445618388062253 0.0014749712066506036 0.003108651614956021 0.0010512574877640194 -0.0023924752588486233 -0.00067001005105362353 0.0035595582615521532
leaf_weight=2554 2535 3679 3771 2155 2839 11656 225293 12339 414594 320178 15802 76670 34780 287679 125674 36078 57874 5918 11342 30293 13684 12434 2945
leaf_count=2554 2535 3679 3771 2155 2839 11656 225293 12339 414594 320178 15802 76670 34780 287679 125674 36078 57874 5918 11342 30293 13684 12434 2945
internal_value=-3.22053e-05 -0.00625136 -7.55961e-06 -0.000606195 -0.000543683 -0.00130845 9.77935e-05 5.63028e-05 0.000227473 -0.00017043 7.56242e-05 1.39268e-05 -0.000488985 0.000575542 -0.000147659 -0.000238428 -0.000854525 0.000988473 0.00116198 0.00164908 -0.00315059 2.65465e-05 0.00215999
internal_weight=1.71277e+06 6214 1.70655e+06 255459 253304 85768 1.45109e+06 1.38734e+06 791282 596053 335980 491264 260073 300018 167536 161752 69530 63758 59987 41635 16238 18352 5784
internal_count=1712766 6214 1706552 255459 253304 85768 1451093 1387335 791282 596053 335980 491264 260073 300018 167536 161752 69530 63758 59987 41635 16238 18352 5784
is_linear=0
shrinkage=0.03


Tree=53
num_leaves=28
num_cat=0
split_feature=19 15 23 0 11 2 16 18 12 11 11 8 25 27 16 20 5 16 19 20 15 8 8 5 27 12 1
split_gain=258.833 354.119 116.877 80.5909 94.8365 78.0426 65.9518 56.4957 52.9519 36.6225 36.3382 35.5172 31.9286 30.7394 39.0555 30.6404 24.827 23.5172 20.9608 20.8206 19.081 18.3213 13.3964 12.1514 11.8703 9.4537 8.7051
threshold=-1.0000000180025095e-35 1.0000000180025095e-35 -1.8251809477806089 0.23953849077224734 -0.0084330621175467951 -0.017182150855660435 -0.17015773802995679 -0.14563558995723722 -16.245450019836422 -0.020407057367265221 -0.021637690253555771 -1.7467752695083616 -0.34883405268192286 0.083339974284172072 -0.36280530691146845 -0.015204429626464842 -1.5367082953453062 0.03545032441616059 -0.57796278595924366 0.010144412517547609 0.006889432668685914 -2.4587732553482051 -1.3164727687835691 -1.1679751873016355 0.082356378436088576 -15.900916576385496 -0.40737438201904291
decision_type=8 10 8 8 10 10 10 10 10 10 10 10 10 10 10 8 10 10 10 8 10 10 10 10 10 10 10
left_child=2 -2 5 6 12 11 13 8 -8 -9 16 20 23 19 -15 18 17 -7 -12 -4 26 -17 -18 -5 -13 -26 -1
right_child=1 -3 3 4 -6 10 7 9 -10 -11 15 24 -14 14 -16 21 22 -19 -20 -21 -22 -23 -24 -25 25 -27 -28
leaf_value=-0.0063686617262367082 -0.013555824352513882 0.00022437608617424087 0.0013815073689594452 -0.0028332925967711423 -0.0075023698583645314 -0.0011318559546430037 -0.00052928083735888191 -0.0015988752801225894 3.9708037802579921e-05 0.00060586618283397294 -0.00054956315885778346 -0.0024499463173404228 0.0020560395770890202 0.0041997523687151714 0.00096375347800077928 -0.0028026322446594388 -0.0018454192039185637 -0.0042828508670773313 0.00043641200574720985 2.5047710766950314e-05 -0.0014225625988953361 -0.00077438193018978846 0.00070297340540502213 -0.00026862766584161477 0.00096481034749678458 -0.001475451781165964 -0.0025149952788750167
leaf_weight=3113 2505 3671 11849 4033 2078 5072 170707 6509 1045759 178079 35256 3292 2023 3162 70395 4393 2647 4621 41898 61027 2482 34270 3893 3252 2596 2113 2211
leaf_count=3113 2505 3671 11849 4033 2078 5072 170707 6509 1045759 178079 35256 3292 2023 3162 70395 4393 2647 4621 41898 61027 2482 34270 3893 3252 2596 2113 2211
internal_value=-2.10425e-05 -0.00591662 1.84216e-06 7.85687e-05 -0.00238137 -0.000802611 9.76254e-05 3.39743e-05 -4.00765e-05 0.000522392 -0.000555596 -0.00276744 -0.000883342 0.000702403 0.00113433 -0.000361819 -0.00186808 -0.00279988 -1.09097e-05 0.000257596 -0.00417412 -0.00104534 -0.000343661 -0.00181775 -0.00119498 -0.0001091 -0.0051731
internal_weight=1.71291e+06 6176 1.70673e+06 1.55887e+06 11386 147857 1.54749e+06 1.40105e+06 1.21647e+06 184588 132050 15807 9308 146433 73557 115817 16233 9693 77154 72876 7806 38663 6540 7285 8001 4709 5324
internal_count=1712906 6176 1706730 1558873 11386 147857 1547487 1401054 1216466 184588 132050 15807 9308 146433 73557 115817 16233 9693 77154 72876 7806 38663 6540 7285 8001 4709 5324
is_linear=0
shrinkage=0.03


Tree=54
num_leaves=23
num_cat=0
split_feature=19 15 0 11 23 14 17 25 20 1 18 23 2 26 14 4 2 0 17 7 10 15
split_gain=292.72 391.124 104.784 80.7585 79.7634 62.5481 67.6695 58.0137 56.0226 41.4726 33.444 30.9299 28.7679 27.5547 26.3274 24.554 19.1429 17.2505 9.68699 5.40582 5.35928 4.28711
threshold=-1.0000000180025095e-35 1.0000000180025095e-35 -0.26986879110336298 -0.0067015751264989367 -2.6657222509384151 -3.2329759597778316 -0.34303385019302363 -0.39981351792812342 -0.017942428588867184 0.2106474041938782 -0.080887086689472185 -1.3327054381370542 -0.0034430756932124491 1.0000000180025095e-35 -2.6779345273971553 -0.10012776777148245 -0.019792213104665276 0.048620015382766731 -0.017267468385398384 -0.037079667672514909 -0.36855617165565485 0.009604990482330324
decision_type=8 10 10 10 10 8 10 10 10 8 10 10 10 2 10 10 10 10 10 10 10 10
left_child=2 -2 3 7 12 9 13 11 -8 10 -6 15 14 -7 20 -1 -16 -11 -13 21 -4 -14
right_child=1 -3 4 -5 5 6 8 -9 -10 17 -12 18 19 -15 16 -17 -18 -19 -20 -21 -22 -23
leaf_value=-0.0050877411665875135 -0.014378406440429602 0.00016136709010437377 -0.0012395438462789979 -0.0073436810558727278 -0.00048097841099086554 0.00061708243822902265 0.00037863755889263619 0.002439150171080819 -3.4626864256561598e-05 1.5058107176241495e-05 0.00056308386048331809 -0.001622572696715147 -7.9301218297331002e-06 0.0017994696629321603 -0.0035252699815825801 -0.0009348922280166341 -0.00072105473506522977 0.002028804034572616 0.00082481184413362384 -0.0010228710630797984 -0.0037082062048504399 0.0013419556446506392
leaf_weight=3654 2468 3677 2153 2051 267611 59611 473183 2413 780410 7058 30107 2282 5642 26244 2194 2534 17986 8762 2445 2636 5954 2524
leaf_count=3654 2468 3677 2153 2051 267611 59611 473183 2413 780410 7058 30107 2282 5642 26244 2194 2534 17986 8762 2445 2636 5954 2524
internal_value=8.50821e-06 -0.00627556 3.31303e-05 -0.00239211 5.60503e-05 8.80657e-05 0.000177494 -0.00137045 0.000121214 -0.000292693 -0.000373624 -0.00230888 -0.00127425 0.000990313 -0.00176982 -0.00362903 -0.0011183 0.00117675 -0.000341482 1.78414e-05 -0.00319755 0.000428037
internal_weight=1.7136e+06 6145 1.70745e+06 15379 1.69208e+06 1.65299e+06 1.33945e+06 13328 1.25359e+06 313538 297718 10915 39089 85855 28287 6188 20180 15820 4727 10802 8107 8166
internal_count=1713599 6145 1707454 15379 1692075 1652986 1339448 13328 1253593 313538 297718 10915 39089 85855 28287 6188 20180 15820 4727 10802 8107 8166
is_linear=0
shrinkage=0.03


Tree=55
num_leaves=21
num_cat=0
split_feature=12 11 2 9 2 9 19 14 2 1 16 22 20 20 17 0 1 12 19 19
split_gain=244.441 345.321 117.674 81.9725 60.9933 59.1883 57.4394 34.3899 46.7226 44.3087 30.3054 26.8385 26.0553 22.6174 18.3072 14.9295 14.6639 20.0085 10.2339 7.56645
threshold=-12.590905666351317 -0.006910148309543728 -0.025084488093852993 -0.38296937942504877 0.0090812202543020266 -1.2401576638221739 -0.034271823242306702 -2.7120422124862666 0.00066185742616653453 0.19787198305130008 -0.30202190577983851 -3.4999999999999996 0.3032300472259522 -1.2838087081909177 -0.43440744280815119 0.072387397289276137 -0.46272444725036616 -16.049340248107907 -0.092492248862981782 -0.29829967021942133
decision_type=8 8 10 8 10 10 8 10 10 10 8 2 8 8 10 10 10 10 10 10
left_child=2 11 16 4 5 19 -7 9 12 13 -6 -2 -9 -5 -10 -12 17 -1 -11 -4
right_child=1 -3 3 7 10 6 -8 8 14 18 15 -13 -14 -15 -16 -17 -18 -19 -20 -21
leaf_value=-0.0016260814318209233 -0.0028156329977020896 -0.014208480416330554 -0.0042499118991767343 -0.0017030304998939632 0.0035627069408465644 -9.9628690824946715e-05 -0.0011881564072417944 0.0006742552418485977 0.0018176663109640179 0.0019528029366681508 0.00020782206575173368 0.0013076149924434112 0.0017802881101763306 0 0.00010847062577032738 0.00155731867547482 -0.0011384598953079828 -0.0062930818443296564 0 -0.0013940990373253529
leaf_weight=2027 2016 2115 2823 6713 3561 915973 45405 179817 5338 12368 19552 2710 21768 263765 204556 12194 2138 2651 3045 2627
leaf_count=2027 2016 2115 2823 6713 3561 915973 45405 179817 5338 12368 19552 2710 21768 263765 204556 12194 2138 2651 3045 2627
internal_value=7.8112e-06 -0.00545455 3.14782e-05 4.79819e-05 -0.000125596 -0.000170812 -0.000151942 0.000297758 0.00047327 4.37143e-05 0.00108928 -0.000494965 0.000799283 -4.56348e-05 0.000157581 0.000751592 -0.00376461 -0.00468108 0.00158269 -0.00315661
internal_weight=1.71316e+06 6841 1.70632e+06 1.6995e+06 1.00214e+06 966828 961378 697370 411479 285891 35307 4726 201585 270478 209894 31746 6816 4678 15413 5450
internal_count=1713162 6841 1706321 1699505 1002135 966828 961378 697370 411479 285891 35307 4726 201585 270478 209894 31746 6816 4678 15413 5450
is_linear=0
shrinkage=0.03


Tree=56
num_leaves=31
num_cat=0
split_feature=12 0 0 15 8 19 16 22 25 17 7 13 13 13 24 12 17 17 7 14 20 0 11 16 15 9 10 12 9 15
split_gain=231.885 300.807 111.177 127.532 79.1132 72.4709 67.0106 66.4792 40.5884 39.4171 38.8113 34.1083 30.0055 28.0055 34.5162 27.8818 27.7312 27.5447 37.5124 26.8432 23.8815 17.8179 15.1233 14.8283 14.1617 13.228 11.8977 11.6934 11.5041 11.3818
threshold=-12.590905666351317 0.17703989148139956 -0.024854302406311032 -0.02287197113037109 -1.6766262054443357 -0.043686764314770692 -0.16460102796554563 -12.499999999999998 -0.61640286445617665 -0.37622246146202082 -0.025555126368999478 -12.058441638946531 -13.098713874816893 -11.335710048675535 -4.4999999999999991 -15.033113956451414 -0.33829864859580988 -0.35813848674297327 -0.025687469169497486 -2.3947082757949825 -0.7080445885658263 0.23953849077224734 -0.016430065035820004 -0.27010935544967646 0.0041326880455017099 -0.53442847728729237 0.1976176127791405 -14.465715408325194 -0.34497475624084467 -0.0023574233055114742
decision_type=8 8 10 10 8 10 8 2 8 8 10 10 10 10 2 10 10 10 10 10 8 10 10 10 10 10 10 10 8 10
left_child=2 -2 3 4 15 6 16 19 12 25 -11 -10 -8 14 -6 22 23 24 26 20 -5 -18 -1 -4 29 -9 -19 -26 -21 -7
right_child=1 -3 5 7 13 17 8 9 11 10 -12 -13 -14 -15 -16 -17 21 18 -20 28 -22 -23 -24 -25 27 -27 -28 -29 -30 -31
leaf_value=-0.0048476421621966937 0.00024316803784414092 -0.011745417319862467 0.0030628959648822131 0.00014519597156581893 -0.0015191969667189044 0.00054181940256635874 -0.00068487444138460424 -0.00023135111638656792 -0.00023472685527879818 -0.00044933584913375526 0.00013510996981342066 0.00019536669813576869 0.00076520212453103044 -0.0033745238952982526 0.0010313041693188331 -0.0068228271837928742 0.00079325863973258031 -0.0026497355118131603 -0.00047398832139975116 -0.00089860434382692852 -0.0026538790987606525 -0.0012052721805225724 -0.00158288782202878 0.0012625500627562057 0.00027643047920991056 0.0020622344899459497 -0.00077305610629301621 0.0020209717982479637 0.0010534158749039549 -0.0012008343841058387
leaf_weight=2193 3958 2981 6987 2979 13168 5517 13644 2545 228437 227097 184284 599618 129631 3767 6775 2926 78541 10328 90574 17403 16309 3681 4885 14682 10663 9082 5722 5174 2638 6904
leaf_count=2193 3958 2981 6987 2979 13168 5517 13644 2545 228437 227097 184284 599618 129631 3767 6775 2926 78541 10328 90574 17403 16309 3681 4885 14682 10663 9082 5722 5174 2638 6904
internal_value=-2.49413e-05 -0.00531009 -1.72116e-06 -0.000379912 -0.00214866 0.000153154 0.000235615 -0.000248103 0.000157533 -0.000136823 -0.00018695 7.62839e-05 0.000623124 -0.00114253 -0.000634038 -0.00433678 0.000958518 -0.000500416 -0.000721307 -0.00142072 -0.00221366 0.000693415 -0.00288711 0.00191258 0.000320674 0.00154662 -0.00204237 0.00090915 -0.000607667 -0.000412573
internal_weight=1.71309e+06 6939 1.70615e+06 496051 33714 1.2101e+06 1.07522e+06 462337 971330 423008 411381 828055 143275 23710 19943 10004 103891 134882 106624 39329 19288 82222 7078 21669 28258 11627 16050 15837 20041 12421
internal_count=1713093 6939 1706154 496051 33714 1210103 1075221 462337 971330 423008 411381 828055 143275 23710 19943 10004 103891 134882 106624 39329 19288 82222 7078 21669 28258 11627 16050 15837 20041 12421
is_linear=0
shrinkage=0.03


Tree=57
num_leaves=24
num_cat=0
split_feature=12 21 8 15 4 14 2 16 2 0 12 19 20 18 12 17 0 20 2 18 17 14 15
split_gain=247.631 305.244 123.211 86.4724 82.2038 51.1627 50.3491 46.269 43.3923 37.4611 37.0152 37.0917 37.1267 26.9807 15.8986 13.3587 11.0442 12.7075 9.39928 9.02204 7.58443 6.91507 4.97213
threshold=-12.590905666351317 -0.25000000745058054 -3.3971583843231197 0.00049364566802978526 -0.07722828164696692 -2.4604431390762325 -0.021752090193331238 -0.034723304212093346 0.010742675047367813 -0.16324651241302487 -16.862748146057125 -0.022493936121463772 0.35606122016906744 -0.068053830415010438 -16.297900199890133 -0.35813848674297327 -0.054949045181274407 -1.2838087081909177 -0.011388853192329405 -0.13193822652101514 0.03652660362422467 -1.907317519187927 -0.00023537874221801755
decision_type=8 2 8 10 10 10 10 10 10 10 10 10 8 10 10 10 10 10 10 10 10 10 8
left_child=2 22 9 4 6 13 14 -7 -8 -1 16 12 -12 -6 -4 -13 19 -18 -11 -5 21 -20 -2
right_child=1 -3 3 10 5 7 8 -9 -10 18 11 15 -14 -15 -16 -17 17 -19 20 -21 -22 -23 -24
leaf_value=-0.0051153425688952548 0.00098533210278938877 -0.012182194691543408 -0.00054663318376648373 -0.0030041119551676523 -0.0003724529382667867 -8.9633327576316957e-05 -0.00066631628793616549 0.00059590921514059256 0.0022890869538536021 -0.0030441840821190174 0.0002749594897219632 0.00026571693483130426 0.0010368820101369363 0.00082709444804870307 -0.0038725639131785825 -0.00082557649496480272 -0.0024042959311910989 -0.00024823480995176653 -0.00025378242799026376 -0.00022900273431010883 0.00045809541571609924 -0.0026374416734693653 -0.00089728694939628095
leaf_weight=4045 2026 2859 2186 2699 288445 190608 201168 163885 4051 2525 674132 13397 62968 17316 5350 34499 2287 28117 2728 2081 2206 2003 2012
leaf_count=4045 2026 2859 2186 2699 288445 190608 201168 163885 4051 2525 674132 13397 62968 17316 5350 34499 2287 28117 2728 2081 2206 2003 2012
internal_value=-2.30209e-05 -0.00550021 5.41873e-07 2.38911e-05 -0.000183666 -1.77888e-05 -0.000695786 0.000226846 -0.000601097 -0.00280139 0.00024516 0.00028823 0.000341113 -0.000302301 -0.00303917 -0.00051454 -0.000697952 -0.000456397 -0.00157496 -0.00198887 -0.000831131 -0.00147596 0
internal_weight=1.71359e+06 6897 1.7067e+06 1.69319e+06 873009 660254 212755 354493 205219 13507 820180 784996 737100 305761 7536 47896 35184 30404 9462 4780 6937 4731 4038
internal_count=1713593 6897 1706696 1693189 873009 660254 212755 354493 205219 13507 820180 784996 737100 305761 7536 47896 35184 30404 9462 4780 6937 4731 4038
is_linear=0
shrinkage=0.03


Tree=58
num_leaves=15
num_cat=0
split_feature=19 3 9 2 0 19 22 20 21 14 19 25 7 5
split_gain=219.093 239.431 100.337 91.0605 66.8745 64.411 63.8606 57.2402 41.3152 40.7834 32.2776 17.8845 12.0887 8.77904
threshold=-1.0000000180025095e-35 -0.0062263861764222375 -1.2401576638221739 -0.025084488093852993 -0.022418200969696041 -0.024545336142182347 -12.499999999999998 0.36835342645645147 -0.15000000223517415 -2.1701959371566768 -0.29218979179859156 -0.42702881991863245 -0.024527256377041336 0.6885233223438264
decision_type=8 10 10 8 10 10 2 10 2 10 10 10 8 8
left_child=2 -2 10 13 6 7 9 -6 -8 -5 -1 -7 -3 -4
right_child=1 12 3 4 5 11 8 -9 -10 -11 -12 -13 -14 -15
leaf_value=-0.0051116226254905462 -0.012645901819292078 -0.0021821856016503122 -0.0015077541498243249 -0.002055606700835092 0.00017330855809233293 -0.0014937501523370326 -0.00011622923679366492 0.0012110541618816477 -0.0035356743927079711 -0.00016213129968578149 -0.0008793848599504922 -0.00040220471548146403 0.00071318956973703287 -0.0042845418890944086
leaf_weight=3918 2063 2095 2951 26727 1062613 19557 467240 49750 2710 17135 3266 46997 2018 3876
leaf_count=3918 2063 2095 2951 26727 1062613 19557 467240 49750 2710 17135 3266 46997 2018 3876
internal_value=-9.93869e-06 -0.00543415 1.10994e-05 2.6731e-05 4.13391e-05 0.000165962 -0.000243902 0.000220514 -0.000140322 -0.00133283 -0.00340902 -0.000736178 -0.000773241 -0.00331001
internal_weight=1.71292e+06 6176 1.70674e+06 1.69956e+06 1.69273e+06 1.17892e+06 513812 1.11236e+06 469950 43862 7184 66554 4113 6827
internal_count=1712916 6176 1706740 1699556 1692729 1178917 513812 1112363 469950 43862 7184 66554 4113 6827
is_linear=0
shrinkage=0.03


Tree=59
num_leaves=23
num_cat=0
split_feature=19 3 0 11 23 2 20 20 2 25 23 27 9 5 5 2 9 14 3 0 5 7
split_gain=251.43 260.839 102.973 81.179 80.543 52.9286 52.7635 48.7951 52.8152 46.5435 44.7075 40.8737 40.6687 26.5424 24.5812 23.2353 22.0435 21.214 15.4753 14.3237 14.0128 11.4278
threshold=-1.0000000180025095e-35 -0.0062263861764222375 -0.26986879110336298 -0.0067015751264989367 -1.946896433830261 -0.019792213104665276 0.37452894449234014 -0.017942428588867184 -0.0067178024910390368 -0.39981351792812342 -1.9139347672462461 0.092884529381990447 -0.43550010025501246 -0.3303664624691009 0.036376971751451499 -0.0032350465189665552 -0.40263840556144709 -1.9336927533149717 -0.0026271507376804944 0.045178860425949104 0.70305210351943981 -0.024527256377041336
decision_type=8 10 10 10 8 10 10 10 8 10 10 10 8 10 10 10 10 10 10 10 8 8
left_child=2 -2 3 9 5 13 7 8 -6 10 -1 15 -9 16 17 -8 -4 -7 -16 -13 -12 -3
right_child=1 21 4 -5 6 14 11 12 -10 -11 20 19 -14 -15 18 -17 -18 -19 -20 -21 -22 -23
leaf_value=-0.0049642391500056195 -0.013408290809111077 -0.0023191397055116348 -0.0057382737828549895 -0.0073510474906916638 -0.0003067553845650677 -0.0010155837165383118 0.0017214035521017704 -0.00031841129730573922 0.00040554227862140758 0.0020574021044774482 0.00072474950268872301 0.0012330428546204549 8.3088857801625306e-05 -0.00035504676395323685 -0.00055648107507178521 8.0410902635095029e-05 -0.0012283364117078475 -2.972467183520891e-05 0.0013643795596332299 0.0029940670285177056 -0.0017427538937883705 0.00048815150900657092
leaf_weight=3172 2042 2155 3039 2068 116562 66805 9250 397562 462671 2388 2835 12390 526361 2604 5798 40701 2083 28683 8624 8111 4786 2013
leaf_count=3172 2042 2155 3039 2068 116562 66805 9250 397562 462671 2388 2835 12390 526361 2604 5798 40701 2083 28683 8624 8111 4786 2013
internal_value=-1.85072e-05 -0.00581438 4.10534e-06 -0.00241028 2.67578e-05 -0.000728483 8.36203e-05 4.56586e-05 0.000261545 -0.00137286 -0.00221587 0.000883309 -8.943e-05 -0.00306134 -0.000548659 0.000404287 -0.00422991 -0.000724271 0.000579271 0.00199875 -0.000799798 -0.000991986
internal_weight=1.7127e+06 6210 1.70649e+06 15249 1.69124e+06 117636 1.57361e+06 1.50316e+06 579233 13181 10793 70452 923923 7726 109910 49951 5122 95488 14422 20501 7621 4168
internal_count=1712703 6210 1706493 15249 1691244 117636 1573608 1503156 579233 13181 10793 70452 923923 7726 109910 49951 5122 95488 14422 20501 7621 4168
is_linear=0
shrinkage=0.03


Tree=60
num_leaves=23
num_cat=0
split_feature=12 21 8 15 3 1 10 6 18 16 16 12 16 19 0 18 18 15 10 20 20 4
split_gain=243.754 332.706 113.588 70.1559 64.7228 55.6178 53.5781 42.2541 48.0196 40.45 31.0906 30.5692 24.6173 22.4187 19.4909 15.7501 14.0195 11.5542 10.0286 8.99757 4.8652 4.40805
threshold=-12.590905666351317 -0.25000000745058054 -3.3971583843231197 0.0015051960945129397 -0.0019084498635493217 -0.40737438201904291 -0.26188196241855616 -1.4999999999999998 -0.06380420550704001 0.14796626567840579 -0.17615032196044919 -16.792246818542477 0.022137299180030826 -0.096153777092695222 -0.028898894786834713 -0.65339842438697804 -0.076851952821016298 0.028092503547668461 0.071620617061853423 0.019632667303085331 0.13878774642944339 -0.10006288066506384
decision_type=8 2 8 10 8 8 8 2 8 8 10 10 10 10 10 10 10 8 10 8 10 10
left_child=2 18 9 4 5 -4 -7 14 -9 19 13 16 -13 15 -6 -5 -12 -15 -2 21 -21 -1
right_child=1 -3 3 10 7 6 -8 8 -10 -11 11 12 -14 17 -16 -17 -18 -19 -20 20 -22 -23
leaf_value=-0.0012396333944037427 -0.0010190651560521341 -0.012338772679473769 -0.0047600653136392126 0.0030614186465058603 -0.0016982584057223769 -0.0010328233414583061 -0.00016944926549407107 2.1848729409419207e-06 0.0011732881939560918 -0.0052598624610322451 -0.00084154900436949037 0.00010803814112595859 0.00053880397881581846 3.2197455626905946e-06 -0.00016071035514621211 0.0010352805710631249 0.001178593890598428 0.001692412698992904 0.0016384093673390142 -0.0034269558240504656 -0.00087209721337187015 0.00028452106816383627
leaf_weight=3218 2010 2913 2293 3706 17770 102187 178384 606010 32771 3628 33849 461627 162033 31029 13469 40885 2845 3686 2026 2256 2004 2404
leaf_count=3218 2010 2913 2293 3706 17770 102187 178384 606010 32771 3628 33849 461627 162033 31029 13469 40885 2845 3686 2026 2256 2004 2404
internal_value=-2.6137e-05 -0.0054412 -2.31716e-06 1.97688e-05 -0.000150175 -0.000530287 -0.000486245 1.01257e-05 6.36052e-05 -0.00269264 0.000239062 0.000170744 0.000220778 0.000799531 -0.00105776 0.00124241 -0.000663117 0.000212579 0.000282356 -0.0015133 -0.00250597 -0.000568884
internal_weight=1.713e+06 6949 1.70605e+06 1.69254e+06 952884 282864 280571 670020 638781 13510 739660 660354 623660 79306 31239 44591 36694 34715 4036 9882 4260 5622
internal_count=1713003 6949 1706054 1692544 952884 282864 280571 670020 638781 13510 739660 660354 623660 79306 31239 44591 36694 34715 4036 9882 4260 5622
is_linear=0
shrinkage=0.03


Tree=61
num_leaves=18
num_cat=0
split_feature=19 15 9 23 2 18 19 11 2 20 1 3 19 15 12 2 1
split_gain=217.419 315.132 90.0599 78.0568 61.591 66.2436 73.569 57.0489 31.229 25.3074 24.8278 20.0777 16.1757 15.6512 14.4805 12.2999 6.75461
threshold=-1.0000000180025095e-35 1.0000000180025095e-35 -1.2401576638221739 -2.465212225914001 0.0090812202543020266 -0.10000082105398177 -1.4307866692543028 -0.020407057367265221 -0.017182150855660435 -0.63074606657028187 0.38470250368118292 0.0027830942999571566 -0.094293028116226182 -0.019708156585693356 -14.875269889831541 0.00015181600610958415 -0.3671386837959289
decision_type=8 10 10 8 8 8 8 10 10 8 8 8 10 10 10 10 10
left_child=2 -2 11 8 5 6 -5 -7 9 -4 12 -1 -6 -10 -12 -15 -11
right_child=1 -3 3 4 10 7 -8 -9 13 16 14 -13 -14 15 -16 -17 -18
leaf_value=-0.0013991287395666526 -0.012649136631173804 0.0003566025812575644 -0.00042576113372447797 -0.0011267916262209228 0.0011465259641471883 -0.0019714930793469729 1.7650073444609984e-05 0.00086691676102204141 -0.0025965698767109221 -0.0051960075223182901 0.00097798964732853763 -0.004907174361461061 9.2593690105012861e-05 -0.00081672098067707096 0.0040306843910868978 0.00045138788273748763 -0.0019944516809355045
leaf_weight=3916 2489 3661 3154 51920 35496 6226 1411004 113517 3429 2552 3453 3205 21785 33922 3217 7931 2512
leaf_count=3916 2489 3661 3154 51920 35496 6226 1411004 113517 3429 2552 3453 3205 21785 33922 3217 7931 2512
internal_value=-3.09424e-06 -0.00541721 1.78138e-05 3.25652e-05 6.95224e-05 3.22958e-05 -2.31329e-05 0.000709255 -0.00108946 -0.00275536 0.000978757 -0.00323575 0.000755158 -0.000753777 0.00267058 -0.000566843 -0.00398374
internal_weight=1.71339e+06 6150 1.70724e+06 1.70012e+06 1.64662e+06 1.58267e+06 1.46292e+06 119743 53500 8218 63951 7121 57281 45282 6670 41853 5064
internal_count=1713389 6150 1707239 1700118 1646618 1582667 1462924 119743 53500 8218 63951 7121 57281 45282 6670 41853 5064
is_linear=0
shrinkage=0.03


Tree=62
num_leaves=19
num_cat=0
split_feature=19 15 9 23 15 2 0 15 2 18 13 24 15 16 24 17 27 11
split_gain=230.105 296.555 92.6623 86.8039 64.145 55.1585 47.0633 56.1427 45.2996 41.6707 35.7626 34.8545 21.1821 17.3334 24.3245 16.9279 25.3057 12.5149
threshold=-1.0000000180025095e-35 0.0014227628707885744 -1.2401576638221739 -2.2593598365783687 0.0051789581775665292 -0.017182150855660435 0.23953849077224734 -0.0034230947494506832 0.0090812202543020266 -0.19342511892318723 -11.601281642913817 -13.499999999999998 0.017058253288269046 0.074564225971698775 -4.4999999999999991 0.42498636245727545 0.098767332732677474 -0.014853113330900667
decision_type=8 10 10 8 10 10 8 10 10 10 10 2 10 10 2 10 10 10
left_child=2 -2 10 5 6 15 8 -8 -5 11 -1 -6 -11 17 -15 16 -4 -7
right_child=1 -3 3 4 9 13 7 -9 -10 12 -12 -13 -14 14 -16 -17 -18 -19
leaf_value=-0.000861803875034675 -0.01232784389496392 0.00022437788292802119 -0.0052046194868819061 -5.2465245054689614e-05 0.0014084399490954509 0.00023380906773800501 0.00019836721484618069 -0.0055470199548261464 0.0010704437496574571 0.001236931976845685 -0.0052282267751241817 0.00017554536719318649 0 -0.0023157706458926046 -0.00032200483618120742 -0.00079012419192521879 -0.0011941475258024404 -0.00081725820243449979
leaf_weight=3625 2612 3579 4128 1135836 21562 22064 2820 2543 32770 65446 3561 350092 15708 10422 12316 2981 2909 17762
leaf_count=3625 2612 3579 4128 1135836 21562 22064 2820 2543 32770 65446 3561 350092 15708 10422 12316 2981 2909 17762
internal_value=2.47046e-07 -0.00555209 2.21859e-05 3.72143e-05 8.27985e-05 -0.000973934 -3.39945e-05 -0.0027155 -2.02757e-05 0.000385966 -0.00326396 0.000249676 0.0010011 -0.000624267 -0.00127893 -0.00299565 -0.00377575 -0.000231838
internal_weight=1.71274e+06 6191 1.70654e+06 1.69936e+06 1.62678e+06 72582 1.17397e+06 5363 1.16861e+06 452808 7186 371654 81154 62564 22738 10018 7037 39826
internal_count=1712736 6191 1706545 1699359 1626777 72582 1173969 5363 1168606 452808 7186 371654 81154 62564 22738 10018 7037 39826
is_linear=0
shrinkage=0.03


Tree=63
num_leaves=21
num_cat=0
split_feature=12 11 2 9 15 15 14 8 1 2 2 0 14 15 14 20 20 15 1 24
split_gain=216.192 269.904 97.6766 72.7993 58.1859 47.0698 52.8279 46.3208 42.4909 36.5219 31.4752 29.5243 29.2708 28.3255 23.5067 23.4477 23.3425 18.646 14.5152 10.534
threshold=-12.590905666351317 -0.0069508817978203288 -0.021752090193331238 -0.5869159698486327 -0.039338707923889153 0.0019402801990509035 -2.6613078117370601 -1.3473250269889829 0.30098974704742437 -0.0064552351832389823 0.00066185742616653453 -0.16324651241302487 -4.5383355617523184 0.006889432668685914 -3.2602096796035762 0.37452894449234014 0.012501686811447145 -7.659196853637694e-05 0.12168732285499574 -7.4999999999999991
decision_type=8 8 8 8 10 10 10 10 10 10 10 8 10 10 10 10 8 8 8 2
left_child=2 17 7 4 -4 6 8 13 -5 11 -8 -6 18 19 -9 -14 -11 -2 -7 -1
right_child=1 -3 3 5 9 12 10 14 -10 16 -12 -13 15 -15 -16 -17 -18 -19 -20 -21
leaf_value=-0.0067571190472432378 0.0011201238652118043 -0.012873224814156668 -0.0043724523301368621 -0.00034977225479853561 -0.0026681984995581146 -0.00153840498737717 0.00038274719279756298 -0.0021590836571886356 0.0031067340140160811 0.0002355364206482515 -0.00010621432408403078 -0.00072218863020056883 0.00031151213960386938 -0.00070228601733073005 0.0013759582544251947 0.0011641442152883878 -0.00039989972728917008 -0.0023026260679779725 0.00065429710840292366 -0.0028084276460942767
leaf_weight=2453 2176 2125 2800 332256 7899 10582 276577 2854 2720 80064 205367 55290 541702 2131 2868 30599 144658 2514 3065 2821
leaf_count=2453 2176 2125 2800 332256 7899 10582 276577 2854 2720 80064 205367 55290 541702 2131 2868 30599 144658 2514 3065 2821
internal_value=-1.20676e-05 -0.00515856 9.81181e-06 3.03329e-05 -0.000401094 0.000120061 -2.67925e-05 -0.00251968 -0.000316223 -0.000353919 0.000173874 -0.000989199 0.000325161 -0.0040137 -0.000370836 0.0003586 -0.000172154 -0.000701862 -0.00101902 -0.00512306
internal_weight=1.71352e+06 6815 1.70671e+06 1.69358e+06 290711 1.40287e+06 816920 13127 334976 287911 481944 63189 585948 7405 5722 572301 224722 4690 13647 5274
internal_count=1713521 6815 1706706 1693579 290711 1402868 816920 13127 334976 287911 481944 63189 585948 7405 5722 572301 224722 4690 13647 5274
is_linear=0
shrinkage=0.03


Tree=64
num_leaves=21
num_cat=0
split_feature=21 23 2 9 17 8 18 12 27 2 0 3 18 11 25 5 24 24 24 12
split_gain=193.047 204.582 78.8618 65.3957 44.9939 43.0923 41.9323 41.215 41.085 38.966 42.9464 40.3969 35.2292 31.5623 29.7818 15.9763 15.4385 14.5995 13.6545 10.9407
threshold=-1.0000000180025095e-35 -0.64250698685646046 -0.021752090193331238 -0.5123084783554076 -0.34303385019302363 -1.5970550775527952 -0.076851952821016298 -16.448443412780758 0.092884529381990447 0.013104489073157312 0.19954198598861697 -0.007376359310001134 -0.26188884675502772 -0.015060079284012316 -0.56377682089805592 -0.27522109448909754 -6.4999999999999991 -19.499999999999996 -7.4999999999999991 -14.530777931213377
decision_type=2 8 10 8 8 10 10 10 10 10 8 10 10 10 10 10 2 2 2 10
left_child=2 -2 5 9 8 16 7 -6 14 10 12 -12 -4 -8 -5 -10 -1 -7 -19 -11
right_child=1 -3 3 4 6 17 13 -9 15 19 11 -13 -14 -15 -16 -17 -18 18 -20 -21
leaf_value=-0.0054751972498343687 9.5289261361499123e-05 -0.011936239866682043 -0.00045469764121920274 0.0020389206125121444 -0.00043426816489671648 0.0011849804240413901 -0.00021652282909675262 0.00013489821840582153 0.0026675961773185131 0.00062319808999810472 -0.0056636623297856483 -0.00057539480552248857 8.813754369914865e-05 0.0012701655414682207 9.3091749642366066e-05 0.00097177690387320896 -0.001686789235199696 -0.0025497764107500049 0.0002443793590308667 0.0035954252805407696
leaf_weight=3151 2469 2005 288504 7926 129432 2206 17174 955603 12021 2766 2079 3707 169891 45730 47198 11045 2566 3316 2236 2310
leaf_count=3151 2469 2005 288504 7926 129432 2206 17174 955603 12021 2766 2079 3707 169891 45730 47198 11045 2566 3316 2236 2310
internal_value=7.21798e-06 -0.00589412 2.45634e-05 4.32247e-05 0.000158634 -0.00221942 0.00011071 6.65582e-05 0.000853226 -0.000257538 -0.000287765 -0.00275649 -0.000252981 0.000861033 0.000394079 0.00190614 -0.00409549 -0.000636325 -0.00144767 0.00223072
internal_weight=1.71334e+06 4474 1.70886e+06 1.69539e+06 1.22613e+06 13475 1.14794e+06 1.08504e+06 78190 469257 464181 5786 458395 62904 55124 23066 5717 7758 5552 5076
internal_count=1713335 4474 1708861 1695386 1226129 13475 1147939 1085035 78190 469257 464181 5786 458395 62904 55124 23066 5717 7758 5552 5076
is_linear=0
shrinkage=0.03


Tree=65
num_leaves=20
num_cat=0
split_feature=12 23 23 9 12 6 19 16 21 18 22 12 16 8 3 16 5 9 19
split_gain=183.735 265.574 72.2499 67.6212 50.1029 50.0235 47.1568 54.4277 26.7117 22.3397 20.6246 17.197 16.8747 16.2975 13.6048 12.8409 10.7217 10.6556 8.76208
threshold=-12.590905666351317 -0.80808189511299122 -3.490174293518066 -0.89317879080772389 -16.949718475341793 -2.4999999999999996 -0.022493936121463772 -0.2492730915546417 -0.55000001192092884 -0.044029826298356049 -3.4999999999999996 -15.352848052978514 -0.09852298721671103 -1.6550750732421873 -0.0032654345268383618 0.12371779233217241 1.3042246103286745 -0.45896095037460322 -0.43202184140682215
decision_type=8 8 8 8 8 2 8 10 2 10 2 10 8 10 8 8 8 10 8
left_child=2 10 8 5 9 -4 7 -6 15 12 -2 16 -5 -13 -8 -1 -7 18 -10
right_child=1 -3 3 4 6 11 14 -9 17 -11 -12 13 -14 -15 -16 -17 -18 -19 -20
leaf_value=-0.0015059366326921971 -0.0024917302772541673 -0.012628085858164882 -0.0043319150460372569 0.000183007556831428 0.0012376527506899799 -0.00090907857746340664 -0.0018554460141364014 9.2419238526599823e-05 0.00091014493463899998 0.0015796367854692419 0.0010851072658131147 -0.0019007805845296898 -0.0012512982831733854 -0.00030017545716261957 -0.0005267007206638004 -0.005337479856731199 0.00068999171987718362 -0.0023210683274873943 -0.0012705367892733733
leaf_weight=2187 2088 2028 3576 8399 37868 5927 7920 1497184 2829 2682 2732 14519 41201 10410 55306 2453 8615 2992 2740
leaf_count=2187 2088 2028 3576 8399 37868 5927 7920 1497184 2829 2682 2732 14519 41201 10410 55306 2453 8615 2992 2740
internal_value=-1.11066e-05 -0.00474487 9.09437e-06 2.68146e-05 5.77567e-05 -0.00113976 8.79329e-05 0.00012126 -0.00216042 -0.00085115 -0.000496528 -0.000792477 -0.00100303 -0.00126323 -0.000711106 -0.00391207 9.74781e-06 -0.00101444 -0.00012962
internal_weight=1.71366e+06 6848 1.70681e+06 1.69361e+06 1.65056e+06 43047 1.59828e+06 1.53505e+06 13201 52282 4820 39471 49600 24929 63226 4640 14542 8561 5569
internal_count=1713656 6848 1706808 1693607 1650560 43047 1598278 1535052 13201 52282 4820 39471 49600 24929 63226 4640 14542 8561 5569
is_linear=0
shrinkage=0.03


Tree=66
num_leaves=31
num_cat=0
split_feature=12 11 0 15 8 19 22 16 15 25 12 11 13 5 17 23 13 12 0 1 8 20 15 0 7 15 19 17 25 5
split_gain=171.326 253.18 72.3432 76.9966 72.7582 58.5106 48.8041 46.9103 44.2472 43.0253 42.8977 36.5128 32.1 32.013 30.0436 29.3711 26.0051 25.9331 25.6456 35.2218 23.4917 21.2087 20.1959 16.7254 16.5622 13.5084 13.3797 12.2877 8.01868 7.09751
threshold=-12.590905666351317 -0.0069508817978203288 -0.025524258613586422 -0.02287197113037109 -1.3069914579391477 -0.043686764314770692 -13.499999999999998 -0.16723815351724622 0.024828404188156131 -0.6180262267589568 -14.763597965240477 -0.016289774328470227 -11.442641258239744 -0.087682496756315217 -0.3529775589704513 -1.1245047450065611 -13.098713874816893 -15.672817230224608 0.23953849077224734 0.38470250368118292 -1.3578717708587644 0.34516090154647833 -7.659196853637694e-05 -0.15263891220092771 -0.025424818508327004 -0.028012216091156002 -0.47097492218017573 -0.19073241949081418 -0.40714405477046961 -0.81915307044982899
decision_type=8 8 10 10 8 8 2 10 10 10 10 10 10 8 10 10 10 10 10 10 10 8 8 10 10 8 10 10 10 10
left_child=2 22 3 4 10 7 13 18 14 16 11 -1 -11 29 -8 -7 -9 25 19 -4 -10 24 -2 -19 -17 -6 -15 -20 -23 -5
right_child=1 -3 5 6 17 15 8 9 20 12 -12 -13 -14 26 -16 21 -18 23 27 -21 -22 28 -24 -25 -26 -27 -28 -29 -30 -31
leaf_value=-0.0042481373671436696 0.0015288847076408746 -0.012061026619974326 0.00084058107146789862 -0.0011685524579749711 0.0019838886463949806 -0.00170832892452972 0.0012025619689367115 -0.00058226726742585254 -0.0033165528864489186 -0.00010268042094031288 -0.0062207399987554129 -0.00092217533107787943 0.00026772762946697116 -0.0013037803260936684 -9.7381020593534942e-05 -0.0015099582452656238 0.00077734271323292052 0.00057095815712231201 0.00022913137886988461 0.0044101319195273972 -0.00018024333191395472 -0.00015325667342655397 -0.0020178576549914947 -0.0020608548022954024 -0.00032289376865332945 -0.0003674923277417706 9.8495266302243059e-05 -0.0026902901116455779 0.00092376938579151057 -0.0036663469165283541
leaf_weight=4515 2195 2115 93633 2566 4423 14195 16152 13431 5282 430024 2884 9044 410417 14098 398920 11951 127570 2620 2082 2139 3855 9513 2561 6749 84620 3405 9792 2132 14919 4925
leaf_count=4515 2195 2115 93633 2566 4423 14195 16152 13431 5282 430024 2884 9044 410417 14098 398920 11951 127570 2620 2082 2139 3855 9513 2561 6749 84620 3405 9792 2132 14919 4925
internal_value=5.80382e-06 -0.00455785 2.56917e-05 -0.000282005 -0.00165737 0.000149734 -0.000178087 0.000223514 -9.21387e-05 0.000159836 -0.00305475 -0.00216272 7.78978e-05 -0.00131086 -4.46875e-05 -0.000436853 0.000644114 -0.000255756 0.000841665 0.000945911 -0.00210245 -0.000278809 -0.000334155 -0.00130284 -0.000479909 0.000964412 -0.000726481 -0.00131295 0.000497715 -0.00297494
internal_weight=1.71273e+06 6871 1.70586e+06 489230 33640 1.21663e+06 455590 1.08143e+06 424209 981442 16443 13559 840441 31381 415072 135198 141001 17197 99986 95772 9137 121003 4756 9369 96571 7828 23890 4214 24432 7491
internal_count=1712727 6871 1705856 489230 33640 1216626 455590 1081428 424209 981442 16443 13559 840441 31381 415072 135198 141001 17197 99986 95772 9137 121003 4756 9369 96571 7828 23890 4214 24432 7491
is_linear=0
shrinkage=0.03


Tree=67
num_leaves=23
num_cat=0
split_feature=19 15 0 13 13 0 4 20 23 1 20 0 22 26 17 24 3 8 17 17 17 3
split_gain=152.054 249.796 73.3791 101.466 54.104 55.2682 52.7516 45.8558 43.6107 40.5519 35.2947 33.3862 33.2596 28.0785 27.0595 37.3209 29.8184 24.5048 23.3958 17.9982 13.2107 13.5772
threshold=-1.0000000180025095e-35 1.0000000180025095e-35 -0.091888785362243638 -10.188365459442137 -12.058441638946531 0.014973431825637819 -0.037961779162287705 -0.017942428588867184 -1.9820811152458189 -0.0036886334419250484 0.36835342645645147 0.0091412067413330095 -8.4999999999999982 1.0000000180025095e-35 -0.035441393032670014 -11.499999999999998 -0.00647595222108066 -0.73063451051712025 0.55249032378196727 0.50027969479560863 -0.3697101473808288 -0.0028028831584379073
decision_type=8 10 10 8 8 8 10 10 10 10 10 10 2 2 8 2 10 10 10 10 10 10
left_child=2 -2 3 6 5 12 8 20 18 11 -11 -9 19 -10 15 -7 -16 -14 -1 -4 -6 -22
right_child=1 -3 4 -5 7 14 -8 9 13 10 -12 -13 17 -15 16 -17 -18 -19 -20 -21 21 -23
leaf_value=-0.0023963842506376735 -0.011004599212716808 0.00056136011297163314 -0.0012451189812024703 -0.0065847721544778004 0.0025696456529225717 0.0012160026515560386 0.0028301520011501701 0.00015421148482280003 -0.00071367018364640355 -0.00015757703238379671 0.00067572006464783644 0.00089595669980172541 -7.1757532887242116e-05 0.00036076817092757193 -0.00090205466281954633 -0.00045103572811560678 0.00060398922256831684 -0.00091485053597015664 0.00045369277262815677 0.0011757563294160684 -2.9957417945972811e-05 0.00054423580600342818
leaf_weight=15998 2468 3664 58390 2065 2315 13422 3537 189689 74511 493110 49840 77157 113910 30135 12710 88952 106490 42681 2703 2393 41445 283205
leaf_count=15998 2468 3664 58390 2065 2315 13422 3537 189689 74511 493110 49840 77157 113910 30135 12710 88952 106490 42681 2703 2393 41445 283205
internal_value=6.32175e-06 -0.00452716 2.41283e-05 -0.000662253 8.06812e-05 -0.00020173 -0.000538043 0.000190036 -0.000648085 6.84204e-05 -7.99813e-05 0.00037108 -0.000541311 -0.000401166 0.000130532 -0.00022471 0.0004378 -0.000305644 -0.00196773 -0.0011361 0.00048976 0.000470078
internal_weight=1.71079e+06 6132 1.70466e+06 128949 1.57571e+06 438948 126884 1.13676e+06 123347 809796 542950 266846 217374 104646 221574 102374 119200 156591 18701 60783 326965 324650
internal_count=1710790 6132 1704658 128949 1575709 438948 126884 1136761 123347 809796 542950 266846 217374 104646 221574 102374 119200 156591 18701 60783 326965 324650
is_linear=0
shrinkage=0.03


Tree=68
num_leaves=21
num_cat=0
split_feature=19 15 8 14 9 2 24 2 23 20 20 12 2 24 9 16 9 8 4 23
split_gain=176.17 244.334 80.4477 57.2389 56.9863 49.7888 54.4348 36.8724 26.6972 29.2987 30.0841 26.5134 40.085 21.2482 18.522 12.6746 11.2965 12.9448 10.195 4.81405
threshold=-1.0000000180025095e-35 0.0043317675590515145 -3.3971583843231197 -3.4380112886428829 -0.38296937942504877 0.013104489073157312 -4.4999999999999991 -0.012077277991920708 -1.7976592779159544 -1.6198639869689939 -0.096317887306213365 -16.448443412780758 -1.0000000180025095e-35 -9.4999999999999982 -0.92040029168128956 -0.30202190577983851 -0.55687808990478505 -1.3270684480667112 -0.10030816867947577 -1.946896433830261
decision_type=8 10 10 8 10 10 2 10 10 8 10 10 10 2 10 10 8 10 10 10
left_child=2 -2 7 8 5 6 -5 14 16 -10 -11 13 -13 -6 -1 -7 -4 -18 -9 -20
right_child=1 -3 3 4 11 15 -8 18 9 10 -12 12 -14 -15 -16 -17 17 -19 19 -21
leaf_value=-0.0062861581722425822 -0.01078100584313239 0.00052730168860689426 0 -0.00061323516973238337 -0.0015405477504765322 0.0040858695131380223 2.6157153812721281e-05 -0.0022236137129137941 -0.0030533025582324181 0.0001542472625555691 -0.00056707118452136048 0.00069881071945849214 0.00016649436423907512 -1.1359781168436332e-05 -0.0016139595133473452 0.0012697153047810054 -0.003115394226643765 -0.00097926548884457181 -0.0012437941939499571 0.00038163546726541805
leaf_weight=2112 2747 3461 3285 142917 9249 2000 724297 3586 2998 86848 126754 224963 297927 53371 2041 6783 5219 6925 2039 3837
leaf_count=2112 2747 3461 3285 142917 9249 2000 724297 3586 2998 86848 126754 224963 297927 53371 2041 6783 5219 6925 2039 3837
internal_value=-1.01572e-05 -0.00486245 8.73084e-06 2.76962e-05 9.73893e-05 -5.54796e-05 -7.91617e-05 -0.00224648 -0.000409263 -0.000319527 -0.000272715 0.000326465 0.000396535 -0.000252389 -0.00447464 0.00212884 -0.00160062 -0.00200791 -0.00106289 -0.000188651
internal_weight=1.71336e+06 6208 1.70715e+06 1.69354e+06 1.46151e+06 875997 867214 13615 232029 216600 213602 585510 522890 62620 4153 8783 15429 12144 9462 5876
internal_count=1713359 6208 1707151 1693536 1461507 875997 867214 13615 232029 216600 213602 585510 522890 62620 4153 8783 15429 12144 9462 5876
is_linear=0
shrinkage=0.03


Tree=69
num_leaves=22
num_cat=0
split_feature=19 12 8 18 19 16 4 24 19 16 2 12 22 8 18 17 5 12 19 27 25
split_gain=170.446 183.784 83.1524 53.6537 56.1318 44.847 40.4021 38.1128 37.2941 25.3512 24.4003 31.8442 22.8989 18.1219 17.7541 12.9543 12.3924 10.6761 9.07196 8.27908 2.96611
threshold=-1.0000000180025095e-35 -14.229255676269529 -3.0841972827911373 -0.076851952821016298 -1.4307866692543028 -0.16723815351724622 -0.07645940780639647 -9.4999999999999982 -0.054831216111779206 0.19551253318786624 0.0090812202543020266 -14.348994255065916 -13.499999999999998 -0.94656899571418751 -0.17789649218320844 0.11814239993691446 0.30408935248851782 -15.755369663238524 -0.23598834127187726 0.061422701925039298 -0.39033876359462732
decision_type=8 8 8 10 10 10 10 2 10 10 10 10 2 10 10 10 8 10 10 10 10
left_child=2 19 9 4 10 8 -7 -5 -6 14 11 -4 16 -14 17 -16 -9 -1 -19 -2 -12
right_child=1 -3 3 7 5 6 -8 12 -10 -11 20 -13 13 -15 15 -17 -18 18 -20 -21 -22
leaf_value=0 0.00056795730720879043 -0.010975549950900543 -0.00086360310455263771 -0.0020436152142241644 0.00079405297955354012 -0.00034012887258890557 5.6118731463505346e-05 -0.0018749709878467277 -0.00021571582817259458 -0.0042708035396890999 0.00018717561623808387 -0.0040830849170014746 0.0013702399434562017 0.00033008487412571243 0.0013846287875805326 -0.001254864500205622 0.0002991002263585472 -0.0030704970565174688 -0.00081013852479280975 -0.0018289010982854318 0.0019277063654362335
leaf_weight=2047 2041 2133 57149 3667 113320 293890 1082726 3184 45473 3066 2212 2527 51992 22878 2787 2902 5785 6125 3261 2022 2007
leaf_count=2047 2041 2133 57149 3667 113320 293890 1082726 3184 45473 3066 2212 2527 51992 22878 2787 2902 5785 6125 3261 2022 2007
internal_value=-1.20331e-05 -0.00478912 6.52824e-06 2.98794e-05 -9.61633e-06 2.65776e-05 -2.835e-05 0.000751086 0.000503236 -0.00188365 -0.000877475 -0.00103771 0.00088827 0.00106068 -0.00133011 0 -0.000499266 -0.00198788 -0.00239621 -0.000628821 0.00119525
internal_weight=1.71319e+06 6196 1.707e+06 1.68681e+06 1.5993e+06 1.53541e+06 1.37662e+06 87506 158793 20188 63895 59676 83839 74870 17122 5689 8969 11433 9386 4063 4219
internal_count=1713194 6196 1706998 1686810 1599304 1535409 1376616 87506 158793 20188 63895 59676 83839 74870 17122 5689 8969 11433 9386 4063 4219
is_linear=0
shrinkage=0.03


Tree=70
num_leaves=25
num_cat=0
split_feature=21 11 8 2 19 0 16 16 14 12 4 3 17 9 14 3 12 0 17 2 25 17 20 7
split_gain=160.712 181.428 84.0295 79.0492 59.0923 56.2442 41.0035 54.6413 36.3902 35.4331 28.7951 27.2485 25.5681 25.4946 27.5822 40.9384 25.8089 19.0341 17.4122 13.7175 12.9868 11.4285 6.83848 5.55743
threshold=-1.0000000180025095e-35 -0.0063205554615706197 -1.8307222723960874 -0.021752090193331238 -0.028415496461093422 -0.015151560306549071 -0.17015773802995679 0.022137299180030826 -2.6026896238327022 -13.630130290985106 -0.09788471087813376 -0.0023490310413762923 -0.47068542242050165 -0.92040029168128956 -2.216482281684875 -0.0042186186183243981 -15.272283077239988 -0.13636368513107297 0.15251396596431735 -0.0087403785437345487 -0.42702881991863245 -0.34303385019302363 0.26805338263511663 -0.053689619526267045
decision_type=2 8 8 10 8 10 8 10 8 10 10 10 10 10 10 10 10 10 8 10 10 10 8 10
left_child=2 -2 3 23 5 8 12 -8 11 20 -10 -4 -7 16 15 -15 19 -18 -16 -5 21 -6 -22 -1
right_child=1 -3 4 13 9 6 7 -9 10 -11 -12 -13 -14 14 18 -17 17 -19 -20 -21 22 -23 -24 -25
leaf_value=-0.0057330651603791777 0.00016999879571901656 -0.011036492629812282 -0.00095058457063860774 -0.0018915003146131187 -6.8988949473464313e-05 0.0030852963420405183 4.432381784794606e-05 0.00063414105052650113 -0.00061353172145658713 -0.0039698307513478239 0.00022119528867672417 -0.00022940486237453235 0.00069432876525747048 -0.0028921849003670291 -6.4030899854820525e-06 -0.00048296193194520277 -0.003939733667568307 -0.0013905340623072604 0.0018597632789229259 0.00053941655449362194 -0.00062351010026607536 -0.0015514017916104133 3.9346455848746959e-05 -0.0022073431502640105
leaf_weight=2278 2534 2034 63807 2455 6894 3852 700594 177065 43849 2476 227456 185675 96587 6877 36458 52865 4115 10108 4584 6457 30293 18128 24123 2088
leaf_count=2278 2534 2034 63807 2455 6894 3852 700594 177065 43849 2476 227456 185675 96587 6877 36458 52865 4115 10108 4584 6457 30293 18128 24123 2088
internal_value=-2.28194e-05 -0.00535728 -6.82338e-06 -0.000743867 5.30158e-05 9.61651e-05 0.000230344 0.000163953 -0.000155242 -0.000728696 8.43004e-05 -0.000416585 0.000803827 -0.000591227 -0.000377064 -0.000786974 -0.00148379 -0.00225719 0.000214684 -0.000163266 -0.000599721 -0.00116408 -0.000326515 -0.00450864
internal_weight=1.71365e+06 4568 1.70908e+06 128285 1.5808e+06 1.49888e+06 978098 877659 520787 81914 271305 249482 100439 123919 100784 59742 23135 14223 41042 8912 79438 25022 54416 4366
internal_count=1713652 4568 1709084 128285 1580799 1498885 978098 877659 520787 81914 271305 249482 100439 123919 100784 59742 23135 14223 41042 8912 79438 25022 54416 4366
is_linear=0
shrinkage=0.03


Tree=71
num_leaves=26
num_cat=0
split_feature=19 3 8 14 1 9 2 0 1 18 19 12 1 11 18 6 9 19 3 1 13 13 19 8 7
split_gain=149.145 190.42 66.2162 52.2682 47.1367 46.2115 37.2176 57.0295 32.8172 36.8431 34.9125 32.055 32.3703 19.0968 18.4366 17.7934 17.1824 15.9617 12.7826 11.5762 11.2891 12.1994 9.39576 11.6142 6.41586
threshold=-1.0000000180025095e-35 -0.0062263861764222375 -2.8683488368988033 -3.2329759597778316 -0.33865380287170405 -0.5123084783554076 0.011358715593814852 -0.16324651241302487 0.20391178131103518 -0.076851952821016298 -1.5578950643539426 -16.949718475341793 0.03122729063034058 -0.020407057367265221 -0.225230798125267 -3.4999999999999996 -0.26059317588806147 -0.07986514642834662 -0.0057900415267795316 0.33234113454818731 -12.451504707336424 -11.461767196655272 -0.16335437446832654 -3.3971583843231197 -0.024527256377041336
decision_type=8 10 8 8 8 10 10 10 10 10 10 8 8 10 10 2 10 10 10 8 10 10 10 10 8
left_child=2 -2 4 8 15 6 7 -5 9 10 -4 16 -13 -11 22 -1 -7 18 -10 -8 -16 -22 23 -6 -3
right_child=1 24 3 5 14 11 19 -9 17 13 -12 12 -14 -15 20 -17 -18 -19 -20 -21 21 -23 -24 -25 -26
leaf_value=-0.0059881902569433858 -0.010967845410781916 -0.0014341969009024355 -0.0014224130190239751 -0.0022989748129703899 -0.00296016767946997 -0.0010347366268704963 0.00083317994620883088 -0.00013772168324849938 0.0001982167520166517 -0.0015057879780025945 -0.00036233313489829257 0.00041838541470042023 6.6656580043257071e-05 0.0008732878524341268 -0.0012128491674873556 -0.0018897293100724208 0.0013057612389345676 -0.00073128836796596539 0.0023780143630070826 0.0036659549244591554 0.0017642915962971797 -0.00077803252004072403 4.9221959845979033e-05 -0.00075671657566312985 0.00065690394000870447
leaf_weight=2001 2034 2131 31554 10860 4638 24643 4156 366390 4273 2875 243035 504866 445731 26894 2783 3225 2642 2906 6712 2126 4380 2057 2410 5332 2007
leaf_count=2001 2034 2131 31554 10860 4638 24643 4156 366390 4273 2875 243035 504866 445731 26894 2783 3225 2642 2906 6712 2126 4380 2057 2410 5332 2007
internal_value=-7.55014e-06 -0.00448427 9.77419e-06 3.37711e-05 -0.00145489 0.00011486 -0.00016363 -0.000203693 -0.000311808 -0.000378189 -0.000487605 0.00022442 0.000253898 0.000612535 -0.000775599 -0.00389726 -0.00077789 0.0010844 0.00160177 0.00203569 0.000209725 0.000911102 -0.00151237 -0.00190282 -0.000393815
internal_weight=1.71266e+06 6172 1.70649e+06 1.67966e+06 26826 1.36141e+06 383532 377250 318249 304358 274589 977882 950597 29769 21600 5226 27285 13891 10985 6282 9220 6437 12380 9970 4138
internal_count=1712661 6172 1706489 1679663 26826 1361414 383532 377250 318249 304358 274589 977882 950597 29769 21600 5226 27285 13891 10985 6282 9220 6437 12380 9970 4138
is_linear=0
shrinkage=0.03


Tree=72
num_leaves=29
num_cat=0
split_feature=0 23 23 25 15 15 12 9 18 1 20 19 2 20 24 3 5 0 20 24 23 15 19 6 20 21 1 8
split_gain=122.484 167.03 60.2855 57.3801 56.5724 152.004 116.282 42.0081 43.5192 27.594 27.8314 28.4438 25.7741 23.4765 20.9713 24.3979 16.8358 15.5355 15.905 14.9704 13.851 13.3245 13.7165 12.5914 9.88403 8.15504 5.07423 4.61956
threshold=0.23953849077224734 -0.53416684269905079 -2.792054176330566 -0.25862580537796015 7.7992677688598646e-05 -1.0000000180025095e-35 -14.636071205139158 -0.43101179599761957 -0.11031242087483405 0.17761233448982242 -1.6198639869689939 -0.028415496461093422 -0.0034430756932124491 0.36835342645645147 -13.499999999999998 -0.0046257704962044946 0.014832621905952694 -0.04042315483093261 -0.36122083663940424 -1.4999999999999998 -3.490174293518066 0.033008784055709846 -0.08519867435097693 -1.0000000180025095e-35 -0.11847907304763793 -0.35000000894069666 0.056705445051193244 -1.1192712187767027
decision_type=8 8 8 10 8 10 10 10 10 8 8 10 10 10 2 8 10 10 10 2 10 10 10 2 8 2 10 10
left_child=2 3 12 14 5 7 19 8 -4 10 -6 -12 16 -9 -2 -16 17 20 -19 -7 -1 22 -11 -17 27 -23 -26 -14
right_child=1 -3 4 -5 9 6 -8 13 -10 21 11 -13 24 -15 15 23 -18 18 -20 -21 -22 25 -24 -25 26 -27 -28 -29
leaf_value=-0.0047905435938309033 -5.8644528749447271e-05 -0.0096310310345288364 -0.00043961261053108254 0.0029445019862647396 -0.0028070018350861317 -0.0031512556308413604 -0.0093769804182608531 5.0622458860500511e-05 0.00065242193364399548 0.00098587740845017713 0.00022216011395363359 -0.0005343517264109189 0.0018769116577016971 0.0010594591119064869 -0.0046305665988391849 -0.0026451930731152965 0.00019375619012512753 -0.0027211903222937157 -0.00052890532329644558 -0.00013823543046076684 -0.0017042538196874485 0.00095388448381534575 8.1464429944297502e-06 5.1949441427988909e-05 -0.0017172562753350325 0.0033370543849878921 0.00013394162469501598 0
leaf_weight=2839 3869 2063 330898 2018 2317 2455 2156 430960 35808 36952 723076 46999 2328 21380 3444 2358 3162 4492 9372 3529 4445 4226 20675 2924 2133 2514 2019 2124
leaf_count=2839 3869 2063 330898 2018 2317 2455 2156 430960 35808 36952 723076 46999 2328 21380 3444 2358 3162 4492 9372 3529 4445 4226 20675 2924 2133 2514 2019 2124
internal_value=-1.01752e-05 -0.00253093 1.51593e-05 -0.00122325 4.06577e-05 -0.000135015 -0.00409423 -9.28271e-05 -0.000331418 0.000214656 0.000164138 0.000175283 -0.00124624 0.000100085 -0.00200086 -0.00277965 -0.00173798 -0.00203847 -0.0013301 -0.00156831 -0.00317615 0.000810297 0.000643343 -0.00122485 0.000129324 0.00205331 -0.000834939 0.00108269
internal_weight=1.71354e+06 16676 1.69686e+06 14613 1.66394e+06 827186 8140 819046 366706 836759 772392 770075 32914 452340 12595 8726 24310 21148 13864 5984 7284 64367 57627 5282 8604 6740 4152 4452
internal_count=1713535 16676 1696859 14613 1663945 827186 8140 819046 366706 836759 772392 770075 32914 452340 12595 8726 24310 21148 13864 5984 7284 64367 57627 5282 8604 6740 4152 4452
is_linear=0
shrinkage=0.03


Tree=73
num_leaves=28
num_cat=0
split_feature=12 21 23 17 18 9 0 0 24 3 4 27 27 8 3 27 20 25 18 9 27 13 18 8 16 20 13
split_gain=150.194 204.246 62.0539 51.8164 44.9579 58.7887 51.442 44.4425 35.7302 32.1846 31.5755 27.3725 27.2779 26.815 24.1289 37.1364 25.1139 21.8183 21.7304 20.4873 20.4624 19.608 19.3616 15.1759 12.7417 10.8802 3.95382
threshold=-12.590905666351317 -0.15000000223517415 -1.7976592779159544 -0.3529775589704513 -0.19545693695545194 -0.43550010025501246 -0.075069606304168687 -0.26986879110336298 -9.4999999999999982 -0.0024246036773547526 -0.10022727400064467 0.080553036183118834 0.098180379718542113 -1.0014845728874204 -0.0042186186183243981 0.063605219125747695 -0.034062981605529778 -0.56005999445915211 -0.60610511898994435 -0.64963218569755543 0.09958613291382791 -12.896135330200194 -0.67774683237075795 -1.5619675517082212 0.0070967851206660279 0.38898184895515447 -13.292990684509276
decision_type=8 2 10 8 10 10 8 10 2 10 10 10 10 10 10 10 8 10 10 10 10 8 10 10 10 8 10
left_child=2 9 7 12 5 6 -5 10 20 -2 -1 -7 17 24 15 -10 -16 25 -19 -14 26 -15 -21 -22 -6 -4 -9
right_child=1 -3 3 4 13 11 -8 8 14 -11 -12 -13 19 21 16 -17 -18 18 -20 22 23 -23 -24 -25 -26 -27 -28
leaf_value=-0.0057097567303374423 -0.0026111807378729635 -0.01073085356272031 0.00076131891905385817 -0.0012049421727468486 0 3.1787250042928548e-05 -0.00020243077172658997 -0.0035587374400146889 -0.0026464120382356576 0.0019276487190739403 -0.00067030416918217688 0.00052901891536287255 -0.00057085700781596166 -0.00093963940180720679 0.00028851228757016927 -0.00029109379910536893 -0.00073346004534710185 -0.00050257563428859875 0.00070423940433626342 0.0036682955401170884 -0.0024244690376628653 0.0001953898321441475 0.0013736266945481815 -0.00015510018811715285 0.00078861368973915757 0.0028770102938357094 -0.0016180857233354645
leaf_weight=2065 2287 2265 6567 51238 22196 545536 439774 3940 8388 2310 2530 121876 2862 14479 66713 20288 31371 22829 30784 4593 3261 154321 15974 10409 114332 3861 4251
leaf_count=2065 2287 2265 6567 51238 22196 545536 439774 3940 8388 2310 2530 121876 2862 14479 66713 20288 31371 22829 30784 4593 3261 154321 15974 10409 114332 3861 4251
internal_value=-7.12577e-06 -0.004283 1.11638e-05 6.82891e-05 2.5569e-05 -5.95985e-05 -0.000308774 -0.000563586 -0.000465096 -0.000306193 -0.003332 0.000123364 0.000775563 0.000349247 -0.000266045 -0.00102387 -3.73725e-05 0.000442102 0.000184925 0.00164623 -0.00157411 9.37719e-05 0.00197521 -0.00078408 0.000661427 0.00166791 -0.00273712
internal_weight=1.7113e+06 6862 1.70444e+06 1.55122e+06 1.46375e+06 1.15842e+06 491012 153216 148621 4597 4595 667412 87470 305328 126760 28676 98084 64041 53613 23429 21861 168800 20567 13670 136528 10428 8191
internal_count=1711300 6862 1704438 1551222 1463752 1158424 491012 153216 148621 4597 4595 667412 87470 305328 126760 28676 98084 64041 53613 23429 21861 168800 20567 13670 136528 10428 8191
is_linear=0
shrinkage=0.03


Tree=74
num_leaves=21
num_cat=0
split_feature=19 15 2 0 10 15 18 19 16 23 13 7 0 4 17 15 3 13 13 18
split_gain=161.512 214.87 76.4554 56.64 75.8148 51.1626 52.9956 46 40.0235 31.173 30.9868 27.5523 26.0639 21.3956 25.3245 15.3222 17.2776 10.2111 8.38962 1.356
threshold=-1.0000000180025095e-35 1.0000000180025095e-35 -0.019792213104665276 -0.026191651821136471 0.68681031465530407 -0.010141849517822264 -0.068053830415010438 -0.049266092479228966 -0.28452908992767328 -1.5145943164825437 -11.442641258239744 -0.025555126368999478 0.19954198598861697 -0.037708915770053857 -0.35813848674297327 0.0090499818325042742 -0.007376359310001134 -10.79887819290161 -12.757211208343504 -0.06380420550704001
decision_type=8 10 10 10 8 10 10 8 8 10 10 10 10 10 10 10 10 10 10 10
left_child=2 -2 9 4 5 6 -4 8 12 15 -10 -7 -5 17 -15 16 -1 -9 -11 -18
right_child=1 -3 3 7 -6 11 -8 13 10 18 -12 -13 -14 14 -16 -17 19 -19 -20 -21
leaf_value=-0.0010264159079266583 -0.010639482447164502 0.00012034052416403705 -0.001070343477634199 0.0023206085052787542 -0.00539519392396909 -0.00028805975429026031 0.00078787509276268442 -0.0012513210224313679 2.5790526971035095e-05 0.0010426225081541808 0.00035315268658369124 0.00023940586494731268 -0.0003663019051576651 0.00090478475372080848 -0.00033041273241024734 -0.00066735631717346363 -0.0047137226234225471 -0.00022590465264400166 -0.00097378310660133137 -0.0022843402288481836
leaf_weight=3194 2496 3628 92644 12306 2075 199839 15654 28321 562960 2802 487030 159700 3945 17261 91733 3497 4199 14035 3695 2638
leaf_count=3194 2496 3628 92644 12306 2075 199839 15654 28321 562960 2802 487030 159700 3945 17261 91733 3497 4199 14035 3695 2638
internal_value=-1.6437e-05 -0.0046919 1.52431e-06 2.38287e-05 -0.000255559 -0.000226387 -0.000796602 0.000131961 0.000201637 -0.00181824 0.000178016 -5.29298e-05 0.00165898 -0.000355963 -0.000128821 -0.00261456 -0.00320099 -0.000925141 -4.89182e-05 -0.00403681
internal_weight=1.71365e+06 6124 1.70753e+06 1.6875e+06 469912 467837 108298 1.21759e+06 1.06624e+06 20025 1.04999e+06 359539 16251 151350 108994 13528 10031 42356 6497 6837
internal_count=1713652 6124 1707528 1687503 469912 467837 108298 1217591 1066241 20025 1049990 359539 16251 151350 108994 13528 10031 42356 6497 6837
is_linear=0
shrinkage=0.03


Tree=75
num_leaves=28
num_cat=0
split_feature=0 23 23 9 16 18 2 0 27 1 2 19 11 16 15 0 15 19 12 9 15 9 27 18 11 15 18
split_gain=138.958 181.384 69.4736 58.068 55.3315 47.5839 65.262 47.9005 36.2576 35.8665 33.5052 30.069 28.7359 24.2953 25.9915 23.2011 20.9387 20.2273 17.8157 15.2996 15.0243 14.8547 12.9777 19.8518 14.2255 11.6889 8.69282
threshold=0.23953849077224734 -0.56055811047554005 -2.5597816705703731 -0.43550010025501246 -0.36280530691146845 -0.19545693695545194 -0.0085693639703094942 -0.17796766757965085 0.077300015836954131 -0.46272444725036616 0.017430720850825313 -0.028415496461093422 -0.01840122044086456 -0.021652017720043656 0.0030803084373474125 -0.057467937469482415 0.0061087906360626229 -3.0794106721878047 -16.949718475341793 -0.48075741529464716 -0.0049205422401428214 -0.7547159194946288 0.099683042615652098 -0.43546071648597712 -0.015169028658419846 0.0062344968318939218 -0.52640646696090687
decision_type=8 8 8 10 8 10 10 10 10 10 10 10 10 10 10 10 10 10 10 10 10 10 10 10 10 10 10
left_child=2 10 9 5 -5 6 7 -4 12 19 13 -8 -6 14 -2 20 18 -10 -7 -1 -11 -18 23 -17 -24 -22 -16
right_child=1 -3 3 4 8 16 11 -9 17 15 -12 -13 -14 -15 26 22 21 -19 -20 -21 25 -23 24 -25 -26 -27 -28
leaf_value=-0.0042654147570645676 -0.0046836571272288003 -0.0098003920290651424 -0.0040977031715110374 0.0041518453376036425 -0.00093551887434307893 -0.0019037675444447642 -0.00011200590620663885 -0.00096611359049611262 -0.0011149382938927274 -0.0033769702816838793 0.001549073109666888 -0.0010955344706875352 0.00013740147883938681 0 0.00025670736211829895 -0.0031760359935708877 -0.00041894430434584912 0.00063228549775555954 0.00019893113071136557 -0.00069533355621652652 0.00079496586099954089 0.0012595990604734684 0.0012738298816003712 -0.00040508745358669131 -0.0012367044751430982 -0.0019722946826304867 -0.0020937467182475917
leaf_weight=3850 3423 2240 4528 2705 22631 3226 480855 47999 5606 4017 2580 29338 725499 3750 2022 2227 5146 178326 115981 2031 2011 27811 6599 20919 2290 2424 2666
leaf_count=3850 3423 2240 4528 2705 22631 3226 480855 47999 5606 4017 2580 29338 725499 3750 2022 2227 5146 178326 115981 2031 2011 27811 6599 20919 2290 2424 2666
internal_value=-3.90001e-06 -0.00268847 2.31115e-05 5.56272e-05 0.000211364 -0.000147597 -0.000275136 -0.00127782 0.000197386 -0.00111556 -0.00127418 -0.000170167 0.000103942 -0.00195038 -0.0028284 -0.000765358 0.000321447 0.000574528 0.000131807 -0.0032306 -0.00212518 0.000986196 -0.00037022 -0.000745903 0.000563693 -0.000703309 -0.0010951
internal_weight=1.7127e+06 16681 1.69602e+06 1.64965e+06 934767 714884 562720 52527 932062 46368 14441 510193 748130 11861 8111 40487 152164 183932 119207 5881 8452 32957 32035 23146 8889 4435 4688
internal_count=1712700 16681 1696019 1649651 934767 714884 562720 52527 932062 46368 14441 510193 748130 11861 8111 40487 152164 183932 119207 5881 8452 32957 32035 23146 8889 4435 4688
is_linear=0
shrinkage=0.03


Tree=76
num_leaves=23
num_cat=0
split_feature=12 23 9 23 15 14 1 19 0 1 18 14 4 3 15 15 25 12 0 1 5 0
split_gain=161.968 214.442 56.6509 50.2664 45.0022 52.5666 43.5106 41.9994 41.3492 32.4563 23.5512 25.8596 21.7495 21.4404 17.9484 17.4736 11.1388 9.65941 9.56954 7.75718 6.68738 4.56478
threshold=-12.590905666351317 -0.90368732810020436 -0.95380881428718556 -3.490174293518066 0.0028170049190521245 -2.5348864793777461 0.30098974704742437 -0.020162807777523991 -0.16324651241302487 -0.23102360963821408 -0.19342511892318723 -3.6450582742691036 -0.10016386955976485 -0.0033252716530114408 -1.0000000180025095e-35 0.018982201814651493 -0.48978172242641443 -14.994673728942869 -0.0047618746757507316 -0.048944056034088128 -1.0114518404006956 0.037728279829025275
decision_type=8 8 8 10 10 10 10 8 10 10 10 10 10 10 8 10 10 10 10 8 8 8
left_child=2 14 8 9 5 6 -5 -7 12 18 11 -6 -1 -12 -2 17 21 19 -4 -10 -19 -11
right_child=1 -3 3 4 10 7 -8 -9 15 16 13 -13 -14 -15 -16 -17 -18 20 -20 -21 -22 -23
leaf_value=-0.0050024450296280928 0.0013758922998375724 -0.011026339570658038 -0.0046227783000385237 -0.00032657666012080445 -0.00049554465011577187 0.00017098876593072513 0.0027129932682228258 -0.0014974024065540215 -0.00049561850154406526 -0.0019218760580957163 -0.00043409999828597181 0.00023354489605610857 -0.00076812014933641038 0.00077999965095637352 -0.0020101703366700602 -0.0030781219413528404 0.0011404057022044228 0.00020837048143612549 -0.0013573574540226778 0.00097069097878400379 -0.0013979396645729752 -6.7739495404118526e-07
leaf_weight=3150 2199 2278 2991 472327 47707 546832 3762 13399 6500 2703 14269 458250 2124 105915 2390 2062 2216 2535 2210 5418 8934 2197
leaf_count=3150 2199 2278 2991 472327 47707 546832 3762 13399 6500 2703 14269 458250 2124 105915 2390 2062 2216 2535 2210 5418 8934 2197
internal_value=-3.54891e-06 -0.00444238 1.54444e-05 3.9211e-05 5.37993e-05 -6.72983e-05 -0.000299108 0.000129251 -0.0012504 -0.00183169 0.000254599 0.000163785 -0.0035633 0.000632167 -0.00035289 -0.000700092 -0.000401819 -0.000417823 -0.0035286 0.000159061 -0.00102396 -0.00119585
internal_weight=1.71237e+06 6867 1.7055e+06 1.67478e+06 1.66246e+06 1.03632e+06 476089 560231 30723 12317 626141 505957 5274 120184 4589 25449 7116 23387 5201 11918 11469 4900
internal_count=1712368 6867 1705501 1674778 1662461 1036320 476089 560231 30723 12317 626141 505957 5274 120184 4589 25449 7116 23387 5201 11918 11469 4900
is_linear=0
shrinkage=0.03


Tree=77
num_leaves=30
num_cat=0
split_feature=19 15 15 15 15 6 17 8 15 18 17 19 0 11 27 1 20 27 1 27 23 2 0 10 18 8 22 11 10
split_gain=117.025 196.743 64.6368 71.6533 703.942 53.8058 49.271 46.1247 43.5651 34.0103 27.0886 30.8622 28.2862 26.0212 24.9623 17.7978 17.4379 17.1913 16.6036 14.8864 14.7487 11.4591 11.0591 10.331 8.90543 7.00732 6.09554 3.61306 2.15629
threshold=-1.0000000180025095e-35 0.0014227628707885744 0.00032955408096313482 -1.0000000180025095e-35 1.0000000180025095e-35 -1.4999999999999998 -0.43440744280815119 -1.6766262054443357 -0.0306897759437561 -0.11682782322168349 -0.33829864859580988 -0.024545336142182347 0.025396585464477543 -0.012272684834897516 0.098767332732677474 -0.028883457183837887 0.54885980486869823 0.10056791827082635 -0.11365997791290282 0.039870250970125205 -1.5470894575119016 0.0017096653464250269 0.010560482740402223 -0.33604411780834192 -0.67774683237075795 -0.59179317951202381 -3.4999999999999996 -0.0066597401164472094 -0.20058236271142957
decision_type=8 10 10 10 10 2 10 10 8 10 10 8 10 10 10 10 8 10 10 10 10 10 8 10 10 10 2 10 8
left_child=2 -2 3 5 -5 7 16 9 -8 -1 14 12 13 -12 15 26 -7 24 -14 -17 -9 27 23 -6 -16 -23 -4 -13 -24
right_child=1 -3 10 4 22 6 8 20 -10 -11 11 21 18 -15 17 19 -18 -19 -20 -21 -22 25 28 -25 -26 -27 -28 -29 -30
leaf_value=-0.0032115060896310914 -0.0095415777524193758 0.00061781043596933452 0.00063776186235870423 -0.016260601191392388 0.0014184730205513186 0.0011465008820172149 -0.0016201424508642608 -0.0010266424273400389 -5.6508234380044732e-05 -0.00022903134223615119 -0.00030180619021445281 -0.002729320977392106 0.0011531005064704875 0.00018629735935408307 0.0040131580576508522 0.0012475449723288741 0.0042359339131352192 -2.5092241851976796e-05 0.00034658947425944629 -0.00010080748047429559 0.00012848223756017929 -0.00012875208529930672 -0.00140104262633905 -0.00015889532011890094 0.001710418430077097 -0.0012376371270188054 0.0029775842319167238 -0.00091119222343866255 -0.00041377794238382586
leaf_weight=11459 2587 3621 2592 2191 4919 8016 15908 18700 757297 5261 139219 2648 25416 329945 2522 9010 2040 3082 251650 31145 19615 19897 4282 10946 8904 6874 2587 3631 6671
leaf_count=11459 2587 3621 2592 2191 4919 8016 15908 18700 757297 5261 139219 2648 25416 329945 2522 9010 2040 3082 251650 31145 19615 19897 4282 10946 8904 6874 2587 3631 6671
internal_value=-1.20125e-05 -0.00396673 3.3568e-06 -0.000178026 -0.00163192 -0.000126414 -6.1986e-05 -0.00102913 -9.00926e-05 -0.00232438 0.000191183 0.000143195 0.000183425 4.06524e-05 0.000804755 0.000439365 0.00197261 0.00187384 0.000423598 0.00020598 -0.000433521 -0.000745411 -0.000150048 0.000340238 0.00239079 -0.000441953 0.00201862 -0.00186695 -0.000870251
internal_weight=1.71264e+06 6208 1.70643e+06 867305 29009 838296 783261 55035 773205 16720 839122 779280 746230 469164 59842 45334 10056 14508 277066 40155 38315 33050 26818 15865 11426 26771 5179 6279 10953
internal_count=1712635 6208 1706427 867305 29009 838296 783261 55035 773205 16720 839122 779280 746230 469164 59842 45334 10056 14508 277066 40155 38315 33050 26818 15865 11426 26771 5179 6279 10953
is_linear=0
shrinkage=0.03


Tree=78
num_leaves=18
num_cat=0
split_feature=9 19 3 23 2 14 9 13 25 27 18 25 20 9 20 12 27
split_gain=144.748 56.3243 111.815 54.0309 49.6526 54.8614 47.5595 37.3365 35.0736 27.5737 23.4539 19.8579 19.7437 10.8447 10.4601 7.57207 2.25135
threshold=-1.2401576638221739 -1.0000000180025095e-35 -0.0032654345268383618 -3.490174293518066 0.0090812202543020266 -3.4380112886428829 -0.44450198113918299 -10.956708431243895 -0.54480254650115956 0.099810186773538603 -0.25829395651817316 -0.54609158635139454 0.25279065966606146 -0.51702198386192311 -0.05692321062088012 -16.284223556518551 0.099216915667057051
decision_type=10 8 10 10 10 10 10 8 10 10 10 10 8 10 8 10 10
left_child=7 3 -3 11 5 10 -7 8 -1 14 -5 15 -11 -13 -6 -2 -17
right_child=1 2 -4 4 9 6 -8 -9 -10 12 -12 13 -14 -15 -16 16 -18
leaf_value=-0.0038457608852961269 -0.0010480621124437954 -0.0076415460143107912 0.00057433270208475675 -0.00073754590259663625 0.0013226429723956778 -0.00014754914905732569 0.00020510208609024672 -0.006806739198523374 0.00070080746262955881 0.00088301413623151945 -0.00010995580705278917 -0.001443821936978489 0.0028150790108134871 0.0010293511396940952 0.00013429635314004583 -0.0042263564988332895 -0.001685127311683796
leaf_weight=3439 2648 2072 3252 120096 8004 601586 801660 2459 2116 13218 99099 3158 8410 2252 35274 3048 2044
leaf_count=3439 2648 2072 3252 120096 8004 601586 801660 2459 2116 13218 99099 3158 8410 2252 35274 3048 2044
internal_value=-2.756e-05 -7.90637e-06 -0.00295315 2.00374e-06 1.73822e-05 -1.51017e-05 5.37045e-05 -0.00392956 -0.00214949 0.000827869 -0.000456071 -0.00187766 0.00169448 -0.000363575 0.000373523 -0.00281327 -0.0035018
internal_weight=1.71384e+06 1.70582e+06 5324 1.7005e+06 1.68735e+06 1.62244e+06 1.40325e+06 8014 5555 64906 219195 13150 21628 5410 43278 7740 5092
internal_count=1713835 1705821 5324 1700497 1687347 1622441 1403246 8014 5555 64906 219195 13150 21628 5410 43278 7740 5092
is_linear=0
shrinkage=0.03


Tree=79
num_leaves=28
num_cat=0
split_feature=3 11 15 15 15 2 15 27 14 4 20 17 8 20 18 22 16 24 23 24 2 11 17 15 25 14 16
split_gain=88.6458 204.891 66.9839 184.968 365.441 57.9036 44.5391 39.6204 39.4137 37.8121 34.8899 37.6191 30.464 30.1727 23.0218 23.8683 20.4647 20.0542 19.1208 18.9208 18.2433 11.2482 16.0211 11.7756 6.39268 6.36609 3.67182
threshold=-0.022366645745933052 -0.0091883656568825228 7.7992677688598646e-05 -1.0000000180025095e-35 1.0000000180025095e-35 -0.0072618143167346707 -0.039338707923889153 0.092884529381990447 -4.5383355617523184 -0.055914355441927903 -0.042525410652160638 -0.43440744280815119 -1.3069914579391477 0.3506117463111878 -0.14839038252830503 -14.499999999999998 -0.16460102796554563 -14.499999999999998 -1.701005697250366 -2.4999999999999996 0.0090812202543020266 -0.016889609396457669 0.26100617647171026 0.0088610351085662859 -0.47620184719562525 -2.7288327217102046 0.034183757379651077
decision_type=10 8 10 8 8 10 10 10 8 10 8 10 10 8 10 2 10 2 10 2 10 10 10 10 10 10 10
left_child=1 9 3 5 -5 6 12 -8 21 -1 20 -12 -2 14 16 -16 -10 25 -19 -6 -7 26 23 -23 -21 -15 -4
right_child=2 -3 8 4 19 10 7 -9 13 -11 11 -13 -14 17 15 -17 -18 18 -20 24 -22 22 -24 -25 -26 -27 -28
leaf_value=-0.0018686327721458913 -0.0045515953761713496 -0.010268757247057081 -0.00093023822833434948 -0.013796011813056919 -0.0028948648628997825 0.00024705388976040534 -0.00086092796462853682 0.00035050637585091538 0.00057176148823725982 0.0027735581105458418 0.0016454802108018241 -0.0002027657824866834 -0.00037981876579857221 0.0034709164199328798 -0.00075155040299619872 0.0007370874176206724 3.4306184471469228e-05 -0.00098963515689176954 0.00076294476272925518 0.0010399531074944315 0.0018833094547285811 -0.0003032006429847948 0.0012470032971212716 -0.0024192361219307805 -0.00083928698006591738 0.00095460879084407991 -0.0032413320669614017
leaf_weight=3279 3961 2008 2062 2152 2038 200134 99265 31407 71259 2209 9593 482407 2847 2737 10246 90629 588862 5513 70606 3135 5915 6382 2535 3875 2362 2558 2468
leaf_count=3279 3961 2008 2062 2152 2038 200134 99265 31407 71259 2209 9593 482407 2847 2737 10246 90629 588862 5513 70606 3135 5915 6382 2535 3875 2362 2558 2468
internal_value=-1.29574e-05 -0.00316434 1.64572e-06 -0.000187769 -0.00420693 -0.000138324 -0.000699977 -0.000567247 0.000188212 2.5385e-05 -2.68562e-05 -0.000164486 -0.00299342 0.00021793 0.000158427 0.000579964 9.31666e-05 0.000766094 0.000626467 -0.000742872 0.000299923 -0.00120579 -0.000668532 -0.0012058 0.000179788 0.00249431 -0.00244603
internal_weight=1.71244e+06 7496 1.70495e+06 845216 9687 835529 137480 130672 859732 5488 698049 492000 6808 842410 760996 100875 660121 81414 76119 7535 206049 17322 12792 10257 5497 5295 4530
internal_count=1712444 7496 1704948 845216 9687 835529 137480 130672 859732 5488 698049 492000 6808 842410 760996 100875 660121 81414 76119 7535 206049 17322 12792 10257 5497 5295 4530
is_linear=0
shrinkage=0.03


Tree=80
num_leaves=29
num_cat=0
split_feature=0 13 4 23 18 11 16 13 15 0 19 27 21 1 24 10 8 24 8 1 27 14 20 27 14 24 1 8
split_gain=87.4849 171.225 77.6162 59.3926 47.3807 59.9064 48.7888 49.714 90.4643 56.2255 33.6575 40.6715 33.517 28.4846 24.7014 21.9626 20.0297 18.8465 17.074 21.8071 15.8554 13.8117 16.2331 12.9999 4.85052 4.76449 4.5421 5.76217
threshold=0.23953849077224734 -10.956708431243895 -0.026880908757448193 -2.5597816705703731 -0.11031242087483405 -0.020407057367265221 -0.17015773802995679 -11.442641258239744 -0.028012216091156002 0.0082540810108184832 -0.056700512766838067 0.11128951609134675 -0.15000000223517415 0.060024231672286994 -9.4999999999999982 0.10291429609060289 -0.57269909977912892 -18.499999999999996 -2.5705569982528682 -0.3671386837959289 0.099931787699460997 -3.4755315780639644 -0.63074606657028187 0.088556535542011275 -2.216482281684875 -5.4999999999999991 0.19215148687362674 -0.99816417694091786
decision_type=8 8 10 10 10 10 8 10 10 8 10 10 2 10 2 10 10 2 10 10 10 10 8 10 10 2 10 10
left_child=3 2 12 13 6 23 10 9 -9 -8 11 -5 17 18 -7 -12 -16 -2 19 -1 -19 -20 -23 25 -21 -6 27 -15
right_child=1 -3 -4 4 5 14 7 8 -10 -11 15 -13 -14 26 16 -17 -18 20 21 24 -22 22 -24 -25 -26 -27 -28 -29
leaf_value=-0.0045383886367873303 0.0013869123974982105 -0.0093315484828563992 0.0040104732620716088 0.00067052498446133475 -0.0036873505120727942 -0.0019152199764611022 -0.0005150281474889418 -0.0040912082766380413 0.00013828684623508621 3.9339370215957666e-05 -0.00092930836240557463 0.003897563669280383 -0.0046582258283792526 -0.00091115519446270795 0.0008623372869919284 0.00038028920306778884 -0.00080425884234669725 0 -0.0031385048461156531 -0.0020179399860370648 -0.0026177827533344785 0.00068408802883723936 -0.0011039369195064886 0 -4.9512353794079871e-05 -0.0012389505175840092 0.001708907390660979 0.0010033716213557304
leaf_weight=2858 2082 2051 2000 104317 2590 2615 347300 4078 693826 310791 19569 3217 2374 2141 124440 26281 6280 3732 2163 2079 4523 4996 24921 2139 2634 2568 2087 2490
leaf_count=2858 2082 2051 2000 104317 2590 2615 347300 4078 693826 310791 19569 3217 2374 2141 124440 26281 6280 3732 2163 2079 4523 4996 24921 2139 2634 2568 2087 2490
internal_value=-1.07741e-05 -0.00213579 -0.000839076 1.06696e-05 4.07456e-05 0.00056643 -8.20615e-06 -6.58271e-05 0.000110232 -0.000252935 0.000497803 0.000787434 -0.00174774 -0.00104218 0.000715221 -0.000176176 0.000777226 -0.000867548 -0.00134892 -0.00262661 -0.00151715 -0.00100249 -0.000789145 -0.00198542 -0.00108564 -0.0027386 0.000694744 5.72443e-05
internal_weight=1.71314e+06 16762 14711 1.69638e+06 1.65001e+06 140632 1.50938e+06 1.356e+06 697904 658091 153384 107534 12711 46369 133335 45850 130720 10337 39651 7571 8255 32080 29917 7297 4713 5158 6718 4631
internal_count=1713142 16762 14711 1696380 1650011 140632 1509379 1355995 697904 658091 153384 107534 12711 46369 133335 45850 130720 10337 39651 7571 8255 32080 29917 7297 4713 5158 6718 4631
is_linear=0
shrinkage=0.03


Tree=81
num_leaves=23
num_cat=0
split_feature=9 23 21 18 9 17 12 16 17 24 15 24 7 11 0 16 11 11 18 23 0 19
split_gain=112.517 55.5966 53.689 48.0422 48.1797 43.7091 35.923 32.7661 61.1517 29.2596 28.8802 28.5715 27.8116 23.775 15.527 16.5979 17.3166 9.98973 8.62658 12.4308 9.15355 6.23384
threshold=-1.2401576638221739 -2.2593598365783687 -1.0000000180025095e-35 -0.10000082105398177 -0.67998072504997242 -0.3479101806879043 -15.296660900115965 0.16111710667610171 0.35084354877471929 -6.4999999999999991 -0.02287197113037109 -9.4999999999999982 -0.03839446417987346 -0.019419393502175804 0.047743946313858039 -0.081791471689939485 -0.016727212816476818 -0.020797897130250927 -0.30732433497905726 -3.490174293518066 0.13345405459403994 -0.74400261044502247
decision_type=10 8 2 10 10 8 10 8 10 2 10 2 10 10 10 10 10 10 10 10 10 10
left_child=6 7 3 4 10 -6 -1 14 21 17 -3 -5 -8 -13 15 -2 -17 -10 20 -20 -16 -9
right_child=1 2 -4 11 5 -7 12 8 9 -11 -12 13 -14 -15 18 16 -18 -19 19 -21 -22 -23
leaf_value=0 0.00096466518589042921 -0.0027014163551140283 -0.0036945635904521382 -0.0018203764745045637 0.00070889294757227079 1.9016283370715668e-05 -0.0065708296602141354 -0.0051214230301980029 -0.0028182713813688751 0.0021193740252837736 -0.00043670077638530868 -0.0010474434438757891 -0.0019126653633076221 0.00083805695941202606 -0.0011727187267809797 -0.0018248237370530346 -0.00044407323285008927 -2.1636536749966969e-06 -0.00087365137732202587 0.0012180764877884795 0.00084237032310960672 -0.0021898688555312641
leaf_weight=2061 3649 4870 2941 3558 87900 1291657 2874 3578 2176 2654 129414 5825 2999 106069 5796 14299 21009 2346 2884 9319 2399 2850
leaf_count=2061 3649 4870 2941 3558 87900 1291657 2874 3578 2176 2654 129414 5825 2999 106069 5796 14299 21009 2346 2884 9319 2399 2850
internal_value=-5.83315e-06 1.10846e-05 4.75789e-05 5.56492e-05 1.03662e-05 6.34308e-05 -0.0034625 -0.000796048 -0.00210469 -0.000112473 -0.000530776 0.000644221 -0.00457593 0.000733009 -0.000476022 -0.000825069 -0.0010293 -0.00156269 0.000180039 0.000685181 -0.000533802 -0.0041168
internal_weight=1.71313e+06 1.70519e+06 1.63223e+06 1.62929e+06 1.51384e+06 1.37956e+06 7934 72959 13604 7176 134284 115452 5873 111894 59355 38957 35308 4522 20398 12203 8195 6428
internal_count=1713127 1705193 1632234 1629293 1513841 1379557 7934 72959 13604 7176 134284 115452 5873 111894 59355 38957 35308 4522 20398 12203 8195 6428
is_linear=0
shrinkage=0.03


Tree=82
num_leaves=22
num_cat=0
split_feature=19 15 15 15 15 17 9 18 14 20 19 0 18 25 25 20 19 8 17 0 5
split_gain=85.3437 157.069 62.1331 221.717 408.919 45.9226 39.8512 47.6992 31.8554 29.4 27.0532 27.5581 33.8837 28.3249 15.968 15.9598 12.8427 7.62809 7.02507 3.88511 2.56581
threshold=-1.0000000180025095e-35 1.0000000180025095e-35 7.7992677688598646e-05 -1.0000000180025095e-35 1.0000000180025095e-35 -0.47068542242050165 -0.39992123842239374 -0.080887086689472185 -2.8590530157089229 -1.2838087081909177 -0.024545336142182347 0.004641890525817872 -0.54364478588104237 -0.69424396753311146 -0.40714405477046961 0.50275492668151867 -2.3293266296386714 -0.51844048500061024 -0.33829864859580988 0.017974883317947391 -1.5367082953453062
decision_type=8 10 10 10 10 10 8 8 10 8 10 10 10 8 10 8 10 10 10 10 10
left_child=2 -2 3 5 -5 15 7 -7 -8 16 11 12 -11 -13 18 -1 -4 -16 -12 20 -6
right_child=1 -3 9 4 19 6 8 -9 -10 10 14 13 -14 -15 17 -17 -18 -19 -20 -21 -22
leaf_value=0.00069461912983173255 -0.0085153758359836872 0.00060060428356640226 -0.002734483250438804 -0.014545623067213102 0.00059670863086730007 -0.00042375803089080824 -0.00029811668314253491 0.00077235290112481823 0.0002764725590891401 0.001006676808176839 -0.00022095498781213299 0.002164097818002433 -4.2438648800465978e-05 0.0003646463373273543 0.00013085502153318467 0.0042448253156578885 0 -0.0011558522645340249 -0.0015630767508521709 -0.0015114576898958058 -0.00071862813047593043
leaf_weight=2750 2491 3676 3926 2235 2258 419624 131996 31696 250392 29705 5835 7620 331092 434148 27224 2274 2362 4349 12465 2124 2070
leaf_count=2750 2491 3676 3926 2235 2258 419624 131996 31696 250392 29705 5835 7620 331092 434148 27224 2274 2362 4349 12465 2124 2070
internal_value=-1.13907e-05 -0.00339903 1.67063e-06 -0.000180342 -0.00481653 -0.000129125 -0.000147444 -0.00033833 7.72171e-05 0.000181636 0.000197503 0.000239955 4.438e-05 0.000398775 -0.000475293 0.00259462 -0.00178122 -5.22839e-05 -0.00116835 -0.000599427 0
internal_weight=1.71231e+06 6167 1.70614e+06 847419 8687 838732 833708 451320 382388 858726 852438 802565 360797 441768 49873 5024 6288 31573 18300 6452 4328
internal_count=1712312 6167 1706145 847419 8687 838732 833708 451320 382388 858726 852438 802565 360797 441768 49873 5024 6288 31573 18300 6452 4328
is_linear=0
shrinkage=0.03


Tree=83
num_leaves=25
num_cat=0
split_feature=0 23 2 14 9 17 20 8 7 15 1 7 16 18 1 2 7 20 17 15 27 0 8 12
split_gain=85.9249 121.128 55.2087 41.1767 45.6271 43.2137 45.3613 38.1806 34.716 31.6786 28.7674 23.038 19.3703 18.4951 17.4251 17.2646 14.7953 22.307 15.8808 14.7467 12.6304 11.0066 9.49238 7.1216
threshold=0.23953849077224734 -0.60505536198616017 -0.025084488093852993 -3.2329759597778316 -1.0397592782974241 -0.36376573145389551 -0.017942428588867184 -0.45394024252891535 -0.042963808402419083 0.0074453651905059823 0.20391178131103518 -0.07097578793764113 0.10502988100051881 -0.084890905767679201 -0.46272444725036616 -0.00056394934654235829 -0.041129086166620248 -1.1030323505401609 0.0091657130979001539 0.0018479526042938235 0.08639808371663095 0.094861596822738661 -0.83950340747833241 -15.875018596649168
decision_type=8 10 10 10 8 10 10 10 8 10 10 10 10 10 10 8 10 8 10 10 10 10 10 10
left_child=2 8 14 9 12 7 -7 -6 11 10 13 -2 20 -4 23 -10 17 -11 -18 -13 -5 -12 -21 -1
right_child=1 -3 3 4 5 6 -8 -9 15 16 21 19 -14 -15 -16 -17 18 -19 -20 22 -22 -23 -24 -25
leaf_value=-0.0016553652750443302 0.00022170903327913005 -0.0082682908366600999 -0.0006335151676794031 -0.00031374415822232394 0.0010490010639177146 0.00028374358713636918 -8.1986863209478043e-05 -0.0017748088649593343 0.0027352673408331989 -0.0014649112425916913 0.00042329809601732176 -0.0047613956760496172 -0.0034344372497359592 0.00018444768020030243 -0.00018494998693059753 -0.00054413925688303255 -0.00044975076725077882 0.0012503364471346868 0.00058990443808694425 -0.0025484405886618826 -0.0024413184886141119 0.0029247026491782714 0 -0.0049689246248979307
leaf_weight=2198 2666 2008 204732 10933 60219 492005 800419 4117 2086 2639 5734 2303 3159 27467 2071 2715 32999 19007 21292 2810 3036 2059 2000 2106
leaf_count=2198 2666 2008 204732 10933 60219 492005 800419 4117 2086 2639 5734 2303 3159 27467 2071 2715 32999 19007 21292 2810 3036 2059 2000 2106
internal_value=-2.80762e-05 -0.00214483 -6.57254e-06 4.16438e-06 7.53748e-05 9.52509e-05 5.70647e-05 0.000851379 -0.00103541 -0.000304192 -0.000473346 -0.00203696 -0.0014401 -0.00053528 -0.00268956 0.000947745 0.000226081 0.000880157 -3.48781e-05 -0.00288189 -0.000865266 0.00125686 -0.00156189 -0.00368759
internal_weight=1.71278e+06 16588 1.69619e+06 1.68982e+06 1.37389e+06 1.35676e+06 1.29242e+06 64336 14580 315929 239992 9779 17128 232199 6375 4801 75937 21646 54291 7113 13969 7793 4810 4304
internal_count=1712780 16588 1696192 1689817 1373888 1356760 1292424 64336 14580 315929 239992 9779 17128 232199 6375 4801 75937 21646 54291 7113 13969 7793 4810 4304
is_linear=0
shrinkage=0.03


Tree=84
num_leaves=25
num_cat=0
split_feature=19 3 8 14 20 20 24 23 9 22 19 1 27 25 4 1 8 8 5 3 14 1 10 0
split_gain=92.5779 127.311 48.837 41.83 50.1269 46.8652 39.2641 38.2154 32.602 29.5589 24.2584 38.0325 23.7247 19.1148 18.1175 11.9483 9.85531 10.6393 9.52782 9.29885 7.19534 6.26236 6.21427 4.65914
threshold=-1.0000000180025095e-35 -0.0057900415267795316 -3.3971583843231197 -3.4577351808547969 0.37452894449234014 -0.0076481699943542472 -1.4999999999999998 -1.7976592779159544 -0.5123084783554076 -8.4999999999999982 -0.088868636637926088 0.2106474041938782 0.087510850280523314 -0.76515555381774891 -0.10027797892689704 0.13442906737327578 -1.2357265949249265 -2.0141135454177852 0.55108061432838451 -0.0013864590437151489 -3.6677834987640376 -0.2063789367675781 -0.29595598578453058 0.066580414772033705
decision_type=8 10 10 8 10 10 2 10 10 2 10 10 10 10 10 8 10 10 8 8 10 8 10 10
left_child=2 -2 13 7 5 6 -5 16 -7 15 11 -9 -11 -1 21 -6 17 -4 -18 -16 -12 -15 -21 -3
right_child=1 23 3 4 9 8 -8 10 -10 12 20 -13 -14 14 19 -17 18 -19 -20 22 -22 -23 -24 -25
leaf_value=-0.0040968329436221395 -0.0087680651942323249 0.00071135892264385687 -0.00033592597528927457 5.3836758137707714e-05 -0.0016499879311274125 -0.00038296011462084131 0.0005577609710004488 -0.00021042372303811874 3.3085844906987526e-05 0.00067927895454745373 -0.0016145304771451516 0.0020183728703367303 0.0020027531165908202 -0.0032959163724268752 -0.0014551829551227968 0.00056088359451265382 1.5270922559454586e-05 -0.0031106642220140378 -0.0021138645887890037 0.0017687734621426498 -0.00033296624788573795 -0.00080764191151691111 -0.00027293902033547135 -0.0010889232355227765
leaf_weight=2192 2063 2051 2017 330156 4715 235721 242095 183457 596365 36270 13322 6644 19527 2674 2049 3202 4403 5971 2487 2177 6874 2429 2037 2021
leaf_count=2192 2063 2051 2017 330156 4715 235721 242095 183457 596365 36270 13322 6644 19527 2674 2049 3202 4403 5971 2487 2177 6874 2429 2037 2021
internal_value=9.31112e-06 -0.00352721 2.32281e-05 3.80103e-05 9.65945e-05 5.88652e-05 0.00026785 -0.000341973 -8.45744e-05 0.00091659 -0.000234164 -0.000125863 0.00116145 -0.00173725 -0.00110345 -0.000739966 -0.00178917 -0.00250644 -0.000803686 0 -0.00121141 -0.00234282 0.000793925 -0.000137904
internal_weight=1.71292e+06 6135 1.70678e+06 1.69323e+06 1.46805e+06 1.40434e+06 572251 225175 832086 63714 210297 190101 55797 13558 11366 7917 14878 7988 6890 6263 20196 5103 4214 4072
internal_count=1712919 6135 1706784 1693226 1468051 1404337 572251 225175 832086 63714 210297 190101 55797 13558 11366 7917 14878 7988 6890 6263 20196 5103 4214 4072
is_linear=0
shrinkage=0.03


Tree=85
num_leaves=27
num_cat=0
split_feature=12 15 23 15 19 13 15 27 16 17 24 24 18 1 9 15 12 9 3 1 9 1 16 27 26 3
split_gain=84.2389 152.951 55.4207 52.9976 40.6981 35.4506 52.1439 48.3277 26.9361 42.7164 37.3516 26.1208 23.0323 24.583 22.9236 24.359 21.5631 16.1521 14.8275 13.7902 15.3205 12.2539 11.1454 9.05659 7.12103 5.36486
threshold=-12.590905666351317 -7.659196853637694e-05 -2.5597816705703731 0.0028170049190521245 -0.020162807777523991 -11.632063865661619 -0.025978982448577877 0.071553304791450514 0.12371779233217241 0.31522320210933691 -3.4999999999999996 -20.499999999999996 -0.63493287563323964 -0.080436050891876207 -0.87038874626159657 0.01602888107299805 -16.354293823242184 -0.35746578872203821 -0.0032654345268383618 0.061132341623306281 -0.74394527077674855 -0.2063789367675781 -0.16195807605981824 0.067120593041181578 1.5000000000000002 -0.0042186186183243981
decision_type=8 10 10 10 8 10 8 10 8 10 2 2 10 10 8 10 8 10 10 10 10 10 10 10 2 10
left_child=2 -2 8 4 5 7 -7 -4 19 10 -10 12 -5 -14 15 -13 -16 -11 -6 20 23 -22 -20 -1 25 -21
right_child=1 -3 3 11 18 6 -8 -9 9 17 -12 14 13 -15 16 -17 -18 -19 22 24 21 -23 -24 -25 -26 -27
leaf_value=0.0016787787099057521 0.0014832919208109569 -0.0069723298781299908 -0.00051352276574373142 0.0042569164346769892 -0.0036259252135008159 -0.0021009943617854819 0.00010948250846794908 0.00016252018822811987 -0.0054419784259179234 0.00086930172774822665 -0.00066324632563524938 -0.00012096210667135855 0.0028615786960348149 -0.00027121017996760964 -0.00019017232729558666 -0.002596664673708224 0.00032461110808379581 -0.0020812437887765037 0.00023895551636474892 -0.00096731186315726354 -0.0024486606472979358 -0.00074282472121172522 -0.0014420850369246563 -0.00048285995274288782 0.001855323066013278 0.0009143155994955184
leaf_weight=2495 3175 3734 282347 2030 2104 9257 581360 142276 3984 3806 2655 13354 2970 5812 84415 4563 508942 2191 4120 2416 5244 16337 14310 3478 2158 2023
leaf_count=2495 3175 3734 282347 2030 2104 9257 581360 142276 3984 3806 2655 13354 2970 5812 84415 4563 508942 2191 4120 2416 5244 16337 14310 3478 2158 2023
internal_value=-1.62479e-05 -0.00320823 -2.19777e-06 2.65031e-05 -0.000104736 -7.73232e-05 7.25814e-05 -0.000286375 -0.00101506 -0.00218117 -0.00375324 0.000245407 0.00167855 0.000853027 0.000218217 -0.000821128 0.000250771 -0.000239713 -0.00141177 -0.000549691 -0.000847113 -0.00121698 -0.00105406 0.000433667 0.000622458 -4.33009e-05
internal_weight=1.71156e+06 6909 1.70465e+06 1.65786e+06 1.03577e+06 1.01524e+06 590617 424623 46787 12636 6639 622086 10812 8782 611274 17917 593357 5997 20534 34151 27554 21581 18430 5973 6597 4439
internal_count=1711556 6909 1704647 1657860 1035774 1015240 590617 424623 46787 12636 6639 622086 10812 8782 611274 17917 593357 5997 20534 34151 27554 21581 18430 5973 6597 4439
is_linear=0
shrinkage=0.03


Tree=86
num_leaves=24
num_cat=0
split_feature=9 3 12 17 20 13 2 14 20 15 24 2 1 12 4 10 15 17 20 15 16 9 13
split_gain=91.9821 43.5236 65.707 55.0609 41.0185 37.8968 33.6438 31.9968 30.8284 30.2659 26.1179 27.2723 22.7268 24.8923 22.1817 18.8788 18.1911 16.7489 18.4041 16.1958 15.6982 12.7783 9.03625
threshold=-1.2401576638221739 -0.0020659968722611661 -12.590905666351317 -0.3697101473808288 -0.017942428588867184 -11.540952205657957 -0.018319810740649697 -4.1606783866882315 -1.6198639869689939 0.00041055679321289068 -1.0000000180025095e-35 0.014600737486034633 0.0035482048988342289 -14.302871227264403 -0.074931338429450975 -0.44500091671943659 0.028092503547668461 0.50027969479560863 -1.2838087081909177 -0.011087477207183836 0.0010080914944410326 -0.70189204812049855 -10.761566162109373
decision_type=10 10 10 8 10 8 10 8 8 10 2 10 8 8 8 10 10 10 10 10 8 10 10
left_child=5 2 3 16 6 -1 17 19 -5 -10 11 -8 14 -14 -9 -7 21 -3 -19 -6 -12 -2 -21
right_child=1 4 -4 8 7 15 10 12 9 -11 20 -13 13 -15 -16 -17 -18 18 -20 22 -22 -23 -24
leaf_value=-0.00074335944953629585 -0.00098176756796656195 -0.0028219688857700201 -0.0043332002214296677 -0.0033704090939915264 0.00084952107733419894 -0.006844094021287832 0.00016999114432726979 -0.00028152479844245517 -0.00052957998511455804 -3.1651689526882198e-05 0.00029666431624102 0.0027360586749332243 -0.00024085777240235348 0.00051190546332872673 0.00032316045304574785 -0.0019439075936909923 0.0034073386986332036 -0.0018880291729278706 0.0015863341958781811 -0.0016774266620068839 0.0010011503797777818 0.00093433148251966078 0.00024236898101138367
leaf_weight=3863 2970 3976 3040 2470 2652 2128 343259 70868 229385 213161 50761 3290 382283 43404 227404 2022 2120 2270 2193 17690 70861 27342 2075
leaf_count=3863 2970 3976 3040 2470 2652 2128 343259 70868 229385 213161 50761 3290 382283 43404 227404 2022 2120 2270 2193 17690 70861 27342 2075
internal_value=-2.93578e-05 -1.36317e-05 -0.000255559 -0.000224462 8.12372e-05 -0.00314015 0.000298604 -5.72712e-05 -0.000312257 -0.000290727 0.000333616 0.000199124 -2.18975e-05 -0.00016289 0.000178255 -0.00498684 0.000957553 -0.00152019 -0.000132549 -0.00116117 0.000711996 0.000723969 -0.00146007
internal_weight=1.71149e+06 1.70347e+06 480488 477448 1.22299e+06 8013 476610 746376 445016 442546 468171 346549 723959 425687 298272 4150 32432 8439 4463 22417 121622 30312 19765
internal_count=1711487 1703474 480488 477448 1222986 8013 476610 746376 445016 442546 468171 346549 723959 425687 298272 4150 32432 8439 4463 22417 121622 30312 19765
is_linear=0
shrinkage=0.03


Tree=87
num_leaves=18
num_cat=0
split_feature=9 0 11 23 26 14 9 7 21 23 24 1 23 14 8 12 16
split_gain=83.7435 47.2251 52.3879 44.5006 34.8238 33.5173 36.6739 33.1519 27.2237 27.051 25.9233 25.2688 14.8823 10.504 9.7253 2.42513 2.06011
threshold=-1.2401576638221739 0.23953849077224734 -0.0079804505221545679 -3.490174293518066 6.5000000000000009 -3.4577351808547969 -0.56618636846542347 -0.042963808402419083 -0.55000001192092884 -1.0681236386299131 -14.499999999999998 -0.14156085252761838 -1.8251809477806089 -2.0687595605850215 -1.5458881855010984 -15.280428409576414 0.11960151419043542
decision_type=10 8 10 8 2 10 10 10 2 8 2 8 10 8 10 10 10
left_child=9 3 7 8 5 12 -7 10 16 11 -3 -1 -5 14 -10 -12 -2
right_child=1 2 -4 4 -6 6 -8 -9 13 -11 15 -13 -14 -15 -16 -17 -18
leaf_value=-0.0034231790626314158 -0.0017352437001495085 0.00022627182087678284 -0.0054775630263872114 -0.0012653535583000064 0.0027693976992976864 -0.0002034816585446683 0.00017117984642466363 0.0015473052849175792 -0.0026899249752465734 -0.0049283102895853114 -0.0036768452927318281 0.00059321478324216308 -0.00023470646267080802 0.00055640105902621142 0 -0.0015292405138869934 -0.0042898416628729119
leaf_weight=2002 2157 3556 2182 13153 3729 293950 1157639 3451 2197 3261 2893 2727 209615 3671 2375 2736 2426
leaf_count=2002 2157 3556 2182 13153 3729 293950 1157639 3451 2197 3261 2893 2727 209615 3671 2375 2736 2426
internal_value=5.34107e-06 2.0303e-05 -0.00163754 3.54884e-05 4.93603e-05 4.22983e-05 9.50595e-05 -0.000768346 -0.00169068 -0.00296653 -0.00170433 -0.00121448 -0.000299601 -0.000545279 -0.00145665 -0.00289185 -0.00343549
internal_weight=1.71372e+06 1.70573e+06 14818 1.69091e+06 1.67809e+06 1.67436e+06 1.45159e+06 12636 12826 7990 9185 4729 222768 8243 4572 5629 4583
internal_count=1713720 1705730 14818 1690912 1678086 1674357 1451589 12636 12826 7990 9185 4729 222768 8243 4572 5629 4583
is_linear=0
shrinkage=0.03


Tree=88
num_leaves=27
num_cat=0
split_feature=12 11 15 15 15 2 16 2 15 27 14 12 24 18 11 18 15 24 12 11 13 18 11 15 27 11
split_gain=85.0233 177.077 57.5382 119.471 160.969 43.0136 37.0342 41.8184 33.5509 35.9792 26.7279 20.5359 19.7576 21.8368 21.8327 18.3223 15.7449 14.9315 15.1031 14.0193 12.7567 9.47861 8.39608 7.90548 6.21942 4.0157
threshold=-12.590905666351317 -0.0071170933078974477 7.7992677688598646e-05 -1.0000000180025095e-35 1.0000000180025095e-35 -0.0059936433099210254 0.010193012189120056 0.0090812202543020266 -0.039338707923889153 0.078870769590139403 -3.9234573841094966 -16.949718475341793 -19.499999999999996 -0.63493287563323964 -0.021199923940002915 -0.068053830415010438 -1.0000000180025095e-35 -9.4999999999999982 -16.259015083312985 -0.018185455352067944 -11.897778034210203 -0.3395612090826034 -0.013658243697136639 0.0080442726612091082 0.077300015836954131 -0.0075325351208448401
decision_type=8 8 10 8 10 10 8 10 10 10 10 10 2 10 10 8 10 2 10 10 10 10 10 10 10 8
left_child=2 16 3 5 -5 8 7 -7 22 -10 15 19 13 -13 -14 17 -2 21 -19 24 -8 -4 -1 -21 -12 -6
right_child=1 -3 10 4 25 6 20 -9 9 -11 11 12 14 -15 -16 -17 -18 18 -20 23 -22 -23 -24 -25 -26 -27
leaf_value=-0.0030753728350284733 0.0019240997492614765 -0.0092976198620584993 0.0021891351357154749 -0.0085564187242355393 -0.0011122046852144935 -0.00022021804686773007 1.2964048476382608e-05 0.0010647003452399809 -0.00073981150248093094 0.00022586222294362671 -0.0027896884709385852 0.0038342193420622737 -0.00073674763465908174 0.00070460622863516525 0.0002478418377457487 0.0014920710156701297 -0.0012275638976644786 -0.0017182502862548748 -0.00045047327012553805 -0.00071557502359185956 0.00055882245331597173 -0.00030127499412933384 -0.00049443038116503738 0.00050797421894933892 -0.00068484897895487555 0.00025880435713196935
leaf_weight=5363 2192 2230 2106 3068 3760 469497 62483 23403 119457 48010 2801 2218 20214 10602 749971 3393 2481 11688 33194 10212 105175 2319 2047 7852 3573 2704
leaf_count=5363 2192 2230 2106 3068 3760 469497 62483 23403 119457 48010 2801 2218 20214 10602 749971 3393 2481 11688 33194 10212 105175 2319 2047 7852 3573 2704
internal_value=-1.52159e-05 -0.00322331 -1.11121e-06 -0.000177061 -0.00343282 -0.000137524 -2.61433e-05 -0.000157585 -0.000555256 -0.000461335 0.000171388 0.000214446 0.000241582 0.00139219 0.00022115 -0.000478497 0.0002359 -0.00063374 -0.000802527 -0.000630395 0.000357819 0.000924993 -0.00247664 -0.000168209 -0.00178908 -0.000518205
internal_weight=1.71201e+06 6903 1.70511e+06 844967 9532 835435 660558 492900 174877 167467 860143 807443 783005 12820 770185 52700 4673 49307 44882 24438 167658 4425 7410 18064 6374 6464
internal_count=1712013 6903 1705110 844967 9532 835435 660558 492900 174877 167467 860143 807443 783005 12820 770185 52700 4673 49307 44882 24438 167658 4425 7410 18064 6374 6464
is_linear=0
shrinkage=0.03


Tree=89
num_leaves=27
num_cat=0
split_feature=19 3 12 1 17 17 9 0 8 11 11 0 8 16 17 25 19 7 3 1 23 1 10 9 25 7
split_gain=93.1952 122.316 43.7078 44.1033 43.1157 42.4406 41.2583 35.845 42.1979 35.0385 33.9 30.9078 24.4083 28.5351 25.9426 19.9742 19.3161 14.7415 14.457 13.8685 10.6324 12.4757 6.84334 6.76302 6.60107 6.31447
threshold=-1.0000000180025095e-35 -0.0062263861764222375 -16.325232505798336 -0.56735020875930775 -0.055973816663026803 -0.47068542242050165 -0.35504043102264399 0.23953849077224734 -1.0014845728874204 -0.019728801213204857 -0.022117105312645432 0.0077969431877136239 -0.96472954750061024 -0.17015773802995679 0.50027969479560863 -0.50859275460243214 -1.5578950643539426 -0.036827741190791123 -0.0051349296700209371 0.19787198305130008 -2.465212225914001 -0.13120841979980466 -0.10903099924325942 -0.29532942175865168 -0.6180262267589568 -0.024394249543547627
decision_type=8 10 10 8 10 10 10 8 10 10 10 8 10 10 10 10 10 10 8 10 10 10 10 10 10 8
left_child=2 -2 9 16 5 17 -7 10 -9 11 -6 15 14 23 18 22 -4 -5 -11 -15 -13 -22 -1 -14 -16 -3
right_child=1 25 3 4 7 6 -8 8 -10 12 -12 20 13 19 24 -17 -18 -19 -20 -21 21 -23 -24 -25 -26 -27
leaf_value=-0.0021943257819746335 -0.0087723452427422646 -0.0013168137741882042 -0.0043191910050224894 0.003126303352670974 -0.00090240191962200772 -0.00020758471696450607 0.00021858352364395126 0.00063245683894327324 -0.0043070045689412592 -0.0013973752929776458 0.00036948945721473111 -0.0015612350194992299 0.0015639283000194414 -0.00069210914093390636 0.0028029878142328858 0.0001030487014701811 -0.00049147859937488799 0.00081001830171440305 0.00011533888819994676 0.0013147346213987674 0.0016736697411705872 -0.00047876087005312818 -0.0045455029755376462 -0.00016470783828692728 0.00048047274851766616 0.00075698114122298751
leaf_weight=9445 2015 2158 2401 3959 18996 617408 304589 2573 2786 5638 505435 3918 6441 110590 3382 2254 2593 7910 76614 2641 2997 7184 2165 2338 2375 2008
leaf_count=9445 2015 2158 2401 3959 18996 617408 304589 2573 2786 5638 505435 3918 6441 110590 3382 2254 2593 7910 76614 2641 2997 7184 2165 2338 2375 2008
internal_value=-5.58729e-06 -0.00354199 8.07861e-06 6.93984e-05 7.96409e-05 -4.27331e-05 -6.64293e-05 0.000295754 -0.00203265 -0.000368436 0.000322032 -0.00135882 -0.000232232 -0.000506645 0.000145519 -0.00234284 -0.00261196 0.00170203 2.07288e-07 -0.000637089 -0.00032355 0.000175454 -0.00282711 0.00108716 0.00200776 -0.00027895
internal_weight=1.71281e+06 6181 1.70663e+06 1.46865e+06 1.46366e+06 933866 921997 529790 5359 237982 524431 27963 210019 122010 88009 13864 4994 11869 82252 113231 14099 10181 11610 8779 5757 4166
internal_count=1712813 6181 1706632 1468650 1463656 933866 921997 529790 5359 237982 524431 27963 210019 122010 88009 13864 4994 11869 82252 113231 14099 10181 11610 8779 5757 4166
is_linear=0
shrinkage=0.03


Tree=90
num_leaves=26
num_cat=0
split_feature=19 15 0 15 23 19 18 8 16 4 14 7 13 15 25 16 3 19 7 4 16 5 11 11 23
split_gain=102.066 176.963 52.9298 48.3922 50.0682 46.3537 42.9463 43.5067 38.9601 36.7919 32.5266 30.8614 30.5334 39.2594 31.0237 29.0733 20.0774 19.7814 19.4902 18.1072 12.5948 8.85857 8.55815 7.97718 6.51331
threshold=-1.0000000180025095e-35 1.0000000180025095e-35 -0.025524258613586422 -0.02287197113037109 -0.24438479542732236 -0.041869873180985444 -0.012446205597370861 -1.3069914579391477 -0.25872075557708735 -0.10007902979850768 -2.4194787740707393 -0.074458565562963472 -11.442641258239744 0.0053994953632354745 -0.50611886382102955 0.022137299180030826 -0.0057900415267795316 -0.61635980010032643 -0.037853365764021867 -0.039967034012079232 -0.14385800808668134 -1.1446619033813474 -0.0059036095626652232 -0.011369645129889248 -1.1322946548461912
decision_type=8 10 10 10 8 8 10 10 10 10 10 10 10 10 10 10 10 10 10 10 10 8 10 10 10
left_child=2 -2 3 6 9 8 7 17 11 15 -11 -4 13 -10 -14 -5 -13 -1 -9 21 23 -7 -22 -21 -23
right_child=1 -3 5 4 -6 19 -8 18 12 10 -12 16 14 -15 -16 -17 -18 -19 -20 20 22 24 -24 -25 -26
leaf_value=-0.0040839429783024314 -0.0090589390686761015 0.00057376854237421336 0.0041275822485214129 3.0263932995560718e-05 -0.0041809446851867752 0.00037223523248606128 0.0015552495523640665 0.00022293146636809274 -0.00019545199362700077 -0.0002869413963201196 0.00026547854383336775 2.4470012019010436e-06 0.00058307369205473105 0.00032922577403903571 0.0001040916300029495 -0.0012657983365346598 0.0017897182015228425 -0.0015947479663666374 -0.0019094770491752521 -0.0010987819879718587 -0.00090068639881528 -0.0021043942394981668 -0.0001727999446658587 0.00038929238901729213 -0.00092139011987432456
leaf_weight=6888 2549 3679 2689 23516 2309 2876 3535 9662 367755 218867 169704 11895 213378 196458 287414 43073 10909 7363 5616 3060 25745 6504 36188 30325 20618
leaf_count=6888 2549 3679 2689 23516 2309 2876 3535 9662 367755 218867 169704 11895 213378 196458 287414 43073 10909 7363 5616 3060 25745 6504 36188 30325 20618
internal_value=-1.6566e-05 -0.00370436 -1.84899e-06 -0.000264913 -0.00018327 0.000104106 -0.00136602 -0.0017458 0.000167146 -0.000157766 -4.4876e-05 0.0013162 0.000138754 -1.20991e-05 0.000309153 -0.000806806 0.000890372 -0.00291585 -0.000577572 -0.000440567 -0.000231584 -0.00108008 -0.000484971 0.000229844 -0.0012489
internal_weight=1.71258e+06 6228 1.70635e+06 490533 457469 1.21581e+06 33064 29529 1.0905e+06 455160 388571 25493 1.065e+06 564213 500792 66589 22804 14251 15278 125316 95318 29998 61933 33385 27122
internal_count=1712575 6228 1706347 490533 457469 1215814 33064 29529 1090498 455160 388571 25493 1065005 564213 500792 66589 22804 14251 15278 125316 95318 29998 61933 33385 27122
is_linear=0
shrinkage=0.03


Tree=91
num_leaves=31
num_cat=0
split_feature=0 11 9 8 7 15 17 0 23 16 18 13 16 3 16 14 27 11 25 7 11 12 27 9 15 10 0 19 12 0
split_gain=80.385 160.809 46.3971 45.8391 42.7607 41.1504 39.2684 43.1646 36.5273 31.6818 30.2699 40.5292 37.2254 32.8371 25.4869 24.8658 23.8321 29.8232 24.8819 20.5779 30.5948 20.366 19.1561 14.9481 14.297 13.7578 13.1238 11.9176 11.3328 8.02086
threshold=0.19954198598861697 -0.00506538595072925 -0.43101179599761957 -0.58052486181259144 -0.04335955157876014 -0.016266644001007077 0.33230796456336981 -0.042210817337036126 -2.0615355968475337 -0.36280530691146845 -0.14047361165285108 -11.621874809265135 -0.095999147742986665 -0.0015664577367715535 -0.044901138171553605 -3.8137484788894649 0.077300015836954131 -0.021637690253555771 -0.66384467482566822 -0.053689619526267045 -0.020797897130250927 -15.134598731994627 0.063605219125747695 -0.55383130908012379 0.0088610351085662859 -0.20932768285274503 -0.048218607902526849 -0.76868936419486988 -15.255650520324705 0.23953849077224734
decision_type=8 8 10 10 8 10 10 10 10 10 10 10 10 8 10 10 8 8 10 10 10 10 10 10 10 10 10 10 10 8
left_child=2 3 5 4 21 6 7 8 -1 -4 11 12 -7 27 -13 19 17 -17 -18 26 -21 29 -9 -8 -23 -6 -11 -12 -15 -2
right_child=1 -3 9 -5 25 10 23 22 -10 15 13 14 -14 28 -16 16 18 -19 -20 20 -22 24 -24 -25 -26 -27 -28 -29 -30 -31
leaf_value=-0.0049126547921092296 -0.00057397346939286635 -0.0085563469087856468 0.0033420814723057681 -0.0045917237171677278 0.0030489214636932379 0.00021784874560523126 0.0030942710289734525 -0.0012055018364519618 -0.0015380822378727012 -0.00038957901366542131 -0.0016992212241972047 -0.00021466936187211668 -0.00062593901926986343 0.00095521942132830969 0.00029345131215880349 -0.0018371590951038747 0.0016596608693473023 0.00014742265727113864 0.00040501244923561789 -0.0026958747144267326 -0.00031791264464173051 -0.001243533643357061 0.0006023216964329114 -4.097320138916928e-05 0.001571727396281377 0.00022832586009676774 0.0020509664022895099 -0.00011086076204748735 0 -0.0029822223764746705
leaf_weight=3198 2464 2261 2332 2046 2780 59648 2143 8929 22040 2755 5740 170671 210825 52795 183754 6367 15574 671711 149264 4818 69512 2898 11321 2433 2589 3615 4518 15079 14262 4690
leaf_count=3198 2464 2261 2332 2046 2780 59648 2143 8929 22040 2755 5740 170671 210825 52795 183754 6367 15574 671711 149264 4818 69512 2898 11321 2433 2589 3615 4518 15079 14262 4690
internal_value=6.0482e-07 -0.00172898 2.51809e-05 -0.000801592 -0.000271777 -0.000147838 -0.000975477 -0.00124776 -0.00206447 0.00016791 -8.86429e-05 -0.000162375 -0.000438691 0.000430233 4.79662e-05 0.000157777 0.000206443 0.000127006 0.000530027 -0.00033946 -0.000493042 -0.0012822 -0.000190199 0.00152837 5.50424e-05 0.00163017 0.0011223 -0.000592441 0.000754216 -0.00228364
internal_weight=1.71303e+06 23343 1.68969e+06 21082 19036 762838 50064 45488 25238 926851 712774 624898 270473 87876 354425 924519 842916 678078 164838 81603 74330 12641 20250 4576 5487 6395 7273 20819 67057 7154
internal_count=1713032 23343 1689689 21082 19036 762838 50064 45488 25238 926851 712774 624898 270473 87876 354425 924519 842916 678078 164838 81603 74330 12641 20250 4576 5487 6395 7273 20819 67057 7154
is_linear=0
shrinkage=0.03


Tree=92
num_leaves=30
num_cat=0
split_feature=0 11 7 18 0 15 13 11 19 26 12 16 12 4 26 3 12 15 4 17 6 23 3 15 18 17 17 5 18
split_gain=75.7757 109.615 44.6017 39.1749 53.8898 73.6378 45.3465 44.7044 44.2848 41.2596 41.1456 38.9509 32.1373 30.4634 24.8371 18.6473 18.3675 17.9791 17.7443 17.1921 16.5944 17.9938 13.4333 11.8953 10.5375 10.1436 8.64881 6.02193 3.34927
threshold=0.23953849077224734 -0.0050060269422829142 -0.042963808402419083 -0.10000082105398177 -0.018421769142150875 -0.02287197113037109 -11.41322088241577 -0.022117105312645432 -0.024545336142182347 1.0000000180025095e-35 -15.161257266998289 -0.17615032196044919 -16.674576759338375 -0.086191091686487184 4.5000000000000009 -0.00074031500844284881 -13.630130290985106 -0.039338707923889153 -0.090689714998006807 -0.47068542242050165 -3.4999999999999996 -0.70763826370239247 -0.0067500637378543607 0.0052920579910278329 -0.012446205597370861 -0.36376573145389551 -0.16309364885091779 -1.1251508593559263 -0.058980172500014298
decision_type=8 8 8 10 10 10 10 10 8 2 10 8 10 10 2 10 10 10 8 10 2 10 10 10 10 10 10 10 10
left_child=3 2 14 4 5 10 9 28 11 -7 18 19 -13 -8 23 22 25 -12 -1 -6 -17 -22 -9 -2 -24 -10 -4 -25 -5
right_child=1 -3 26 7 8 6 13 15 16 -11 17 12 -14 -15 -16 20 -18 -19 -20 -21 21 -23 24 27 -26 -27 -28 -29 -30
leaf_value=0 -0.0042786509239648085 -0.0078044322940374116 0.0023608815581047707 -0.00096274758877478773 0.0024802442199336958 -0.00070294003592416467 -0.00091728258387398232 0.0020596705512052832 0.00013839523378182756 0.00022668178397017142 -0.0057295603096612913 -0.00059093962247731911 0.00011554362690358886 0.00022909563066204235 0.00042288476595636702 -0.0012942861132066341 -0.0030110664800152512 -0.0023269281153572613 -0.0021114357886974186 0.00060580513402657104 0.0011417759405413072 -0.00024265004979804843 -0.00013626587238324846 -0.0023939477959333821 0.0016875700715714998 -0.00073025966615732855 0 -4.8621869777329262e-05 -0.0030168748018340207
leaf_weight=9320 3178 2026 2461 2713 4342 190535 22876 2518 14727 54603 2204 61553 858495 189859 2350 2485 2419 7614 5310 89540 68024 9063 40803 2231 2561 53191 2413 2000 2277
leaf_count=9320 3178 2026 2461 2713 4342 190535 22876 2518 14727 54603 2204 61553 858495 189859 2350 2485 2419 7614 5310 89540 68024 9063 40803 2231 2561 53191 2413 2000 2277
internal_value=-1.88041e-05 -0.00200242 -0.000947965 1.07557e-06 -4.04009e-05 -0.000304169 -0.000216695 0.000499737 7.67423e-05 -0.000494611 -0.00189322 0.000127597 6.76573e-05 0.000102554 -0.00209485 0.000615373 -0.00064783 -0.00336048 -0.000810213 0.000708356 0.000892386 0.00097463 0.000124047 -0.00290761 -3.70548e-06 -0.000537885 0.00127382 -0.00147103 -0.00214411
internal_weight=1.71369e+06 16659 14633 1.69703e+06 1.56659e+06 482321 457873 130444 1.08427e+06 245138 24448 1.01393e+06 920048 212735 9759 125454 70337 9818 14630 93882 79572 77087 45882 7409 43364 67918 4874 4231 4990
internal_count=1713691 16659 14633 1697032 1566588 482321 457873 130444 1084267 245138 24448 1013930 920048 212735 9759 125454 70337 9818 14630 93882 79572 77087 45882 7409 43364 67918 4874 4231 4990
is_linear=0
shrinkage=0.03


Tree=93
num_leaves=31
num_cat=0
split_feature=0 11 25 0 11 18 25 18 15 12 13 17 26 12 8 16 7 0 2 20 14 8 27 10 7 7 3 7 1 15
split_gain=56.6261 126.021 47.3278 41.926 43.4822 47.1818 37.4182 36.1973 49.8028 49.091 45.7969 35.6079 39.8521 36.1974 27.9195 26.7448 27.9779 24.6276 20.9398 20.6629 16.4348 15.4744 15.2372 15.2162 13.6841 20.036 13.6677 8.18988 8.05788 7.74652
threshold=0.23953849077224734 -0.0062745504546910516 -0.27609488368034357 -0.0075699687004089347 -0.021637690253555771 -0.41336116194725031 -0.64350181818008412 -0.076851952821016298 -0.025978982448577877 -15.116819381713865 -11.632063865661619 -0.059445045888423913 5.5000000000000009 -13.257269859313963 -2.8683488368988033 -0.12378583475947379 -0.06540245562791823 -0.14381140470504758 0.0015980541938915851 0.28160777688026434 -3.7813447713851924 -0.84728240966796864 0.10010783374309541 -0.25903511047363276 -0.042963808402419083 -0.068185664713382707 0.0014075473300181331 -0.032416101545095437 -0.044913113117218011 -0.00057512521743774403
decision_type=8 10 10 8 10 10 10 8 10 8 10 10 2 10 10 10 10 10 10 10 10 10 10 10 8 8 10 10 10 10
left_child=3 2 24 4 5 22 19 8 9 -6 -10 12 13 -8 -9 18 -17 23 -13 20 27 -16 29 -7 25 -2 -19 -5 -22 -1
right_child=1 -3 -4 6 7 17 11 14 10 -11 -12 15 -14 -15 21 16 -18 26 -20 -21 28 -23 -24 -25 -26 -27 -28 -29 -30 -31
leaf_value=-0.0017019603554946471 0.00012103533364047994 -0.0079404581629395881 0.0031521394661562755 -0.0019151721013297806 -0.00044717217035285001 0.0013242930509392865 -3.2209549525622404e-05 -0.0018549581562207604 -0.00044688659131520613 -0.0037952936741697148 8.746198452034125e-05 -0.00012255142432489042 0.0035867997537108965 -0.0028093959616234034 0.00092262915687479116 -0.0014902324994540905 0.000321520085195476 -0.0034290532619570221 0.0018201190792593977 0.0026359976598935011 0.0010155868831940135 -0.00036311822007729558 0.0014670181482180182 -0.0019084985352883352 5.2340680254647246e-05 -0.0028678054840452706 -0.00063333158635773613 0.00036116311769219519 0.00010664676501888977 0.00033469880024045704
leaf_weight=2950 2603 2007 2024 2661 10637 2199 601354 3506 243984 6161 350499 6386 2219 3758 52050 7338 290644 9971 17896 4998 42252 9385 4618 2009 4034 5980 2485 2006 12165 2625
leaf_count=2950 2603 2007 2024 2661 10637 2199 601354 3506 243984 6161 350499 6386 2219 3758 52050 7338 290644 9971 17896 4998 42252 9385 4618 2009 4034 5980 2485 2006 12165 2625
internal_value=5.18194e-06 -0.00170989 -0.000601974 2.26852e-05 -0.000154328 -0.00132792 0.000148248 -0.000106328 -0.000178361 -0.00176671 -0.000131529 9.93145e-05 -3.55285e-05 -5.22576e-05 0.000563313 0.000354027 0.000273478 -0.00229027 0.00130494 0.000847186 0.000669983 0.000720025 0.000250853 -0.000194171 -0.00132427 -0.00197157 -0.00294042 -0.000938414 0.000820676 -0.000744993
internal_weight=1.7134e+06 16648 14641 1.69676e+06 703079 26857 993677 676222 611281 16798 594483 929595 607331 605112 64941 322264 297982 16664 24282 64082 59084 61435 10193 4208 12617 8583 12456 4667 54417 5575
internal_count=1713404 16648 14641 1696756 703079 26857 993677 676222 611281 16798 594483 929595 607331 605112 64941 322264 297982 16664 24282 64082 59084 61435 10193 4208 12617 8583 12456 4667 54417 5575
is_linear=0
shrinkage=0.03


Tree=94
num_leaves=26
num_cat=0
split_feature=0 13 4 23 18 0 15 19 13 1 24 3 10 22 12 25 3 13 27 23 24 0 13 15 12
split_gain=77.2071 101.782 57.7674 45.2596 39.8924 44.9585 62.6524 55.469 52.3065 38.1877 23.8624 38.8653 23.5688 22.8341 22.7177 20.8537 20.1863 17.6654 16.3316 15.5226 13.904 13.5796 10.8172 7.43907 5.8479
threshold=0.23953849077224734 -10.956708431243895 -0.027118076570332047 -3.490174293518066 -0.10000082105398177 0.0082540810108184832 -0.039338707923889153 -0.04744563810527324 -11.41322088241577 0.17332965135574344 -13.499999999999998 -0.0046257704962044946 0.071620617061853423 -18.499999999999996 -15.280428409576414 -0.54609158635139454 -0.001061578106600791 -12.451504707336424 0.099853783845901503 -0.76903229951858509 -7.4999999999999991 0.024848163127899173 -12.757211208343504 0.011827230453491213 -16.058573722839352
decision_type=8 8 10 8 8 10 10 10 8 10 2 8 10 2 10 10 10 10 10 10 2 10 10 10 10
left_child=3 2 10 15 5 6 14 9 -8 -7 23 -12 -9 22 -5 21 18 -13 -15 -18 -17 24 -6 -2 -1
right_child=1 -3 -4 4 13 7 8 12 -10 -11 11 17 -14 16 -16 20 19 -19 -20 -21 -22 -23 -24 -25 -26
leaf_value=-0.0015670607739377497 -0.0010435743519741198 -0.0076126120213037517 0.0031845941864233015 -0.00093975229927013653 -0.0027300497649486886 0.00018891580469392922 -0.00039674877888357568 -0.00086913472568595255 8.2997032660147297e-05 0.0010155816139674147 -0.0049273837341580421 -0.0024504062007947216 -9.7431606913777741e-06 -0.00014417711263656614 -0.0050031639201926735 0.0012454254673083562 0.0010453795773526708 0.0007433128311030658 0.0019609103011788685 -4.2221768512464252e-05 -0.0015579091366380452 -0.00075562158997635786 2.3197956069388312e-05 0.0012500594131168601 -0.0046049463208571069
leaf_weight=2083 2011 2024 2009 2844 2245 561253 396318 58695 420167 55079 3393 2424 57202 36286 2700 2544 70814 2765 3139 13480 2785 2967 2003 2044 2697
leaf_count=2083 2011 2024 2009 2844 2245 561253 396318 58695 420167 55079 3393 2424 57202 36286 2700 2544 70814 2765 3139 13480 2785 2967 2003 2044 2697
internal_value=-1.25912e-05 -0.00201425 -0.000995015 7.5025e-06 2.15953e-05 -2.02071e-05 -0.000172609 0.000150476 -0.000149602 0.000264041 -0.00177823 -0.00263382 -0.000449416 0.000529755 -0.00321851 -0.00171745 0.000607733 -0.000780114 3.83733e-05 0.000868693 -0.000176129 -0.00266636 -0.00150293 5.70222e-05 -0.00361169
internal_weight=1.71197e+06 16670 14646 1.6953e+06 1.68222e+06 1.55426e+06 822029 732229 816485 616332 12637 8582 115897 127967 5544 13076 123719 5189 39425 84294 5329 7747 4248 4055 4780
internal_count=1711971 16670 14646 1695301 1682225 1554258 822029 732229 816485 616332 12637 8582 115897 127967 5544 13076 123719 5189 39425 84294 5329 7747 4248 4055 4780
is_linear=0
shrinkage=0.03


Tree=95
num_leaves=19
num_cat=0
split_feature=19 15 2 23 20 15 14 14 2 1 12 22 2 12 2 25 4 23
split_gain=69.4122 81.4954 44.8846 44.081 41.0312 34.8089 30.0328 28.8334 30.0894 21.1974 23.3735 20.6137 23.5962 14.5619 13.551 12.9514 5.27289 4.53925
threshold=-1.0000000180025095e-35 0.011559784412384035 0.017430720850825313 -2.6657222509384151 0.37452894449234014 -0.048121631145477288 -3.0626896619796748 -2.6868264675140376 -0.017182150855660435 0.33234113454818731 -15.042329311370848 -8.4999999999999982 -0.0033035024534910913 -15.772371768951414 -0.0016361802699975667 -0.45218224823474878 -0.10006288066506384 -1.3327054381370542
decision_type=10 10 10 8 10 10 8 10 10 8 10 2 10 10 10 10 10 10
left_child=2 -2 3 7 5 13 -7 14 -9 -4 -11 17 -13 -5 16 -10 -1 -6
right_child=1 -3 9 4 11 6 -8 8 15 10 -12 12 -14 -15 -16 -17 -18 -19
leaf_value=-0.0033287336538779175 -0.0073552144308790006 0.00013602475378885739 0 -0.00014633392039913387 -0.0013220136550088878 -0.00022994472296514995 7.498384920222404e-05 -0.0027195113285786005 -0.00036328961221890425 0.0008202630082435326 0.0053867154012482016 0.0020639748716864358 0.00059796205898945758 -0.0029911887160428792 0 0.0013451285819135041 -0.0013222908046851595 2.1085903654624957e-05
leaf_weight=5705 2007 2534 2190 2824 4100 383279 1197971 3965 20918 2229 2216 12294 52669 4472 2035 4397 3482 3598
leaf_count=5705 2007 2534 2190 2824 4100 383279 1197971 3965 20918 2229 2216 12294 52669 4472 2035 4397 3482 3598
internal_value=-1.24991e-06 -0.00351653 8.94479e-06 -8.34474e-07 2.29668e-05 -8.83586e-06 8.33262e-07 -0.000972746 -0.000447833 0.00238342 0.00347195 0.000717659 0.000893628 -0.00200854 -0.00223922 -3.46249e-05 -0.00270674 -0.000694664
internal_weight=1.71288e+06 4541 1.70834e+06 1.70171e+06 1.66121e+06 1.58855e+06 1.58125e+06 40502 29280 6635 4445 72661 64963 7296 11222 25315 9187 7698
internal_count=1712885 4541 1708344 1701709 1661207 1588546 1581250 40502 29280 6635 4445 72661 64963 7296 11222 25315 9187 7698
is_linear=0
shrinkage=0.03


Tree=96
num_leaves=20
num_cat=0
split_feature=19 3 17 15 8 3 11 18 0 15 4 9 7 0 12 16 23 21 15
split_gain=63.9793 70.4827 44.175 45.3863 39.5458 38.5951 46.1588 37.589 41.0737 32.4358 39.4654 32.7435 21.6978 17.2001 20.4972 12.0566 9.42594 8.85009 5.12421
threshold=-1.0000000180025095e-35 -0.0033252716530114408 -0.47068542242050165 -0.02287197113037109 -1.3069914579391477 -0.022366645745933052 -0.019137497060000893 -0.027028946205973622 -0.15263891220092771 0.0051789581775665292 -0.099430918693542467 -1.0397592782974241 -0.034537637606263154 0.0055337846279144296 -15.665105342864988 -0.070895332843065248 -1.0477584004402158 -0.45000000298023218 0.0019402801990509035
decision_type=10 10 8 10 8 10 10 10 10 8 10 10 10 8 10 10 10 2 10
left_child=2 -2 12 4 7 6 -5 8 -4 10 -7 -11 16 14 -6 -15 -1 -14 -19
right_child=1 -3 3 5 13 9 -8 -9 -10 11 -12 -13 17 15 -16 -17 -18 18 -20
leaf_value=0.0046122203968643229 -0.0069002455873734738 3.7840668125206192e-05 -0.004523220536294551 0.00040384930607447183 0.00022948649151629627 -0.00048683052187147832 -0.0051150920925481149 0.00096024897772435669 -0.0013220424232390489 -0.0018405195264397196 1.1301895858127431e-05 0.00026366339578354496 0.0020292411250178066 -4.3557467143569497e-05 -0.0016707485666319962 0.0016954341948959104 0.0014243615309433501 0.00082832402297530457 -0.00092936533374512759
leaf_weight=2255 2044 2547 5348 2290 8931 166529 2376 3154 12343 6225 993727 470337 2027 10036 10437 4807 2682 2181 2766
leaf_count=2255 2044 2547 5348 2290 8931 166529 2376 3154 12343 6225 993727 470337 2027 10036 10437 4807 2682 2181 2766
internal_value=-8.38966e-06 -0.00336651 1.44117e-06 -1.14254e-05 -0.000854849 1.69323e-05 -0.00257148 -0.00187032 -0.00240398 2.52772e-05 -6.01144e-05 0.000233649 0.00178489 -0.000209442 -0.000795686 0.000536971 0.00322586 0.00057711 -9.44686e-05
internal_weight=1.71304e+06 4591 1.70845e+06 1.69654e+06 55056 1.64148e+06 4666 20845 17691 1.63682e+06 1.16026e+06 476562 11911 34211 19368 14843 4937 6974 4947
internal_count=1713042 4591 1708451 1696540 55056 1641484 4666 20845 17691 1636818 1160256 476562 11911 34211 19368 14843 4937 6974 4947
is_linear=0
shrinkage=0.03


Tree=97
num_leaves=20
num_cat=0
split_feature=9 8 0 15 13 26 3 17 20 8 23 0 20 12 15 13 24 0 23
split_gain=64.3957 41.0437 87.1143 41.1009 34.9765 30.5886 32.266 41.279 32.5732 27.1457 25.6076 20.6394 24.8762 16.6829 11.4586 9.23367 8.27357 7.91219 3.79015
threshold=-1.2401576638221739 -0.45964118838310236 0.13345405459403994 -0.048121631145477288 -11.611539363861082 6.5000000000000009 -0.0020659968722611661 -0.39925995469093317 -0.020595908164978024 -1.5286653637886045 -1.5310768485069273 0.042076021432876594 -0.066053330898284898 -14.348994255065916 0.00082522630691528331 -11.442641258239744 -5.4999999999999991 0.0073483884334564218 -0.57869514822959889
decision_type=10 10 8 10 10 2 10 10 10 8 8 10 8 10 10 10 2 10 10
left_child=4 3 11 9 10 6 7 -5 -8 -2 -1 13 16 15 -14 -3 -13 -11 -15
right_child=1 2 -4 5 -6 -7 8 -9 -10 17 -12 12 14 18 -16 -17 -18 -19 -20
leaf_value=-0.0026177144516877199 -0.0046453121804525266 -0.0010405144907006947 -0.0058726007539359982 0.0011372748702646448 -0.0045004616687165013 0.0025507849961580375 0.00035417287521908968 -0.00022072091538369258 2.1707074546105085e-05 -0.0016698411463070086 0.0016112740286059234 0.0030542010917844822 -0.0012301724931189776 0.0011923613945978371 0.00031572142815306057 -0.00042456580392472205 0.00078079366731098176 0.00041602032644215165 4.7498311525059795e-05
leaf_weight=2044 2092 39414 2155 20627 3839 3975 431853 413644 691752 3017 2072 2720 5952 3887 12155 57170 4399 2426 7990
leaf_count=2044 2092 39414 2155 20627 3839 3975 431853 413644 691752 3017 2072 2720 5952 3887 12155 57170 4399 2426 7990
internal_value=4.37177e-06 1.74908e-05 -0.000481549 6.10172e-05 -0.00260707 7.21901e-05 6.48569e-05 -0.000154295 0.000149857 -0.00207793 -0.000479911 -0.000370853 0.000389412 -0.000551405 -0.000195712 -0.000683077 0.00183221 -0.000732888 0.00047945
internal_weight=1.71318e+06 1.70523e+06 135842 1.56939e+06 7955 1.56185e+06 1.55788e+06 434271 1.1236e+06 7535 4116 133687 25226 108461 18107 96584 7119 5443 11877
internal_count=1713183 1705228 135842 1569386 7955 1561851 1557876 434271 1123605 7535 4116 133687 25226 108461 18107 96584 7119 5443 11877
is_linear=0
shrinkage=0.03


Tree=98
num_leaves=21
num_cat=0
split_feature=12 15 20 18 0 22 15 14 19 18 25 3 27 22 3 20 20 2 24 13
split_gain=46.7536 115.706 38.9673 37.8135 37.7826 46.4175 50.2843 31.5794 31.6024 29.7353 22.7262 28.4349 18.7669 27.3289 18.9907 15.6617 10.0906 9.62258 5.94821 3.24644
threshold=-12.590905666351317 -7.659196853637694e-05 -1.2838087081909177 -0.1033826284110546 -0.0029181241989135738 -4.4999999999999991 -0.039338707923889153 -4.3540773391723624 -0.04544857703149318 -0.50777885317802418 -0.47862194478511805 -0.0017300456529483197 0.099440213292837157 -19.499999999999996 -0.0018781483522616325 -0.42750960588455195 -0.092513203620910631 -0.016260727308690544 -9.4999999999999982 -13.065199851989744
decision_type=10 8 8 10 10 2 10 8 10 10 10 10 10 2 8 10 10 10 2 10
left_child=2 -2 10 4 5 6 -4 16 -9 -7 11 -1 13 -5 -15 19 -6 -13 -19 -14
right_child=1 -3 3 12 7 9 -8 8 -10 -11 -12 17 15 14 -16 -17 -18 18 -20 -21
leaf_value=-0.0040066730852757618 0.002015747965086457 -0.0056299597201319969 -0.0042182964594402262 -0.0020389228532858949 -9.240325561177452e-05 0.00056533766546152883 -0.00047079013892980219 0.00020902414014230711 -0.00030506212292411586 -0.00011436051460430044 0.00095970108985631714 -0.0021635689572031529 0.0038493994582396193 -0.00025092817060693763 0.00067547060625828951 1.9723108108643241e-05 -0.0014568934735196921 -0.00097097745733868009 0.00097820018813233093 0.001538168697942565
leaf_weight=4058 2665 3708 2799 3460 8089 68438 240866 738656 125088 361905 2177 2419 2123 24281 95896 3032 14389 2242 2393 3038
leaf_count=4058 2665 3708 2799 3460 8089 68438 240866 738656 125088 361905 2177 2419 2123 24281 95896 3032 14389 2242 2393 3038
internal_value=-5.63e-06 -0.00247505 4.14528e-06 1.72593e-05 -2.38456e-05 -0.000193208 -0.000523617 0.00010466 0.000134093 -5.04029e-06 -0.00158396 -0.002128 0.000504262 0.000404555 0.000485547 0.00186457 -0.000991615 -0.000813866 0 0.00279792
internal_weight=1.71172e+06 6373 1.70535e+06 1.69206e+06 1.56023e+06 674008 243665 886222 863744 430343 13289 11112 131830 123637 120177 8193 22478 7054 4635 5161
internal_count=1711722 6373 1705349 1692060 1560230 674008 243665 886222 863744 430343 13289 11112 131830 123637 120177 8193 22478 7054 4635 5161
is_linear=0
shrinkage=0.03


end of trees

feature_importances:
Column_0=190
Column_15=188
Column_16=133
Column_19=130
Column_9=129
Column_12=120
Column_18=119
Column_2=118
Column_8=113
Column_1=111
Column_23=90
Column_17=85
Column_13=83
Column_20=83
Column_11=81
Column_14=69
Column_24=69
Column_27=64
Column_3=61
Column_4=56
Column_7=53
Column_25=50
Column_10=35
Column_21=28
Column_5=24
Column_22=24
Column_6=13
Column_26=11

parameters:
[boosting: gbdt]
[objective: regression]
[metric: l2]
[tree_learner: serial]
[device_type: cpu]
[data_sample_strategy: bagging]
[data: ]
[valid: ]
[num_iterations: 2000]
[learning_rate: 0.03]
[num_leaves: 31]
[num_threads: 2]
[seed: 0]
[deterministic: 0]
[force_col_wise: 0]
[force_row_wise: 0]
[histogram_pool_size: -1]
[max_depth: 6]
[min_data_in_leaf: 2000]
[min_sum_hessian_in_leaf: 0.001]
[bagging_fraction: 0.8]
[pos_bagging_fraction: 1]
[neg_bagging_fraction: 1]
[bagging_freq: 1]
[bagging_seed: 7719]
[bagging_by_query: 0]
[feature_fraction: 0.8]
[feature_fraction_bynode: 1]
[feature_fraction_seed: 2437]
[extra_trees: 0]
[extra_seed: 11797]
[early_stopping_round: 0]
[early_stopping_min_delta: 0]
[first_metric_only: 0]
[max_delta_step: 0]
[lambda_l1: 10]
[lambda_l2: 500]
[linear_lambda: 0]
[min_gain_to_split: 0]
[drop_rate: 0.1]
[max_drop: 50]
[skip_drop: 0.5]
[xgboost_dart_mode: 0]
[uniform_drop: 0]
[drop_seed: 21238]
[top_rate: 0.2]
[other_rate: 0.1]
[min_data_per_group: 100]
[max_cat_threshold: 32]
[cat_l2: 10]
[cat_smooth: 10]
[max_cat_to_onehot: 4]
[top_k: 20]
[monotone_constraints: ]
[monotone_constraints_method: basic]
[monotone_penalty: 0]
[feature_contri: ]
[forcedsplits_filename: ]
[refit_decay_rate: 0.9]
[cegb_tradeoff: 1]
[cegb_penalty_split: 0]
[cegb_penalty_feature_lazy: ]
[cegb_penalty_feature_coupled: ]
[path_smooth: 0]
[interaction_constraints: ]
[verbosity: -1]
[saved_feature_importance_type: 0]
[use_quantized_grad: 0]
[num_grad_quant_bins: 4]
[quant_train_renew_leaf: 0]
[stochastic_rounding: 1]
[linear_tree: 0]
[max_bin: 255]
[max_bin_by_feature: ]
[min_data_in_bin: 3]
[bin_construct_sample_cnt: 200000]
[data_random_seed: 38]
[is_enable_sparse: 1]
[enable_bundle: 1]
[use_missing: 1]
[zero_as_missing: 0]
[feature_pre_filter: 1]
[pre_partition: 0]
[two_round: 0]
[header: 0]
[label_column: ]
[weight_column: ]
[group_column: ]
[ignore_column: ]
[categorical_feature: ]
[forcedbins_filename: ]
[precise_float_parser: 0]
[parser_config_file: ]
[objective_seed: 8855]
[num_class: 1]
[is_unbalance: 0]
[scale_pos_weight: 1]
[sigmoid: 1]
[boost_from_average: 1]
[reg_sqrt: 0]
[alpha: 0.9]
[fair_c: 1]
[poisson_max_delta_step: 0.7]
[tweedie_variance_power: 1.5]
[lambdarank_truncation_level: 30]
[lambdarank_norm: 1]
[label_gain: ]
[lambdarank_position_bias_regularization: 0]
[eval_at: ]
[multi_error_top_k: 1]
[auc_mu_weights: ]
[num_machines: 1]
[local_listen_port: 12400]
[time_out: 120]
[machine_list_filename: ]
[machines: ]
[gpu_platform_id: -1]
[gpu_device_id: -1]
[gpu_device_id_list: ]
[gpu_use_dp: 0]
[num_gpu: 1]

end of parameters

pandas_categorical:null
