tree
version=v4
num_class=1
num_tree_per_iteration=1
label_index=0
max_feature_idx=33
objective=regression
feature_names=Column_0 Column_1 Column_2 Column_3 Column_4 Column_5 Column_6 Column_7 Column_8 Column_9 Column_10 Column_11 Column_12 Column_13 Column_14 Column_15 Column_16 Column_17 Column_18 Column_19 Column_20 Column_21 Column_22 Column_23 Column_24 Column_25 Column_26 Column_27 Column_28 Column_29 Column_30 Column_31 Column_32 Column_33
feature_infos=[-0.84046447277069092:0.53957056999206543] [-3.5128097534179688:0.73073786497116089] [-0.14343428611755371:0.1194157600402832] [-0.10038489103317261:0.10042804479598999] [-0.20158103108406067:0.62741082906723022] [-4.0158696174621582:4.4365401268005371] [-16:0] [-0.45281714200973511:-4.9153763939102646e-06] [-11.925601959228516:-0.004763387143611908] [-4.0398764610290527:-0.0069598453119397163] [-1:1] [-0.12043476849794388:0] [-23.178176879882812:-6.6414260864257812] [-19.511388778686523:-5.2051596641540527] [-6.601325511932373:0.75502252578735352] [-0.16945481300354004:0.90228444337844849] [-0.84176427125930786:1.1161112785339355] [-0.85048794746398926:3.8594918251037598] [-0.92965620756149292:0] [-23.473684310913086:0] [-6.7655916213989258:0.89956247806549072] [-1:0] [-39:0] [-14.233029365539551:-0.00049648736603558064] [-42:0] [-1:0] [0:11] [-0.10032573342323303:0.76671123504638672] [-1.5470935106277466:2.5912313461303711] [-2.7667229175567627:9.0701255798339844] [-2.0401544570922852:2.1815192699432373] [9.3235397338867188:16.340644836425781] [1:3821] [0:1]
tree_sizes=3128 2647 2156 2666 2458 2662 2447 2550 2442 2529 2464 2335 2848 2048 2543 2444 2840 2255 2842 2843 3132 2468 1867 2752 2158 3050 2915 2884 2850 3138 2264 1839 2661 3104 2672 3232 2808 3044 2771 2046 2807 2747 3248 3111 1941 2821 2895 2669 2180 2264 2339 2686 3136 2860 2640 1659 2443 2153 1949 2145 1680 2016 2132 2362 2436 2539 2566 2449 2453 2566 2459 2229 3251 2442 2665 3206 2417 2147 2159 3276 2635 3254 2333 2346 2527 2534 2653 1859 2702 2252 2489 3142 3226 2876 2490 2958 2132 2442 3065 2782 2841 2760

Tree=0
num_leaves=30
num_cat=0
split_feature=21 12 0 13 1 9 9 8 1 0 19 19 15 1 23 2 8 11 18 27 1 0 1 32 15 31 24 0 18
split_gain=2148.57 1000.73 987.388 446.992 440.408 243.859 232.733 199.657 126.218 115.875 108.558 89.8552 81.4535 77.5722 56.5524 55.4678 50.0662 46.1638 44.9043 41.6835 38.09 37.9641 36.822 21.7189 17.3269 17.1187 15.3335 9.58401 1.8709
threshold=-1.0000000180025095e-35 -13.93035316467285 -0.098359882831573472 -12.872251987457274 -0.31503134965896601 -0.5123084783554076 -0.80260464549064625 -3.0841972827911373 0.19787198305130008 0.029390364885330204 -0.003105591749772429 -0.024545336142182347 -0.010380685329437254 -0.56735020875930775 -1.946896433830261 0.0030429363250732426 -1.5787147879600523 -0.01657807361334562 -0.076851952821016298 0.099899217486381545 0.082665473222732558 -0.14381140470504758 0.33234113454818731 183.50000000000003 -0.0059458613395690909 11.992685794830324 -2.4999999999999996 -0.2223435044288635 -0.21924827247858045
decision_type=2 8 10 10 10 10 10 10 10 10 10 10 10 10 10 10 10 10 10 10 10 10 10 8 10 10 2 10 10
left_child=2 -2 4 9 7 10 21 -1 11 17 12 -7 -5 27 24 23 -15 20 -19 -16 -4 25 -10 -11 -8 -6 -17 -9 -23
right_child=1 -3 3 5 6 8 14 13 22 15 -12 -13 -14 16 19 26 -18 18 -20 -21 -22 28 -24 -25 -26 -27 -28 -29 -30
leaf_value=-0.013769718284868414 -0.0064501199757089839 -0.034609016602813819 -0.0050018213781220962 -0.0029628230697718101 -0.010231353794848156 -0.00088630852877014316 -0.0061893276427640699 -0.0099734141274977622 0.0002833919267762261 -0.002259070251995449 -0.0074746680825699 -0.0022098187362310372 -0.001558969177813029 -0.006315070338736367 -0.002616865691389855 -0.00017124459146036232 -0.0024026578592321723 -0.00337160371211934 -0.00043626297354571169 -0.00091596638142261435 -0.0019045898488532188 -0.0050797106061586227 0.002871335324946836 -0.0044337710367804515 -0.0030410486328260253 -0.0058019350869096264 -0.0025097401239192628 -0.0058854373778011978 -0.002984697541985889
leaf_weight=3860 2505 2017 27266 41261 3249 972812 3984 4482 38742 42045 2469 47853 345862 6420 51920 14944 5993 36773 4899 16622 4514 4052 5890 4356 4128 4078 2487 3382 2295
leaf_count=3860 2505 2017 27266 41261 3249 972812 3984 4482 38742 42045 2469 47853 345862 6420 51920 14944 5993 36773 4899 16622 4514 4052 5890 4356 4128 4078 2487 3382 2295
internal_value=-0.00152062 -0.0211146 -0.00146315 -0.00126918 -0.00414797 -0.00111447 -0.00316289 -0.00771393 -0.000879595 -0.00290199 -0.00175594 -0.000948965 -0.00171105 -0.00627944 -0.00249784 -0.00195573 -0.00455703 -0.0037117 -0.00301075 -0.00219871 -0.00458409 -0.00670355 0.000676339 -0.0024986 -0.00480389 -0.00823595 -0.000540151 -0.00861776 -0.00452888
internal_weight=1.71116e+06 4522 1.70664e+06 1.59217e+06 114465 1.45489e+06 90328 24137 1.0653e+06 137284 389592 1.02066e+06 387123 20277 76654 63832 12413 73452 41672 68542 31780 13674 44632 46401 8112 7327 17431 7864 6347
internal_count=1711160 4522 1706638 1592173 114465 1454889 90328 24137 1065297 137284 389592 1020665 387123 20277 76654 63832 12413 73452 41672 68542 31780 13674 44632 46401 8112 7327 17431 7864 6347
is_linear=0
shrinkage=1


Tree=1
num_leaves=25
num_cat=0
split_feature=4 0 13 1 19 16 4 14 0 11 23 19 2 16 2 23 14 2 3 12 25 30 0 12
split_gain=2551.51 976.857 458.875 313.428 188.809 246.032 195.26 165.866 122.529 80.079 66.0351 52.5607 49.3892 48.5268 34.2451 33.4881 25.9773 23.7203 19.3299 18.3545 13.5172 11.6328 10.6871 3.04243
threshold=1.0000000180025095e-35 -0.15263891220092771 -12.872251987457274 -0.26460552215576166 -1.0000000180025095e-35 -0.2336921542882919 -0.075670149177312837 -2.1264442205429073 0.034327179193496711 -0.0095793250948190672 -2.6657222509384151 -0.028415496461093422 0.0030429363250732426 -0.15035589039325711 0.0076240673661232003 -1.4830874800682066 -3.0260188579559322 -0.018319810740649697 -0.0067500637378543607 -15.089348316192625 -0.61325085163116444 -0.10510022565722464 -0.19616901874542234 -16.020948410034176
decision_type=8 10 8 10 10 10 8 8 10 10 10 10 10 10 10 10 10 10 8 10 10 8 10 10
left_child=1 3 8 7 5 11 -7 15 10 13 20 -4 17 18 -12 23 -15 -10 -5 -11 -3 -14 -17 -1
right_child=-2 2 4 9 -6 6 -8 -9 12 19 14 -13 21 16 -16 22 -18 -19 -20 -21 -22 -23 -24 -25
leaf_value=-0.00424088500957873 -0.029881871696427944 -0.0060161304231017322 0.0028291280723225982 -0.00044549101933935462 -0.0058414155690202901 -0.00044842414000959702 0.00043006334542120922 -0.012320397783963233 -0.0034936909190282986 -0.0027494928862099293 -0.0019433748543292036 0.00015046862774098832 -0.00019236337958121111 -0.00047063249273976768 0.0011313594786127969 -0.0040914686911681271 -0.0027923241545113435 -0.00069833108306649168 0.0031036038003827413 -0.0072428632050466155 -0.0029676718086232884 0.0014698208524715187 -0.0011418273715921169 -0.0075432681671859922
leaf_weight=3661 2070 3902 41426 2265 3969 281548 1177233 4032 2565 3042 76257 8176 4864 7853 2969 4402 11134 40750 2298 2349 5844 11959 2513 5514
leaf_count=3661 2070 3902 41426 2265 3969 281548 1177233 4032 2565 3042 76257 8176 4864 7853 2969 4402 11134 40750 2298 2349 5844 11959 2513 5514
internal_value=-1.22754e-05 3.24177e-05 0.000156352 -0.00411765 0.000313208 0.000331531 0.000260212 -0.00696074 -0.00142829 -0.00204608 -0.0021331 0.00239949 -0.00037161 -0.00121684 -0.00181801 -0.00526873 -0.00188418 -0.000908692 0.00141262 -0.00520686 -0.00445149 0.000980238 -0.00320927 -0.00654383
internal_weight=1.7126e+06 1.71052e+06 1.66146e+06 49063 1.51235e+06 1.50838e+06 1.45878e+06 20122 149110 28941 88972 49602 60138 23550 79226 16090 18987 43315 4563 5391 9746 16823 6915 9175
internal_count=1712595 1710525 1661462 49063 1512352 1508383 1458781 20122 149110 28941 88972 49602 60138 23550 79226 16090 18987 43315 4563 5391 9746 16823 6915 9175
is_linear=0
shrinkage=0.03


Tree=2
num_leaves=20
num_cat=0
split_feature=4 8 4 16 19 16 2 12 9 15 8 18 9 8 11 31 4 26 15
split_gain=2301.94 894.963 388.717 359.335 255.616 242.288 229.648 155.62 120.944 120.78 86.8509 36.8045 32.4359 32.4097 23.8 20.5819 19.1858 12.7432 4.3488
threshold=1.0000000180025095e-35 -2.8683488368988033 -0.095805805176496492 0.19551253318786624 -1.0000000180025095e-35 -0.25872075557708735 -0.021752090193331238 -16.414578437805172 -0.59072327613830555 0.012947738170623781 -1.6550750732421873 -0.076851952821016298 -1.2401576638221739 -1.6766262054443357 -0.015758961439132687 13.664299011230471 -0.10020408034324645 5.5000000000000009 0.0055192410945892343
decision_type=8 10 10 8 8 8 10 8 8 10 10 10 10 10 10 8 10 2 10
left_child=1 3 5 12 7 15 13 11 -9 -6 -8 -4 -1 -7 18 17 -16 -3 -14
right_child=-2 2 4 -5 9 6 10 8 -10 -11 -12 -13 14 -15 16 -17 -18 -19 -20
leaf_value=-0.0062728905337218087 -0.028395512506561853 0.0025802616782330391 -0.00072801642276707358 -0.012537832114148079 -0.01114998777801085 -0.0077358487432002999 -0.0018609362641930887 -0.00030471773029314077 0.00059308504507209691 -0.00097161503721226723 -0.00056715637243204275 0.0010003097383538865 -0.0063211664996271587 -0.0035761668610053282 -0.0036942736233548613 0.00033180882201092765 -0.0013160212778168022 0.0054015008320389725 -0.0025759060268965217
leaf_weight=3458 2065 7843 126683 4626 2019 3467 59353 153550 1079958 2099 223020 11576 2002 7205 5093 2428 10403 3023 2061
leaf_count=3458 2065 7843 126683 4626 2019 3467 59353 153550 1079958 2099 223020 11576 2002 7205 5093 2428 10403 3023 2061
internal_value=3.0458e-06 4.5809e-05 0.000134704 -0.00525957 0.000350075 -0.000830624 -0.00101278 0.00037387 0.000481003 -0.00669382 -0.00084297 -0.000578064 -0.00354855 -0.00524011 -0.00290758 0.00305409 -0.00220747 0.00359463 -0.00497753
internal_weight=1.71193e+06 1.70987e+06 1.68222e+06 27643 1.37588e+06 306339 293045 1.37177e+06 1.23351e+06 4118 282373 138259 23017 10672 19559 13294 15496 10866 4063
internal_count=1711932 1709867 1682224 27643 1375885 306339 293045 1371767 1233508 4118 282373 138259 23017 10672 19559 13294 15496 10866 4063
is_linear=0
shrinkage=0.03


Tree=3
num_leaves=25
num_cat=0
split_feature=25 0 1 13 9 9 0 2 23 26 18 2 0 15 18 15 2 0 12 15 18 0 2 8
split_gain=2333.24 947.453 434.15 333.824 250.283 231.008 150.678 115.887 107.824 94.4668 84.1598 81.7692 79.3142 66.5309 64.7283 64.5713 49.6353 42.5416 38.7593 26.9007 18.4216 15.3846 9.9524 5.3752
threshold=-1.0000000180025095e-35 -0.098359882831573472 -0.56735020875930775 -12.872251987457274 -0.83361002802848805 -0.5123084783554076 0.19954198598861697 -0.019792213104665276 -2.0212099552154537 1.0000000180025095e-35 -0.47144742310047144 0.0047308653593063363 -0.14381140470504758 -0.010380685329437254 -0.10000082105398177 -0.039338707923889153 -0.0074104890227317801 0.034327179193496711 -15.352848052978514 -0.0063249468803405753 -0.22324877977371213 0.029390364885330204 -0.025084488093852993 -1.6984201669692991
decision_type=8 10 10 10 10 10 10 10 10 2 10 10 8 10 8 10 10 10 10 10 10 10 10 10
left_child=1 2 15 7 12 6 13 22 19 14 -11 17 18 -5 -7 -1 -10 -9 -4 -6 -14 -13 -3 -17
right_child=-2 3 4 5 8 9 -8 11 16 10 -12 21 20 -15 -16 23 -18 -19 -20 -21 -22 -23 -24 -25
leaf_value=-0.013439842373130744 -0.028263479963793994 -0.007119208214565638 -0.0038401890054956911 -0.0013373464127555807 -0.0056349351347148979 0.00042838746878990454 -0.0067320512153065705 -0.0017730741273721312 -0.0018108745189009869 0.0022490940421758293 0.00061089213425230158 -0.00036833523392148181 -0.0038977381184017758 -6.6105310633432095e-05 0.0014237138245464796 -0.0082950709547347234 -0.00030330225437802866 -0.00056310552935879014 -0.0093726036893663524 -0.002226653578953275 -0.00041125194788436893 0.0013523601426742534 -0.0032782309049798975 -0.0045623839819745066
leaf_weight=2112 2125 2093 3141 41086 5497 889622 2712 66766 36251 55173 59613 6456 3961 346870 62949 2673 44020 45294 4864 5472 2450 13266 3855 4761
leaf_count=2112 2125 2093 3141 41086 5497 889622 2712 66766 36251 55173 59613 6456 3961 346870 62949 2673 44020 45294 4864 5472 2450 13266 3855 4761
internal_value=-1.2683e-06 4.19048e-05 -0.0025793 0.000232074 -0.00199803 0.000365702 -0.000257693 -0.00117657 -0.00139574 0.000594168 0.00140725 -0.000977457 -0.0056153 -0.000203055 0.000495189 -0.00856339 -0.000994843 -0.00129135 -0.00759045 -0.00413203 -0.00273492 0.000779075 -0.00512357 -0.00638051
internal_weight=1.71308e+06 1.71096e+06 115202 1.59576e+06 105656 1.45802e+06 390668 137730 91240 1.06736e+06 114786 131782 14416 387956 952571 9546 80271 112060 8005 10969 6411 19722 5948 7434
internal_count=1713082 1710957 115202 1595755 105656 1458025 390668 137730 91240 1067357 114786 131782 14416 387956 952571 9546 80271 112060 8005 10969 6411 19722 5948 7434
is_linear=0
shrinkage=0.03


Tree=4
num_leaves=23
num_cat=0
split_feature=4 0 13 8 9 16 19 15 13 27 0 8 9 16 24 16 12 32 32 0 18 8
split_gain=2198.09 889.98 410.304 388.508 259.757 197.236 138.8 97.0526 97.0074 89.499 84.3153 83.8626 64.0955 44.3204 36.6015 32.0762 30.8715 28.9259 36.3601 23.6755 23.4439 15.5401
threshold=1.0000000180025095e-35 -0.13636368513107297 -13.003886222839354 -3.0841972827911373 -0.55988299846649159 -0.227400466799736 -0.003105591749772429 -0.048121631145477288 -11.920211315155028 0.080553036183118834 0.034327179193496711 -2.8683488368988033 -0.73462483286857594 -0.075145985931158052 -3.4999999999999996 -0.10824005305767058 -15.089348316192625 142.50000000000003 121.50000000000001 -0.26986879110336298 -0.076851952821016298 -0.92044198513030995
decision_type=8 10 10 10 8 10 10 10 10 10 10 10 10 10 2 10 10 8 10 10 10 10
left_child=1 3 10 19 6 9 11 -5 -7 -6 14 -4 16 -14 15 -3 -9 18 -12 -1 -16 -19
right_child=-2 2 4 7 5 8 -8 12 -10 -11 17 -13 13 -15 20 -17 -18 21 -20 -21 -22 -23
leaf_value=-0.012644402322590816 -0.027773009667762878 -0.00045067882081096828 -0.0025275676819353139 -0.0079939865851878702 0.00045512407969920774 -2.2628852618137772e-05 -0.0074353564647435255 -0.0021249149069496472 0.00058819850519965333 0.0032019198939080133 -0.00048871190430483475 -0.00029502061882733996 9.5418721622440582e-05 -0.0021768796754105596 -0.0015520800533452349 -0.0029610968929923887 -0.0061433440168632454 -0.0032941619899611242 0.0027078413291630231 -0.0067663239011353142 0.0010028631390353365 -0.00056761537714172881
leaf_weight=2835 2061 5677 15551 2385 16132 320854 2063 4217 854371 33962 36923 289692 9610 33638 16467 42141 4685 4328 2990 4762 3477 4002
leaf_count=2835 2061 5677 15551 2385 16132 320854 2063 4217 854371 33962 36923 289692 9610 33638 16467 42141 4685 4328 2990 4762 3477 4002
internal_value=-3.76009e-07 4.10121e-05 0.000174483 -0.00346887 0.000305022 0.000500707 -0.000473803 -0.00252364 0.00042124 0.00233653 -0.0015415 -0.000413689 -0.00219423 -0.00166978 -0.00222223 -0.00267701 -0.0044859 -0.000566201 -0.000211286 -0.00964227 -0.00107835 -0.00212453
internal_weight=1.71282e+06 1.71076e+06 1.64863e+06 62132 1.53262e+06 1.22532e+06 307306 54535 1.17522e+06 50094 116005 305243 52150 43248 67762 47818 8902 48243 39913 7597 19944 8330
internal_count=1712823 1710762 1648630 62132 1532625 1225319 307306 54535 1175225 50094 116005 305243 52150 43248 67762 47818 8902 48243 39913 7597 19944 8330
is_linear=0
shrinkage=0.03


Tree=5
num_leaves=25
num_cat=0
split_feature=4 0 8 13 9 16 1 0 13 9 0 0 31 11 26 1 16 3 25 20 9 30 0 15
split_gain=1979.54 809.804 361.176 330.069 243.387 216.062 136.853 135.968 83.6382 69.7697 69.7212 66.8251 62.0837 49.2753 44.342 43.2513 42.479 24.1233 23.6096 23.3916 21.052 13.8645 11.3387 1.74075
threshold=1.0000000180025095e-35 -0.15263891220092771 -3.0841972827911373 -13.003886222839354 -0.59072327613830555 -0.227400466799736 -0.46272444725036616 0.19954198598861697 -12.058441638946531 -0.59446305036544789 0.034327179193496711 -0.052645683288574212 11.798192024230959 -0.019728801213204857 1.0000000180025095e-35 -0.26460552215576166 -0.0088952207006514055 0.0017633676179684701 -0.4629604965448379 -0.46126407384872431 -0.499017983675003 0.0014436100027523937 -0.26986879110336298 -0.0010720491409301756
decision_type=8 10 10 10 10 10 10 10 10 10 8 10 10 10 2 10 10 10 8 10 10 10 10 8
left_child=1 2 15 10 7 14 22 11 -7 12 13 -5 -8 17 -6 -1 -11 -3 19 -12 -15 -20 23 -4
right_child=-2 3 6 4 5 8 9 -9 -10 16 18 -13 -14 20 -16 -17 -18 -19 21 -21 -22 -23 -24 -25
leaf_value=-0.012009764249733207 -0.026354625061025611 -0.0038318729201886337 -0.0044203298341085545 -0.0014730285482176528 0.0011769758656188442 -9.6293799663001243e-05 -0.0069222848108995679 -0.0074225130043489825 0.00049200332602631171 0.00079046161234450736 -0.001868945216530075 -0.00025486412556750251 -0.0019361303563432347 -0.0025012640444459118 0.0030413905130662862 -0.0049632927256353264 -0.0017731793200212267 -0.00082209868305081898 -0.00021891308518926682 -0.00025319232030844373 -0.0010651710391408466 0.0016159829909403805 -0.0036851399904106246 -0.0092323113166686687
leaf_weight=4261 2061 14966 2311 50535 20493 280340 3263 2091 955303 9041 13319 203334 7819 13221 31335 2484 14239 3533 8494 21071 38066 5653 3565 2014
leaf_count=4261 2061 14966 2311 50535 20493 280340 3263 2091 955303 9041 13319 203334 7819 13221 31335 2484 14239 3533 8494 21071 38066 5653 3565 2014
internal_value=8.45345e-07 4.04631e-05 -0.00374069 0.000153223 0.0002706 0.00043871 -0.00263295 -0.000573024 0.000358304 -0.00175114 -0.00137004 -0.000500949 -0.00366562 -0.00197591 0.00232822 -0.00997777 -0.000769264 -0.00330961 -0.000481561 -0.000905376 -0.00146174 0.000523946 -0.00610437 -0.00744779
internal_weight=1.71281e+06 1.71075e+06 48997 1.66175e+06 1.54343e+06 1.28747e+06 42252 255960 1.23564e+06 34362 118323 253869 11082 69786 51828 6745 23280 18499 48537 34390 51287 14147 7890 4325
internal_count=1712812 1710751 48997 1661754 1543431 1287471 42252 255960 1235643 34362 118323 253869 11082 69786 51828 6745 23280 18499 48537 34390 51287 14147 7890 4325
is_linear=0
shrinkage=0.03


Tree=6
num_leaves=23
num_cat=0
split_feature=4 0 13 8 9 19 1 1 1 19 2 8 9 0 2 0 19 31 25 1 23 31
split_gain=2031.32 763.362 351.717 299.313 222.002 140.377 114.427 106.065 101.202 90.6943 89.2424 66.3428 60.0321 57.0157 51.928 50.4424 33.4071 26.7621 24.9479 17.2131 13.4274 8.60902
threshold=1.0000000180025095e-35 -0.15263891220092771 -12.872251987457274 -3.0841972827911373 -0.59072327613830555 -0.0054545290768146506 -0.56735020875930775 0.12996003031730655 0.17761233448982242 -0.028415496461093422 -0.021752090193331238 -2.8683488368988033 -0.38042068481445307 -0.26986879110336298 0.0063364566303789624 0.034327179193496711 -0.04544857703149318 13.531301975250246 -0.5397016406059264 0.19787198305130008 -1.946896433830261 13.439158439636232
decision_type=8 10 10 10 10 8 10 10 10 10 10 10 10 10 10 10 10 8 10 10 10 8
left_child=1 3 7 13 5 11 21 10 9 -6 20 -4 14 -1 -8 -12 -10 -14 -9 -20 -3 -5
right_child=-2 2 4 6 8 -7 12 18 16 -11 15 -13 17 -15 -16 -17 -18 -19 19 -21 -22 -23
leaf_value=-0.012777692888709953 -0.0266222984192242 -0.0066898008785759681 -0.002295033858697693 -0.0041542991865098971 0.00044596771373992488 -0.0069845684047075765 -0.0030910575502597474 -0.0020573885524404123 0.0019009944946854469 -0.0007474207771530761 -0.00185999308497054 -0.00031096868549018784 0.0010977109637585667 -0.0055889806652687519 0.0010682068142464165 -0.00056182760842351371 0.00034631064914898577 -0.0021216426429979023 4.3916738501766221e-05 0.0017637581701969854 -0.0023458981542331045 -0.0083455135938859549
leaf_weight=2821 2075 2998 15825 3750 1129409 2498 23767 2310 54955 59754 77058 233393 6905 3856 2678 43352 17010 2878 10684 10579 2085 2322
leaf_count=2821 2075 2998 15825 3750 1129409 2498 23767 2310 54955 59754 77058 233393 6905 3856 2678 43352 17010 2878 10684 10579 2085 2322
internal_value=2.8649e-06 4.31003e-05 0.000152551 -0.00362879 0.00028983 -0.000522328 -0.00262059 -0.00123497 0.000452314 0.00038546 -0.00158151 -0.000442498 -0.00191555 -0.00934657 -0.00264672 -0.00139934 0.00154259 6.43432e-05 0.000591974 0.000934239 -0.00533138 -0.0063157
internal_weight=1.71296e+06 1.71089e+06 1.66191e+06 48977 1.51284e+06 251716 42300 149066 1.26113e+06 1.18916e+06 125493 249218 36228 6677 26445 120410 71965 9783 23573 21263 5083 6072
internal_count=1712962 1710887 1661910 48977 1512844 251716 42300 149066 1261128 1189163 125493 249218 36228 6677 26445 120410 71965 9783 23573 21263 5083 6072
is_linear=0
shrinkage=0.03


Tree=7
num_leaves=24
num_cat=0
split_feature=4 0 13 1 9 16 0 14 9 1 0 2 27 0 0 8 16 3 24 0 12 8 16
split_gain=1800.69 780.911 334.943 242.844 234.04 168.842 156.483 153.8 119.995 109.485 74.6996 68.7557 66.8641 66.7424 54.4981 48.8686 34.2465 29.1754 24.7496 19.9061 16.943 13.5038 10.4699
threshold=1.0000000180025095e-35 -0.15263891220092771 -12.847920417785643 -0.26460552215576166 -0.55988299846649159 -0.2336921542882919 0.19954198598861697 -1.8878266811370847 -0.85066297650337208 0.19787198305130008 -0.052645683288574212 -0.018319810740649697 0.080553036183118834 -0.056228399276733391 0.034327179193496711 -3.0841972827911373 -0.15260311961174008 -0.0054331719875335685 -17.499999999999996 0.19954198598861697 -14.593169212341307 -1.6766262054443357 -0.22150472551584241
decision_type=8 10 8 10 8 10 10 8 10 10 10 10 10 8 10 10 10 10 2 10 10 10 10
left_child=1 3 9 7 6 12 10 15 -5 11 -4 21 -6 -7 -13 -1 17 -10 -17 22 -18 -3 -11
right_child=-2 2 4 8 5 13 -8 -9 16 19 -12 14 -14 -15 -16 18 20 -19 -20 -21 -22 -23 -24
leaf_value=-0.008475519335932935 -0.025122699873919803 -0.0055060594646181545 -0.0013694268136303814 -0.0060138158152903019 0.0004688806088295088 -0.00027463715925933163 -0.007692839193301125 -0.012466365594666294 -0.00078294644865103187 0.0033663168943217302 -0.00017374093060971364 -0.0017082559402309563 0.0030571613835344187 0.00046641074083979251 -0.00044725227472304459 -0.00052006419315224343 -0.0010363466418275146 0.003606837761155543 -0.0043588419123672213 -0.00085332474259267228 -0.0035752149898719918 -0.0025902813624782352 0.00112627951318324
leaf_weight=2849 2067 3268 58020 4697 13406 121421 2183 2791 2475 3446 244901 82075 30182 1036668 51166 2086 16815 2021 12332 2186 2649 6805 6436
leaf_count=2849 2067 3268 58020 4697 13406 121421 2183 2791 2475 3446 244901 82075 30182 1036668 51166 2086 16815 2021 12332 2186 2649 6805 6436
internal_value=-1.51956e-05 2.22938e-05 0.0001327 -0.00370175 0.000269736 0.000458237 -0.000471247 -0.00620629 -0.00186209 -0.00119085 -0.000405625 -0.00142362 0.00228226 0.000388371 -0.00122974 -0.00485518 -0.000929645 0.00129375 -0.0038596 0.00149613 -0.00147779 -0.00378027 0.00206081
internal_weight=1.71294e+06 1.71088e+06 1.66216e+06 48715 1.50678e+06 1.20168e+06 305104 20058 28657 155382 302921 143314 43588 1.15809e+06 133241 17267 23960 4496 14418 12068 19464 10073 9882
internal_count=1712945 1710878 1662163 48715 1506781 1201677 305104 20058 28657 155382 302921 143314 43588 1158089 133241 17267 23960 4496 14418 12068 19464 10073 9882
is_linear=0
shrinkage=0.03


Tree=8
num_leaves=23
num_cat=0
split_feature=25 0 8 13 9 1 16 0 0 8 2 15 27 15 13 1 9 29 0 23 14 16
split_gain=1707.01 748.122 328.622 269.28 171.952 168.69 154.252 122.567 115.302 100.986 86.3981 71.1416 70.6861 69.6669 57.9816 57.1212 49.6175 38.9896 25.3495 18.8008 8.82636 5.44713
threshold=-1.0000000180025095e-35 -0.098359882831573472 -3.0841972827911373 -13.003886222839354 -0.50340744853019703 -0.56735020875930775 -0.2336921542882919 0.19954198598861697 -0.26986879110336298 -1.5970550775527952 -0.019792213104665276 1.0000000180025095e-35 0.080553036183118834 -0.020633220672607418 -11.920211315155028 0.19787198305130008 -0.59072327613830555 0.13779655843973163 -0.14381140470504758 -2.0615355968475337 -2.5261285305023189 0.4066558182239533
decision_type=8 10 10 10 10 10 10 10 10 10 10 10 10 10 10 10 10 8 10 10 10 8
left_child=1 2 8 10 7 21 12 11 -1 13 19 -5 -6 -7 -8 17 -11 -12 -10 -3 -17 -4
right_child=-2 3 5 4 6 9 14 -9 18 16 15 -13 -14 -15 -16 20 -18 -19 -20 -21 -22 -23
leaf_value=-0.012241402616632155 -0.024335696866381002 -0.0064024036626535302 -0.004295454576899037 -0.00057195460192247297 0.00041251432289261743 -0.0053556717638912456 5.0528365513736629e-05 -0.0058205372881887148 -0.0061598721325219772 -0.0028132757684334554 -0.00073700992693829961 0.00020999192602120945 0.0031302343637778806 -0.0019536609107819874 0.00056354482054343747 0.0018562548061949557 -0.00029845921771010602 -0.0019969652429303771 -0.0019411187290240091 -0.0019766005433642215 0 -0.007764806398167185
leaf_weight=2882 2093 2941 5303 201387 12952 6742 270970 2984 4293 7766 57155 216455 28108 29992 753432 5712 52702 37943 2977 2322 3215 2638
leaf_count=2882 2093 2941 5303 201387 12952 6742 270970 2984 4293 7766 57155 216455 28108 29992 753432 5712 52702 37943 2977 2322 3215 2638
internal_value=-1.30521e-05 2.36291e-05 -0.00230456 0.000192719 0.000298698 -0.00178225 0.00050151 -0.000214063 -0.00734829 -0.00141645 -0.00124062 -0.000166398 0.00229545 -0.00264964 0.000428228 -0.00103322 -0.000646785 -0.00125067 -0.00470702 -0.00484273 0.00119495 -0.00587519
internal_weight=1.71296e+06 1.71087e+06 115295 1.59558e+06 1.48629e+06 105143 1.06546e+06 420826 10152 97202 109288 417842 41060 36734 1.0244e+06 104025 60468 95098 7270 5263 8927 7941
internal_count=1712964 1710871 115295 1595576 1486288 105143 1065462 420826 10152 97202 109288 417842 41060 36734 1024402 104025 60468 95098 7270 5263 8927 7941
is_linear=0
shrinkage=0.03


Tree=9
num_leaves=24
num_cat=0
split_feature=4 0 15 13 23 19 16 3 9 9 16 0 6 31 0 8 2 0 12 5 17 3 12
split_gain=1718.22 681.329 344.82 280.359 206.853 174.324 184.45 150.024 128.216 122.886 71.7837 62.0399 49.8379 49.1273 43.9692 43.329 37.0244 36.0713 31.5585 20.0442 12.7423 22.0015 5.96164
threshold=1.0000000180025095e-35 -0.09510940313339232 -0.039338707923889153 -12.872251987457274 -1.9820811152458189 -0.02643674053251743 -0.25872075557708735 -0.0086266654543578607 -0.40263840556144709 -0.83361002802848805 -0.17305371165275571 -0.26986879110336298 -5.4999999999999991 13.531301975250246 0.034327179193496711 -3.3971583843231197 0.0064835473895072946 0.19954198598861697 -15.328868865966795 0.065095253288745894 -0.20859308540821073 -0.0055968686938285819 -15.633841037750242
decision_type=8 10 10 10 10 8 10 10 8 10 10 10 2 8 10 10 10 10 10 10 10 10 10
left_child=1 2 11 10 15 6 17 -7 -8 18 20 -1 -12 -11 -14 -4 -9 -5 -6 -17 -3 -22 -13
right_child=-2 3 4 5 9 7 8 16 -10 13 12 22 14 -15 -16 19 -18 -19 -20 -21 21 -23 -24
leaf_value=-0.01220932730244508 -0.024511064334580161 0.0023089701945064717 -0.0082926434458012819 0.0032682549304919751 -0.0015429146692731801 -0.0081130409665463674 6.103473137836965e-05 -0.0012542083232804041 0.00064775622445549335 -0.00033293187878553329 -0.005503848924375639 -0.0025207343579809688 -0.0017106405876563824 -0.0020097821816980441 -0.00053284018171627823 -0.0042555337058791951 0.0001966648333933442 0 -0.0049378297411445558 -0.00065222163650630646 -0.0012318042900503732 0.0015754197740760725 -0.006426066203316671
leaf_weight=2580 2074 3897 2686 22954 4690 2154 719139 52190 629637 64830 2112 2008 72117 20660 49494 12174 21977 3549 8373 2014 4106 4950 2199
leaf_count=2580 2074 3897 2686 22954 4690 2154 719139 52190 629637 64830 2112 2008 72117 20660 49494 12174 21977 3549 8373 2014 4106 4950 2199
internal_value=-1.86739e-05 1.80024e-05 -0.00213557 0.000184523 -0.0017243 0.000307098 0.000384824 -0.00108298 0.00033529 -0.00118117 -0.0011115 -0.00849056 -0.00133499 -0.000750988 -0.00123789 -0.00475392 -0.000821833 0.00284172 -0.00384289 -0.00380408 0.000971151 0.000273372 -0.00509156
internal_weight=1.71256e+06 1.71049e+06 122214 1.58828e+06 115427 1.4516e+06 1.37528e+06 76321 1.34878e+06 98553 136676 6787 123723 85490 121611 16874 74167 26503 13063 14188 12953 9056 4207
internal_count=1712564 1710490 122214 1588276 115427 1451600 1375279 76321 1348776 98553 136676 6787 123723 85490 121611 16874 74167 26503 13063 14188 12953 9056 4207
is_linear=0
shrinkage=0.03


Tree=10
num_leaves=23
num_cat=0
split_feature=4 8 0 1 1 19 16 13 3 15 4 0 13 0 14 16 2 2 17 13 7 9
split_gain=1582.1 621.833 353.54 209.251 203.926 156.733 239.484 188.513 124.588 78.0228 55.071 51.5531 50.4785 39.1903 38.2466 34.6996 32.8461 32.4877 20.214 20.8583 12.1678 0.875657
threshold=1.0000000180025095e-35 -2.8683488368988033 -0.056228399276733391 -0.3671386837959289 -0.31503134965896601 -0.024545336142182347 -0.22150472551584241 -12.058441638946531 -0.0067500637378543607 -0.02287197113037109 -0.075670149177312837 -0.26986879110336298 -11.335710048675535 -0.14381140470504758 -2.9325261116027828 -0.28452908992767328 -0.018319810740649697 0.0064835473895072946 0.03652660362422467 -12.437071323394774 -0.028266859240829941 -0.95380881428718556
decision_type=8 10 10 10 10 10 10 10 10 10 10 10 10 10 8 10 10 10 10 10 10 8
left_child=1 3 4 -1 11 6 15 -8 -7 12 -11 14 -6 21 -3 -4 -13 -10 20 -20 -15 -5
right_child=-2 2 5 13 9 8 7 -9 17 10 -12 16 -14 18 -16 -17 -18 -19 19 -21 -22 -23
leaf_value=-0.0095454534601540093 -0.023569402660555773 -0.0024058661549388486 0.0033172653237353547 -0.0061407508608726175 -0.0015945796187815586 -0.0066961926242611429 -0.0003222242225413183 0.00048029525402447062 -0.0012429382006458969 -0.0010499439533218826 -2.8616472849459405e-05 -0.0040573166124351157 -0.0055085188813393301 -0.0034635075300046623 -0.0084240197000200051 0.0016580112508108251 -0.0015379549299594912 0.00016649867532158647 -0.0024677603965131958 0.0010154578593351456 -0.0010234749500143826 -0.0028756308104718889
leaf_weight=5354 2063 2380 19509 3106 15362 2937 362558 957019 46902 83972 110105 8764 3595 8068 2720 34834 12693 20680 2177 3088 3550 2136
leaf_count=5354 2063 2380 19509 3106 15362 2937 362558 957019 46902 83972 110105 8764 3595 8068 2720 34834 12693 20680 2177 3088 3550 2136
internal_value=-1.66699e-05 1.84199e-05 9.22637e-05 -0.0044171 -0.000973539 0.000269533 0.000340627 0.000259535 -0.00110402 -0.000658474 -0.000473622 -0.00343096 -0.00247472 -0.00297931 -0.00613469 0.00228396 -0.0026496 -0.000809191 -0.0021333 -0.000461879 -0.00281568 -0.00522879
internal_weight=1.71357e+06 1.71151e+06 1.68403e+06 27479 239591 1.44444e+06 1.37392e+06 1.31958e+06 70519 213034 194077 26557 18957 22125 5100 54343 21457 67582 16883 5265 11618 5242
internal_count=1713572 1711509 1684030 27479 239591 1444439 1373920 1319577 70519 213034 194077 26557 18957 22125 5100 54343 21457 67582 16883 5265 11618 5242
is_linear=0
shrinkage=0.03


Tree=11
num_leaves=22
num_cat=0
split_feature=4 8 13 19 19 0 0 19 0 15 23 2 17 0 20 15 15 9 29 8 27
split_gain=1454.54 577.44 315.902 272.131 191.638 182.581 179.076 113.015 98.8554 83.6129 64.5272 42.2302 38.8329 34.6273 33.812 25.0157 19.0161 17.4271 16.6983 13.635 13.114
threshold=1.0000000180025095e-35 -2.8683488368988033 -12.802520751953123 -1.0000000180025095e-35 -0.5637913942337035 0.11215096712112428 -0.07705295085906981 -0.028415496461093422 0.029390364885330204 -0.025978982448577877 -1.9820811152458189 0.0035715387202799325 0.018592343665659431 -0.024241805076599118 0.3032300472259522 -0.020633220672607418 -0.01135200262069702 -0.87038874626159657 0.46114692091941839 -1.1063458323478697 0.030548173002898697
decision_type=8 10 8 8 10 8 10 10 10 10 10 10 10 10 10 10 10 10 8 10 10
left_child=1 4 8 6 15 -5 9 -8 10 -4 13 18 16 -3 -12 -1 -6 -14 -10 -13 -18
right_child=-2 2 3 5 12 -7 7 -9 11 -11 14 19 17 -15 -16 -17 20 -19 -20 -21 -22
leaf_value=-0.011293918406295421 -0.022627277321310649 -0.0038883773352833963 -0.0032721344754966194 0 -0.0059330224607799199 -0.011617101275930949 0.00041640628865469484 -0.00075116746039101477 -0.00039584196853220406 -0.0005867522741694409 -0.0013869785331858356 -0.00078568039884303821 -0.001627520478719434 -0.0014539716851629599 0.0013355189683293299 -0.0059073659295269445 -0.00022433938691193654 0.0014036657445883052 -0.0018137115661962797 0.0013466919211644799 -0.0030513417368130949
leaf_weight=2237 2057 15534 11162 2014 2138 2410 1301218 78526 42971 110695 78187 2717 3518 9880 3836 6283 2134 2420 8973 15421 8804
leaf_count=2237 2057 15534 11162 2014 2138 2410 1301218 78526 42971 110695 78187 2717 3518 9880 3836 6283 2134 2420 8973 15421 8804
internal_value=-1.75241e-05 1.60835e-05 8.73385e-05 0.0002287 -0.0042539 -0.00681069 0.000251899 0.00034949 -0.00110753 -0.000847549 -0.00167769 -0.00022351 -0.00244299 -0.00299986 -0.0012487 -0.00790256 -0.00333176 -0.000332506 -0.000661447 0.000998667 -0.00255994
internal_weight=1.71314e+06 1.71108e+06 1.68354e+06 1.50602e+06 27534 4424 1.5016e+06 1.37974e+06 177519 121857 107437 70082 19014 25414 82023 8520 13076 5938 51944 18138 10938
internal_count=1713135 1711078 1683544 1506025 27534 4424 1501601 1379744 177519 121857 107437 70082 19014 25414 82023 8520 13076 5938 51944 18138 10938
is_linear=0
shrinkage=0.03


Tree=12
num_leaves=27
num_cat=0
split_feature=4 0 1 23 9 9 14 16 2 12 12 2 23 23 19 1 9 15 9 13 1 18 32 0 17 2
split_gain=1423.4 593.291 278.536 185.78 143.194 130.204 126.425 121.205 119.689 102.856 73.0161 64.5313 52.8946 40.6092 39.5809 35.6921 32.7816 31.2555 27.7211 27.4981 26.886 26.5616 21.5498 11.231 10.6663 4.21043
threshold=1.0000000180025095e-35 -0.098359882831573472 -0.26460552215576166 -1.8819034695625303 -0.43550010025501246 -0.85066297650337208 -1.8983689546585081 -0.28452908992767328 -0.017182150855660435 -12.590905666351317 -16.414578437805172 0.010241778101772072 -2.3200805187225337 -1.946896433830261 -0.034271823242306702 0.058938533067703254 -0.52167844772338856 -0.0071480870246887198 -0.59446305036544789 -12.058441638946531 -0.56735020875930775 -0.13193822652101514 79.500000000000014 -0.16324651241302487 0.37307097017765051 -0.019792213104665276
decision_type=8 10 10 8 10 10 8 8 10 10 8 10 10 10 10 10 10 10 10 10 10 10 8 10 10 10
left_child=1 2 6 8 9 21 12 14 16 11 -9 -5 24 17 -6 19 -3 -7 -15 -10 -14 23 -17 -4 -1 -18
right_child=-2 3 5 4 7 13 -8 10 15 -11 -12 -13 20 18 -16 22 25 -19 -20 -21 -22 -23 -24 -25 -26 -27
leaf_value=-0.0077821077357635871 -0.022401763577497347 -0.0068179168429338471 -0.0067215354783763549 -0.00010180361279752564 0.003670365351123354 -0.0047239221566672237 -0.009363915955365662 -0.00028775240161167621 -0.001320704195845397 -0.005581517814876728 0.00056853012429097371 0.0019290748235850402 -0.0046092681005386812 -0.0015099209100299048 -0.00022720085917582144 0.0013293663310620029 -0.003199527740180392 -0.0006667236772671069 -6.6773192514253758e-05 -0.00011886277391188673 -0.0020396141416362582 -0.00077875265545805856 -0.00052296681968291229 -0.0033629730381423673 -0.0034053113258387478 -0.00098356412165013498
leaf_weight=2901 2050 2869 3031 595999 13691 3247 3853 100953 58803 2546 751376 13914 5591 15385 2571 10573 3649 3869 50962 25047 16556 2087 10857 5157 2577 2280
leaf_count=2901 2050 2869 3031 595999 13691 3247 3853 100953 58803 2546 751376 13914 5591 15385 2571 10573 3649 3869 50962 25047 16556 2087 10857 5157 2577 2280
internal_value=-4.50663e-06 2.87023e-05 -0.00204532 0.000179291 0.000269406 -0.0011231 -0.00443333 0.000517045 -0.000984101 -8.14432e-05 0.000466648 -5.34393e-05 -0.00358072 -0.000661612 0.00304787 -0.000688954 -0.00425669 -0.00274599 -0.000414699 -0.000968089 -0.00278901 -0.00421092 0.000386719 -0.00495604 -0.00623036 -0.00253681
internal_weight=1.71239e+06 1.71034e+06 115216 1.59513e+06 1.48105e+06 83738 31478 868591 114078 612459 852329 609913 27625 73463 16262 105280 8798 7116 66347 83850 22147 10275 21430 8188 5478 5929
internal_count=1712394 1710344 115216 1595128 1481050 83738 31478 868591 114078 612459 852329 609913 27625 73463 16262 105280 8798 7116 66347 83850 22147 10275 21430 8188 5478 5929
is_linear=0
shrinkage=0.03


Tree=13
num_leaves=19
num_cat=0
split_feature=25 8 16 1 12 16 29 15 23 16 7 24 1 32 3 32 18 32
split_gain=1278.32 592.254 253.488 230.3 212.689 179.985 129.655 104.77 67.6665 48.6129 43.4468 40.427 13.5143 12.6956 9.59076 9.17683 7.92258 5.45802
threshold=-1.0000000180025095e-35 -2.8683488368988033 0.19551253318786624 -0.22206425666809079 -12.590905666351317 -0.17015773802995679 0.11140902712941171 -0.039338707923889153 -2.5597816705703731 -0.32531520724296564 -0.029750903137028214 -24.499999999999996 -0.46272444725036616 149.50000000000003 -0.004517452558502554 128.50000000000003 -0.18702895939350125 81.500000000000014
decision_type=8 10 8 10 8 8 8 10 10 10 10 2 10 10 8 8 10 8
left_child=1 2 10 7 5 9 -7 12 14 -5 13 -10 -3 15 -9 -1 17 -12
right_child=-2 3 -4 4 -6 6 -8 8 11 -11 16 -13 -14 -15 -16 -17 -18 -19
leaf_value=-0.0033484957545727224 -0.020913142281717076 -0.0073503473991465241 -0.010424664288139486 0.0030446501967876108 -0.0084721591916793338 0.00025876269397151204 -0.00040269539036249239 -0.0048912904826767791 0.0028686728945663386 0.0010105205024576694 -0.0001145256240947861 -0.0008708334259109119 -0.0027450441972671274 -0.0011329637599378746 -0.0023764307592595234 -0.0061728925327410372 0.00044006087733166666 -0.0023460467431767511
leaf_weight=11316 2128 2201 4597 11302 2048 1073547 354097 2757 2176 143489 2055 79911 2314 2324 8882 2402 2560 2342
leaf_count=11316 2128 2201 4597 11302 2048 1073547 354097 2757 2176 143489 2055 79911 2314 2324 8882 2402 2560 2342
internal_value=-5.81501e-06 2.61272e-05 -0.00429339 9.83981e-05 0.000186108 0.000200176 9.44083e-05 -0.00130698 -0.00107056 0.0011703 -0.00285938 -0.000751305 -0.00555889 -0.00370445 -0.00317379 -0.00406383 -0.000752781 -0.00148256
internal_weight=1.71245e+06 1.71032e+06 27596 1.68272e+06 1.58448e+06 1.58244e+06 1.42764e+06 98241 93726 154791 22999 82087 4515 16042 11639 13718 6957 4397
internal_count=1712448 1710320 27596 1682724 1584483 1582435 1427644 98241 93726 154791 22999 82087 4515 16042 11639 13718 6957 4397
is_linear=0
shrinkage=0.03


Tree=14
num_leaves=24
num_cat=0
split_feature=4 0 13 8 8 19 16 1 0 24 11 1 16 0 1 16 31 15 24 0 1 28 33
split_gain=1328.64 554.565 255.779 229.16 190.442 125.273 154.727 81.188 73.6835 65.2376 53.1926 46.7536 44.3927 56.1575 42.7049 39.11 28.2523 27.9655 26.9875 26.678 21.4813 18.3865 9.91963
threshold=1.0000000180025095e-35 -0.16324651241302487 -13.003886222839354 -3.0841972827911373 -2.1051712036132808 -1.0000000180025095e-35 -0.19355310499668119 -0.46272444725036616 0.034327179193496711 -4.4999999999999991 -0.020407057367265221 -0.26460552215576166 -0.027249734848737713 -0.16324651241302487 0.16567319631576541 -0.062045194208621972 12.806457042694094 -0.010380685329437254 -4.4999999999999991 -0.26986879110336298 -0.56735020875930775 -0.016774860210716721 1.0000000180025095e-35
decision_type=8 10 8 10 8 8 8 10 10 2 10 10 10 8 8 10 10 10 2 10 10 8 10
left_child=1 3 8 11 9 6 -6 19 10 22 15 -1 13 -9 -7 -3 -14 -11 -12 -5 -10 -22 -4
right_child=-2 2 4 7 5 14 -8 12 20 17 18 -13 16 -15 -16 -17 -18 -19 -20 -21 21 -23 -24
leaf_value=-0.010429300994034369 -0.021484694719933074 5.9542756527421754e-06 -0.0046920528952261696 -0.0065738257922637452 0.0014535314850162248 -0.00098378076775592488 0.00022239294165661981 0.001769674269998512 -0.002847070725209178 -0.0024791129909177388 -0.0019729377475900525 -0.003445579063504762 -0.0032580381320767584 -0.0029865060955957179 -0.0073600855275654693 -0.0039229267510817872 -0.00084397904759683697 -0.00067805997807180178 -0.00060374862229150509 -0.0022151291299941011 0.00071510152769140467 -0.00055031681380925883 -0.0014728396098458059
leaf_weight=4022 2087 2525 5342 4384 98074 2004 1384798 6151 2323 9384 28971 2102 11829 2856 2004 13958 8069 44473 25671 3041 14699 31341 2089
leaf_count=4022 2087 2525 5342 4384 98074 2004 1384798 6151 2323 9384 28971 2102 11829 2856 2004 13958 8069 44473 25671 3041 14699 31341 2089
internal_value=-1.34355e-06 3.09713e-05 0.000117801 -0.0033345 0.000221316 0.000289212 0.000304483 -0.00234872 -0.00121625 -0.00141002 -0.0018282 -0.00851852 -0.00156276 0.000152245 -0.00470121 -0.00332095 -0.00233848 -0.00101731 -0.00134644 -0.00507891 -0.000300659 -0.000136524 -0.0039748
internal_weight=1.7122e+06 1.71011e+06 1.66766e+06 42454 1.54817e+06 1.48688e+06 1.48287e+06 36330 119488 61288 71125 6124 28905 9007 4008 16483 19898 53857 54642 7425 48363 46040 7431
internal_count=1712197 1710110 1667656 42454 1548168 1486880 1482872 36330 119488 61288 71125 6124 28905 9007 4008 16483 19898 53857 54642 7425 48363 46040 7431
is_linear=0
shrinkage=0.03


Tree=15
num_leaves=23
num_cat=0
split_feature=4 0 8 13 9 19 14 16 7 23 0 8 3 15 32 16 2 0 11 3 15 32
split_gain=1225.75 571.671 316.2 197.104 141.136 135.46 119.2 91.6653 84.8782 84.4928 57.3345 46.8604 43.8256 40.6534 35.122 28.9155 26.8262 18.9524 16.4234 13.708 11.815 5.67865
threshold=1.0000000180025095e-35 -0.26986879110336298 -2.1051712036132808 -13.098713874816893 -0.43550010025501246 -0.003105591749772429 -1.6873241066932676 -0.2336921542882919 -0.030385860241949555 -1.9139347672462461 0.047743946313858039 -2.8683488368988033 -0.00016930103447521103 -0.010380685329437254 87.500000000000014 0.11960151419043542 0.0039256929885596046 -0.09510940313339232 -0.014853113330900667 0.00042159855365753179 0.017058253288269046 60.500000000000007
decision_type=8 10 10 10 8 10 8 10 10 10 10 10 10 10 10 10 10 10 10 10 10 8
left_child=1 6 8 10 5 -5 9 -6 11 -1 12 15 -4 19 21 -3 -12 -13 -16 -10 -15 -11
right_child=-2 2 3 4 7 -7 -8 -9 13 14 16 17 -14 20 18 -17 -18 -19 -20 -21 -22 -23
leaf_value=-0.0080421837998110937 -0.020741075548748496 -0.0027019353131993188 -0.0022162712077314628 -5.3458503582303037e-05 0.0019421807451385194 -0.0053438986002559757 -0.011938920361300846 0.00042944880859840668 -0.0038971311727761604 -0.0022464296738054297 -0.00060260373335228586 -0.0029054801509833736 -0.00057009188969896869 0.00017177234919519391 0.0013709346963789591 -0.0056394334686040021 0.0013157757753301913 -0.0011910103966060804 -0.0020276172053831434 -0.0005284931546467134 -0.0019207438443737154 -0.0051847378013173545
leaf_weight=3535 2063 11017 42196 634569 37360 3888 2028 843554 3321 3082 24818 9608 23605 23434 2070 5927 8327 19469 2004 2085 2197 2707
leaf_count=3535 2063 11017 42196 634569 37360 3888 2028 843554 3321 3082 24818 9608 23605 23434 2070 5927 8327 19469 2004 2085 2197 2707
internal_value=-9.84047e-06 2.10361e-05 7.43327e-05 0.000164132 0.000248909 -9.03016e-05 -0.00563606 0.00049501 -0.0017966 -0.00426523 -0.00112936 -0.00260989 -0.00163901 -0.000558904 -0.00255988 -0.00387886 -9.93422e-05 -0.00180721 -0.000274126 -0.00280344 -2.94304e-05 -0.00397109
internal_weight=1.71286e+06 1.7108e+06 1.69538e+06 1.61832e+06 1.51937e+06 638457 15426 880914 77058 13398 98946 46021 65801 31037 9863 16944 33145 29077 4074 5406 25631 5789
internal_count=1712864 1710801 1695375 1618317 1519371 638457 15426 880914 77058 13398 98946 46021 65801 31037 9863 16944 33145 29077 4074 5406 25631 5789
is_linear=0
shrinkage=0.03


Tree=16
num_leaves=27
num_cat=0
split_feature=25 0 23 23 16 19 18 9 29 17 18 16 11 2 18 9 0 0 0 32 24 33 16 27 0 23
split_gain=1307.02 470.637 209.301 153.109 125.95 191.196 111.498 107.752 96.7811 81.9894 71.7682 60.3347 46.9591 42.1315 41.6492 41.4262 30.9331 30.44 20.8171 20.4312 17.7238 17.206 12.3694 6.91343 2.34735 0.387303
threshold=-1.0000000180025095e-35 -0.098359882831573472 -1.9820811152458189 -2.6657222509384151 -0.17015773802995679 -1.0000000180025095e-35 -0.092526372522115694 -0.73462483286857594 0.12996337562799457 0.89794659614562999 -0.23430570214986798 -0.25872075557708735 -0.01741424202919006 -0.017182150855660435 -0.076851952821016298 -0.42965011298656458 -0.14381140470504758 -0.19616901874542234 -0.17796766757965085 128.50000000000003 -5.4999999999999991 1.0000000180025095e-35 0.11960151419043542 0.099216915667057051 -0.11852681636810301 -3.490174293518066
decision_type=8 10 10 8 8 8 10 10 8 8 10 10 10 10 10 8 10 10 10 10 2 10 8 10 10 10
left_child=1 2 15 13 5 11 8 10 -6 14 18 -5 -8 25 -9 16 22 -12 -4 21 -17 -15 -1 -21 -18 -3
right_child=-2 3 7 4 6 -7 12 9 -10 -11 17 -13 -14 19 -16 20 24 -19 -20 23 -22 -23 -24 -25 -26 -27
leaf_value=-0.0033621343875136411 -0.021288474200077817 -0.0055919882714032254 -0.0065991402751394189 0.0022416896888296134 0.00018508987340659641 -0.0065063763218766004 -0.00087984655986086859 -0.00085630002394579006 -0.00041992483870358858 -0.0052873249399517921 -0.0031917625522094404 0.00081935382198953816 0.0013829591887379096 -0.0024813350011284293 0.0010103044488119345 -0.0035779847608009702 -0.0015185835319129599 0.00051148087378053428 -0.0032650664521127718 -0.00056221349523618148 -0.00014986813877077861 -0.00068821596608018996 -0.0080634538759391111 0.001309352813347436 -0.0040001154850991235 -0.0025677445480404878
leaf_weight=2016 2094 2022 4161 35767 1012608 2478 8713 63482 310392 2962 2648 113648 78261 13315 12359 3562 2127 4888 7178 5175 2392 9024 5367 2083 2231 2223
leaf_count=2016 2094 2022 4161 35767 1012608 2478 8713 63482 310392 2962 2648 113648 78261 13315 12359 3562 2127 4888 7178 5175 2392 9024 5367 2083 2231 2223
internal_value=-9.45094e-06 2.26261e-05 -0.00182328 0.000156806 0.000200486 0.00102007 0.000111652 -0.00126118 4.28143e-05 -0.000757865 -0.00327327 0.00116818 0.00114911 -0.00182394 -0.000543565 -0.00478968 -0.00584765 -0.000870061 -0.00474092 -0.00136036 -0.00236554 -0.00180105 -0.00711245 0 -0.00313167 -0.00450895
internal_weight=1.71318e+06 1.71108e+06 115373 1.59571e+06 1.56187e+06 151893 1.40997e+06 97678 1.323e+06 78803 18875 149415 86974 33842 75841 17695 11741 7536 11339 29597 5954 22339 7383 7258 4358 4245
internal_count=1713176 1711082 115373 1595709 1561867 151893 1409974 97678 1323000 78803 18875 149415 86974 33842 75841 17695 11741 7536 11339 29597 5954 22339 7383 7258 4358 4245
is_linear=0
shrinkage=0.03


Tree=17
num_leaves=21
num_cat=0
split_feature=4 8 19 24 16 4 3 12 2 8 2 19 17 32 22 18 2 8 14 16
split_gain=1174.09 460.301 214.279 199.833 177.264 192.119 111.837 95.722 86.4462 74.1377 59.6132 48.3318 64.6 55.7628 36.279 29.8324 18.4461 11.833 10.2644 2.40744
threshold=1.0000000180025095e-35 -2.1051712036132808 -1.0000000180025095e-35 -4.4999999999999991 -0.17015773802995679 -0.087671604007482515 -0.0025036484003067012 -16.625209808349606 -0.019792213104665276 -3.9737535715103145 -0.021752090193331238 -0.054831216111779206 -0.3529775589704513 112.50000000000001 -14.499999999999998 -0.16610366851091382 -0.0011918768286705015 -3.0841972827911373 -2.335052371025085 0.11960151419043542
decision_type=8 10 8 2 10 10 10 10 10 10 10 10 10 8 2 10 10 10 10 8
left_child=1 3 4 10 11 8 -4 -7 -6 19 -1 12 -3 -13 18 -16 17 -12 -11 -5
right_child=-2 2 6 9 5 7 -8 -9 -10 14 16 13 -14 -15 15 -17 -18 -19 -20 -21
leaf_value=-0.0094986778942964794 -0.020117277160455301 0.0030104166753405267 -0.010570099454497706 -0.0030048975204580476 -0.0029831408460380708 -0.00083472475098649219 -0.0011417261255882159 0.00028716659171030255 -0.00053752142735788129 -0.004427936521381199 -0.0063251226947381696 0.0010450372584822297 0.0010987714877065831 -0.001186529603877679 -0.0012158124117172436 0.00034678495852882971 -0.0010472506249682473 -0.0034075983650785112 -0.0015800622408364672 -0.0061272646990638618
leaf_weight=2303 2108 19384 2011 3298 13308 72296 2459 1121704 259264 2957 3485 27703 93995 15124 39593 14526 2201 8063 3745 2016
leaf_count=2303 2108 19384 2011 3298 13308 72296 2459 1121704 259264 2957 3485 27703 93995 15124 39593 14526 2201 8063 3745 2016
internal_value=-3.68275e-06 2.68202e-05 0.000137907 -0.00215653 0.000157088 5.4377e-05 -0.00608046 0.000218665 -0.000663268 -0.00139984 -0.00511952 0.00111625 0.00144002 0.000245455 -0.00107385 -0.00079157 -0.00405737 -0.00453892 -0.00309841 -0.00466612
internal_weight=1.71154e+06 1.70944e+06 1.62725e+06 82187 1.62278e+06 1.46657e+06 4470 1.194e+06 272572 66135 16052 156206 113379 42827 60821 54119 13749 11548 6702 5314
internal_count=1711543 1709435 1627248 82187 1622778 1466572 4470 1194000 272572 66135 16052 156206 113379 42827 60821 54119 13749 11548 6702 5314
is_linear=0
shrinkage=0.03


Tree=18
num_leaves=27
num_cat=0
split_feature=21 12 8 0 16 12 19 16 2 18 9 32 18 11 8 16 24 8 22 7 28 2 6 14 18 32
split_gain=1062.27 610.68 440.136 252.351 151.125 132.825 122.431 150.46 117.755 88.2095 66.3511 49.7817 48.669 89.9666 60.3226 39.5357 36.7096 26.7475 23.8597 18.7701 13.5938 11.6899 11.3109 11.2656 7.45981 4.67704
threshold=-1.0000000180025095e-35 -13.982168197631834 -2.8683488368988033 -0.058774292469024651 0.19551253318786624 -16.368467330932614 -0.03028876148164272 -0.25872075557708735 -0.0089247394353151304 -0.1033826284110546 -0.56618636846542347 201.50000000000003 -0.068053830415010438 -0.020059413276612755 -1.5286653637886045 -0.17305371165275571 -3.4999999999999996 -3.3971583843231197 -13.499999999999998 -0.031551504507660859 0.065209481865167632 -0.011388853192329405 -2.4999999999999996 -1.9516081213951109 -0.15622021257877347 64.500000000000014
decision_type=2 8 10 10 8 10 8 8 10 10 10 8 10 10 10 10 2 10 2 8 8 10 2 10 10 10
left_child=2 -2 4 8 17 15 7 -7 12 10 -10 -8 14 -14 -4 20 -17 21 -11 23 -5 -1 -6 -19 -23 -21
right_child=1 -3 3 5 22 6 11 -9 9 18 -12 -13 13 -15 -16 16 -18 19 -20 25 -22 24 -24 -25 -26 -27
leaf_value=-0.0054817567642471508 -0.0026107900788722924 -0.024365752723900014 -0.0035820291867278663 0.0023351368497014019 -0.01094192500844183 0.0025755356278377999 -0.00052326442634643804 0.00035285803428046931 -0.0017361893454862212 -0.0012700325621418779 -0.00026717429907034251 -0.0030304528199327735 -0.0045930217622131347 0.00051439902036318555 -0.001413826580457534 -0.0011906842913868177 -0.00028785620309623716 -0.0032445872986894392 0.0017059266773203513 0.00095758694872507871 5.4492103998373375e-05 -0.0032519357639622442 -0.0049221462755802805 -0.00035280015095282317 -0.00078753025345022504 -0.00075069634114443195
leaf_weight=2963 2484 2004 21518 4780 2038 27643 78956 1158983 38560 2279 98037 7472 3393 14651 28144 67465 104523 4452 19226 2004 4789 6223 2339 2111 2216 2895
leaf_count=2963 2484 2004 21518 4780 2038 27643 78956 1158983 38560 2279 98037 7472 3393 14651 28144 67465 104523 4452 19226 2004 4789 6223 2339 2111 2216 2895
internal_value=-2.94299e-05 -0.0138537 1.07714e-05 7.27983e-05 -0.00373702 0.000217882 0.000326316 0.000405952 -0.000858892 -0.000405546 -0.000688871 -0.000759655 -0.00190238 -0.00052777 -0.00238561 -0.000539604 -0.000646169 -0.00262473 0.00135522 -0.00145788 0.00128292 -0.00366199 -0.00862099 -0.00244774 -0.00271861 0
internal_weight=1.71215e+06 4488 1.70766e+06 1.68042e+06 27241 1.45461e+06 1.27305e+06 1.18663e+06 225808 158102 136597 86428 67706 18044 49662 181557 171988 22864 21505 11462 9569 11402 4377 6563 8439 4899
internal_count=1712148 4488 1707660 1680419 27241 1454611 1273054 1186626 225808 158102 136597 86428 67706 18044 49662 181557 171988 22864 21505 11462 9569 11402 4377 6563 8439 4899
is_linear=0
shrinkage=0.03


Tree=19
num_leaves=27
num_cat=0
split_feature=21 12 0 15 13 19 0 9 18 16 1 3 16 16 11 3 0 27 17 12 2 31 0 15 30 15
split_gain=1015.28 611.949 379.138 211.072 161.527 135.23 132.892 120.335 90.5729 94.2269 78.4475 71.6105 55.7684 47.9851 55.1483 41.5849 40.6818 37.2346 37.1851 28.3013 26.5259 20.5163 19.7581 15.5811 9.88941 8.13935
threshold=-1.0000000180025095e-35 -13.809465885162352 -0.098359882831573472 -0.039338707923889153 -12.333703517913817 -0.028415496461093422 0.029970824718475345 -0.80260464549064625 -0.10000082105398177 -0.16723815351724622 -0.26460552215576166 -0.00647595222108066 -0.27010935544967646 -0.21076681464910504 -0.020797897130250927 -0.013922861311584709 -0.16324651241302487 0.10006594285368921 0.33230796456336981 -15.080212593078612 0.0061998977325856694 12.511417388916017 0.19954198598861697 0.0021992325782775883 -0.07793079316616057 0.0090499818325042742
decision_type=2 8 10 10 10 8 10 10 10 8 10 10 10 10 10 10 10 10 10 10 10 10 10 10 8 10
left_child=2 -2 3 19 6 8 13 16 9 -6 18 -7 22 24 -15 -14 21 -12 -9 -1 -13 -5 -8 -10 -4 -18
right_child=1 -3 4 7 5 11 12 10 23 -11 17 20 15 14 -16 -17 25 -19 -20 -21 -22 -23 -24 -25 -26 -27
leaf_value=-0.0043803677297612935 -0.0024341080656084427 -0.02400711444283821 0 -0.0061692654329556194 0.001195366537888631 -0.0052556070453601555 0.0035835282498912716 -0.0034337246136603911 0.0010835020993461731 0.00022740075921515816 -0.0006598584658102191 -0.0010639267437068231 -0.0031070401448575744 -0.0025913298353723658 -0.00087859862646585767 0.00018746149687831235 -0.0011576695373460104 0.001166327391837962 -0.00086601042332294306 -0.0099192534921340413 0.00012406183701469889 -0.0022328694860564119 0.00039323263725504618 0.0021001698185918712 0.0026040725313821742 -0.003455479581932693
leaf_weight=4343 2547 2008 2047 5559 99038 2777 5365 12665 45758 1029032 57221 53682 3043 18952 158567 122069 6541 11602 9582 2000 23832 2859 3004 22550 3277 2142
leaf_count=4343 2547 2008 2047 5559 99038 2777 5365 12665 45758 1029032 57221 53682 3043 18952 158567 122069 6541 11602 9582 2000 23832 2859 3004 22550 3277 2142
internal_value=-1.24727e-05 -0.0134375 2.70879e-05 -0.00163616 0.000147316 0.000297831 -0.000458718 -0.00130273 0.000378092 0.00031314 -0.000854089 -0.000889327 0.000258723 -0.000983386 -0.0010699 9.2895e-05 -0.00358277 -0.000341485 -0.00238432 -0.00676783 -0.000696375 -0.00506613 0.00255894 0.00143631 0.00169397 -0.00191446
internal_weight=1.71206e+06 4555 1.70751e+06 114514 1.59299e+06 1.27667e+06 316324 108171 1.19638e+06 1.12807e+06 91070 80291 133481 182843 177519 125112 17101 68823 22247 6343 77514 8418 8369 68308 5324 8683
internal_count=1712062 4555 1707507 114514 1592993 1276669 316324 108171 1196378 1128070 91070 80291 133481 182843 177519 125112 17101 68823 22247 6343 77514 8418 8369 68308 5324 8683
is_linear=0
shrinkage=0.03


Tree=20
num_leaves=30
num_cat=0
split_feature=4 0 13 1 9 0 9 15 15 16 0 11 5 16 32 17 9 18 23 16 18 22 17 27 18 22 0 12 22
split_gain=933.863 418.863 201.152 185.396 147.69 105.092 94.9131 86.7754 240.852 70.7246 67.3683 55.4385 48.5219 44.3366 35.1551 32.0778 31.6263 25.0674 24.6915 24.1724 31.204 22.0967 21.9162 21.5675 17.9193 16.1204 12.3251 4.79449 2.92225
threshold=1.0000000180025095e-35 -0.13636368513107297 -13.03396701812744 -0.26460552215576166 -0.43550010025501246 -0.26986879110336298 -0.81731078028678883 7.7992677688598646e-05 -1.0000000180025095e-35 -0.30202190577983851 -0.04042315483093261 -0.01741424202919006 -0.67321059107780445 -0.11878743395209311 78.500000000000014 -0.43440744280815119 -0.87038874626159657 -0.027028946205973622 -1.3670277595520017 -0.16195807605981824 -0.12599110603332517 -8.4999999999999982 0.28556685149669653 0.094068665057420744 -0.076851952821016298 -3.4999999999999996 -0.16324651241302487 -15.107441902160643 -2.4999999999999996
decision_type=8 10 10 10 8 10 10 10 10 10 10 10 8 10 8 10 10 10 10 10 10 2 10 10 10 2 8 10 2
left_child=1 3 10 5 7 22 12 8 -4 23 11 18 -5 25 -15 -11 -9 21 -3 26 -21 -7 28 -6 -13 -12 -8 -14 -1
right_child=-2 2 4 6 9 17 19 16 -10 15 13 24 27 14 -16 -17 -18 -19 -20 20 -22 -23 -24 -25 -26 -27 -28 -29 -30
leaf_value=-0.010608965399767715 -0.018190246278765511 -0.0048895712170740138 -0.00039722108104996433 -0.00029615471940007079 3.4378233395757211e-05 -0.0050677359547735426 0.002703552624611816 -0.00090064612929445834 -0.0075893027284766861 0.0019442503042965537 -0.00028382168798565295 -0.0016699396051735214 -0.0031140035108484804 -0.00040786240441401551 -0.0017704405337841183 0.00039153160940479001 0.00026590367031419099 -0.00019470950891182538 -0.0014208549701237227 -0.00131303703525862 0.00097828836325910586 -0.0021117534785618274 -0.0040278050034116024 0.0034297435883640687 0.0008125010664852679 0.0015813655732771659 -6.3693563581383061e-05 -0.0071900998910518219 -0.0052321597345394493
leaf_weight=2441 2042 8151 328221 2223 2290 4655 2551 21796 3753 11790 7361 10098 2132 37819 32293 841804 319996 2939 3375 20821 6583 7558 3217 8764 2955 8157 2328 2415 2409
leaf_count=2441 2042 8151 328221 2223 2290 4655 2551 21796 3753 11790 7361 10098 2132 37819 32293 841804 319996 2939 3375 20821 6583 7558 3217 8764 2955 8157 2328 2415 2409
internal_value=-2.03017e-05 6.5174e-06 9.82438e-05 -0.00239856 0.000187236 -0.00449863 -0.00110129 -0.000145361 -0.000490722 0.00044669 -0.00113653 -0.00251192 -0.0042038 -0.000725974 -0.0010478 0.000414455 0.00018943 -0.00283736 -0.00400012 -0.000387324 -0.000744196 -0.00341703 -0.00723622 0.00278424 -0.00107658 0.000696639 0.00144421 -0.00583618 -0.00873296
internal_weight=1.71294e+06 1.7109e+06 1.64862e+06 62272 1.53841e+06 23219 39053 673766 331974 864648 110209 24579 6770 85630 70112 853594 341792 15152 11526 32283 27404 12213 8067 11054 13053 15518 4879 4547 4850
internal_count=1712937 1710895 1648623 62272 1538414 23219 39053 673766 331974 864648 110209 24579 6770 85630 70112 853594 341792 15152 11526 32283 27404 12213 8067 11054 13053 15518 4879 4547 4850
is_linear=0
shrinkage=0.03


Tree=21
num_leaves=23
num_cat=0
split_feature=21 12 8 0 1 19 13 1 0 22 18 3 20 24 0 25 19 32 18 13 9 29
split_gain=958.829 629.903 369.727 225.214 121.732 116.04 128.526 114.969 93.7466 83.593 69.3523 58.2551 50.2263 47.5856 26.5806 26.2319 20.119 20.1119 19.4871 17.5992 15.1581 2.69585
threshold=-1.0000000180025095e-35 -13.982168197631834 -2.8683488368988033 -0.052645683288574212 -0.40737438201904291 -0.036198860034346574 -12.237329959869383 -0.56735020875930775 0.029970824718475345 -12.499999999999998 -0.076851952821016298 -0.0097235860303044302 0.36835342645645147 -5.4999999999999991 -0.19616901874542234 -0.42702881991863245 -2.3293266296386714 112.50000000000001 -0.17789649218320844 -12.451504707336424 -0.85066297650337208 -0.0034349394263699646
decision_type=2 8 10 10 10 10 10 10 10 2 10 10 8 2 8 10 10 8 10 10 8 8
left_child=2 -2 4 7 21 6 8 16 -5 13 -11 -7 -8 -9 -6 -13 -4 -18 20 -20 -16 -1
right_child=1 -3 3 5 14 11 12 9 -10 10 -12 15 -14 -15 18 -17 17 -19 19 -21 -22 -23
leaf_value=-0.0045177984325232038 -0.0018749270455772149 -0.023710177210486107 -0.0062934577879347831 -0.00070963232018341849 -0.0052312110328690733 -0.0051082602732589336 0.00043073899298438678 -0.0038712288838692425 0.00034296164248076008 -0.00060407892597363043 0.0009391692575739176 -0.0012277352513333905 0.0012596310716576067 -0.0010747925012221781 -0.0032761846966774923 -0.00022945751669570409 -0.0012588912315988864 -0.0046142802860951659 -0.0024310841603078933 0.00057833719914488087 -0.00098422170381301868 -0.0096601833841221518
leaf_weight=2158 2492 2019 2277 160784 2459 2145 938932 9461 143428 194326 29692 36138 70944 14363 9165 70765 5044 2735 2179 4382 4936 2074
leaf_count=2158 2492 2019 2277 160784 2459 2145 938932 9461 143428 194326 29692 36138 70944 14363 9165 70765 5044 2735 2179 4382 4936 2074
internal_value=5.17123e-06 -0.0130983 4.37689e-05 0.000100713 -0.00338408 0.000248734 0.000326986 -0.000713838 -0.000212629 -0.000580533 -0.00039656 -0.000688697 0.00048986 -0.0022544 -0.00240393 -0.000573858 -0.00378774 -0.00268227 -0.00193762 -0.000480022 -0.00255562 -0.00785579
internal_weight=1.7129e+06 4511 1.70839e+06 1.68103e+06 27353 1.42314e+06 1.31409e+06 257898 304212 247842 224018 109048 1.00988e+06 23824 23121 106903 10056 7779 20662 6561 14101 4232
internal_count=1712898 4511 1708387 1681034 27353 1423136 1314088 257898 304212 247842 224018 109048 1009876 23824 23121 106903 10056 7779 20662 6561 14101 4232
is_linear=0
shrinkage=0.03


Tree=22
num_leaves=17
num_cat=0
split_feature=4 8 19 15 16 4 1 12 2 16 27 31 15 32 24 10
split_gain=887.262 377.332 205.333 195.544 176.583 218.325 148.057 109.448 88.2315 51.7165 41.3538 28.5884 24.9373 16.686 13.0735 8.91553
threshold=1.0000000180025095e-35 -2.8683488368988033 -1.0000000180025095e-35 0.010847628116607668 -0.17015773802995679 -0.07645940780639647 -0.33865380287170405 -16.650078773498532 -0.025084488093852993 -0.30202190577983851 0.080553036183118834 13.634709835052492 -0.01135200262069702 56.500000000000007 -3.4999999999999996 -0.36250369250774378
decision_type=8 10 8 10 10 8 10 8 10 10 10 8 10 8 2 10
left_child=1 6 4 -4 9 8 13 -7 -6 10 -3 -11 -8 -1 -14 -16
right_child=-2 2 3 -5 5 7 12 -9 -10 11 -12 -13 14 -15 15 -17
leaf_value=-0.0037052406437047655 -0.017698424311554738 -0.00082224666620246375 -0.011933421056561849 -2.9315484069669819e-05 -0.0042496367202984756 -0.0010345753468779062 -0.0042456923270931483 0.00026004379949333623 -0.00058728397722065809 0.001006043854061019 0.003094002136310565 -0.00022109679884374416 -0.0030207117517947941 -0.0087959482539457425 -7.0796872436730123e-05 -0.0016572333657116449
leaf_weight=2301 2050 2502 2000 2574 5565 61548 3916 1092209 361331 120436 15740 19260 3950 3916 6052 7526
leaf_count=2301 2050 2502 2000 2574 5565 61548 3916 1092209 361331 120436 15740 19260 3950 3916 6052 7526
internal_value=-1.54481e-05 1.07301e-05 6.85052e-05 -0.00595658 8.68705e-05 -1.22359e-05 -0.00343302 0.000190303 -0.000649358 0.00104 0.00253325 0.000834532 -0.00213525 -0.00737253 -0.00154243 -0.000999064
internal_weight=1.71288e+06 1.71083e+06 1.68316e+06 4574 1.67859e+06 1.52065e+06 27661 1.15376e+06 366896 157938 18242 139696 21444 6217 17528 13578
internal_count=1712876 1710826 1683165 4574 1678591 1520653 27661 1153757 366896 157938 18242 139696 21444 6217 17528 13578
is_linear=0
shrinkage=0.03


Tree=23
num_leaves=26
num_cat=0
split_feature=25 0 13 23 19 16 13 3 19 9 12 0 0 2 28 9 32 11 9 24 30 8 24 18 31
split_gain=770.152 340.422 164.959 145.929 124.681 137.086 99.6745 96.5364 87.0889 68.9902 58.1274 58.005 55.6214 42.695 31.9513 31.122 28.9005 26.656 39.3165 22.6846 16.8815 13.8798 13.2152 11.0253 8.26166
threshold=-1.0000000180025095e-35 -0.089104771614074693 -13.098713874816893 -1.946896433830261 -0.03028876148164272 -0.2336921542882919 -11.942788600921629 -0.0097235860303044302 -0.10561607033014296 -0.83361002802848805 -15.328868865966795 0.034327179193496711 -0.26986879110336298 -0.007710142293944954 0.24179804325103763 -0.70189204812049855 201.50000000000003 -0.01657807361334562 -0.43693634867668146 -4.4999999999999991 0.013121944386512043 -1.6984201669692991 -11.499999999999998 -0.44189041852951044 12.288644790649416
decision_type=8 10 10 10 8 10 10 10 8 10 10 10 10 10 8 10 8 10 10 2 10 10 2 10 8
left_child=1 3 11 12 5 15 -7 -6 9 10 -5 14 -1 -11 19 -4 -9 24 -19 -3 21 -13 -22 -16 -14
right_child=-2 2 4 8 7 6 -8 16 -10 13 -12 20 17 -15 23 -17 -18 18 -20 -21 22 -23 -24 -25 -26
leaf_value=-0.0069208732684345195 -0.016266056960583804 -0.0019675938964969519 -0.0012237586634715248 -0.00015682378377246807 -0.0065791391786032246 -0.00017385265983158832 0.00039709900281472115 -0.00050985415420045353 -0.006531154836834121 -0.0012848163181976705 -0.0041796369178029201 -0.0027795750306381191 -0.0020866876881453942 -2.4134265243364947e-05 -0.00081814687285907393 0.0021697375962611604 -0.0024629119919735687 -0.0025480309495976476 0.0018208671108239068 -0.0004561133905945385 -0.0010667483148745123 -0.00045534569486723381 0.001014788462940738 -0.0037697509308862675 -0.004828645515287746
leaf_weight=3814 2118 22437 2164 5199 2103 382739 971165 79972 2024 42172 9011 2193 3301 56979 2004 39502 7152 6424 2045 16257 2990 24741 11503 8231 5219
leaf_count=3814 2118 22437 2164 5199 2103 382739 971165 79972 2024 42172 9011 2193 3301 56979 2004 39502 7152 6424 2045 16257 2990 24741 11503 8231 5219
internal_value=-6.96876e-06 1.77238e-05 0.000142478 -0.00141823 0.000218511 0.000288276 0.000235469 -0.000864853 -0.000988426 -0.000858583 -0.00278357 -0.00109797 -0.00370894 -0.000567108 -0.0017932 0.00197395 -0.000686743 -0.00279347 -0.00141693 -0.00135413 -0.000258097 -0.000702733 0.000544091 -0.0032848 -0.00397412
internal_weight=1.71346e+06 1.71134e+06 1.57515e+06 136188 1.4848e+06 1.39557e+06 1.3539e+06 89227 115385 113361 14210 90356 20803 99151 48929 41666 87124 16989 8469 38694 41427 26934 14493 10235 8520
internal_count=1713459 1711341 1575153 136188 1484797 1395570 1353904 89227 115385 113361 14210 90356 20803 99151 48929 41666 87124 16989 8469 38694 41427 26934 14493 10235 8520
is_linear=0
shrinkage=0.03


Tree=24
num_leaves=20
num_cat=0
split_feature=4 8 19 15 6 13 16 9 15 0 27 20 18 9 0 20 25 8 0
split_gain=801.38 318.354 193.43 169.233 145.52 144.569 121.423 94.2016 79.1713 59.5585 44.7704 42.495 39.8542 34.2458 28.9828 25.6098 23.352 17.9887 10.0886
threshold=1.0000000180025095e-35 -2.1051712036132808 -1.0000000180025095e-35 0.01108333468437195 -2.4999999999999996 -13.003886222839354 -0.2336921542882919 -0.43550010025501246 -0.028012216091156002 -0.16324651241302487 0.080553036183118834 -1.2838087081909177 -0.12003038078546523 -1.1113877296447752 0.058139532804489143 -0.15184259414672849 -0.45493331551551813 -2.4587732553482051 0.0019723474979400639
decision_type=8 10 8 10 2 10 10 10 10 10 10 10 10 10 10 8 10 10 10
left_child=1 4 5 -4 9 11 10 -8 -6 -1 -7 16 13 -10 -13 -14 -3 18 -11
right_child=-2 2 3 -5 8 6 7 -9 12 17 -12 14 15 -15 -16 -17 -18 -19 -20
leaf_value=-0.0080905397909998445 -0.016699369250204397 -0.0028259667619256342 -0.011297056041543256 -0.00012206004538521209 -0.0052405829504110612 0.0001941277106221135 -0.0001213460593647083 0.00036686995345673064 -0.0035073645529410126 -0.0051685607049035132 0.0021753408005750993 -0.00095326583328654362 -0.00045969117402071524 -0.0010799979741047514 0.00015216987028621526 0.0022317677998103754 0.00034162425881285326 -0.00035678266673117823 -0.0017388050283040019
leaf_weight=3521 2084 12786 2001 2510 3835 14706 617717 835202 5728 2734 37326 75752 8921 48610 28863 4252 2172 2070 2459
leaf_count=3521 2084 12786 2001 2510 3835 14706 617717 835202 5728 2734 37326 75752 8921 48610 28863 4252 2172 2070 2459
internal_value=-4.98834e-06 2.00404e-05 0.000112325 -0.00577157 -0.00179638 0.000130619 0.000210643 0.000159125 -0.00127949 -0.00498132 0.00162827 -0.000870747 -0.00101319 -0.00137099 -0.000646152 0.000436964 -0.00235043 -0.00301136 -0.00389254
internal_weight=1.71325e+06 1.71116e+06 1.62904e+06 4511 82130 1.62452e+06 1.50495e+06 1.45292e+06 71346 10784 52032 119573 67511 54338 104615 13173 14958 7263 5193
internal_count=1713249 1711165 1629035 4511 82130 1624524 1504951 1452919 71346 10784 52032 119573 67511 54338 104615 13173 14958 7263 5193
is_linear=0
shrinkage=0.03


Tree=25
num_leaves=29
num_cat=0
split_feature=12 21 8 16 16 6 19 12 1 8 19 32 32 16 24 27 18 20 10 20 1 26 32 24 25 2 2 18
split_gain=742.273 673.451 298.508 170.356 126.131 136.041 93.5605 82.5178 80.2686 64.8843 61.8054 48.7582 51.0745 45.4227 43.9786 30.9231 25.4941 25.3801 25.1835 24.608 23.6871 23.1386 22.5289 21.3509 19.9365 16.5284 15.5387 8.10496
threshold=-12.590905666351317 -0.15000000223517415 -2.1051712036132808 0.19551253318786624 -0.17015773802995679 -1.0000000180025095e-35 -0.028415496461093422 -16.650078773498532 -0.56735020875930775 -2.8683488368988033 -0.043686764314770692 112.50000000000001 124.50000000000001 -0.25872075557708735 -4.4999999999999991 0.068735469132661833 -0.16610366851091382 -0.20712506771087644 -0.11228063330054282 0.41569837927818304 0.12370145320892335 2.5000000000000004 127.50000000000001 -3.4999999999999996 -0.40159387886524195 -0.025084488093852993 -0.0018581956974230705 -0.18019474297761914
decision_type=8 2 10 8 8 2 8 8 10 10 10 8 10 10 2 10 10 8 10 8 8 2 10 2 10 10 10 10
left_child=2 18 3 14 10 8 7 -7 25 -5 13 19 -13 22 26 -10 20 -18 -2 -12 -16 -15 -4 -11 -8 -6 27 -1
right_child=1 -3 4 9 5 6 24 -9 15 23 11 12 -14 21 16 -17 17 -19 -20 -21 -22 -23 -24 -25 -26 -27 -28 -29
leaf_value=-0.0039561169938478165 -0.0040771582891990657 -0.021101921125485392 0.0018480156114858547 -0.0078478387369251904 -0.0053053723523862209 -0.00076533872397223585 -0.0016537604058090509 0.00028847898403173787 -0.00081703838819686492 -0.0039491826521451468 8.5006155873329684e-05 -0.0033882074329306664 0.00021597872492157852 0.0010859672744682426 -0.0013958989094479907 -0.00012521709771027168 -0.0012668480470843502 0.001071787642583166 1.0357021351832396e-05 0.002271812517161415 0.0014015227349666373 -0.00036747313367442211 0.0042846330545654489 -3.2159073330447591e-05 -0.00048816707208108932 -0.0021742414648985328 -0.00027196718927506884 -0.0012208354464473715
leaf_weight=6816 2263 2305 25735 4597 2303 70611 25085 1094832 120974 3392 18229 6400 6851 78976 41895 114203 6361 10083 2377 5878 2413 10672 4315 2090 30622 8756 2016 2207
leaf_count=6816 2263 2305 25735 4597 2303 70611 25085 1094832 120974 3392 18229 6400 6851 78976 41895 114203 6361 10083 2377 5878 2413 10672 4315 2090 30622 8756 2016 2207
internal_value=-7.35599e-06 -0.00945954 3.37002e-05 -0.00172795 0.000123175 3.63411e-05 0.000166293 0.000224073 -0.000605941 -0.00529861 0.000929872 -0.000127034 -0.00156287 0.00126139 -0.00118933 -0.000483338 -0.000851329 0.000138744 -0.00212751 0.000665733 -0.00122292 0.000908538 0.00227212 -0.00263349 -0.00102842 -0.00305353 -0.00290597 -0.0034178
internal_weight=1.71326e+06 6945 1.70631e+06 81870 1.62444e+06 1.46739e+06 1.22115e+06 1.16544e+06 246236 10079 157056 37358 13251 119698 71791 235177 60752 16444 4640 24107 44308 89648 30050 5482 55707 11059 11039 9023
internal_count=1713257 6945 1706312 81870 1624442 1467386 1221150 1165443 246236 10079 157056 37358 13251 119698 71791 235177 60752 16444 4640 24107 44308 89648 30050 5482 55707 11059 11039 9023
is_linear=0
shrinkage=0.03


Tree=26
num_leaves=28
num_cat=0
split_feature=0 13 8 19 16 13 24 16 0 15 14 11 27 17 32 16 15 0 9 18 29 14 33 15 15 24 3
split_gain=682 616.325 221.084 131.141 120.589 123.886 119.488 105.14 99.1466 81.7086 72.7375 57.1563 41.1464 59.8968 39.1349 37.8669 36.3966 27.2907 25.1 23.2156 22.8627 20.3841 19.3405 12.5113 9.12234 4.2972 3.1622
threshold=-0.26986879110336298 -10.956708431243895 -2.1051712036132808 -1.0000000180025095e-35 -0.17015773802995679 -12.872251987457274 -4.4999999999999991 0.085982233285903945 0.11665806174278261 -0.02287197113037109 -2.4604431390762325 -0.020407057367265221 0.083339974284172072 -0.38282586634159083 87.500000000000014 0.085982233285903945 -0.010606527328491209 -0.041300833225250237 -1.2401576638221739 -0.23430570214986798 0.2199383080005646 -2.216482281684875 1.0000000180025095e-35 0.0071581304073333749 -1.0000000180025095e-35 -6.4999999999999991 0.0023631348740309481
decision_type=10 8 10 10 10 10 2 8 10 10 8 10 10 10 8 10 10 10 10 10 8 10 10 10 10 2 10
left_child=1 7 6 4 12 11 15 20 -5 -7 26 -6 14 -14 -4 23 17 19 -18 -8 24 -20 25 -2 -1 -17 -9
right_child=2 -3 3 8 5 9 16 10 -10 -11 -12 -13 13 -15 -16 22 18 -19 21 -21 -22 -23 -24 -25 -26 -27 -28
leaf_value=0.0012464261256595172 -0.0031462098115710843 -0.019782419942732953 0.0010572800399174373 0 -0.0019823219790939817 -0.00149671318213542 -0.0046082561349809698 -0.0039592037790713843 -0.0088054455474357671 0.00016553939819847132 -0.0096823841177358719 -0.00048574240616534284 0.0030409417216188382 0.00096946880970245029 -0.00031432744850531951 -0.0081914023315186931 -0.0031890566587128985 1.2009548746604234e-05 -0.00096642842790801617 -0.0013664340509784449 -0.0030480881511718142 0.00025151776114341412 -0.002306245002364603 -0.00037676091930869592 -0.0009838553590927415 -0.0038507959588906103 -0.0014441797391219543
leaf_weight=2810 3586 2001 38462 2045 29605 26644 4640 2106 2100 1299777 2656 103364 15652 65565 35225 2441 2651 3025 25755 4786 2619 22500 2328 2958 2739 2433 2288
leaf_count=2810 3586 2001 38462 2045 29605 26644 4640 2106 2100 1299777 2656 103364 15652 65565 35225 2441 2651 3025 25755 4786 2619 22500 2328 2958 2739 2433 2288
internal_value=-2.23785e-05 -0.00587762 3.86225e-05 0.000113763 0.000128389 4.3559e-05 -0.00152533 -0.00345907 -0.00491831 0.000131372 -0.00602671 -0.000827375 0.000922947 0.00138851 0.00039986 -0.00401977 -0.000952197 -0.00238337 -0.000576536 -0.00314421 -0.000988466 -0.000395624 -0.005519 -0.00205256 0.000105631 -0.00664036 -0.00299225
internal_weight=1.71276e+06 17219 1.69554e+06 1.61844e+06 1.61429e+06 1.45939e+06 77103 15218 4145 1.32642e+06 7050 132969 154904 81217 73687 13746 63357 12451 50906 9426 8168 48255 7202 6544 5549 4874 4394
internal_count=1712761 17219 1695542 1618439 1614294 1459390 77103 15218 4145 1326421 7050 132969 154904 81217 73687 13746 63357 12451 50906 9426 8168 48255 7202 6544 5549 4874 4394
is_linear=0
shrinkage=0.03


Tree=27
num_leaves=27
num_cat=0
split_feature=21 11 0 15 13 16 20 23 18 0 9 1 11 7 2 28 15 11 12 18 2 16 7 0 26 12
split_gain=719.244 451.93 274.554 170.84 125.781 110.031 89.845 84.9185 69.9366 100.623 61.5722 53.7349 47.3611 39.7044 34.8629 32.3818 33.8062 30.4561 28.5987 28.3908 35.2235 26.2914 38.0946 25.102 15.7181 10.4968
threshold=-1.0000000180025095e-35 -0.0063205554615706197 -0.098359882831573472 -0.039338707923889153 -11.954581260681151 -0.16723815351724622 -0.017942428588867184 -2.0212099552154537 -0.076851952821016298 0.004641890525817872 -0.5869159698486327 0.0025427937507629399 -0.0066188937053084365 -0.026617845520377156 -0.0075569942127913228 -0.046047581359744065 -0.010606527328491209 -0.013917320407927035 -15.823472023010252 -0.092526372522115694 -0.0048907161690294734 -0.27010935544967646 -0.068185664713382707 0.15069636702537539 2.5000000000000004 -15.954874515533445
decision_type=2 8 10 10 10 10 10 10 10 10 8 10 10 10 10 8 10 10 10 10 10 10 10 10 2 10
left_child=2 -2 3 18 5 21 19 15 9 -7 23 -12 14 -14 -9 -5 -17 -10 -1 20 -6 22 -4 -8 -23 -21
right_child=1 -3 4 7 6 8 10 12 17 -11 11 -13 13 -15 -16 16 -18 -19 -20 25 -22 24 -24 -25 -26 -27
leaf_value=-0.0023927419625981816 -0.0018008824773327145 -0.02028317797361363 0.0042246215640490033 -0.00027016373745244727 -0.00015487278518846103 -0.0010543219414165493 -0.00038704335238171577 -0.0012002407046858515 -9.0049976680840307e-05 -0.0001068065020057385 0.0006493362760306207 7.3802259837677913e-05 -0.0057801375015671171 -0.00015886987963391355 -5.4082676076260436e-07 -0.0059171718979717999 -0.0023065928558491135 0.0016621651198907475 -0.0074808340438599075 0.0025172049608418777 0.00078782932248813177 0.00086960881863376723 0.00096692637987469052 -0.0032894139340583712 -0.00059084488543701644 0.0012090007110838715
leaf_weight=2368 2525 2033 4572 3168 41736 179342 124634 40265 15808 231823 218832 441476 2489 2048 47940 4337 7682 18999 4074 7796 220923 31068 11123 2287 7762 33665
leaf_count=2368 2525 2033 4572 3168 41736 179342 124634 40265 15808 231823 218832 441476 2489 2048 47940 4337 7682 18999 4074 7796 220923 31068 11123 2287 7762 33665
internal_value=1.90368e-06 -0.011294 3.55552e-05 -0.00138068 0.000137899 -0.000255384 0.000318569 -0.00107831 -0.000411634 -0.000521601 0.000148705 0.00026534 -0.000724305 -0.00356991 -0.000555256 -0.00312902 -0.00381771 0.000867874 -0.00596078 0.000756321 0.000636886 0.00100929 0.00203556 -0.000454398 0.000566241 0.0014892
internal_weight=1.71078e+06 4558 1.70622e+06 114371 1.59185e+06 500497 1.09135e+06 107929 445972 411165 787229 660308 92742 4537 88205 15187 12019 34807 6442 304120 262659 54525 15695 126921 38830 41461
internal_count=1710775 4558 1706217 114371 1591846 500497 1091349 107929 445972 411165 787229 660308 92742 4537 88205 15187 12019 34807 6442 304120 262659 54525 15695 126921 38830 41461
is_linear=0
shrinkage=0.03


Tree=28
num_leaves=27
num_cat=0
split_feature=21 11 8 1 13 19 15 9 3 17 9 1 20 15 24 24 29 15 25 9 20 14 3 25 18 8
split_gain=676.333 438.59 285.535 155.52 127.542 111.991 110.192 70.9115 66.7731 55.9025 45.9144 45.1176 52.2528 41.8436 42.738 41.0191 40.2619 32.4597 28.9744 17.4776 15.809 15.5201 14.1799 12.1342 8.46248 4.85281
threshold=-1.0000000180025095e-35 -0.0063205554615706197 -2.1051712036132808 -0.29547035694122309 -12.872251987457274 -0.028415496461093422 0.00032955408096313482 -0.40399415791034693 -0.0067500637378543607 -0.33829864859580988 -1.2401576638221739 0.19787198305130008 -1.2838087081909177 0.006889432668685914 -3.4999999999999996 -4.4999999999999991 0.14174214750528338 -0.0035150647163391109 -0.4285749346017837 -0.6868019402027129 -0.20165097713470456 -2.3855464458465572 -0.0016473993891850112 -0.3459250926971435 -0.18019474297761914 -2.8683488368988033
decision_type=2 8 10 10 8 8 10 10 10 8 8 10 10 10 2 2 8 10 10 10 10 10 8 10 10 10
left_child=2 -2 3 13 11 6 7 -6 -7 -8 -5 12 22 14 24 20 -14 -17 -10 -15 -12 23 -4 -13 -1 -16
right_child=1 -3 4 10 5 8 9 -9 18 -11 15 21 16 19 25 17 -18 -19 -20 -21 -22 -23 -24 -25 -26 -27
leaf_value=-0.0089713663312859012 -0.0016411918349928869 -0.019906699179583986 -0.0034674331628266534 -0.0041018186547040168 -0.00029877915684144385 -0.0050520654837824096 0.0016060664133711962 0.00029243316405824717 -0.001570709083769113 0.00044931920595452313 -0.00055195151766220603 0.00081573464939844738 -0.00023983171958765338 -0.0032124639985416622 -0.0036189299722185894 -0.0014985997903350873 -0.0013654327548500665 1.7642419705352704e-06 -0.00031757025248680564 0.00017038340552951592 -0.0036702019646350967 -0.00056133687963144554 -0.0014393844267528704 0.0034530476374761551 -0.0045189234492202619 -0.0010412375346615487
leaf_weight=2757 2495 2015 7534 3804 378003 2877 39893 352171 24111 622925 2532 6476 75548 2459 2212 19714 46631 35140 54843 2183 5450 3637 8272 2089 3354 2175
leaf_count=2757 2495 2015 7534 3804 378003 2877 39893 352171 24111 622925 2532 6476 75548 2459 2212 19714 46631 35140 54843 2183 5450 3637 8272 2089 3354 2175
internal_value=-2.76239e-05 -0.0110341 4.5066e-06 -0.00171949 9.19548e-05 0.000177006 0.000240643 -1.32153e-05 -0.000897509 0.000520551 -0.00107232 -0.000739071 -0.000895235 -0.00442353 -0.00546786 -0.000853244 -0.00067569 -0.000540698 -0.000711506 -0.00170139 -0.00280726 0.000969001 -0.00250114 0.00164705 -0.00709963 -0.00263963
internal_weight=1.7113e+06 4510 1.70679e+06 81780 1.62501e+06 1.47482e+06 1.39299e+06 730174 81831 662818 66640 150187 137985 15140 10498 62836 122179 54854 78954 4642 7982 12202 15806 8565 6111 4387
internal_count=1711300 4510 1706790 81780 1625010 1474823 1392992 730174 81831 662818 66640 150187 137985 15140 10498 62836 122179 54854 78954 4642 7982 12202 15806 8565 6111 4387
is_linear=0
shrinkage=0.03


Tree=29
num_leaves=30
num_cat=0
split_feature=0 13 2 9 19 12 17 1 22 18 1 0 27 27 18 23 9 32 5 18 3 0 0 15 2 15 0 20 24
split_gain=616.164 509.52 179.451 129.72 105.439 102.795 87.8154 85.0123 70.2393 65.9608 65.1713 59.2792 59.1078 55.1365 47.6114 35.274 33.4137 32.6992 31.9706 29.0682 25.7936 24.3969 23.6038 21.2539 19.7588 16.3763 14.8042 14.2117 6.68431
threshold=-0.26986879110336298 -10.956708431243895 -0.014284200966358183 -0.59072327613830555 -0.0054545290768146506 -16.949718475341793 -0.37622246146202082 -0.26460552215576166 -5.4999999999999991 -0.076851952821016298 -0.56735020875930775 -0.083915948867797838 0.091820534318685545 0.098767332732677474 -0.1430951729416847 -2.1042640209197994 -0.44924165308475489 70.500000000000014 -1.2376115918159483 -0.2866359651088714 0.0010164156556129458 0.045178860425949104 -0.038706064224243157 -0.0026188492774963375 -0.017182150855660435 -0.0065821409225463859 0.0010177195072174074 -1.2838087081909177 -4.4999999999999991
decision_type=10 8 10 8 10 8 10 10 2 10 10 10 10 10 10 10 10 8 10 10 10 10 10 8 10 10 10 10 2
left_child=1 7 10 4 11 17 12 8 -1 -8 25 14 -7 15 -4 24 22 26 28 -13 -17 -19 -15 -10 -12 -2 -5 -18 -9
right_child=2 -3 3 5 -6 6 9 18 23 -11 13 19 -14 16 -16 20 27 21 -20 -21 -22 -23 -24 -25 -26 -27 -28 -29 -30
leaf_value=-0.0084471439230288884 -0.0058459445212952037 -0.01823244437631108 -0.002165743800500366 -0.0011986766610534729 -0.0059264553775816766 0.00071040879479680632 0.00016833928780198956 -0.0032701357352343243 -6.2296989080297944e-05 0.0011947641189863837 -0.0048891573280312938 -0.00052953832586020858 0.0028128355082959475 -0.0035826936953392932 0.00032755797833736828 -0.0016493209307042169 -0.00096743965003905552 -0.0025988620921332593 0.0017233618122916448 0.0001470008300433288 0.0011388505325503025 -0.00037284919944942152 8.4350726280699783e-05 -0.0040520588777342931 -0.0016536928105935459 -0.0022076966887549258 0.00030398028795771543 0.001491681091296345 -0.00060670543577521325
leaf_weight=3403 3308 2005 27279 9796 2692 36261 1207699 2207 2161 58764 4582 138917 18352 2508 8745 19736 2125 15940 2460 95624 3008 6783 2957 2799 4256 3489 12970 9975 2123
leaf_count=3403 3308 2005 27279 9796 2692 36261 1207699 2207 2161 58764 4582 138917 18352 2508 8745 19736 2125 15940 2460 95624 3008 6783 2957 2799 4256 3489 12970 9975 2123
internal_value=-1.5335e-05 -0.00559052 4.253e-05 9.99204e-05 -0.000495869 0.000219411 0.000268041 -0.00336966 -0.00531453 0.000216655 -0.00162036 -0.000429898 0.00144146 -0.00120433 -0.00155607 -0.00194477 0.000127356 -0.00117393 -0.000732853 -0.000252706 -0.0012511 -0.00196963 -0.00170748 -0.00253361 -0.0035352 -0.00429873 -0.00034157 0.00101475 -0.00222436
internal_weight=1.71292e+06 17158 1.69577e+06 1.63982e+06 273257 1.36656e+06 1.32108e+06 15153 8363 1.26646e+06 55944 270565 54613 49147 36024 31582 17565 45489 6790 234541 22744 22723 5465 4960 8838 6797 22766 12100 4330
internal_count=1712924 17158 1695766 1639822 273257 1366565 1321076 15153 8363 1266463 55944 270565 54613 49147 36024 31582 17565 45489 6790 234541 22744 22723 5465 4960 8838 6797 22766 12100 4330
is_linear=0
shrinkage=0.03


Tree=30
num_leaves=21
num_cat=0
split_feature=25 0 2 9 8 15 16 19 2 12 9 5 23 0 15 32 19 24 7 31
split_gain=647.271 287.94 185.186 116.604 102.392 85.3408 82.72 74.186 67.7751 60.3918 59.4077 49.1092 36.3445 35.7741 34.217 30.2623 28.246 28.0917 23.8052 19.4918
threshold=-1.0000000180025095e-35 -0.26986879110336298 -0.010244525969028471 -0.5123084783554076 -1.3578717708587644 -0.039338707923889153 -0.19355310499668119 -0.003105591749772429 -0.017182150855660435 -16.448443412780758 -1.2401576638221739 0.13206462562084201 -1.8819034695625303 -0.07705295085906981 0.008689075708389284 87.500000000000014 -0.054831216111779206 -18.499999999999996 -0.044665213674306863 12.884166717529299
decision_type=8 10 10 10 10 10 10 10 10 10 10 10 10 10 10 10 10 2 10 10
left_child=1 5 4 7 8 -1 16 10 14 -8 -4 17 -7 -10 -3 18 -5 -6 -14 -13
right_child=-2 2 3 6 11 12 9 -9 13 -11 -12 19 15 -15 -16 -17 -18 -19 -20 -21
leaf_value=-0.0086734037937590287 -0.014974910312560232 -0.0044749715431785251 -0.0035013812457758619 0.001507364607848368 0.0012026643442543407 -0.0053007867254247646 -0.00041308452487299183 -0.0049124626969933218 -0.0022626361561534844 0.00029823336169994556 -0.00021636532781829068 0.0020896912046537825 -0.0046575197481922249 -0.00056756647909829677 -0.0010711769300201428 0.00034105249464499803 0.00028293773996795684 -0.00089293043808740522 -0.00058892716898902204 -0.00019839916268180638
leaf_weight=2568 2100 11251 4532 63332 5997 3380 120595 2613 20044 934626 415775 9298 2858 27070 4261 3899 24338 47073 2685 4626
leaf_count=2568 2100 11251 4532 63332 5997 3380 120595 2613 20044 934626 415775 9298 2858 27070 4261 3899 24338 47073 2685 4626
internal_value=-1.77549e-05 4.79927e-06 4.26347e-05 0.000133135 -0.00104461 -0.00401463 0.000290722 -0.000291859 -0.00191231 0.0002165 -0.000256617 -0.000220877 -0.00276854 -0.0013112 -0.00362136 -0.00161088 0.00117439 -0.00064151 -0.00294815 0.00132819
internal_weight=1.71292e+06 1.71082e+06 1.69543e+06 1.56581e+06 129620 15390 1.14289e+06 422920 62626 1.05522e+06 420307 66994 12822 47114 15512 9442 87670 53070 5543 13924
internal_count=1712921 1710821 1695431 1565811 129620 15390 1142891 422920 62626 1055221 420307 66994 12822 47114 15512 9442 87670 53070 5543 13924
is_linear=0
shrinkage=0.03


Tree=31
num_leaves=17
num_cat=0
split_feature=4 8 19 15 2 16 16 23 29 9 2 17 9 2 31 11
split_gain=561.939 276.097 139.967 139.409 136.404 122.045 107.68 79.183 71.2204 56.1814 32.295 23.4694 22.3553 19.0971 14.0976 8.80346
threshold=1.0000000180025095e-35 -2.8683488368988033 -1.0000000180025095e-35 0.01108333468437195 -0.0091131986118853075 0.19551253318786624 -0.227400466799736 -1.9820811152458189 0.18375629931688311 -0.46781264245510096 -0.019792213104665276 -0.3697101473808288 -1.2401576638221739 -0.011073321104049681 11.923573493957521 -0.013419074937701224
decision_type=8 10 8 10 8 8 10 10 8 8 10 10 10 10 10 10
left_child=1 5 4 -4 7 12 11 10 -8 -9 -3 -6 -1 15 -15 -14
right_child=-2 2 3 -5 6 -7 8 9 -10 -11 -12 -13 13 14 -16 -17
leaf_value=-0.0040823551392319213 -0.014019538214009697 -0.0037423905778692836 -0.0098869248501732929 0 0.0023212734498893727 -0.007172451626577904 0.0002251836373794571 -0.0012112626475758524 -0.00031003041992371726 0.00012806962746843392 -0.0014570150393059856 0.00099299024664594804 -0.0037458075943263879 -0.001712359174088245 0.00011572073213716967 -0.00080220091304462405
leaf_weight=3440 2068 7160 2030 2536 18022 4619 1185416 44078 274951 75537 30482 43106 3509 6700 7312 2000
leaf_count=3440 2068 7160 2030 2536 18022 4619 1185416 44078 274951 75537 30482 43106 3509 6700 7312 2000
internal_value=3.31821e-06 2.45342e-05 7.39008e-05 -0.00490418 8.90754e-05 -0.00292549 0.000176246 -0.000750303 0.000124139 -0.000365963 -0.00194295 0.00140512 -0.0019237 -0.00143586 -0.000766605 -0.00288275
internal_weight=1.71297e+06 1.7109e+06 1.68332e+06 4566 1.67875e+06 27580 1.5215e+06 157257 1.46037e+06 119615 37642 61128 22961 19521 14012 5509
internal_count=1712966 1710898 1683318 4566 1678752 27580 1521495 157257 1460367 119615 37642 61128 22961 19521 14012 5509
is_linear=0
shrinkage=0.03


Tree=32
num_leaves=25
num_cat=0
split_feature=12 11 8 0 1 15 16 19 13 4 8 16 32 19 24 19 17 13 32 14 15 4 12 22
split_gain=575.568 596.255 253.515 159.739 123.756 101.029 93.6931 82.6905 81.5696 73.6708 67.2709 49.3923 43.3167 38.5323 36.7971 35.9868 33.8757 26.3421 24.265 20.9365 20.897 12.325 17.857 11.4667
threshold=-12.590905666351317 -0.0069508817978203288 -2.8683488368988033 -0.048218607902526849 -0.46272444725036616 -0.021705865859985348 -0.2336921542882919 -0.049266092479228966 -12.872251987457274 -0.075670149177312837 -1.3270684480667112 -0.11713689565658568 60.500000000000007 -0.27743132412433619 -4.4999999999999991 -0.041869873180985444 -0.3697101473808288 -11.550915241241453 112.50000000000001 -2.4604431390762325 -0.021705865859985348 -0.10020408034324645 -15.369659900665281 -12.499999999999998
decision_type=8 8 10 10 10 10 8 8 8 10 10 10 10 8 2 10 10 10 8 10 10 10 10 2
left_child=2 12 4 5 -1 10 15 8 -8 11 14 -7 -2 -12 -4 16 -5 -9 -17 -11 -6 22 -22 -23
right_child=1 -3 3 6 20 9 7 17 -10 19 13 -13 -14 -15 -16 18 -18 -19 -20 -21 21 23 -24 -25
leaf_value=-0.0077167928568449423 -0.0045327510263913542 -0.019805414848433022 -0.0055107421155411425 0.0035591909556085548 -0.0045965165462309721 0.00069164224374161144 -0.00053908086220886165 -0.0015414226545863157 0.00032111643487990637 -0.0002579570604334644 -9.0548112204670971e-05 -0.0012015306693034676 0.00072775299833312951 -0.0039108223103995268 -0.0021098227931883452 0.00114152386196413 0.0013781321016575127 -0.00035199439076704064 -0.0014354292529151903 0.00046346019798094187 -0.00060875378472891202 -0.0025464389391153404 -0.003563139246284592 -0.00037587421819281738
leaf_weight=3553 2089 2144 5863 8581 2109 13699 108418 19320 1093633 78669 13235 95565 2663 2452 7933 7256 30470 122680 5199 65957 3602 2514 4856 10776
leaf_count=3553 2089 2144 5863 8581 2109 13699 108418 19320 1093633 78669 13235 95565 2663 2452 7933 7256 30470 122680 5199 65957 3602 2514 4856 10776
internal_value=-4.69159e-06 -0.00835572 3.13203e-05 7.86111e-05 -0.00280412 -0.000569874 0.00021066 0.000162001 0.00024309 -0.000373153 -0.00221944 -0.000959371 -0.00173903 -0.000808576 -0.00371831 0.00146089 0.00190392 -0.00052077 2.88034e-05 6.94429e-05 -0.00191678 -0.00154596 -0.00244265 -0.000885665
internal_weight=1.71324e+06 6896 1.70634e+06 1.67893e+06 27410 283373 1.39556e+06 1.34405e+06 1.20205e+06 253890 29483 109264 4752 15687 13796 51506 39051 142000 12455 144626 23857 21748 8458 13290
internal_count=1713236 6896 1706340 1678930 27410 283373 1395557 1344051 1202051 253890 29483 109264 4752 15687 13796 51506 39051 142000 12455 144626 23857 21748 8458 13290
is_linear=0
shrinkage=0.03


Tree=33
num_leaves=30
num_cat=0
split_feature=12 21 23 2 16 15 18 13 13 19 32 27 32 5 17 16 14 5 2 11 1 17 17 19 1 32 2 29 16
split_gain=614.125 611.36 209.566 128.721 108.71 119.304 86.469 84.7155 47.9314 45.6956 54.4534 48.1605 42.3927 34.1228 33.0815 31.1297 29.4214 35.406 32.0568 27.6949 26.8958 21.6235 20.53 19.9776 19.0398 14.8538 11.191 9.73356 1.98111
threshold=-12.590905666351317 -0.15000000223517415 -1.7976592779159544 -0.017182150855660435 -0.17015773802995679 -0.039338707923889153 -0.10000082105398177 -11.632063865661619 -12.023031234741209 -0.054831216111779206 111.50000000000001 0.10160280019044877 124.50000000000001 -0.30716149508953089 -0.34303385019302363 -0.32531520724296564 -3.495749711990356 -0.18404283374547956 -0.0033035024534910913 -0.020059413276612755 -0.3671386837959289 0.2996539175510407 0.55249032378196727 -0.54291048645973194 -0.23102360963821408 21.500000000000004 -0.019792213104665276 0.089048951864242568 -0.22150472551584241
decision_type=8 2 10 10 8 10 8 10 10 10 8 10 10 10 10 10 10 10 10 10 10 10 10 8 10 10 10 10 10
left_child=2 23 3 13 9 8 7 -7 24 11 14 15 -12 22 -11 -4 25 18 -18 -8 -15 -19 26 -2 -6 -5 -1 -27 -13
right_child=1 -3 4 16 5 6 19 -9 -10 10 12 28 -14 20 -16 -17 17 21 -20 -21 -22 -23 -24 -25 -26 27 -28 -29 -30
leaf_value=-0.0061559218941050998 8.4586683028675902e-05 -0.019865062245518938 0.0028315048078529216 0 -0.003157214512063895 -0.0003068674386800298 -0.0013575814560622952 0.00019155817598156432 -0.0062904125158131201 0.0018258267484385865 -0.0028615359412879396 0.0052966128942701736 0.00016801655413067478 -0.0029580595339665891 -0.00018661305659278696 0.00090764840105773286 -0.0012405669163003939 3.3507488039290644e-05 -0.0001360258937020882 0.0010254676111586347 0.0010738181252871657 0.0024817088321835191 -0.0011766897792542888 -0.003530848478390075 0.00036258663780238483 -0.0016068966911721139 -0.0029394505351005634 -0.0039899231699253544 0.0022451824154336802
leaf_weight=5261 2469 2255 8104 2150 2068 498985 4076 795499 2999 14548 7586 2093 8089 2899 13734 95683 63488 19978 38761 94760 2152 3444 2047 2171 2519 5863 3724 3366 2119
leaf_count=5261 2469 2255 8104 2150 2068 498985 4076 795499 2999 14548 7586 2093 8089 2899 13734 95683 63488 19978 38761 94760 2152 3444 2047 2171 2519 5863 3724 3366 2119
internal_value=-1.53154e-05 -0.00864206 2.18968e-05 -0.00103486 0.0001266 4.35669e-05 6.48421e-05 -3.82681e-07 -0.00358932 0.000887472 6.35109e-05 0.00121823 -0.00132274 -0.00353882 0.000851879 0.0010736 -0.00072704 -0.000586093 -0.000827472 0.000917832 -0.00124422 0.000450381 -0.00446389 -0.00172758 -0.00131965 -0.00216824 -0.00507965 -0.00266726 0.00422628
internal_weight=1.71289e+06 6895 1.706e+06 153133 1.55286e+06 1.40091e+06 1.39332e+06 1.29448e+06 7586 151956 43957 107999 15675 16083 28282 103787 137050 125671 102249 98836 5051 23422 11032 4640 4587 11379 8985 9229 4212
internal_count=1712890 6895 1705995 153133 1552862 1400906 1393320 1294484 7586 151956 43957 107999 15675 16083 28282 103787 137050 125671 102249 98836 5051 23422 11032 4640 4587 11379 8985 9229 4212
is_linear=0
shrinkage=0.03


Tree=34
num_leaves=25
num_cat=0
split_feature=19 15 0 10 15 8 4 2 19 13 0 18 31 27 20 14 0 0 0 9 31 18 9 5
split_gain=569.363 758.241 256.691 145.929 144.504 98.2591 81.3803 75.1774 75.2836 81.114 53.7546 51.5621 47.165 46.8788 43.968 32.7333 30.822 32.147 27.8867 22.5354 15.0897 12.3117 11.9945 3.02219
threshold=-1.0000000180025095e-35 0.0014227628707885744 -0.048218607902526849 0.68681031465530407 -0.02287197113037109 -1.3069914579391477 -0.099430918693542467 0.0087788267992436903 -0.034271823242306702 -12.058441638946531 0.014973431825637819 -0.027028946205973622 11.975898742675783 0.098767332732677474 -0.020595908164978024 -3.2472687959671016 0.23953849077224734 0.094861596822738661 -0.15263891220092771 -0.60268956422805775 13.724270343780519 -0.65339842438697804 -0.25044924020767206 0.37712864577770239
decision_type=8 10 10 8 10 10 10 8 10 8 10 10 10 10 10 10 10 10 10 10 8 10 10 10
left_child=2 -2 3 4 5 11 12 8 9 10 -4 -1 -6 21 -11 -8 17 -15 -7 23 -21 -9 -23 -10
right_child=1 -3 7 -5 6 18 15 13 19 14 -12 -13 -14 16 -16 -17 -18 -19 -20 20 -22 22 -24 -25
leaf_value=-0.0052071406794123127 -0.019697189636662289 0.00050573925304943357 -0.00061766893552952595 -0.0078796201290723469 -0.0021828614571025883 0.0012778793584290655 -0.00089046402375669604 -0.0013550893328660742 -0.0022554557824228517 0.00065926949142494369 0.00012750847496727132 -0.00063121707834641833 -0.0007201548713346201 0.0013956406165553175 0.0002007894230255108 7.5404417381200048e-05 -0.00071004588894472661 0.0039359721112073092 -0.0016194565034140162 -0.00038939719434845691 -0.0019086596317629599 0.00083906040358537463 -0.0010462270485812766 -0.00057348086077172833
leaf_weight=12121 2580 3543 153785 2101 31145 3660 39934 2273 8653 270284 198708 3058 58079 10865 630686 142077 2431 9267 9890 69138 6162 37876 2740 2116
leaf_count=12121 2580 3543 153785 2101 31145 3660 39934 2273 8653 270284 198708 3058 58079 10865 630686 142077 2431 9267 9890 69138 6162 37876 2740 2116
internal_value=-2.69902e-05 -0.00880608 6.89313e-06 -0.000785573 -0.000721857 -0.00272932 -0.000503493 0.000177702 0.000128715 0.000187931 -0.000197161 -0.00435393 -0.0012434 0.00116714 0.000338952 -0.000136726 0.00226436 0.00264657 -0.000797877 -0.000726319 -0.00052945 0.000563561 0.000693404 -0.0019917
internal_weight=1.71317e+06 6123 1.70705e+06 302065 299964 28729 271235 1.40498e+06 1.33953e+06 1.25346e+06 352493 15179 89224 65452 900970 182011 22563 20132 13550 86069 75300 42889 40616 10769
internal_count=1713172 6123 1707049 302065 299964 28729 271235 1404984 1339532 1253463 352493 15179 89224 65452 900970 182011 22563 20132 13550 86069 75300 42889 40616 10769
is_linear=0
shrinkage=0.03


Tree=35
num_leaves=31
num_cat=0
split_feature=12 11 0 13 23 16 15 9 9 32 15 1 1 29 27 20 24 12 0 4 20 3 5 20 20 1 0 15 11 8
split_gain=529.337 520.141 229.463 104.022 95.8622 79.5235 65.6122 55.3018 50.9186 43.034 41.9834 41.4553 41.2252 37.6786 35.8464 34.553 33.5453 30.2782 29.3692 26.7446 26.0353 26.0097 17.9258 17.6636 16.9915 14.0582 13.3513 12.7779 9.98803 4.34397
threshold=-12.590905666351317 -0.0069508817978203288 -0.09510940313339232 -12.872251987457274 -1.946896433830261 -0.28452908992767328 0.00032955408096313482 -0.92040029168128956 -0.5123084783554076 61.500000000000007 -0.0099093317985534651 0.14685747027397159 -0.56735020875930775 0.14174214750528338 0.076521169394254698 -0.0029363036155700679 -18.499999999999996 -15.328868865966795 0.19954198598861697 -0.099736664444208131 -0.57034415006637562 -0.005993001163005828 -0.43930184841156 -0.59914654493331898 0.30751785635948187 -0.17574948072433469 0.15069636702537539 -0.01135200262069702 -0.018875412642955777 -1.7731153368949888
decision_type=8 8 10 10 10 10 10 10 8 10 10 10 10 8 10 10 2 10 10 10 8 10 8 10 10 10 10 10 8 10
left_child=2 9 4 11 10 14 8 17 -7 -2 20 13 23 21 -5 -8 -14 -6 -16 25 -1 -4 -19 -9 -15 -12 27 -13 -28 -22
right_child=1 -3 3 5 7 6 15 12 -10 -11 19 26 16 24 18 -17 -18 22 -20 -21 29 -23 -24 -25 -26 -27 28 -29 -30 -31
leaf_value=-0.001836329033662583 -0.004535097717417661 -0.018658872638033504 -0.0018770562190202201 -0.0007060520022193409 -0.00049190611200001263 -0.00046348973658735652 0.0006402980322926233 -0.0046643458605730975 0.00010777579093504968 0.00071211344351533514 -0.0033736208329033053 -0.00084807234104472442 0.0013513975047864501 -0.0017421104645866719 0.0032450543853528506 0.00020361880877097115 -0.00065184890582157043 -0.0013903665368235486 0.000100746637397113 0.00049724178870614135 -0.0070929634484815001 -0.00022778540287449235 -0.0054286332546879708 -0.00071834887316130482 0.00048734646312025356 -0.00037806615922528967 -0.0020592171065152327 0.0013752956563756616 0.0005287539955346253 -0.0031096923302657248
leaf_weight=2817 2121 2166 9651 3179 3284 190731 257301 2678 526940 2616 5952 2288 7748 41232 13004 454513 79909 2161 3623 2978 3270 62693 3788 2118 2892 2285 2161 12835 2111 2015
leaf_count=2817 2121 2166 9651 3179 3284 190731 257301 2678 526940 2616 5952 2288 7748 41232 13004 454513 79909 2161 3623 2978 3270 62693 3788 2118 2892 2285 2161 12835 2111 2015
internal_value=-2.0669e-05 -0.00802541 1.38836e-05 0.000110332 -0.00124239 0.000184971 0.000158205 -0.000861285 -4.38452e-05 -0.00178872 -0.00316105 -0.000681424 -0.000626899 -0.000895947 0.00205058 0.000362226 -0.000464719 -0.00302467 0.00260037 -0.00180027 -0.00479568 -0.000463297 -0.00422976 -0.00321071 -0.00158544 -0.00264616 0.000581862 0.00100334 -0.000796102 -0.00602616
internal_weight=1.71306e+06 6903 1.70616e+06 1.58515e+06 121003 1.44929e+06 1.42948e+06 101686 717671 4737 19317 135863 92453 116468 19806 711814 87657 9233 16627 11215 8102 72344 5949 4796 44124 8237 19395 15123 4272 5285
internal_count=1713060 6903 1706157 1585154 121003 1449291 1429485 101686 717671 4737 19317 135863 92453 116468 19806 711814 87657 9233 16627 11215 8102 72344 5949 4796 44124 8237 19395 15123 4272 5285
is_linear=0
shrinkage=0.03


Tree=36
num_leaves=27
num_cat=0
split_feature=12 11 8 16 15 15 15 4 12 8 14 22 16 14 24 7 6 20 16 15 8 31 23 29 11 27
split_gain=558.739 528.463 222.123 122.55 117.059 226.627 409.27 88.2433 59.2869 57.4004 56.2303 48.113 42.6968 41.4222 27.8113 22.2259 20.2115 20.1694 15.9682 15.7311 14.5307 11.9997 11.4182 7.73324 5.81197 2.80317
threshold=-12.590905666351317 -0.0064064506441354743 -2.8683488368988033 0.19551253318786624 7.7992677688598646e-05 -1.0000000180025095e-35 1.0000000180025095e-35 -0.079730376601219163 -16.862748146057125 -1.5286653637886045 -2.4604431390762325 -3.4999999999999996 -0.18969825655221936 -3.5143772363662715 -5.4999999999999991 -0.034113820642232888 -2.4999999999999996 -1.2838087081909177 -0.13241249322891233 0.0046455264091491708 -3.3971583843231197 12.378891944885256 -1.8819034695625303 -0.017697116360068318 -0.0094055230729281885 0.031421104446053512
decision_type=8 8 10 8 10 8 10 8 10 10 10 2 10 8 2 8 2 10 10 10 10 8 10 8 10 10
left_child=2 11 3 15 5 7 -7 9 17 -4 -9 -2 14 -14 -10 19 -5 -6 -19 22 24 -21 -1 -22 -17 -8
right_child=1 -3 4 16 8 6 25 10 12 -11 -12 -13 13 -15 -16 20 -18 18 -20 21 23 -23 -24 -25 -26 -27
leaf_value=-0.004624936072519883 -0.0051607077248586441 -0.019451089254965751 -0.0016326204551075532 -0.009300801725926287 -0.0030794282151609259 -0.014307340458989877 0.00024205768741809039 -0.00026884011180872163 0.001822157832784958 -0.00040694210033444917 0.00029758108335450922 0.00037110382438973715 -0.00031735073571577345 0.00037767333045274191 0.00056745672693633614 -0.0027038382318342715 -0.0036888341149053159 0.0010504458092981759 -0.0008701019530518155 0 -0.00055852375110912325 -0.0026476178255740988 -0.0015426706192447118 0.0014099964611832799 -0.00033480201762260209 -0.00094530903348286782
leaf_weight=3599 2065 2019 45270 2021 2976 2358 2062 295832 27184 145251 336492 2816 86598 656115 41423 2279 2565 3923 29071 3649 3137 2180 2976 2894 2139 4245
leaf_count=3599 2065 2019 45270 2021 2976 2358 2062 295832 27184 145251 336492 2816 86598 656115 41423 2279 2565 3923 29071 3649 3137 2180 2976 2894 2139 4245
internal_value=-1.80407e-05 -0.00824377 1.74536e-05 -0.00263526 6.1761e-05 -0.000190835 -0.00488333 -0.00013812 0.000309973 -0.000703259 3.21045e-05 -0.00217555 0.000363233 0.000296073 0.00107853 -0.00163889 -0.00689217 -0.000871614 -0.000620519 -0.00248215 -0.00054282 -0.00112336 -0.00347985 0.000375774 -0.00176851 -0.000523775
internal_weight=1.71314e+06 6900 1.70624e+06 27439 1.6788e+06 831510 8665 822845 847290 190521 632324 4881 811320 742713 68607 22853 4586 35970 32994 12404 10449 5829 6575 6031 4418 6307
internal_count=1713139 6900 1706239 27439 1678800 831510 8665 822845 847290 190521 632324 4881 811320 742713 68607 22853 4586 35970 32994 12404 10449 5829 6575 6031 4418 6307
is_linear=0
shrinkage=0.03


Tree=37
num_leaves=29
num_cat=0
split_feature=12 21 0 15 23 19 16 13 9 0 17 0 24 16 10 0 12 32 17 3 7 4 20 31 3 21 32 19
split_gain=522.545 527.836 189.193 179.804 84.1348 75.5613 97.8069 94.9079 60.097 58.1644 54.0048 40.9208 37.1648 33.7852 31.0786 30.8979 29.2707 28.9488 39.7332 22.6632 22.415 21.6415 23.4868 21.5785 18.0113 10.4058 9.83171 6.13028
threshold=-12.590905666351317 -0.15000000223517415 -0.047193109989166253 -0.039338707923889153 -2.3200805187225337 -0.041869873180985444 -0.16723815351724622 -12.237329959869383 -0.89317879080772389 0.029390364885330204 -0.063060499727725969 -0.16324651241302487 -6.4999999999999991 -0.30202190577983851 -0.17311691492795941 0.19954198598861697 -15.098240852355955 196.50000000000003 -0.35813848674297327 -0.0036517521366477008 -0.025687469169497486 -0.099736664444208131 -0.59914654493331898 12.745329380035402 -0.0086266654543578607 -0.55000001192092884 112.50000000000001 -0.020162807777523991
decision_type=8 2 10 10 10 10 10 10 10 10 8 10 2 10 10 10 10 8 8 10 10 10 8 8 10 2 10 10
left_child=2 14 3 16 21 6 13 9 11 -8 -9 -6 -10 15 -2 -4 23 18 26 -19 -20 22 -5 -1 -15 -23 -7 -21
right_child=1 -3 5 4 8 17 7 10 12 -11 -12 -13 -14 24 -16 -17 -18 19 20 27 -22 25 -24 -25 -26 -27 -28 -29
leaf_value=-0.00073529211533065022 -0.0038417116063620793 -0.018459917540689947 0.0033570143718450822 -0.00095155820481405984 -0.0043080785489567949 0.001038101636843412 -0.00074467498147060668 0.00012142723643781636 -0.00100141209519587 0.0001445385832045069 0.00060230442176438558 -0.0010166447296453562 -0.00010815131232542998 -0.00019829544671254106 0.00063973622321436107 0 -0.0077089264091849963 -0.0044630872871261884 -0.0017623415184274073 -0.0003307468270102651 -0.00044999384927782557 -0.0017532639963604433 -0.0040114231473226273 -0.0046987567244436276 0.0010349311894171462 0.00070361213578537974 -0.00027472162714935812 -0.0019350218540589961
leaf_weight=2523 2168 2236 9563 3875 4982 18208 144727 553009 52086 120547 340956 11099 212796 11540 2468 3418 2427 2134 13707 5387 79456 3061 8728 3106 85867 2160 6383 4242
leaf_count=2523 2168 2236 9563 3875 4982 18208 144727 553009 52086 120547 340956 11099 212796 11540 2468 3418 2427 2134 13707 5387 79456 3061 8728 3106 85867 2160 6383 4242
internal_value=-1.38657e-05 -0.0079839 2.03929e-05 -0.000653408 -0.000528555 0.000168558 0.000239178 0.000157381 -0.000398054 -0.000339954 0.000305402 -0.00215361 -0.000286487 0.00109089 -0.00156755 0.00251982 -0.00494747 -0.000519672 -0.000370283 -0.0019146 -0.000654659 -0.00250231 -0.00316572 -0.00317613 0.000885498 -0.000711723 0.000686696 -0.00112775
internal_weight=1.71286e+06 6872 1.70599e+06 306843 298787 1.39914e+06 1.26963e+06 1.15924e+06 280963 265274 893965 16081 264882 110388 4636 12981 8056 129517 117754 11763 93163 17824 12603 5629 97407 5221 24591 9629
internal_count=1712859 6872 1705987 306843 298787 1399144 1269627 1159239 280963 265274 893965 16081 264882 110388 4636 12981 8056 129517 117754 11763 93163 17824 12603 5629 97407 5221 24591 9629
is_linear=0
shrinkage=0.03


Tree=38
num_leaves=26
num_cat=0
split_feature=12 21 8 2 14 16 29 15 19 9 0 1 2 12 24 10 1 15 27 0 12 15 19 31 10
split_gain=456.508 437.075 191.119 146.427 85.4741 67.3288 71.1455 65.0574 62.6833 49.7274 40.4006 37.5046 32.6444 32.1278 31.1893 30.836 27.173 26.8951 25.0988 29.2962 22.6086 21.8305 18.7184 17.6729 12.3807
threshold=-12.590905666351317 -0.15000000223517415 -1.8307222723960874 -0.017182150855660435 -3.4577351808547969 -0.227400466799736 0.23365513980388644 -0.016827881336212155 -0.034271823242306702 -1.2401576638221739 -0.043147921562194817 -0.56735020875930775 0.0087788267992436903 -16.701721191406246 -4.4999999999999991 -0.10565530508756636 -0.3671386837959289 -0.0052464604377746573 0.076521169394254698 0.23953849077224734 -14.786999225616453 0.0057503581047058114 -0.096153777092695222 12.378891944885256 0.35439570248126989
decision_type=8 2 10 10 10 10 8 10 8 8 10 10 10 10 2 10 10 10 10 8 10 10 10 10 10
left_child=2 15 3 16 11 18 8 10 -7 -9 20 17 21 -8 -11 -2 23 -4 24 -20 -5 -13 -14 -1 -6
right_child=1 -3 4 7 5 6 13 9 -10 14 -12 12 22 -15 -16 -17 -18 -19 19 -21 -22 -23 -24 -25 -26
leaf_value=-0.0073660813743893902 -0.0037650356268450614 -0.016958446955213015 -0.0051949475736192919 -0.0024879413012916015 -0.00030384511563186521 0.00032794322467041793 -0.0014792387099672236 -0.0036268682691362976 -0.00058730030517763774 -0.0016418962252912148 0.00019804120583203928 -0.00066496150005934879 0.0018139205434167113 -0.00020821825640292139 -0.00014290350912063635 0.00070051244811371099 -0.0019148275126504447 -0.00033381006777030611 0.001863516824931077 -0.00066675889526243487 -0.0061991718527285369 2.9600911308212084e-05 -0.00062317121362396406 -0.0031062421016086542 0.0018682935320909358
leaf_weight=3183 2242 2246 2050 7958 11559 1019674 19359 3927 71437 14241 3076 140845 8783 197887 87111 2377 3759 2072 37446 4181 2243 56015 3562 3273 2417
leaf_count=3183 2242 2246 2050 7958 11559 1019674 19359 3927 71437 14241 3076 140845 8783 197887 87111 2377 3759 2072 37446 4181 2243 56015 3562 3273 2417
internal_value=1.74545e-06 -0.00745095 3.40844e-05 -0.00107466 0.000125105 0.000212615 0.000168641 -0.000764501 0.000267504 -0.00050463 -0.00271025 -0.000432193 -0.000370562 -0.000325994 -0.000363499 -0.00156444 -0.00444278 -0.00311676 0.00123126 0.00159736 -0.00358353 -0.000466235 0.00109049 -0.00562811 0.000102635
internal_weight=1.71292e+06 6865 1.70606e+06 128771 1.57729e+06 1.36396e+06 1.30836e+06 118556 1.09111e+06 105279 13277 213327 209205 217246 101352 4619 10215 4122 55603 41627 10201 196860 12345 6456 13976
internal_count=1712923 6865 1706058 128771 1577287 1363960 1308357 118556 1091111 105279 13277 213327 209205 217246 101352 4619 10215 4122 55603 41627 10201 196860 12345 6456 13976
is_linear=0
shrinkage=0.03


Tree=39
num_leaves=19
num_cat=0
split_feature=21 11 0 15 2 15 0 23 9 8 18 9 23 24 1 20 32 1
split_gain=456.208 347.767 186.311 119.084 90.8689 81.2238 68.256 61.9652 59.2068 43.2463 38.1306 35.46 32.1576 43.7675 24.9965 23.5081 19.8423 17.4541
threshold=-1.0000000180025095e-35 -0.0063205554615706197 -0.098359882831573472 -0.034071743488311761 -0.025084488093852993 0.0028170049190521245 0.19954198598861697 -2.3200805187225337 -0.40263840556144709 -1.3069914579391477 -0.10687314346432684 -1.2401576638221739 -2.2043269872665401 -13.499999999999998 0.12168732285499574 -0.7080445885658263 16.500000000000004 -0.27924948930740351
decision_type=2 8 10 10 10 10 10 10 8 10 10 10 10 2 10 8 8 10
left_child=2 -2 3 9 -4 6 8 15 -6 10 -1 -9 16 -14 -13 -5 -7 -17
right_child=1 -3 4 7 5 12 -8 11 -10 -11 -12 14 13 -15 -16 17 -18 -19
leaf_value=-0.0075136406829390684 -0.00082690852133557541 -0.016936268970271486 -0.0046270143932295926 -0.00026041243930980643 -0.00024912760537967811 0.0015023392394448282 -0.0043005994253228728 -0.0036189079401816025 0.00021871006025535748 -0.00127188558409337 -0.0017441317877061227 -0.00062604788190697769 0.0018084427994937771 0.00039913085710586044 0.0010825198315947517 -0.0053970867807752376 -0.00081177779424451582 -0.001878419606964348
leaf_weight=3765 2507 2009 3121 2332 509094 3245 2874 2896 465418 3440 2059 85086 20260 560716 7898 3536 27379 3564
leaf_count=3765 2507 2009 3121 2332 509094 3245 2874 2896 465418 3440 2059 85086 20260 560716 7898 3536 27379 3564
internal_value=6.88524e-06 -0.00902704 3.36022e-05 -0.00113189 0.000117995 0.000128956 -4.04579e-05 -0.000830093 -2.53874e-05 -0.00431382 -0.00582051 -0.000589124 0.000399994 0.000450306 -0.0004727 -0.00309646 -0.000536733 -0.00391007
internal_weight=1.7112e+06 4516 1.70668e+06 114576 1.59211e+06 1.58899e+06 977386 105312 974512 9264 5824 95880 611600 580976 92984 9432 30624 7100
internal_count=1711199 4516 1706683 114576 1592107 1588986 977386 105312 974512 9264 5824 95880 611600 580976 92984 9432 30624 7100
is_linear=0
shrinkage=0.03


Tree=40
num_leaves=27
num_cat=0
split_feature=12 21 8 2 14 9 16 18 12 32 32 1 16 10 18 6 32 32 20 23 23 12 30 5 16 1
split_gain=415.966 491.071 184.377 98.4414 89.9787 103.584 85.7206 64.4431 58.5326 53.4704 36.7722 36.1295 31.5787 29.2209 17.7779 17.4039 15.8057 65.5312 13.9877 13.5591 10.9816 11.6432 8.03801 7.72094 7.1281 2.89201
threshold=-12.590905666351317 -0.15000000223517415 -2.8683488368988033 0.0087788267992436903 -3.2329759597778316 -0.44450198113918299 0.19551253318786624 -0.15101452916860578 -16.949718475341793 89.500000000000014 93.500000000000014 -0.56735020875930775 -0.32531520724296564 -0.10565530508756636 -0.225230798125267 -2.4999999999999996 113.50000000000001 124.50000000000001 0.36835342645645147 -2.1042640209197994 -1.4687568545341489 -15.457985877990721 0.015401863958686592 -0.57064849138259877 0.074564225971698775 -0.14156085252761838
decision_type=8 2 10 8 10 8 8 8 10 10 10 10 8 10 10 2 8 10 10 10 10 10 8 10 10 8
left_child=2 13 6 4 9 7 14 -6 -7 11 -11 -4 23 -2 20 -8 18 -18 -14 22 25 -22 -16 -5 -21 -1
right_child=1 -3 3 12 5 8 15 -9 -10 10 -12 -13 16 -15 19 -17 17 -19 -20 24 21 -23 -24 -25 -26 -27
leaf_value=-0.0039854038817375243 -0.0031920820208677279 -0.017290225364611788 -0.0027460246421972183 0.0042968744725944133 -0.000337654382932986 -0.0011749486077193201 -0.0081770818023511934 0.00061082876897098498 0.00037605568607254874 -0.0030859388877768259 -0.00083835659742998987 -9.028546156313543e-05 0.00098178415359493048 0.0011249986047647373 -0.0028896879005798895 -0.0031299862353045848 -0.0016061503709710481 0.001623511437340462 0.0025194404144232392 -0.00078014991441078369 0.00048492472082901596 -0.0019983145575695549 -0.00020917504785735832 0.0014428605614782517 0.0012149220951045185 -0.0017311241554295493
leaf_weight=3430 2252 2218 4246 2952 481820 22014 2013 73763 727782 6715 107599 181887 37936 2374 2045 2578 9357 12701 6549 2116 2022 4718 2244 2686 3433 2846
leaf_count=3430 2252 2218 4246 2952 481820 22014 2013 73763 727782 6715 107599 181887 37936 2374 2045 2578 9357 12701 6549 2116 2022 4718 2244 2686 3433 2846
internal_value=-3.05453e-05 -0.00715498 0 4.03701e-05 -8.31947e-06 9.92636e-05 -0.00241664 -0.000210752 0.000329366 -0.000476131 -0.00098586 -0.000159669 0.00112031 -0.00102446 -0.00157361 -0.00598765 0.000915764 0.000234957 0.00124031 -0.000531129 -0.00229056 -0.00122987 -0.00171815 0.00321436 0.000402945 -0.00321059
internal_weight=1.7123e+06 6844 1.70545e+06 1.67801e+06 1.60583e+06 1.30538e+06 27445 555583 749796 300447 114314 186133 72181 4626 22854 4591 66543 22058 44485 9838 13016 6740 4289 5638 5549 6276
internal_count=1712296 6844 1705452 1678007 1605826 1305379 27445 555583 749796 300447 114314 186133 72181 4626 22854 4591 66543 22058 44485 9838 13016 6740 4289 5638 5549 6276
is_linear=0
shrinkage=0.03


Tree=41
num_leaves=26
num_cat=0
split_feature=21 23 0 15 13 18 15 0 24 23 13 8 2 18 29 23 4 27 25 32 24 15 32 32 5
split_gain=401.211 324.668 175.051 117.684 89.5252 78.4522 67.2021 67.2793 50.049 49.9056 42.323 36.846 33.4542 32.5338 26.7606 24.1861 23.5289 19.9726 18.3897 18.2412 14.8603 13.8246 10.0862 6.13602 4.57488
threshold=-1.0000000180025095e-35 -0.64620244503021229 -0.098359882831573472 -0.039338707923889153 -13.13258123397827 -0.10000082105398177 0.00032955408096313482 0.19954198598861697 -12.499999999999998 -1.9820811152458189 -10.496855258941649 -1.3069914579391477 0.0047308653593063363 -0.13478892296552655 0.14174214750528338 -2.5597816705703731 -0.099950149655342088 0.099440213292837157 -0.62127274274826039 76.500000000000014 -10.499999999999998 -0.0077390074729919425 85.500000000000014 120.50000000000001 -0.22935704141855237
decision_type=2 8 10 10 10 10 8 10 2 10 10 10 10 10 8 10 10 10 10 8 2 10 10 10 10
left_child=2 -2 3 11 12 6 7 -6 -8 16 13 -1 14 -11 20 -7 17 -5 -17 -16 -4 -18 24 -24 -14
right_child=1 -3 4 9 5 15 8 -9 -10 10 -12 -13 22 -15 19 18 21 -19 -20 -21 -22 -23 23 -25 -26
leaf_value=-0.0065201215121160399 -0.0005659618215609069 -0.016149872416848572 -0.0017025667285852882 -0.0039885083400582619 -0.00010724244591726007 -0.0013252022857811064 0.0017583505977866926 -0.0049593803726286538 0.00024415180592605193 -0.00078779723221143727 -0.0037342197944411483 -0.0012978944242837585 0.0018110348141739002 0.00052338918773947205 -0.00093798195277176139 0.0016686803969015809 -0.0021277553664898544 -0.00090701334142888302 0.00074308727134339808 -0.0025092860550418161 -0.00031489260013594278 0.00069847997759971733 -0.0011539833172667039 0.00074891790739178474 6.1312681941879376e-06
leaf_weight=4134 2469 2004 8494 7653 696774 3421 19816 2085 694685 66624 3245 2271 4631 22145 14529 31354 2314 3296 58923 15320 36170 2878 3111 2017 2132
leaf_count=4134 2469 2004 8494 7653 696774 3421 19816 2085 694685 66624 3245 2271 4631 22145 14529 31354 2314 3296 58923 15320 36170 2878 3111 2017 2132
internal_value=-2.11846e-05 -0.00852999 3.41259e-06 -0.00112648 8.51609e-05 0.000139279 8.31454e-05 -0.000125683 0.000287766 -0.000876186 -0.000594641 -0.00494 -0.000850678 -0.000456238 -0.0010872 0.000977882 -0.00239705 -0.00316721 0.00107528 -0.00178239 -0.000601364 -0.000584687 0.00059128 -0.000352169 0.00132295
internal_weight=1.7125e+06 4473 1.70802e+06 114560 1.59346e+06 1.50706e+06 1.41336e+06 698859 714501 108155 92014 6405 86404 88769 74513 93698 16141 10949 90277 29849 44664 5192 11891 5128 6763
internal_count=1712495 4473 1708022 114560 1593462 1507058 1413360 698859 714501 108155 92014 6405 86404 88769 74513 93698 16141 10949 90277 29849 44664 5192 11891 5128 6763
is_linear=0
shrinkage=0.03


Tree=42
num_leaves=31
num_cat=0
split_feature=12 11 0 15 8 22 19 1 30 0 15 18 14 12 24 8 1 29 22 19 31 10 20 7 10 12 10 15 32 8
split_gain=396.165 414.794 170.997 111.469 90.4453 71.0875 63.8979 62.0948 67.5761 49.8771 46.254 44.7616 43.4128 41.1265 38.4844 34.84 34.1854 33.634 30.7971 30.7421 30.5242 27.6408 32.0955 29.855 25.304 20.3927 13.6327 11.8582 11.8183 9.21031
threshold=-12.590905666351317 -0.0069508817978203288 -0.047193109989166253 -0.020633220672607418 -1.6766262054443357 -12.499999999999998 -0.041869873180985444 0.17332965135574344 -0.08324068039655684 0.23953849077224734 0.024828404188156131 -0.14839038252830503 -3.2329759597778316 -16.50137901306152 -5.4999999999999991 -1.9337100982666013 0.38470250368118292 0.041596338152885444 -3.4999999999999996 -0.33465996384620661 12.454572200775148 0.10291429609060289 0.26805338263511663 -0.023903824388980862 -0.032124381512403481 -15.00400400161743 -0.36855617165565485 0.0038363933563232426 186.50000000000003 -0.53996279835700978
decision_type=8 8 10 10 10 2 8 10 10 10 10 10 10 10 2 10 10 8 2 8 10 10 8 10 10 10 8 10 8 10
left_child=2 18 3 4 14 17 7 8 13 16 11 -7 -10 -4 -1 -12 -9 24 -2 20 -6 23 -23 28 -5 -16 -19 -25 -8 -24
right_child=1 -3 6 5 19 10 21 9 12 -11 15 -13 -14 -15 25 -17 -18 26 -20 -21 -22 22 29 27 -26 -27 -28 -29 -30 -31
leaf_value=-0.0072041192997956641 -0.0038360022914344402 -0.01644632343393793 -0.001198096448140672 -0.0015461363781457949 0.00076760681633674277 -0.00040392764711654714 -0.0015109567539121137 0.0010753096205230427 -0.00016671211328244973 -0.0021181927234203012 -0.0052013488281164181 0.00057869228196501038 0.00036891144018935711 -0.00011557515490396208 -0.0017223506906896323 -0.00078953790463254594 0.0045439671699664804 -0.0011502984398304673 0.00057941692996441908 -0.0031110063113147317 -0.0015577197459756401 -0.00059947384864954961 0.0010262077855746478 -0.00086320885206096396 0.001303794558622968 -0.0051413686587214857 -0.0040591609284965679 5.7516623187955148e-05 -0.0038877493266775529 -0.00047930640163405699
leaf_weight=3002 2044 2161 36923 14158 8768 184772 15832 70900 163734 3759 2387 53190 782020 209500 6273 4614 2283 2886 2758 4867 10588 35103 21724 31091 2949 2471 6522 19865 2315 3775
leaf_count=3002 2044 2161 36923 14158 8768 184772 15832 70900 163734 3759 2387 53190 782020 209500 6273 4614 2283 2886 2758 4867 10588 35103 21724 31091 2949 2471 6522 19865 2315 3775
internal_value=-2.17966e-05 -0.00691876 8.19155e-06 -0.000631632 -0.00219156 -0.000420201 0.000149208 0.000214234 0.00016039 0.00103822 -0.000257149 -0.000182278 0.000275825 -0.000281088 -0.00430911 -0.00258019 0.00121769 -0.00188284 -0.00142796 -0.00108622 -0.000496465 -0.000483122 -9.58496e-06 -0.000891043 -0.00101474 -0.00294683 -0.0033002 -0.000501366 -0.00192637 0.000786854
internal_weight=1.71323e+06 6963 1.70627e+06 307447 35969 271478 1.39882e+06 1.26912e+06 1.19218e+06 76942 244963 237962 945754 246423 11746 7001 73183 26515 4802 24223 19356 129705 60602 69103 17107 8744 9408 50956 18147 25499
internal_count=1713234 6963 1706271 307447 35969 271478 1398824 1269119 1192177 76942 244963 237962 945754 246423 11746 7001 73183 26515 4802 24223 19356 129705 60602 69103 17107 8744 9408 50956 18147 25499
is_linear=0
shrinkage=0.03


Tree=43
num_leaves=30
num_cat=0
split_feature=21 11 23 9 2 15 17 18 12 3 17 27 11 21 31 23 31 12 16 29 2 20 16 9 7 18 12 2 1
split_gain=461.385 335.037 150.004 105.613 104.371 90.4043 69.0663 62.4433 57.3875 50.1014 44.3598 42.1893 41.7124 37.5469 27.4768 29.8384 24.1027 23.4236 21.9323 19.3648 18.4487 18.374 18.1907 18.0879 16.3043 13.0608 8.82174 6.23436 5.58954
threshold=-1.0000000180025095e-35 -0.0068282491993159047 -2.2593598365783687 -0.54527500271797169 -0.017182150855660435 -0.025978982448577877 -0.38282586634159083 -0.076851952821016298 -16.414578437805172 -0.013922861311584709 -0.080546673387289033 0.098180379718542113 -0.020407057367265221 -0.35000000894069666 12.665897369384767 -2.6657222509384151 12.540245056152346 -15.247704982757567 -0.062045194208621972 0.11140902712941171 -0.0065901146735995999 -0.52270030975341786 -0.0040063716005533925 -0.5869159698486327 -0.061456628143787377 -0.67774683237075795 -16.232905387878414 -0.0080459280870854837 -0.3671386837959289
decision_type=2 8 8 10 10 10 8 10 10 10 10 10 10 2 8 10 8 10 8 10 10 8 8 10 10 10 10 10 10
left_child=2 -2 4 5 21 17 11 8 -8 13 -11 16 -9 -7 19 18 -5 27 -16 24 -21 26 -19 -17 -6 -13 -1 -4 -23
right_child=1 -3 3 6 14 9 7 12 -10 10 -12 25 -14 -15 15 23 -18 22 -20 20 -22 28 -24 -25 -26 -27 -28 -29 -30
leaf_value=-0.00059400294722498426 -0.00070639739720016121 -0.016553802687306485 -0.0021555580079565821 0.0012980528108898985 0.0019581803933492012 -0.0003074503752837236 -0.0004815865768929723 -0.0018483526024537966 0.00016965727859713899 -0.00057510266486537529 0.00011490807085599129 0.0043266952746134372 0.0012491791494080346 -0.0054694266478307737 0 -0.0023056142090626341 -0.0003749826771839523 -0.0017163954962863149 -0.0035578103567952598 -0.0029590271070286814 -0.00019797446037569071 -0.0066181362334097509 -0.0059286984111316778 0.00026846004711701058 -0.00027025135513749574 0.0019099906787850571 -0.0034485392206988191 0 -0.0031002533763667571
leaf_weight=2504 2383 2115 2210 21839 2745 2560 137347 3673 1035366 187638 149926 3679 60200 2459 2115 3030 11223 2327 7951 4140 4727 2762 3076 7299 31683 9136 2031 2027 2931
leaf_count=2504 2383 2115 2210 21839 2745 2560 137347 3673 1035366 187638 149926 3679 60200 2459 2115 3030 11223 2327 7951 4140 4727 2762 3076 7299 31683 9136 2031 2027 2931
internal_value=-2.69382e-05 -0.0091286 -1.38479e-07 5.96348e-05 -0.00131757 -0.000399867 0.000186175 0.000143215 9.29558e-05 -0.000315779 -0.000268037 0.00132366 0.00105342 -0.00315724 -0.000843009 -0.00174227 0.000724071 -0.00319564 -0.00287334 -0.000397486 -0.00160827 -0.00406767 -0.00446439 -0.000530529 -5.84976e-05 0.00276274 -0.0021475 -0.00121396 -0.00525195
internal_weight=1.7131e+06 4498 1.7086e+06 1.63469e+06 73918 352223 1.28246e+06 1.23659e+06 1.17271e+06 342583 337564 45877 63873 5019 63690 20395 33062 9640 10066 43295 8867 10228 5403 10329 34428 12815 4535 4237 5693
internal_count=1713102 4498 1708604 1634686 73918 352223 1282463 1236586 1172713 342583 337564 45877 63873 5019 63690 20395 33062 9640 10066 43295 8867 10228 5403 10329 34428 12815 4535 4237 5693
is_linear=0
shrinkage=0.03


Tree=44
num_leaves=18
num_cat=0
split_feature=0 13 2 9 15 0 15 4 14 20 25 12 4 1 24 15 24
split_gain=395.827 336.319 128.884 98.0048 90.8866 87.2496 75.8539 66.9438 43.7087 37.3779 35.3981 23.6386 23.2579 20.99 19.5885 9.79887 6.46025
threshold=-0.26986879110336298 -10.978158473968504 -0.025084488093852993 -1.2401576638221739 0.0015051960945129397 0.19954198598861697 -0.039338707923889153 -0.07722828164696692 -3.7209836244583125 0.37452894449234014 -0.35168841481208796 -15.089348316192625 -0.10006288066506384 -0.46272444725036616 -13.499999999999998 -0.00090557336807250966 -2.4999999999999996
decision_type=10 8 10 10 10 8 10 10 10 8 10 10 10 10 2 10 2
left_child=1 6 13 16 5 7 -1 -5 14 -10 11 12 -8 -2 -6 -13 -4
right_child=2 -3 3 4 8 -7 10 -9 9 -11 -12 15 -14 -15 -16 -17 -18
leaf_value=-0.0071155945519519479 -0.0056099906928621344 -0.014676373935272121 -0.0052389564352756397 -0.00056618181736938021 0.0018252701613134619 -0.0050080183538678468 -0.0026550245386243315 3.2008848697976354e-05 0.0003230765973721776 0.0011297773631265605 0.0017125661457855575 -0.0017162720656663322 0.00071156247776026733 -0.0012494055719101923 -0.00053977868247524351 -0.0053857904672289418 -0.0021719352392956699
leaf_weight=2387 3576 2037 2187 218433 2787 2783 2983 725553 616972 56487 2010 2277 3377 2049 61905 2002 3179
leaf_count=2387 3576 2037 2187 218433 2787 2783 2983 725553 616972 56487 2010 2277 3377 2049 61905 2002 3179
internal_value=-5.1333e-06 -0.00448462 4.1094e-05 5.69933e-05 7.0624e-05 -0.000123679 -0.00265668 -0.000106318 0.000320162 0.000391972 -0.00155385 -0.00224707 -0.000902146 -0.00430221 -0.00042007 -0.00387975 -0.0038131
internal_weight=1.71298e+06 17073 1.69591e+06 1.69029e+06 1.68492e+06 946769 15036 943986 738151 673459 12649 10639 6360 5625 64692 4279 5366
internal_count=1712984 17073 1695911 1690286 1684920 946769 15036 943986 738151 673459 12649 10639 6360 5625 64692 4279 5366
is_linear=0
shrinkage=0.03


Tree=45
num_leaves=27
num_cat=0
split_feature=12 21 0 15 23 16 18 12 24 9 24 0 27 15 2 18 12 32 24 16 15 3 6 29 20 22
split_gain=349.378 376.379 146.524 164.692 86.1392 63.2278 66.3738 60.3111 53.5654 53.231 43.4579 42.7064 48.5721 39.4985 34.0291 28.2387 24.9829 22.4745 21.7924 21.3462 19.7918 18.4562 15.1279 12.2837 12.2321 2.41988
threshold=-12.590905666351317 -0.15000000223517415 -0.04042315483093261 -0.039338707923889153 -2.5597816705703731 -0.22150472551584241 -0.096391014754772172 -16.701721191406246 -6.4999999999999991 -0.73462483286857594 -20.499999999999996 0.23953849077224734 0.075736761093139662 0.0028170049190521245 -0.0035125941503792997 -0.67774683237075795 -15.649496078491209 86.500000000000014 -4.4999999999999991 -0.12206427380442618 0.0083765685558319109 -0.0024637744063511486 -2.4999999999999996 -0.0096760867163538915 -0.63074606657028187 -4.4999999999999991
decision_type=8 2 10 10 8 8 8 10 2 8 2 10 10 10 10 10 10 8 2 10 10 10 2 10 10 2
left_child=2 21 3 16 14 11 7 19 10 -10 -6 12 17 -9 22 -14 -1 -4 24 -7 -20 -2 -5 -13 -8 -18
right_child=1 -3 5 4 8 6 18 13 9 -11 -12 23 15 -15 -16 -17 25 -19 20 -21 -22 -23 -24 -25 -26 -27
leaf_value=-0.0022309726050407592 -0.002742579445876899 -0.015262920198350719 0.0010828462362492376 -0.0049266702475873683 0.0007190997978719359 0.00056275284895153073 0.00057328113698021941 -1.9772700385385515e-05 -0.0012303515205848957 2.0615256906818242e-05 -0.0014879181111222023 -0.0029787735490127438 0.0041392381712443476 0.0003385491508119384 0.00054225378193772933 0.0015666385366881652 -0.0076471567046236307 -0.00095259823323632091 0.00098759005529811352 -0.00098380070425625656 0.0025996336250738118 0.00069950902958677754 -0.0022200628189439821 0 -0.0017620829415298514 -0.0035817201077352947
leaf_weight=3863 2277 2276 9073 3955 9060 8651 3912 698221 34533 239263 49369 2168 4373 456685 2127 34857 2071 9441 49903 60897 8217 2302 7459 2155 3115 2384
leaf_count=3863 2277 2276 9073 3955 9060 8651 3912 698221 34533 239263 49369 2168 4373 456685 2127 34857 2071 9441 49903 60897 8217 2302 7459 2155 3115 2384
internal_value=-5.11554e-06 -0.00652971 2.28351e-05 -0.000519775 -0.000414941 0.000165339 0.000119843 6.97262e-05 -0.000316137 -0.000138027 -0.00113741 0.00109734 0.00131788 0.000121744 -0.00272013 0.00190944 -0.00457295 3.13615e-05 0.00104952 -0.0007845 0.00124085 -0.00105456 -0.00335049 -0.00161748 -0.000470388 -0.00611312
internal_weight=1.71261e+06 6855 1.70575e+06 354084 345766 1.35167e+06 1.2896e+06 1.22445e+06 332225 273796 58429 62067 57744 1.15491e+06 13541 39230 8318 18514 65147 69548 58120 4579 11414 4323 7027 4455
internal_count=1712607 6855 1705752 354084 345766 1351668 1289601 1224454 332225 273796 58429 62067 57744 1154906 13541 39230 8318 18514 65147 69548 58120 4579 11414 4323 7027 4455
is_linear=0
shrinkage=0.03


Tree=46
num_leaves=27
num_cat=0
split_feature=19 15 0 23 8 24 12 19 20 9 11 24 15 18 17 18 17 29 0 18 3 10 15 11 31 31
split_gain=378.478 508.35 149.669 110.627 95.7239 100.856 66.8399 58.8631 59.8937 47.8342 45.5215 36.2403 34.3089 32.3878 28.7002 26.7655 26.4672 23.4488 26.7215 26.6283 21.1568 20.1905 16.6056 15.5327 15.456 7.24224
threshold=-1.0000000180025095e-35 0.0014227628707885744 -0.056228399276733391 -0.29988785088062281 -1.6766262054443357 -5.4999999999999991 -16.354293823242184 -0.04744563810527324 0.36835342645645147 -0.5123084783554076 -0.019419393502175804 -4.4999999999999991 -0.012205302715301512 -0.54002162814140309 -0.4090414941310882 -0.076851952821016298 -0.35813848674297327 0.240796834230423 0.039903044700622566 -0.1612863019108772 -0.0028973639709874983 -0.043739261105656617 0.0050706863403320321 -0.020407057367265221 12.352148056030275 13.056219577789308
decision_type=8 10 10 8 10 2 8 8 8 10 10 2 10 10 10 8 10 8 10 10 10 10 8 10 8 10
left_child=2 -2 3 4 5 12 17 8 9 -8 -7 13 -1 -6 -10 -13 24 19 21 23 -18 -19 -21 -4 -9 -20
right_child=1 -3 6 -5 11 10 7 16 14 -11 -12 15 -14 -15 -16 -17 20 18 25 22 -22 -23 -24 -25 -26 -27
leaf_value=-0.0061367315342615979 -0.01610871288950138 0.00041140953650127993 -0.0016972880644548218 -0.0069308431245995988 0.00063305184883241715 -0.0042204677994245286 -9.867312772400712e-05 0.00097565951863534195 0.0023032603946220999 0.00035742927993259374 -0.00076598918070030163 -5.2307736191310915e-05 -0.0024285737415210935 -0.0010271883163606248 0.00080137321575138559 0.0012440750053777565 -0.0016596313319203954 -0.0019512328698258136 0.00033590148278779487 4.2383279396167027e-05 -0.00039920229182913847 -0.00012524278851864184 0.001389030248895212 -0.00032793940115393062 -0.00041501432451565589 -0.0012031088903818501
leaf_weight=4206 2569 3566 7817 2006 12343 3236 283276 18191 14044 756529 60809 92258 7517 57437 67771 16389 13509 22060 12947 26582 99848 7756 11798 94578 10964 2955
leaf_count=4206 2569 3566 7817 2006 12343 3236 283276 18191 14044 756529 60809 92258 7517 57437 67771 16389 13509 22060 12947 26582 99848 7756 11798 94578 10964 2955
internal_value=-2.35382e-06 -0.00715371 2.52627e-05 -0.000642266 -0.000577953 -0.00146823 0.000143545 0.000221932 0.00029506 0.000232896 -0.000976523 -0.000195178 -0.00398015 -0.000726834 0.00107525 0.000145301 -0.000350534 -0.000385361 -0.00097351 -0.000189461 -0.000558674 -0.00149604 0.000476598 -0.000443133 0.000444388 3.66577e-06
internal_weight=1.71296e+06 6135 1.70683e+06 256201 254195 75768 1.45062e+06 1.26413e+06 1.12162e+06 1.0398e+06 64045 178427 11723 69780 81815 108647 142512 186493 45718 140775 113357 29816 38380 102395 29155 15902
internal_count=1712961 6135 1706826 256201 254195 75768 1450625 1264132 1121620 1039805 64045 178427 11723 69780 81815 108647 142512 186493 45718 140775 113357 29816 38380 102395 29155 15902
is_linear=0
shrinkage=0.03


Tree=47
num_leaves=25
num_cat=0
split_feature=12 23 8 0 15 2 19 16 4 8 15 18 27 18 13 10 0 19 31 9 16 13 18 15
split_gain=348.726 382.854 165.418 86.561 82.8209 71.7324 74.5454 66.4643 62.3729 53.3255 49.5838 46.8259 41.9352 32.0654 29.8402 22.0977 20.8164 18.8267 17.681 17.5769 13.0299 11.758 32.1989 26.8064
threshold=-12.590905666351317 -0.81706249713897694 -2.8683488368988033 -0.024854302406311032 -0.02287197113037109 0.010241778101772072 -0.028415496461093422 0.20676180720329287 -0.07722828164696692 -1.3069914579391477 0.00032955408096313482 -0.068053830415010438 0.092884529381990447 -0.032915284857153886 -11.727715492248533 -0.10565530508756636 0.23953849077224734 -0.27743132412433619 10.606263160705568 -1.2401576638221739 -0.21601023524999616 -12.451504707336424 -0.21553666144609449 0.010413140058517458
decision_type=8 8 10 10 10 10 8 8 10 10 10 10 10 10 10 10 10 8 10 8 10 10 10 10
left_child=2 15 7 4 9 6 10 19 11 13 -5 -6 20 -4 -10 -2 -14 -11 -8 -1 -7 23 -23 -21
right_child=1 -3 3 5 8 12 18 -9 14 17 -12 -13 16 -15 -16 -17 -18 -19 -20 21 -22 22 -24 -25
leaf_value=-0.00348391464009581 -0.003017742177048375 -0.016015507405309295 -0.0037979451013852505 6.5482512134078358e-06 -0.00091263503680620844 -0.00039972316922481124 -0.0023329959146254253 -0.0056218696809640098 -0.00034051163651362939 -6.3283018273635233e-05 0.00041271982273151554 0.00061118861826662022 0.0028729491670704747 -0.00011110506881923651 0.00028566223459230392 0.00068513820530215653 -9.6567979483774103e-05 -0.0026171432534337871 -0.00060669941780670887 -0.0037181569675369249 0.0010934999711923654 -0.0016648379716719347 0.0011597917481193259 0.00033104636998511941
leaf_weight=3371 2646 2023 11228 513403 121748 8049 5571 4090 103207 13888 574869 20709 15876 2837 200330 2214 2182 2782 69241 3493 12649 9260 5228 2008
leaf_count=3371 2646 2023 11228 513403 121748 8049 5571 4090 103207 13888 574869 20709 15876 2837 200330 2214 2182 2782 69241 3493 12649 9260 5228 2008
internal_value=-9.39924e-07 -0.00650704 2.70322e-05 6.53002e-05 -0.000276308 0.000201112 0.00015818 -0.00226163 -0.000170773 -0.00177087 0.000221471 -0.000687655 0.00146346 -0.00310423 7.15574e-05 -0.00136835 0.00250503 -0.000570762 -0.00075387 -0.00155524 0.000502934 -0.00113826 -0.000620865 -0.00228568
internal_weight=1.7129e+06 6883 1.70602e+06 1.67857e+06 476729 1.20184e+06 1.16308e+06 27450 445994 30735 1.08827e+06 142457 38756 14065 303537 4860 18058 16670 74812 23360 20698 19989 14488 5501
internal_count=1712902 6883 1706019 1678569 476729 1201840 1163084 27450 445994 30735 1088272 142457 38756 14065 303537 4860 18058 16670 74812 23360 20698 19989 14488 5501
is_linear=0
shrinkage=0.03


Tree=48
num_leaves=20
num_cat=0
split_feature=19 15 8 0 23 16 19 16 18 15 22 7 7 15 10 9 10 7 15
split_gain=342.917 472.514 134.842 96.5277 91.2043 68.5913 65.6972 75.8213 57.6585 55.9256 47.2249 31.7553 29.0834 22.8467 20.1578 14.6213 12.2019 15.4643 11.7607
threshold=-1.0000000180025095e-35 0.0014227628707885744 -2.8683488368988033 -0.047193109989166253 -0.29026614129543299 0.19551253318786624 -0.024545336142182347 -0.22150472551584241 -0.096391014754772172 -0.0092958211898803694 -15.499999999999998 -0.025555126368999478 -0.074458565562963472 -0.016266644001007077 0.10291429609060289 -0.26704528927803034 -0.49761277437210077 -0.028266859240829941 0.020523846149444584
decision_type=8 10 10 10 10 10 10 10 8 10 2 8 10 10 10 10 8 8 10
left_child=2 -2 5 4 9 13 7 12 -9 10 -4 -11 -5 -1 15 -8 -15 -18 -16
right_child=1 -3 3 6 -6 -7 14 8 -10 11 -12 -13 -14 16 18 -17 17 -19 -20
leaf_value=-0.0037564146662920333 -0.015366394393328134 0.00052192472670258092 -0.0035888986112168324 0.0037451418327042168 -0.0057298566626229246 -0.0055195816996644045 -0.0015245459973917722 0.00011598850690604274 0.0010020892722478415 -0.00036020897009790532 -0.00080093139894372252 0.00044492961812143841 0.0010893185156252618 0.00064530411823799511 -0.00040445790021045028 0.000199950363367914 -0.0017124216180866361 0.00036132368138548567 0.0014201990208779082
leaf_weight=2711 2598 3547 5495 3781 2408 3942 28468 1199902 69602 132613 86069 65243 49507 3163 29983 4742 13398 3728 3010
leaf_count=2711 2598 3547 5495 3781 2408 3942 28468 1199902 69602 132613 86069 65243 49507 3163 29983 4742 13398 3728 3010
internal_value=6.04879e-07 -0.00680103 2.72381e-05 6.14501e-05 -0.000433798 -0.00205844 0.000165836 0.000212264 0.000165182 -0.000378893 -0.000990086 -9.27498e-05 0.0013164 -0.00134765 -0.000751977 -0.0012701 -0.000928751 -0.00124654 -0.000210318
internal_weight=1.71391e+06 6145 1.70776e+06 1.68082e+06 291828 26942 1.389e+06 1.32279e+06 1.2695e+06 289420 91564 197856 53288 23000 66203 33210 20289 17126 32993
internal_count=1713910 6145 1707765 1680823 291828 26942 1388995 1322792 1269504 289420 91564 197856 53288 23000 66203 33210 20289 17126 32993
is_linear=0
shrinkage=0.03


Tree=49
num_leaves=21
num_cat=0
split_feature=19 3 9 2 2 0 23 18 0 27 0 18 12 32 18 3 0 1 3 32
split_gain=308.647 303.056 162.353 111.104 75.0742 85.8339 68.3173 64.0165 48.6058 46.7481 41.618 36.3022 31.0371 29.7032 28.9231 26.8191 22.8727 20.5769 20.4894 10.5925
threshold=-1.0000000180025095e-35 -0.0062263861764222375 -1.2401576638221739 -0.0083941775374114496 0.0090812202543020266 0.23953849077224734 -2.2043269872665401 -0.1033826284110546 -0.018986046314239498 0.099853783845901503 -0.024241805076599118 -0.076851952821016298 -14.864132404327391 113.50000000000001 -0.50480824708938588 0.0027830942999571566 0.23953849077224734 -0.46272444725036616 -0.0039542093873023978 92.500000000000014
decision_type=8 10 10 10 10 8 10 8 10 10 8 10 10 8 10 8 10 10 10 8
left_child=2 -2 15 6 5 7 10 -5 11 13 18 -8 -7 -6 -10 -1 -11 -12 -4 -3
right_child=1 19 3 4 9 12 8 -9 14 16 17 -13 -14 -15 -16 -17 -18 -19 -20 -21
leaf_value=-0.0021450562688403595 -0.014705261716969561 0.00021534653711680643 -0.0044372337633135882 4.9492042768778556e-05 0.0011097313039980163 -0.0014459798916048683 -0.0010623339601756974 0.00087613973256129955 0.0018173025912364416 0.0026004460952918597 -0.0030910267689297165 0.00027840828986735268 -0.0060017302001636307 -0.00049860314370982466 2.4060722123212467e-05 -0.0063353364108332593 -0.00040449293328787792 -0.00030413134679056384 -0.0019777878013264296 -0.0025221627688543926
leaf_weight=3970 2011 2066 5315 1344620 28718 4461 77814 89561 9350 19003 2416 23010 2012 15326 47549 3173 2250 15954 12069 2013
leaf_count=3970 2011 2066 5315 1344620 28718 4461 77814 89561 9350 19003 2416 23010 2012 15326 47549 3173 2250 15954 12069 2013
internal_value=-9.77721e-07 -0.00648111 2.38628e-05 4.36452e-05 0.000130815 8.52989e-05 -0.000631893 0.000101611 -0.000358315 0.0011222 -0.00180887 -0.000753526 -0.00323388 0.000544029 0.000337228 -0.00433836 0.00226654 -0.00075875 -0.00284955 -0.00119799
internal_weight=1.71266e+06 6090 1.70657e+06 1.69943e+06 1.50595e+06 1.44065e+06 193477 1.43418e+06 157723 65297 35754 100824 6473 44044 56899 7143 21253 18370 17384 4079
internal_count=1712661 6090 1706571 1699428 1505951 1440654 193477 1434181 157723 65297 35754 100824 6473 44044 56899 7143 21253 18370 17384 4079
is_linear=0
shrinkage=0.03


Tree=50
num_leaves=22
num_cat=0
split_feature=0 13 2 9 25 14 17 8 14 2 18 1 13 18 27 16 0 29 10 27 23
split_gain=282.555 336.152 99.7502 93.4728 80.6387 65.5301 72.3765 60.2979 49.6236 44.0047 46.9374 41.3502 35.2893 30.9231 25.5511 19.0497 18.8943 17.4278 11.9713 11.9205 11.8477
threshold=-0.26986879110336298 -10.967099189758299 -0.025084488093852993 -0.5123084783554076 -0.33004146814346308 -3.2329759597778316 -0.38282586634159083 -0.26872996985912317 -2.4270125627517696 -0.010504656936973332 -0.10687314346432684 0.2106474041938782 -12.947240352630613 -0.076851952821016298 0.099752344191074385 0.11960151419043542 -0.032425165176391595 0.13389912992715838 -0.30735041201114649 0.08531560376286508 -1.5470894575119016
decision_type=10 8 10 10 10 10 10 10 8 10 10 10 10 8 10 8 10 8 10 10 10
left_child=1 4 18 7 8 11 14 9 17 16 -11 13 -8 -5 -7 -10 -4 20 -2 -13 -1
right_child=2 -3 3 5 -6 6 12 -9 15 10 -12 19 -14 -15 -16 -17 -18 -19 -20 -21 -22
leaf_value=-0.0016792234517899293 -0.0015946366591019078 -0.013968491660381907 -0.0018076092591467971 -0.00043335661714755526 0.0029657390617768582 0.0011440729114388073 -0.00041736787547567706 -0.0047409214328969921 -0.0022166021378844897 -0.00027837360318008064 0.00096235863476864028 8.565081078061247e-05 0.00030189293023163174 0.0006988126858324511 0.0031324630293501198 -0.0072117473645212466 -0.00041440600753140787 -0.0029467886274130986 -0.0050405776898245821 0.0023087868151235639 0.00089388463194107007
leaf_weight=2364 2540 2022 22398 218007 2057 27557 65262 2257 2057 394043 28920 3615 873800 23472 7774 2259 15851 3339 3067 6534 3092
leaf_count=2364 2540 2022 22398 218007 2057 27557 65262 2257 2057 394043 28920 3615 873800 23472 7774 2259 15851 3339 3067 6534 3092
internal_value=0 -0.0037717 3.95057e-05 5.34992e-05 -0.00199086 0.000190839 0.000302408 -0.000308976 -0.00287093 -0.000281527 -0.000191794 -0.000239747 0.000251392 -0.000320852 0.00162756 -0.00537065 -0.00125078 -0.00138905 -0.00378704 0.0015863 -0.000218009
internal_weight=1.71229e+06 17190 1.6951e+06 1.68949e+06 15168 1.22602e+06 974393 463469 13111 461212 422963 251628 939062 241479 35331 4316 38249 8795 5607 10149 5456
internal_count=1712287 17190 1695097 1689490 15168 1226021 974393 463469 13111 461212 422963 251628 939062 241479 35331 4316 38249 8795 5607 10149 5456
is_linear=0
shrinkage=0.03


Tree=51
num_leaves=25
num_cat=0
split_feature=19 15 0 13 15 16 13 16 8 0 15 8 16 22 19 16 20 19 4 14 7 26 20 13
split_gain=327.802 431.267 134.357 130.591 69.0301 65.7138 74.2407 70.5259 47.5459 46.3707 42.529 42.0418 37.9337 36.6344 32.9444 34.4114 31.7582 31.1046 28.438 28.0669 22.0544 20.6119 19.6602 17.1921
threshold=-1.0000000180025095e-35 0.0014227628707885744 -0.075069606304168687 -10.017220020294188 -0.039338707923889153 -0.17015773802995679 -11.844363689422606 -0.055332647636532777 -1.6984201669692991 -0.0019983053207397457 0.018982201814651493 -1.3069914579391477 0.020996265113353733 -9.4999999999999982 -0.056700512766838067 -0.27010935544967646 -0.023192286491394039 -0.03028876148164272 -0.033942081034183495 -3.218675851821899 -0.07097578793764113 2.5000000000000004 0.3506117463111878 -10.79887819290161
decision_type=8 10 10 10 10 8 10 8 10 10 10 10 10 2 10 10 10 10 10 10 10 2 10 10
left_child=2 -2 3 4 11 14 9 17 10 13 -6 -1 -11 -7 15 20 -9 -8 23 -10 -4 -17 -20 -16
right_child=1 -3 5 -5 8 6 7 16 19 12 -12 -13 -14 -15 18 21 -18 -19 22 -21 -22 -23 -24 -25
leaf_value=-0.0053886709901013784 -0.014851638368677655 0.00027274056052001126 0.0040698845701173623 -0.007252178727513478 -0.00095925580470116313 -0.0014196742916099 -1.760683227305546e-05 0.00073318796888174236 -0.00088348725719995585 -0.00027998757547160075 -0.0036999927437702637 -0.00026704352599951072 0.0004442905244057736 -0.00040958645723661118 -0.0012702578947470448 0.00086422246034675322 0.00024178304470032263 -0.00082097590005947524 6.5867220031872671e-05 0.00013051544692442183 0.0015000751071670745 -0.00058916575156689986 0.0019088619908571541 0.00053540131511579079
leaf_weight=3913 2600 3626 3796 2276 50410 42261 326069 181439 35264 194377 5416 2414 97120 142129 15735 71346 349683 49689 14765 77034 18204 9397 7900 6103
leaf_count=3913 2600 3626 3796 2276 50410 42261 326069 181439 35264 194377 5416 2414 97120 142129 15735 71346 349683 49689 14765 77034 18204 9397 7900 6103
internal_value=-2.32632e-05 -0.00663318 2.60892e-06 -0.000779187 -0.000672536 9.33328e-05 2.88396e-05 0.000188245 -0.000548573 -0.000274183 -0.00126096 -0.00364118 -3.73e-05 -0.000645928 0.000694801 0.000988944 0.00041075 -0.000125589 5.61122e-06 -0.000187748 0.00203741 0.000688797 0.000748539 -0.000751517
internal_weight=1.71297e+06 6226 1.70674e+06 176727 174451 1.53001e+06 1.38277e+06 906880 168124 475887 55826 6327 291497 184390 147246 102743 531122 375758 44503 112298 22000 80743 22665 21838
internal_count=1712966 6226 1706740 176727 174451 1530013 1382767 906880 168124 475887 55826 6327 291497 184390 147246 102743 531122 375758 44503 112298 22000 80743 22665 21838
is_linear=0
shrinkage=0.03


Tree=52
num_leaves=30
num_cat=0
split_feature=12 21 8 24 15 15 15 14 1 17 2 16 14 18 15 18 17 16 24 18 10 15 16 20 27 15 10 12 30
split_gain=266.631 348.239 122.223 98.301 77.7268 180.838 315.074 61.8612 53.0816 46.2305 41.5779 36.5887 37.992 33.0361 28.0812 27.8004 24.6898 29.5777 22.4044 32.3821 18.462 17.5166 20.5042 15.6162 16.2495 14.0622 7.42312 5.4906 2.86423
threshold=-12.590905666351317 -0.15000000223517415 -2.1051712036132808 -3.4999999999999996 7.7992677688598646e-05 -1.0000000180025095e-35 1.0000000180025095e-35 -2.7472709417343135 0.30098974704742437 -0.4090414941310882 -0.021752090193331238 -0.18969825655221936 -3.9234573841094966 -0.12904379516839978 -0.010380685329437254 -0.25999101996421808 0.33230796456336981 0.14796626567840579 -5.4999999999999991 -0.64388233423233021 -0.17311691492795941 0.019733965396881107 0.030448017641901973 0.028950452804565433 0.04820851422846318 0.028092503547668461 -0.24145995825529096 -15.402012348175047 0.026084671728312973
decision_type=8 2 10 2 10 8 10 10 10 10 10 8 10 10 10 10 10 8 2 10 10 10 10 8 10 10 8 10 10
left_child=2 20 3 10 5 7 -7 8 -4 -9 -1 18 15 -14 23 -13 17 -12 19 -6 -2 22 -16 27 -25 -20 -23 -5 -8
right_child=1 -3 4 14 11 6 28 9 -10 -11 16 12 13 -15 21 -17 -18 -19 25 -21 -22 26 -24 24 -26 -27 -28 -29 -30
leaf_value=-0.0061911858323314018 -0.0023616619540797589 -0.014126874272129043 -0.00050230966746252963 -0.0014135579034043281 0.0036207295154729612 -0.012837193977855885 -0.0010169814913914847 0.0019888703964935027 0.0034795433911761582 4.4265697054223984e-05 -0.0017416701275822922 -0.001286003003662575 0.00018148970367323102 0.00088266750683685098 -0.0008481008371361246 0.00015850147851440095 0.00036397534184877883 -0.0047449019490392336 0.00026797598315433311 0.0010126694306712902 0.0010485222520955847 -0.0027854612583368076 0.00052790978206364108 -0.0044332467525043774 -0.00060687418713083533 0.0022034924074067598 -0.00022103021525234456 9.2570310338297964e-05 0.00016344333755105537
leaf_weight=2624 2190 2273 287563 4216 5241 2261 3760 10768 2534 495844 12886 25562 635889 66773 14205 21416 2591 4217 38384 22598 2478 2472 28247 2629 2033 3318 2105 3298 2391
leaf_count=2624 2190 2273 287563 4216 5241 2261 3760 10768 2534 495844 12886 25562 635889 66773 14205 21416 2591 4217 38384 22598 2478 2472 28247 2629 2033 3318 2105 3298 2391
internal_value=-3.21638e-05 -0.00569872 -7.26766e-06 -0.00113731 4.95963e-05 -0.000159457 -0.00441016 -0.000111462 -0.000460569 8.81099e-05 -0.00281409 0.000255399 0.000193478 0.000249129 -0.000481924 -0.000626439 -0.00220712 -0.00261295 0.000912468 0.00156947 -0.000567022 -0.0001357 5.59811e-05 -0.00173742 -0.00304317 0.000453365 -0.00180307 -0.000750531 -0.000535232
internal_weight=1.71277e+06 6941 1.70582e+06 81523 1.6243e+06 805121 8412 796709 290097 506612 22318 819181 749640 702662 59205 46978 19694 17103 69541 27839 4668 47029 42452 12176 4662 41702 4577 7514 6151
internal_count=1712766 6941 1705825 81523 1624302 805121 8412 796709 290097 506612 22318 819181 749640 702662 59205 46978 19694 17103 69541 27839 4668 47029 42452 12176 4662 41702 4577 7514 6151
is_linear=0
shrinkage=0.03


Tree=53
num_leaves=27
num_cat=0
split_feature=19 15 23 2 0 11 16 18 9 9 11 11 20 25 19 17 31 5 16 32 19 31 4 8 5 15
split_gain=276.161 380.924 114.88 77.1309 76.6799 93.9434 70.1019 56.1954 67.1323 53.9807 43.2476 41.9139 33.0564 31.0053 27.9884 32.6284 25.6238 24.7667 24.0185 23.1166 21.4694 17.4029 15.2807 13.6485 12.0045 11.0215
threshold=-1.0000000180025095e-35 1.0000000180025095e-35 -1.8251809477806089 -0.017182150855660435 0.23953849077224734 -0.0084330621175467951 -0.19355310499668119 -0.10687314346432684 -0.39992123842239374 -0.51702198386192311 -0.019419393502175804 -0.021637690253555771 -0.015204429626464842 -0.34883405268192286 -0.022493936121463772 -0.39925995469093317 11.455169200897219 -1.5367082953453062 0.03545032441616059 143.50000000000003 -0.57796278595924366 12.561121463775637 -0.033942081034183495 -1.3164727687835691 -1.1679751873016355 0.0033557415008544926
decision_type=8 10 10 10 8 10 10 10 10 10 10 10 8 10 10 10 8 10 10 8 10 10 10 10 10 10
left_child=2 -2 3 9 6 13 14 8 -8 25 -9 17 20 24 15 -4 -14 18 -5 21 -13 -11 -16 -19 -6 -1
right_child=1 -3 4 11 5 -7 7 10 -10 19 -12 12 16 -15 22 -17 -18 23 -20 -21 -22 -23 -24 -25 -26 -27
leaf_value=-0.0060026586355003079 -0.014034143193654357 0.00025803792016167398 0.0024036527293243995 -0.0011969868784516622 -0.002763187656615955 -0.0074157159212183653 -0.00020950905015156696 -0.0017005949951473143 0.00021684794771640212 0.00097355411468750164 0.00083022977088889464 -0.00052311713707505511 0.00064218783079956804 0.002060599600184372 -0.0014535676974051679 0.0007905266762525256 -0.0013894118594359667 -0.001935485380695506 -0.0043921789364680854 -0.0036268671223736197 0.00047470009752193225 -0.0016911920659053233 0.00052043423748661789 0.00063531562576096714 -0.0002244389706139937 -0.0021036746393625176
leaf_weight=3765 2505 3671 13417 5072 4033 2078 712690 5913 621846 3838 106185 35256 6200 2023 6144 74451 32463 2647 4621 2284 41898 3900 6841 3893 3252 2020
leaf_count=3765 2505 3671 13417 5072 4033 2078 712690 5913 621846 3838 106185 35256 6200 2023 6144 74451 32463 2647 4621 2284 41898 3900 6841 3893 3252 2020
internal_value=-2.11684e-05 -0.00611089 2.47552e-06 -0.000795072 7.85449e-05 -0.00232092 9.71373e-05 4.34665e-05 -1.06104e-05 -0.00274838 0.000687109 -0.000549504 -0.000341951 -0.000832864 0.000860018 0.00105244 -0.00105192 -0.00195793 -0.00289041 -0.00126546 1.44456e-05 -0.000354208 -0.000410604 -0.000426141 -0.00175564 -0.00496461
internal_weight=1.71291e+06 6176 1.70673e+06 147857 1.55887e+06 11386 1.54749e+06 1.44663e+06 1.33454e+06 15807 112098 132050 115817 9308 100853 87868 38663 16233 9693 10022 77154 7738 12985 6540 7285 5785
internal_count=1712906 6176 1706730 147857 1558873 11386 1547487 1446634 1334536 15807 112098 132050 115817 9308 100853 87868 38663 16233 9693 10022 77154 7738 12985 6540 7285 5785
is_linear=0
shrinkage=0.03


Tree=54
num_leaves=25
num_cat=0
split_feature=19 3 0 11 23 9 14 18 0 25 25 31 0 23 11 4 11 14 0 7 9 31 32 12
split_gain=310.378 269.207 102.738 83.6821 75.4667 66.697 56.7446 55.9927 58.8118 55.6016 47.1124 39.9201 31.2784 31.1378 28.6463 25.798 21.9189 14.5637 14.4991 14.1711 13.1381 11.3947 8.55262 3.47417
threshold=-1.0000000180025095e-35 -0.0062263861764222375 -0.26986879110336298 -0.0067015751264989367 -2.6657222509384151 -0.43550010025501246 -3.0626896619796748 -0.19545693695545194 -0.04508161544799804 -0.39981351792812342 -0.56128543615341175 12.665897369384767 -0.048218607902526849 -1.3327054381370542 -0.019419393502175804 -0.10012776777148245 -0.021637690253555771 -2.3199336528778072 0.017974883317947391 -0.061456628143787377 -0.4265895783901214 12.29735851287842 135.50000000000003 -16.18570518493652
decision_type=8 10 10 10 10 8 8 10 8 10 10 8 10 10 10 10 8 10 10 10 10 10 8 10
left_child=2 -2 3 9 11 7 12 8 -6 13 -8 16 -7 15 -9 -1 20 -3 23 -18 -4 -15 -20 -13
right_child=1 17 4 -5 5 6 10 14 -10 -11 -12 18 -14 21 -16 -17 19 -19 22 -21 -22 -23 -24 -25
leaf_value=-0.0050623969483977 -0.014182967125951922 -0.0029982391112043055 -0.00045613571644086072 -0.0074032976578142307 -0.0009000023542879873 -0.00079694974127301208 0.00079324981143159108 -0.00170592148199008 -0.00011880190948494339 0.0023965191253220619 0.00023874069668881938 -0.0017858038884144879 3.5805721772010181e-05 -0.0017264041981021126 0.00046019367687622685 -0.00084793995670862142 0.0018874902079948001 0.00022314046622338456 -0.0021562571828360778 -0.00038510940217743894 -0.0034616739532532114 0.00093734945551611742 2.9069737772434574e-05 -0.0042935426770414628
leaf_weight=3654 2036 2019 2910 2051 107085 50102 192824 5172 455706 2413 493199 2400 202187 2187 146711 2534 2315 2090 3238 18978 2780 2540 2348 4120
leaf_count=3654 2036 2019 2910 2051 107085 50102 192824 5172 455706 2413 493199 2400 202187 2187 146711 2534 2315 2090 3238 18978 2780 2540 2348 4120
internal_value=8.43979e-06 -0.0064624 3.37885e-05 -0.00236765 5.6485e-05 8.763e-05 0.000253992 -0.000130395 -0.000268644 -0.00133136 0.000395501 -0.00123746 -0.000129633 -0.00225065 0.000379108 -0.00357384 -0.000560259 -0.00144817 -0.00264099 -8.66276e-05 -0.00213404 -0.000284926 -0.00126147 -0.00360613
internal_weight=1.7136e+06 6145 1.70745e+06 15379 1.69208e+06 1.65299e+06 938312 714674 562791 13328 686023 39089 252289 10915 151883 6188 26983 4109 12106 21293 5690 4727 5586 6520
internal_count=1713599 6145 1707454 15379 1692075 1652986 938312 714674 562791 13328 686023 39089 252289 10915 151883 6188 26983 4109 12106 21293 5690 4727 5586 6520
is_linear=0
shrinkage=0.03


Tree=55
num_leaves=15
num_cat=0
split_feature=19 15 2 9 2 15 13 27 12 13 32 31 8 32
split_gain=260.444 398.776 128.56 84.8343 74.3213 73.9686 68.7422 45.0695 35.8845 29.3691 27.0958 21.7576 25.1572 19.08
threshold=-1.0000000180025095e-35 0.00016018748283386233 -0.025084488093852993 -1.2401576638221739 0.0087788267992436903 0.0026286840438842778 -13.03396701812744 0.098767332732677474 -16.862748146057125 -11.601281642913817 128.50000000000003 13.334651470184328 -1.5970550775527952 113.50000000000001
decision_type=8 10 8 10 10 10 8 10 10 10 10 8 10 8
left_child=2 -2 11 9 5 6 -5 13 -7 -4 -9 12 -1 -6
right_child=1 -3 3 4 7 8 -8 10 -10 -11 -12 -13 -14 -15
leaf_value=-0.0040622081667330626 -0.014084501701836411 0.00058794088360949353 -0.00084310073861351036 -0.0011166064954204434 0.00085017311465026061 -0.00076087480948748489 -7.4573108543397393e-05 0.0015576499384802617 0.00033059609333052685 -0.0049001508762017976 0.0046569635168206567 -0.0061065021343491279 2.8733745453410827e-05 -0.00042503054990139418
leaf_weight=2341 2476 3620 3421 60217 29383 27806 947440 24458 585415 3554 2723 2415 2297 15596
leaf_count=2341 2476 3620 3421 60217 29383 27806 947440 24458 585415 3554 2723 2415 2297 15596
internal_value=7.58651e-06 -0.00594196 3.07419e-05 4.82529e-05 6.24879e-05 2.02149e-05 -0.000137665 0.00100123 0.000280036 -0.00313993 0.00195749 -0.00387407 -0.00217212 0.000401601
internal_weight=1.71316e+06 6096 1.70707e+06 1.70001e+06 1.69304e+06 1.62088e+06 1.00766e+06 72160 613221 6975 27181 7053 4638 44979
internal_count=1713162 6096 1707066 1700013 1693038 1620878 1007657 72160 613221 6975 27181 7053 4638 44979
is_linear=0
shrinkage=0.03


Tree=56
num_leaves=23
num_cat=0
split_feature=21 12 8 0 15 22 2 25 8 18 27 15 17 2 14 0 9 31 13 9 17 1
split_gain=228.74 228.931 111.155 92.4283 91.0427 56.6536 50.6284 50.1534 44.6358 46.4403 40.9344 40.2048 36.0475 32.7846 24.042 22.1265 20.3862 20.2969 19.4488 18.4868 10.4206 13.4884
threshold=-1.0000000180025095e-35 -13.872579097747801 -3.3971583843231197 -0.024854302406311032 -0.02287197113037109 -12.499999999999998 0.0090812202543020266 -0.63769710063934315 -1.3069914579391477 -0.038423759862780564 0.09631433337926866 0.0028170049190521245 -0.3529775589704513 -0.012077277991920708 -2.1615971326827998 0.23953849077224734 -0.25044924020767206 12.426282405853273 -13.098713874816893 -0.92040029168128956 0.047641946002841003 -0.14156085252761838
decision_type=2 8 8 10 10 2 10 10 8 10 10 10 10 10 10 10 10 8 10 10 10 10
left_child=2 -2 13 4 8 14 7 18 9 -4 16 -9 -7 19 -6 -12 -8 -10 -5 -1 21 -15
right_child=1 -3 3 6 5 12 10 11 17 -11 15 -13 -14 20 -16 -17 -18 -19 -20 -21 -22 -23
leaf_value=-0.0066205565585971239 0 -0.01283384319000027 -0.0038533023708126816 -0.00048465323971068331 -0.0019261124391636612 0.0012207310561001144 0.00058604284786824886 -0.00010438536381408308 0.00049741539550399953 5.9414239531073379e-05 0.002350858972372684 0.00027243897596285492 -0.00017761504052618568 -0.0037796321019202342 -0.00033097976519586464 -0.00050105970970977585 -0.0019560657892686677 -0.0015445849048858938 0.00088648483448369394 -0.0018124739224190556 -3.7112030639278766e-05 -0.00077044521189873578
leaf_weight=2127 2497 2007 12001 9750 23039 16772 32401 616676 6626 3282 19736 432935 400366 2403 14485 2415 2579 10603 91318 2002 3347 3726
leaf_count=2127 2497 2007 12001 9750 23039 16772 32401 616676 6626 3282 19736 432935 400366 2403 14485 2415 2579 10603 91318 2002 3347 3726
internal_value=-2.51398e-05 -0.0064299 -6.20454e-06 1.56851e-05 -0.000332731 -0.00022127 0.000156548 0.000112744 -0.0018554 -0.00301878 0.00102497 5.08141e-05 -0.000119279 -0.00265849 -0.0013307 0.00202249 0.000365239 -0.000750462 0.000749523 -0.00480169 -0.0015007 -0.00219161
internal_weight=1.71309e+06 4504 1.70859e+06 1.69498e+06 487174 454662 1.20781e+06 1.15068e+06 32512 15283 57131 1.04961e+06 417138 13605 37524 22151 34980 17229 101068 4129 9476 6129
internal_count=1713093 4504 1708589 1694984 487174 454662 1207810 1150679 32512 15283 57131 1049611 417138 13605 37524 22151 34980 17229 101068 4129 9476 6129
is_linear=0
shrinkage=0.03


Tree=57
num_leaves=20
num_cat=0
split_feature=19 15 9 23 15 14 19 0 9 15 18 16 20 19 20 0 32 32 15
split_gain=254.374 354.754 124.163 82.1209 73.6935 68.3815 56.7266 54.3181 44.1017 52.5903 43.3008 30.3444 27.7744 22.4418 19.7335 18.1932 16.9913 18.8802 9.37777
threshold=-1.0000000180025095e-35 0.0014227628707885744 -1.2401576638221739 -2.5597816705703731 0.0051789581775665292 -2.7472709417343135 -0.022493936121463772 0.23953849077224734 -0.73462483286857594 0.01602888107299805 -0.19342511892318723 0.115789782255888 -0.63074606657028187 -0.29218979179859156 -0.97945886850357045 -0.098359882831573472 132.50000000000003 36.500000000000007 0.010413140058517458
decision_type=8 10 10 10 8 10 10 8 10 10 10 10 8 10 10 10 10 8 10
left_child=2 -2 13 11 5 7 -7 -5 9 -6 -10 16 14 -1 -13 -14 17 -4 -18
right_child=1 -3 3 4 8 6 -8 -9 10 -11 -12 12 15 -15 -16 -17 18 -19 -20
leaf_value=-0.0052839577610354644 -0.013283472985410603 0.00042535113741950999 0.00021532668173884916 -0.00034818081224421993 6.2712048481334797e-05 0.00014289107704062843 -0.0013281525600941904 -0.0043409150867925912 0.00030684716627933634 -0.0026566428378812026 0.001084364633755507 -0.0021720736999725084 -0.0053057256929926327 -0.0015042833417585634 0.0011220924168341959 -0.0019438979269304011 -0.00012752630398334342 -0.0015495613293517901 0.0020397157380005917
leaf_weight=3901 2608 3592 7061 420663 21515 743711 23839 2608 353496 8478 79238 2929 3031 3296 2571 4904 5360 18778 2014
leaf_count=3901 2608 3592 7061 420663 21515 743711 23839 2608 353496 8478 79238 2929 3031 3296 2571 4904 5360 18778 2014
internal_value=-2.33447e-05 -0.00585739 -2.75452e-07 1.67546e-05 5.21144e-05 -7.2539e-05 9.59771e-05 -0.000378583 0.000373288 -0.000727076 0.000450998 -0.00121755 -0.00240699 -0.00380213 -0.000617016 -0.003502 -0.000698953 -0.00106095 0.00051823
internal_weight=1.71359e+06 6200 1.70739e+06 1.7002e+06 1.65355e+06 1.19082e+06 767550 423271 462727 29993 432734 46648 13435 7197 5500 7935 33213 25839 7374
internal_count=1713593 6200 1707393 1700196 1653548 1190821 767550 423271 462727 29993 432734 46648 13435 7197 5500 7935 33213 25839 7374
is_linear=0
shrinkage=0.03


Tree=58
num_leaves=18
num_cat=0
split_feature=19 15 2 0 10 15 19 16 13 3 29 0 2 31 8 32 7
split_gain=222.555 325.316 102.984 81.4505 101.388 71.1399 66.0426 58.5979 54.4295 51.472 43.4129 28.2351 17.3413 13.2536 19.2316 11.7175 10.2913
threshold=-1.0000000180025095e-35 0.0043317675590515145 -0.025084488093852993 -0.022418200969696041 0.68681031465530407 -0.02287197113037109 -0.024545336142182347 -0.17015773802995679 -11.335710048675535 -0.0016473993891850112 0.18375629931688311 0.23953849077224734 0.0064835473895072946 13.354949951171877 -1.5970550775527952 110.50000000000001 -0.025424818508327004
decision_type=8 10 10 10 8 10 10 8 10 10 8 10 10 8 10 8 10
left_child=2 -2 13 4 5 8 7 11 -4 -7 -9 -5 16 14 -1 -14 -8
right_child=1 -3 3 6 -6 9 12 10 -10 -11 -12 -13 15 -15 -16 -17 -18
leaf_value=-0.003715986599644232 -0.012370100560104591 0.00071343745603265265 -0.0010081798751387472 0.00097967260538468878 -0.0060266658804390789 -0.00060831457081977143 -0.0021430483860996837 0.0002417391045365841 -0.0042943643143145372 4.9949526793918443e-05 -0.00026388958914808303 -0.0013245208859807111 0.00051697566631110333 -0.0053287474593710481 0 -0.00097596197392907174 -0.0008439525782229254
leaf_weight=2345 2709 3467 26150 105175 2260 157632 6801 817315 5274 327679 186990 4484 13088 2375 2294 6759 40119
leaf_count=2345 2709 3467 26150 105175 2260 157632 6801 817315 5274 327679 186990 4484 13088 2375 2294 6759 40119
internal_value=-1.02437e-05 -0.00547715 1.09613e-05 2.66206e-05 -0.000286237 -0.000254749 0.000164456 0.000219699 -0.00162773 -0.000163647 0.000147214 0.000877146 -0.000747569 -0.00349314 -0.00206797 0 -0.00105919
internal_weight=1.71292e+06 6176 1.70674e+06 1.69973e+06 518995 516735 1.18073e+06 1.11396e+06 31424 485311 1.0043e+06 109659 66767 7014 4639 19847 46920
internal_count=1712916 6176 1706740 1699726 518995 516735 1180731 1113964 31424 485311 1004305 109659 66767 7014 4639 19847 46920
is_linear=0
shrinkage=0.03


Tree=59
num_leaves=20
num_cat=0
split_feature=19 3 9 23 2 29 12 16 19 27 5 5 14 9 1 27 10 31 7
split_gain=254.661 250.081 102.176 91.7053 65.8224 59.3935 42.0183 41.7132 46.0702 29.1889 28.923 25.9814 25.2981 24.3218 20.6471 19.7987 18.8113 18.0895 11.3621
threshold=-1.0000000180025095e-35 -0.0062263861764222375 -1.2401576638221739 -1.946896433830261 -0.019792213104665276 0.18375629931688311 -16.398989677429196 -0.19355310499668119 -0.043686764314770692 0.088556535542011275 -0.3303664624691009 0.036376971751451499 -1.9336927533149717 -0.40263840556144709 0.13912153244018557 0.099853783845901503 -0.35947161912918085 12.152217388153078 -0.024527256377041336
decision_type=8 10 10 10 10 8 10 10 10 10 10 10 10 10 10 10 10 10 8
left_child=2 -2 16 4 10 7 14 15 -9 -8 13 12 -6 -4 -7 -5 -1 -13 -3
right_child=1 18 3 5 11 6 9 8 -10 -11 -12 17 -14 -15 -16 -17 -18 -19 -20
leaf_value=-0.0048613425139649715 -0.013291833649825453 -0.0024242065797275784 -0.005789755545539595 0.00048223273564853777 -0.0010611609028573911 -0.001269047282056752 -0.0003096080002160332 0.00018428076568815927 -0.0005226128058370749 0.0004170573684875787 -0.00049728062722290578 0.0016933090751119783 0 -0.0013580194129456137 0.00050983699979865224 0.0015495665563057107 -0.0013920420311640616 -0.00034861088626655267 0.00038150730563777578
leaf_weight=3762 2042 2155 3615 44332 67906 46771 199837 1102409 89063 65454 2890 6625 28529 2341 6173 25468 3387 7931 2013
leaf_count=3762 2042 2155 3615 44332 67906 46771 199837 1102409 89063 65454 2890 6625 28529 2341 6173 25468 3387 7931 2013
internal_value=-1.87791e-05 -0.00585177 3.97947e-06 1.97211e-05 -0.000778377 8.06898e-05 -0.000284896 0.000173246 0.000130991 -0.000128745 -0.00320659 -0.000568645 -0.000748177 -0.00433441 -0.0010532 0.000884191 -0.00345534 0.000586191 -0.00110916
internal_weight=1.7127e+06 6210 1.70649e+06 1.69934e+06 119837 1.57951e+06 318235 1.26127e+06 1.19147e+06 265291 8846 110991 96435 5956 52944 69800 7149 14556 4168
internal_count=1712703 6210 1706493 1699344 119837 1579507 318235 1261272 1191472 265291 8846 110991 96435 5956 52944 69800 7149 14556 4168
is_linear=0
shrinkage=0.03


Tree=60
num_leaves=15
num_cat=0
split_feature=19 15 9 1 16 3 18 15 16 7 28 7 29 15
split_gain=215.689 318.772 96.6635 87.72 68.9864 71.1931 62.3683 47.9438 29.9142 25.3184 24.0182 20.0294 15.538 0.251412
threshold=-1.0000000180025095e-35 1.0000000180025095e-35 -1.2401576638221739 -0.56735020875930775 -0.17015773802995679 -0.0020659968722611661 -0.10000082105398177 0.0017620623111724856 -0.32531520724296564 -0.037853365764021867 0.35762824118137365 -0.068185664713382707 0.11140902712941171 -0.0072991251945495597
decision_type=8 10 10 8 10 8 8 10 10 10 8 10 8 10
left_child=2 -2 9 12 8 7 -7 -6 11 -1 -10 -5 13 -4
right_child=1 -3 3 4 5 6 -8 -9 10 -11 -12 -13 -14 -15
leaf_value=-0.0051387828936201559 -0.012649570819035037 0.00041154418327565427 -0.0022496478049728614 0.0039279395739031187 -0.00066615851831459863 1.2643797510462696e-05 0.00079333108482964373 3.5890544192356818e-06 0.00065667960370809411 -0.0012934091350727385 -0.00041123128057689626 0.0011143175096265659 -0.0052123767206478482 -0.00084046921644445887
leaf_weight=3384 2509 3648 2114 3300 228703 1041869 100628 164229 124186 3752 21640 8588 2345 2108
leaf_count=3384 2509 3648 2114 3300 228703 1041869 100628 164229 124186 3752 21640 8588 2345 2108
internal_value=-2.65978e-05 -0.00541617 -5.40018e-06 9.55095e-06 2.36416e-05 -3.76234e-05 8.1984e-05 -0.000385821 0.000620218 -0.00337331 0.000495292 0.00204658 -0.00332556 -0.00177309
internal_weight=1.713e+06 6157 1.70685e+06 1.69971e+06 1.69314e+06 1.53543e+06 1.1425e+06 392932 157714 7136 145826 11888 6567 4222
internal_count=1713003 6157 1706846 1699710 1693143 1535429 1142497 392932 157714 7136 145826 11888 6567 4222
is_linear=0
shrinkage=0.03


Tree=61
num_leaves=19
num_cat=0
split_feature=19 15 9 23 18 2 15 11 2 1 28 8 10 14 2 10 25 31
split_gain=213.911 307.536 89.1078 74.298 59.2794 66.0197 72.6231 57.4843 31.1748 25.306 25.1625 25.1209 23.0141 16.3733 18.5724 15.8045 15.3596 11.0092
threshold=-1.0000000180025095e-35 1.0000000180025095e-35 -1.2401576638221739 -2.465212225914001 -0.10000082105398177 0.0090812202543020266 -0.0306897759437561 -0.020407057367265221 -0.017182150855660435 0.38470250368118292 -0.033364767208695405 -1.7214445471763609 -0.44871763885021204 -2.6779345273971553 -0.0016361802699975667 -0.26758979260921473 -0.52228865027427662 12.665897369384767
decision_type=8 10 10 8 10 10 10 10 10 8 8 10 10 10 10 8 10 8
left_child=2 -2 12 8 5 6 -5 15 10 -7 -4 -12 -1 14 -10 -6 -9 -15
right_child=1 -3 3 4 7 9 -8 16 13 -11 11 -13 -14 17 -16 -17 -18 -19
leaf_value=-0.0050140924585134958 -0.012517824565834638 0.00033159336111739628 0 -0.0018853214017528395 -0.00049322167461363629 0.00073194282715377599 0 0.0010593362500834599 -0.0022919930594529621 0.0026642869420090724 -0.0052186543024140926 -0.0009775517875084377 -0.0013234424611181113 -6.318584775683523e-05 0.00027238408408281398 -0.0036141198403497354 0.00021308217955368338 -0.0014131243500004622
leaf_weight=3154 2489 3661 2234 18126 3695 57263 1444798 87203 9242 6664 3434 2550 3967 26457 3037 2533 26336 6546
leaf_count=3154 2489 3661 2234 18126 3695 57263 1444798 87203 9242 6664 3434 2550 3967 26457 3037 2533 26336 6546
internal_value=-3.58798e-06 -0.00537384 1.71494e-05 3.18237e-05 6.78842e-05 1.71662e-05 -2.40172e-05 0.00070921 -0.00106284 0.000957148 -0.00272632 -0.00367238 -0.00321917 -0.000727914 -0.00164842 -0.00198137 0.000867469 -0.000356988
internal_weight=1.71339e+06 6150 1.70724e+06 1.70012e+06 1.64662e+06 1.52685e+06 1.46292e+06 119767 53500 63927 8218 5984 7121 45282 12279 6228 113539 33003
internal_count=1713389 6150 1707239 1700118 1646618 1526851 1462924 119767 53500 63927 8218 5984 7121 45282 12279 6228 113539 33003
is_linear=0
shrinkage=0.03


Tree=62
num_leaves=20
num_cat=0
split_feature=19 15 9 23 15 2 14 1 18 19 24 15 10 24 2 1 17 27 7
split_gain=226.808 289.008 91.2687 84.7811 60.1407 55.4575 48.2658 53.6088 42.2773 42.0945 37.9798 20.6561 19.0028 17.5446 21.4482 15.7257 15.2664 23.5672 5.65062
threshold=-1.0000000180025095e-35 0.0014227628707885744 -1.2401576638221739 -2.2593598365783687 0.0051789581775665292 -0.017182150855660435 -2.7472709417343135 0.19787198305130008 -0.19342511892318723 -0.022493936121463772 -13.499999999999998 0.017058253288269046 -0.44871763885021204 -9.4999999999999982 -0.0014710932737216351 0.060024231672286994 0.42498636245727545 0.098767332732677474 -0.036827741190791123
decision_type=8 10 10 8 8 10 10 10 10 10 2 10 10 2 10 10 10 10 10
left_child=2 -2 12 5 6 16 7 -5 10 -8 -6 -10 -1 14 -7 -15 17 -4 -14
right_child=1 -3 3 4 8 13 9 -9 11 -11 -12 -13 18 15 -16 -17 -18 -19 -20
leaf_value=-0.004914806886360739 -0.01220122041669771 0.00019263908565604788 -0.00511976013203321 -0.00035652155453833192 0.0014471494557921152 -0.0027359291773165991 0.00015218722878012351 0.0014569734609801556 0.0012275701845466957 -0.0011154393164808992 0.00016065448511469495 0 -0.0024391333108873905 -0.00059991584776988805 0.00017010801708406838 0.00082834479432795124 -0.00085860448230388499 -0.0012206186784879925 -0.000109296293256986
leaf_weight=3135 2612 3579 4128 402860 21562 6266 732608 14681 65446 23820 350092 15708 2025 45653 3086 7559 2981 2909 2026
leaf_count=3135 2612 3579 4128 402860 21562 6266 732608 14681 65446 23820 350092 15708 2025 45653 3086 7559 2981 2909 2026
internal_value=0 -0.00551254 2.16548e-05 3.65713e-05 8.16233e-05 -0.000962723 -3.14576e-05 -0.000290374 0.000375175 0.000111163 0.000237942 0.000994667 -0.00323968 -0.000612292 -0.00178657 -0.000385617 -0.00298956 -0.00373562 -0.00147987
internal_weight=1.71274e+06 6191 1.70654e+06 1.69936e+06 1.62678e+06 72582 1.17397e+06 417541 452808 756428 371654 81154 7186 62564 9352 53212 10018 7037 4051
internal_count=1712736 6191 1706545 1699359 1626777 72582 1173969 417541 452808 756428 371654 81154 7186 62564 9352 53212 10018 7037 4051
is_linear=0
shrinkage=0.03


Tree=63
num_leaves=22
num_cat=0
split_feature=12 21 2 9 15 12 27 18 4 8 2 18 15 6 29 12 18 14 16 10 28
split_gain=223.29 235.491 101.162 74.8816 53.5581 51.5007 46.4847 58.2516 47.265 44.4576 33.7614 34.8082 30.2095 27.8361 26.4778 24.5012 22.5149 21.442 19.7679 18.691 17.1976
threshold=-12.590905666351317 -0.15000000223517415 -0.021752090193331238 -0.5869159698486327 -0.028012216091156002 -16.701721191406246 0.084331560879945769 -0.67774683237075795 -0.086191091686487184 -1.3473250269889829 -0.0064552351832389823 -0.28313611447811121 0.006889432668685914 -3.4999999999999996 0.17919313907623294 -15.296660900115965 -0.1033826284110546 -3.2602096796035762 -0.17305371165275571 -0.028276674449443814 0.046454420313239105
decision_type=8 2 8 8 10 10 10 8 10 10 10 10 10 2 8 10 10 10 8 10 8
left_child=2 19 9 4 15 14 8 -8 -7 12 13 -12 20 -6 16 -4 -5 -11 -16 -2 -1
right_child=1 -3 3 5 10 6 7 -9 -10 17 11 -13 -14 -15 18 -17 -18 -19 -20 -21 -22
leaf_value=-0.0029008255139368103 -0.0025614960411993338 -0.012195023833303177 -0.00061113861649209869 -0.00046816949683743588 -0.0036648197934038436 -0.0005159731759917344 0.0030454342245881615 0.00046418147848463465 0.00015274424559540706 -0.0021499367739228666 -0.00046710612750850713 0.00029786135705272339 -0.00064245799768032738 -0.00079574052517818368 0.0011325447148706326 -0.0044103748321673783 0.0010006220240175352 0.0012238795920727263 -0.0014824837749414107 0.00090181371085258622 -0.0074073675408583457
leaf_weight=3252 2339 2250 2960 48314 2850 104709 7740 219254 980247 2854 135622 87339 2131 58105 2358 3835 11064 2868 29182 2226 2022
leaf_count=3252 2339 2250 2960 48314 2850 104709 7740 219254 980247 2854 135622 87339 2131 58105 2358 3835 11064 2868 29182 2226 2022
internal_value=-1.23621e-05 -0.00524266 9.87648e-06 3.07575e-05 -0.0004068 0.000121757 0.000169849 0.000560015 8.77221e-05 -0.00256435 -0.000339753 -0.000166112 -0.0040298 -0.000963494 -0.000566063 -0.00295182 -0.000183407 -0.000448226 -0.00126299 -0.000891163 -0.00517237
internal_weight=1.71352e+06 6815 1.70671e+06 1.69358e+06 290711 1.40287e+06 1.31195e+06 226994 1.08496e+06 13127 283916 222961 7405 60955 90918 6795 59378 5722 31540 4565 5274
internal_count=1713521 6815 1706706 1693579 290711 1402868 1311950 226994 1084956 13127 283916 222961 7405 60955 90918 6795 59378 5722 31540 4565 5274
is_linear=0
shrinkage=0.03


Tree=64
num_leaves=23
num_cat=0
split_feature=12 11 8 20 29 20 11 27 9 22 16 1 15 32 31 22 15 31 31 31 14 15
split_gain=192.499 287.379 76.6853 56.2355 56.8013 41.269 48.1805 39.6727 35.271 34.1568 32.7064 32.4763 30.1225 23.4136 22.0741 18.6996 16.5846 15.347 8.46926 11.4635 6.91948 5.7753
threshold=-12.590905666351317 -0.0068282491993159047 -3.3971583843231197 0.37452894449234014 0.12996337562799457 -0.017942428588867184 -0.016289774328470227 0.08639808371663095 -0.43550010025501246 -3.4999999999999996 0.12793138623237613 0.33234113454818731 -0.012508511543273924 86.500000000000014 13.943753242492678 -9.4999999999999982 0.0021161735057830815 12.781561851501467 12.520986557006838 11.807956695556642 -2.5261285305023189 -0.016266644001007077
decision_type=8 8 10 10 8 10 8 10 8 2 8 10 10 8 8 2 10 10 8 10 10 10
left_child=2 9 10 4 5 6 -4 13 -7 -2 18 12 -6 16 15 -9 -5 -15 19 -1 -13 -12
right_child=1 -3 3 7 11 8 -8 14 -10 -11 21 20 -14 17 -16 -17 -18 -19 -20 -21 -22 -23
leaf_value=-0.0013644834252508221 -0.002976095067564884 -0.012814344040840661 -0.00030560144619743698 0.0001854371381837365 -0.0010513574256707655 -0.00027055600684004083 0.00045678082060288409 -0.00035603642366073638 0.00015038133998408599 0.0016745463621323003 -0.0053881259146367939 0.0031683456734960696 -0.00023649998354182431 8.4288060895999767e-05 -0.00034872709433620634 0.0023849315022048032 0.0017125166708813167 -0.001637964682926376 -0.0022390980972558996 0.00097546318173482389 0.00050352978493709238 -0.002258134404696353
leaf_weight=3427 2010 2119 90254 14034 46404 319528 411245 2162 405895 2741 2102 2245 339479 16823 3435 20683 12335 5772 2531 3045 2076 2990
leaf_count=3427 2010 2119 90254 14034 46404 319528 411245 2162 405895 2741 2102 2245 339479 16823 3435 20683 12335 5772 2531 3045 2076 2990
internal_value=6.89589e-06 -0.00483088 2.79572e-05 4.67902e-05 9.1787e-06 0.000109637 0.000318811 0.000845771 -3.46749e-05 -0.000331898 -0.00213688 -0.000305663 -0.0003365 0.000326745 0.00177745 0.00211061 0.000929521 -0.000368616 -0.000914134 -0.000229534 0.00213528 -0.0039701
internal_weight=1.71334e+06 6870 1.70646e+06 1.69237e+06 1.61713e+06 1.22692e+06 501499 75244 725423 4751 14095 390204 385883 48964 26280 22845 26369 22595 9003 6472 4321 5092
internal_count=1713335 6870 1706465 1692370 1617126 1226922 501499 75244 725423 4751 14095 390204 385883 48964 26280 22845 26369 22595 9003 6472 4321 5092
is_linear=0
shrinkage=0.03


Tree=65
num_leaves=24
num_cat=0
split_feature=21 11 9 13 15 15 15 2 15 24 18 16 11 15 13 0 27 9 30 0 31 32 14
split_gain=164.653 195.248 79.1259 67.6008 58.0363 152.546 226.214 50.7845 37.7588 33.8164 35.779 32.1239 31.3761 31.223 24.7821 23.9047 23.0368 16.994 15.8495 15.1844 11.9828 10.1599 12.9572
threshold=-1.0000000180025095e-35 -0.0063205554615706197 -0.92040029168128956 -13.754118919372557 7.7992677688598646e-05 -1.0000000180025095e-35 1.0000000180025095e-35 -0.0068491054698824874 -0.018888533115386959 -19.499999999999996 -0.63493287563323964 0.022137299180030826 -0.01657807361334562 0.01602888107299805 -11.833566188812254 0.0091412067413330095 0.098767332732677474 -0.40123805403709406 0.0051614060066640386 -0.10934728384017943 11.844358444213869 83.500000000000014 -3.3357695341110225
decision_type=2 8 10 10 10 8 10 10 10 2 10 10 10 10 10 10 10 10 10 8 8 10 10
left_child=2 -2 8 12 5 7 -7 -5 -1 10 -6 -11 15 16 -15 19 20 -17 -18 -4 -10 22 -14
right_child=1 -3 3 4 9 6 -8 -9 13 11 -12 -13 21 14 -16 17 18 -19 -20 -21 -22 -23 -24
leaf_value=-0.0040459353058495883 0.000322481916307242 -0.011357879510624122 -0.00098116177305053974 -0.00059882326780084092 0.004767826916828634 -0.010469840513521627 -0.00052624935167754799 3.4028207326216742e-05 -0.00095186575967431942 0.00010724892537770735 0.00085991988172862588 0.0005518727855738974 -0.0022766247638865578 -0.00059726844005248227 -0.0050889316399917121 0.00074692384869079714 -0.0039670311093911743 -0.0018032684516117203 -0.0002640205676810865 -0.0040470174071081701 0.00029385892476475981 0.0012601428668569865 0.00036633414489505223
leaf_weight=3692 2492 2010 2745 136924 2329 2657 6289 668960 11531 622027 10900 191952 2267 2357 2303 3036 2330 6359 2060 6106 15548 3228 3554
leaf_count=3692 2492 2010 2745 136924 2329 2657 6289 668960 11531 622027 10900 191952 2267 2357 2303 3036 2330 6359 2060 6106 15548 3228 3554
internal_value=-1.14623e-05 -0.0054465 4.26704e-06 3.61503e-05 6.11417e-05 -0.000118281 -0.00390917 -7.34292e-05 -0.00130874 0.000238207 0.00171835 0.000212743 -0.00143056 -0.000969432 -0.00315323 -0.00213091 -0.000592406 -0.000952753 -0.00249542 -0.00323158 -0.000233368 0 -0.000714175
internal_weight=1.71366e+06 4502 1.70915e+06 1.66933e+06 1.64204e+06 814830 8946 805884 39821 827208 13229 813979 27295 36129 4660 18246 31469 9395 4390 8851 27079 9049 5821
internal_count=1713656 4502 1709154 1669333 1642038 814830 8946 805884 39821 827208 13229 813979 27295 36129 4660 18246 31469 9395 4390 8851 27079 9049 5821
is_linear=0
shrinkage=0.03


Tree=66
num_leaves=24
num_cat=0
split_feature=19 15 0 10 23 18 19 15 20 0 13 20 23 27 29 23 31 32 20 25 14 2 32
split_gain=154.217 248.274 79.3227 80.965 68.4379 65.7212 59.0759 51.7188 48.3967 39.3279 34.8729 58.2862 31.8258 34.6055 31.7925 27.4325 22.4365 22.2525 21.3469 11.821 11.3728 8.36292 7.50195
threshold=-1.0000000180025095e-35 0.0044361352920532235 -0.025524258613586422 0.68681031465530407 -1.9820811152458189 -0.076851952821016298 -0.043686764314770692 -0.02287197113037109 0.36835342645645147 -0.26986879110336298 -13.003886222839354 -0.11483865976333617 -1.701005697250366 0.087510850280523314 0.1047678552567959 -1.1245047450065611 13.461113452911379 80.500000000000014 0.34516090154647833 -0.40714405477046961 -3.4205096960067745 0.0017096653464250269 101.50000000000001
decision_type=8 10 10 8 8 10 10 10 10 8 8 10 10 10 8 10 8 8 8 10 10 10 8
left_child=2 -2 3 4 9 7 8 -6 10 -1 17 -12 -10 -14 -11 21 -7 -4 20 -20 -17 -8 -23
right_child=1 -3 6 -5 5 16 15 -9 12 14 11 -13 13 -15 -16 18 -18 -19 19 -21 -22 22 -24
leaf_value=-0.0050254989907376584 -0.010642796544038212 0.00079811773744107033 5.3225708929964814e-05 -0.0053396000998859076 -0.001682940557795958 0.0014451973220809369 -0.0028922505885727043 -0.00019771845318173822 -0.0012372234349335982 -0.00055681417930284946 0.00064966396122494901 0.00010322618814256037 0.00080561211518915014 0.0027356277607448005 -0.0024214664346614199 -0.0017178026949429101 6.5483202079727107e-05 -0.00093287207848072036 -0.00029988981781383701 0.0010381579396070333 -0.00039578821455271723 -0.00023658675824425241 -0.001945809795932523
leaf_weight=2165 2668 3467 42930 2358 21946 27558 3797 379973 3841 27017 232020 727779 26396 12757 12050 6040 17892 38075 9170 14271 88601 5477 4479
leaf_count=2165 2668 3467 42930 2358 21946 27558 3797 379973 3841 27017 232020 727779 26396 12757 12050 6040 17892 38075 9170 14271 88601 5477 4479
internal_value=5.40984e-06 -0.00455919 2.33254e-05 -0.000298118 -0.000267741 -0.000158413 0.000153463 -0.000281552 0.000226623 -0.00143066 0.000185213 0.000235903 0.00120852 0.00146859 -0.00116287 -0.00044429 0.000915206 -0.000409471 -0.000289798 0.000506858 -0.000491897 -0.001693 -0.0010905
internal_weight=1.71273e+06 6135 1.70659e+06 490959 488601 447369 1.21563e+06 401919 1.0838e+06 41232 1.0408e+06 959799 42994 39153 39067 131835 45450 81005 118082 23441 94641 13753 9956
internal_count=1712727 6135 1706592 490959 488601 447369 1215633 401919 1083798 41232 1040804 959799 42994 39153 39067 131835 45450 81005 118082 23441 94641 13753 9956
is_linear=0
shrinkage=0.03


Tree=67
num_leaves=23
num_cat=0
split_feature=12 11 8 17 29 3 20 8 15 0 15 31 20 1 31 8 9 32 15 17 22 25
split_gain=154.891 262.689 80.6387 57.9845 61.6706 35.202 50.5496 45.342 33.4053 30.5789 28.5648 28.031 29.5535 25.6603 24.4066 23.1927 15.696 13.6738 12.132 10.2475 10.1652 3.42036
threshold=-12.590905666351317 -0.0069508817978203288 -3.3971583843231197 -0.38282586634159083 0.23365513980388644 -0.0022773168748244639 -0.017942428588867184 -1.6550750732421873 -7.659196853637694e-05 -0.075069606304168687 -0.016266644001007077 12.794120311737062 0.36223879456520086 -0.029978632926940914 12.601260662078859 -1.6766262054443357 -0.50781506299972523 110.50000000000001 -0.0099093317985534651 0.034017220139503486 -6.4999999999999991 -0.58952447772026051
decision_type=8 8 8 8 8 8 10 10 8 10 10 8 8 8 8 8 8 10 10 10 2 10
left_child=2 8 10 11 5 7 -7 -5 -2 15 -1 12 16 -11 19 -6 -4 20 -14 21 -13 -12
right_child=1 -3 3 4 9 6 -8 -9 -10 13 14 17 18 -15 -16 -17 -18 -19 -20 -21 -22 -23
leaf_value=-0.0050958536960327176 0.0023260654127121036 -0.011953809974792602 -0.0010348712465628814 -0.0012244393951733453 -0.00258621024424943 0.00043654781584823258 8.0844453776641931e-06 -5.7234257076234332e-05 -0.0022478322979946615 0.00018836880324018735 -0.00029727431974340844 -0.0011531940922779559 0.0035316041740409169 -0.00047695758275733861 -0.003507897201902328 -0.00075141913536535567 0.00090993704669481272 -0.0016242436753608389 0.0015979413900637752 0.00068088877181651385 0.00087838202218914921 -0.0020930809116809701
leaf_weight=2238 2197 2123 4849 33090 8218 412246 623908 284217 2566 74271 2457 2379 3906 169022 3165 27181 11489 3689 23461 3398 8460 2260
leaf_count=2238 2197 2123 4849 33090 8218 412246 623908 284217 2566 74271 2457 2379 3906 169022 3165 27181 11489 3689 23461 3398 8460 2260
internal_value=5.88707e-06 -0.00432891 2.48461e-05 4.37986e-05 1.02839e-05 9.41732e-05 0.000178971 -0.000181634 -6.05083e-05 -0.000395487 -0.00224074 0.000969958 0.0013465 -0.00027265 -0.00145656 -0.00121582 0.000301325 -0.000149967 0.00194311 -0.00046452 0.000374835 -0.00133332
internal_weight=1.71079e+06 6886 1.7039e+06 1.69039e+06 1.63215e+06 1.35346e+06 1.03615e+06 317307 4763 278692 13518 58233 43705 243293 11280 35399 16338 14528 27367 8115 10839 4717
internal_count=1710790 6886 1703904 1690386 1632153 1353461 1036154 317307 4763 278692 13518 58233 43705 243293 11280 35399 16338 14528 27367 8115 10839 4717
is_linear=0
shrinkage=0.03


Tree=68
num_leaves=23
num_cat=0
split_feature=19 15 8 14 20 2 8 2 18 32 32 1 11 18 22 27 18 4 19 15 29 29
split_gain=170.681 229.953 81.7468 52.2778 41.1976 37.9573 37.8516 45.0298 42.6694 36.8519 64.1877 31.4606 30.3129 31.4492 27.7406 23.1163 22.1907 11.1194 9.86556 8.37165 7.02888 6.12591
threshold=-1.0000000180025095e-35 0.0043317675590515145 -3.3971583843231197 -3.2602096796035762 0.36835342645645147 -0.012077277991920708 -1.8307222723960874 -0.017182150855660435 -0.058980172500014298 130.50000000000003 133.50000000000003 0.14960575103759768 -0.021637690253555771 -0.06380420550704001 -8.4999999999999982 0.08639808371663095 -0.52640646696090687 -0.10016386955976485 -0.39246128499507899 -0.0027053952217102046 0.11546542122960092 -0.023131106980144974
decision_type=8 10 10 10 10 10 10 10 10 10 10 10 10 10 2 10 10 10 10 10 10 8
left_child=2 -2 5 9 6 19 7 -5 -8 12 -11 -12 16 -14 20 -16 -4 18 -7 -1 -6 -19
right_child=1 -3 3 4 14 17 8 -9 -10 10 11 -13 13 -15 15 -17 -18 21 -20 -21 -22 -23
leaf_value=-0.0059294195640901609 -0.010527575946692489 0.00044773893808172221 0.0010391684899146727 -0.0028657118137632043 -9.6569497048550122e-05 -0.0033095157289158993 8.406400326406419e-05 -0.00032016802442875 0.0011797648963667439 -0.0045484486066946139 -0.00099010531759783651 0.0014289007006109884 -0.00018956446278051774 0.0010879968862624152 0.00059997981195699128 0.0018820531569459687 -0.0018565859299195322 0.00093973932447933433 -0.00039163342658628757 -0.0020670352231579544 -0.0020103321720623692 -0.00099703557854530916
leaf_weight=2116 2747 3461 2369 6305 5769 2218 1193834 88304 32433 3892 42428 4916 221260 18277 37102 20294 14095 2419 2372 2037 2258 2453
leaf_count=2116 2747 3461 2369 6305 5769 2218 1193834 88304 32433 3892 42428 4916 221260 18277 37102 20294 14095 2419 2372 2037 2258 2453
internal_value=-1.06689e-05 -0.00478675 7.91999e-06 2.70367e-05 0.000105687 -0.00226543 6.8883e-05 -0.000507138 0.000113757 -0.000326464 -0.00105809 -0.000720348 -0.000177091 -8.87717e-05 0.000838038 0.00107081 -0.00140388 -0.00106617 -0.00204716 -0.00452513 -0.000756408 0
internal_weight=1.71336e+06 6208 1.70715e+06 1.69354e+06 1.3863e+06 13615 1.32088e+06 94609 1.22627e+06 307237 51236 47344 256001 239537 65423 57396 16464 9462 4590 4153 8027 4872
internal_count=1713359 6208 1707151 1693536 1386299 13615 1320876 94609 1226267 307237 51236 47344 256001 239537 65423 57396 16464 9462 4590 4153 8027 4872
is_linear=0
shrinkage=0.03


Tree=69
num_leaves=24
num_cat=0
split_feature=19 3 8 28 0 19 20 0 9 16 12 12 10 23 17 4 10 17 25 12 28 8 28
split_gain=165.384 206.934 84.7247 52.4956 39.6728 39.6274 48.1991 38.6504 34.6579 30.4282 24.4079 22.0037 18.4675 17.2047 13.1221 12.6586 14.7578 10.1292 9.2958 8.4289 6.48967 6.44216 4.90586
threshold=-1.0000000180025095e-35 -0.0062263861764222375 -3.0841972827911373 0.11493523418903352 0.23953849077224734 -0.024545336142182347 0.36835342645645147 -0.0019983053207397457 -0.35504043102264399 0.19551253318786624 -16.325232505798336 -16.902705192565914 0.10291429609060289 -1.4025773406028745 -0.15235293656587598 -0.10038461908698081 -0.33320130407810206 -0.039246767759323113 -0.39033876359462732 -14.498272895812987 -0.014359708875417708 -3.9737535715103145 1.0000000180025095e-35
decision_type=8 10 8 8 8 10 10 10 10 10 10 10 10 10 10 10 10 10 10 10 10 10 10
left_child=2 -2 9 5 8 6 7 -4 11 15 -10 -5 19 -8 -6 21 17 -17 -14 -7 -3 -1 -18
right_child=1 20 3 4 14 12 13 -9 10 -11 -12 -13 18 -15 -16 16 22 -19 -20 -21 -22 -23 -24
leaf_value=-0.0036739749322868328 -0.011459431573551058 -0.0015492438807048689 -6.2206973279184223e-05 -0.0017951506667912504 -0.00065937965847490522 -0.0014916909612088605 -0.00041647186727044189 0.00027071484937221186 -0.00065548410700683245 -0.0044999051631411779 0.0004062872908114168 -0.00041292197338535551 -0.00097660542320009971 0.0013046070691800987 -0.0041850532070011855 -0.00098089108152527591 -0.0021446383436638573 0.0014163698851738969 0.00022253567267244256 -0.00015744892853187151 0.00055019560991312051 -0.0011454868487073681 -0.00015963011662987659
leaf_weight=2242 2046 2001 603335 10650 2007 21422 5459 650648 24562 3066 85556 206098 7537 40773 2633 2138 4293 3303 20036 6094 2149 3123 2023
leaf_count=2242 2046 2001 603335 10650 2007 21422 5459 650648 24562 3066 85556 206098 7537 40773 2633 2138 4293 3303 20036 6094 2149 3123 2023
internal_value=-1.2571e-05 -0.00471818 5.71016e-06 2.92798e-05 -0.000308591 0.000112227 0.000145901 0.000110334 -0.00026603 -0.00190226 0.000164853 -0.000486195 -0.000671321 0.00109268 -0.0029309 -0.0013056 -0.000667629 0.000420613 -0.000106116 -0.00121499 -0.00045531 -0.00247641 -0.00161121
internal_weight=1.71319e+06 6196 1.707e+06 1.68681e+06 331506 1.3553e+06 1.30022e+06 1.25398e+06 326866 20188 110118 216748 55089 46232 4640 17122 11757 5441 27573 27516 4150 5365 6316
internal_count=1713194 6196 1706998 1686810 331506 1355304 1300215 1253983 326866 20188 110118 216748 55089 46232 4640 17122 11757 5441 27573 27516 4150 5365 6316
is_linear=0
shrinkage=0.03


Tree=70
num_leaves=23
num_cat=0
split_feature=12 11 2 9 18 17 15 29 16 26 18 15 3 15 9 15 17 24 12 1 10 25
split_gain=145.58 238.678 78.6022 61.2881 50.5989 48.1218 45.7426 44.3002 34.6486 31.6899 31.5887 29.3935 29.3116 28.018 27.0635 26.2732 24.5855 27.4592 18.3791 16.6449 12.6375 7.95337
threshold=-12.590905666351317 -0.0083067589439451677 -0.021752090193331238 -0.5869159698486327 -0.06380420550704001 -0.3697101473808288 -0.025978982448577877 0.18375629931688311 0.14796626567840579 1.0000000180025095e-35 -0.29526589810848231 0.0029062628746032719 -0.0017885357374325392 -7.659196853637694e-05 -0.40667422115802759 0.020523846149444584 0.35084354877471929 -7.4999999999999991 -15.21365451812744 -0.11365997791290282 -0.091572139412164674 -0.61325085163116444
decision_type=8 10 10 8 10 8 10 8 8 2 10 10 8 8 10 10 10 2 10 10 8 10
left_child=2 13 8 6 5 9 18 -7 14 -5 11 -8 19 -2 -1 -12 -10 -18 -4 -6 -14 -20
right_child=1 -3 3 4 12 7 10 -9 16 -11 15 -13 20 -15 -16 -17 17 -19 21 -21 -22 -23
leaf_value=-0.0021873959565638446 0.0020947621571543373 -0.011754149890743778 -0.00076945993276725244 0.00040758981806829597 -0.0012361459442905953 0.00010925906225728168 -0.00094112214524064858 -0.00032552527045071836 -0.0054587183507377448 0.0019079582861984859 0.00013339483993830129 -9.6795769760324123e-05 0.0010976620327103153 -0.0020886389845749293 0.0019853225672207368 -0.0018755690571807307 -0.0033242060991517408 0.00066489371444414735 -0.0051563482937330091 0.00091449808518313542 0.002631245735832813 -0.0017031391135279449
leaf_weight=2314 2018 2007 3820 41711 6919 1022702 92394 265078 2976 18443 121006 63417 37019 2829 2270 5650 3459 2143 2095 5157 6022 2203
leaf_count=2314 2018 2007 3820 41711 6919 1022702 92394 265078 2976 18443 121006 63417 37019 2829 2270 5650 3459 2143 2095 5157 6022 2203
internal_value=-2.33297e-05 -0.00423526 -5.00474e-06 1.30976e-05 9.54262e-05 5.85783e-05 -0.000382865 1.94381e-05 -0.00227154 0.00088448 -0.000315365 -0.000600799 0.000982551 -0.000257802 -7.00214e-05 3.43949e-05 -0.0033463 -0.0018196 -0.00254216 -0.000294024 0.00134687 -0.00381082
internal_weight=1.71365e+06 6854 1.7068e+06 1.69364e+06 1.40305e+06 1.34793e+06 290585 1.28778e+06 13162 60154 282467 155811 55117 4847 4584 126656 8578 5602 8118 12076 43041 4298
internal_count=1713652 6854 1706798 1693636 1403051 1347934 290585 1287780 13162 60154 282467 155811 55117 4847 4584 126656 8578 5602 8118 12076 43041 4298
is_linear=0
shrinkage=0.03


Tree=71
num_leaves=21
num_cat=0
split_feature=12 11 23 28 16 15 13 17 0 22 0 22 5 17 15 16 25 1 17 20
split_gain=127.048 226.758 69.9997 58.1981 52.9691 52.7156 78.5938 39.5339 39.4251 38.8918 30.5676 26.1352 22.545 28.3673 17.8221 17.1045 14.9747 11.4626 8.37597 8.70735
threshold=-12.590905666351317 -0.0069508817978203288 -3.490174293518066 0.27451267838478094 -0.17015773802995679 -0.0306897759437561 -12.023031234741209 -0.055973816663026803 -0.07705295085906981 -3.4999999999999996 0.23953849077224734 -4.4999999999999991 -2.6509306430816646 -0.34303385019302363 0.0024568438529968266 -0.30202190577983851 -0.47490820288658137 0.090710282325744643 0.14179310202598575 -0.085629224777221666
decision_type=8 8 8 8 10 8 10 8 10 2 8 2 10 8 10 10 10 10 10 10
left_child=2 9 8 4 12 6 -6 -7 -1 -2 11 14 13 -4 -5 -13 18 -14 19 -10
right_child=1 -3 3 10 5 7 -8 -9 16 -11 -12 15 17 -15 -16 -17 -18 -19 -20 -21
leaf_value=-0.0049893701065494905 -0.0028134832405634596 -0.010986324696316127 0.0021838562801088151 -0.0013586219759863856 0 -8.8236776997785909e-05 -0.0042335817444414513 0.00023712441323934087 -0.0032883677672797132 0.002169575437681297 -0.0032062595940612853 0.0018056796850990269 0.0010547816839104646 0.00068054446790109574 -0.00029705620971791466 -0.000223087338746663 0.00086167180579836244 9.2207299135245173e-05 -0.00024220339348358596 -0.00047950903500535466
leaf_weight=2883 2003 2138 15644 35316 10323 768780 5958 595491 3134 2727 3169 3344 13719 44016 25592 115085 2202 56143 2975 2019
leaf_count=2883 2003 2138 15644 35316 10323 768780 5958 595491 3134 2727 3169 3344 13719 44016 25592 115085 2202 56143 2975 2019
internal_value=-8.03155e-06 -0.00393904 8.7696e-06 2.62325e-05 8.76046e-05 3.28453e-05 -0.00163781 5.35952e-05 -0.00212574 0 -0.000478779 -0.000420134 0.000666596 0.0010946 -0.000923515 -0.000155929 -0.00110538 0.000291647 -0.0016921 -0.00238065
internal_weight=1.71266e+06 6868 1.70579e+06 1.69258e+06 1.51007e+06 1.38055e+06 16281 1.36427e+06 13213 4730 182506 179337 129522 59660 60908 118429 10330 69862 8128 5153
internal_count=1712661 6868 1705793 1692580 1510074 1380552 16281 1364271 13213 4730 182506 179337 129522 59660 60908 118429 10330 69862 8128 5153
is_linear=0
shrinkage=0.03


Tree=72
num_leaves=31
num_cat=0
split_feature=0 23 0 15 25 12 20 1 22 13 16 7 17 26 23 20 3 14 28 12 17 24 7 22 15 32 32 15 0 9
split_gain=116.113 169.828 65.1787 71.3003 57.2028 56.6799 43.1411 42.7674 39.9728 39.0529 42.3779 37.5366 34.2651 32.7489 31.2988 39.9284 30.4553 30.2529 33.4901 29.679 27.3812 24.5724 51.1255 22.7525 20.1631 19.5987 16.0051 14.6274 13.5738 12.7715
threshold=0.23953849077224734 -0.53416684269905079 -0.024854302406311032 -0.02287197113037109 -0.25862580537796015 -15.116819381713865 -0.023192286491394039 -0.0036886334419250484 -12.499999999999998 -13.03396701812744 -0.18969825655221936 -0.07097578793764113 -0.3529775589704513 4.5000000000000009 -1.2806167006492613 0.3032300472259522 -0.0011475846404209731 -2.0862928628921504 0.026806770823895935 -13.257269859313963 0.37307097017765051 -13.499999999999998 -0.042199896648526185 -11.499999999999998 -0.010847747325897215 174.50000000000003 162.50000000000003 -0.039338707923889153 0.025989294052124027 -0.53983286023139943
decision_type=8 8 8 10 10 10 10 8 2 10 8 10 10 2 10 10 10 10 8 10 10 2 8 2 10 10 8 10 10 10
left_child=2 4 3 5 21 23 9 14 17 11 -11 -4 29 19 28 -16 -14 20 -19 -9 -5 -2 -23 -1 -13 -12 -25 -7 -8 -10
right_child=1 -3 6 8 -6 27 7 13 12 10 25 24 16 -15 15 -17 -18 18 -20 -21 -22 22 -24 26 -26 -27 -28 -29 -30 -31
leaf_value=-0.0024948840072397164 1.5854321586835294e-06 -0.0096206581210199916 -0.0029980315990508896 -0.0020854051662253189 0.0030071736567539309 -0.0055985643262871235 -0.00082843705016792039 -0.00013778464084367723 -0.00025998204478139004 0.0019585786889268707 0.00036132447782867474 0.0012094733807431505 -0.00048172708545486334 0.0026632179678637959 0.000372962964858879 0.0018489215358779049 5.4708736176529756e-05 0.0010024524063623258 -0.0021155588223898988 -0.0027321566257797673 0.00059357233338690446 -0.0045028968982161657 2.1282212186593461e-05 0.00016748753695118498 -0.00037350990563852089 0.0013316542485746945 -0.0022865422401126367 -0.0024602755295293119 0.00019701333167360059 0.0016501518884389102
leaf_weight=4650 3869 2063 3944 21950 2018 2369 24205 556626 3615 16586 325279 8080 153105 3221 162387 18113 248345 9663 3956 3513 3632 5262 3464 15128 44892 19783 2301 7610 20931 12975
leaf_count=4650 3869 2063 3944 21950 2018 2369 24205 556626 3615 16586 325279 8080 153105 3221 162387 18113 248345 9663 3956 3513 3632 5262 3464 15128 44892 19783 2301 7610 20931 12975
internal_value=-1.07477e-05 -0.00246507 1.39147e-05 -0.000277808 -0.00115016 -0.00163557 0.000132434 1.39676e-06 -0.000180275 0.000378429 0.000493683 -0.000346599 -9.29797e-05 -0.000138009 0.000350322 0.00052743 -0.000149476 -0.00109075 3.26506e-05 -0.000157013 -0.00168947 -0.00192855 -0.00277058 -0.00073678 -0.00011739 0.00041967 -0.000194495 -0.00346551 -0.000349381 0.00122095
internal_weight=1.71354e+06 16676 1.69686e+06 489299 14613 32058 1.20756e+06 788996 457241 418564 361648 56916 418040 563360 225636 180500 401450 39201 13619 560139 25582 12595 8726 22079 52972 345062 17429 9979 45136 16590
internal_count=1713535 16676 1696859 489299 14613 32058 1207560 788996 457241 418564 361648 56916 418040 563360 225636 180500 401450 39201 13619 560139 25582 12595 8726 22079 52972 345062 17429 9979 45136 16590
is_linear=0
shrinkage=0.03


Tree=73
num_leaves=23
num_cat=0
split_feature=12 23 2 17 9 15 18 17 8 15 31 2 14 32 27 1 15 32 18 31 13 15
split_gain=150.728 205.083 70.3215 58.8981 52.4958 62.6622 48.8018 43.0536 34.0911 32.8569 30.6792 41.6458 30.5982 29.5873 28.414 29.4983 25.7727 18.9929 16.5183 15.9156 10.976 2.70578
threshold=-12.590905666351317 -0.78591832518577565 -0.021752090193331238 -0.3529775589704513 -0.38296937942504877 -0.016827881336212155 -0.14047361165285108 0.35084354877471929 -1.615125775337219 -1.0000000180025095e-35 12.540245056152346 0.00066185742616653453 -3.218675851821899 125.50000000000001 0.098180379718542113 -0.0089500546455383283 -0.0023574233055114742 74.500000000000014 -0.67774683237075795 12.994397163391115 -10.901595592498778 0.00091144442558288585
decision_type=8 8 10 8 8 10 8 10 10 8 10 8 10 10 10 10 10 8 10 8 10 10
left_child=2 9 8 14 5 7 -7 -5 16 -2 11 -6 -10 -12 15 20 -1 -17 21 -20 -4 -16
right_child=1 -3 3 4 10 6 -8 -9 12 -11 13 -13 -14 -15 18 17 -18 -19 19 -21 -22 -23
leaf_value=-0.0054690803333679368 0.001724861510588509 -0.011284617703897881 0.00084023235431466723 -0.001380694191055603 0.0006480854477850025 -0.00018037140609232475 0.00048007550800712552 0.0015032018093580572 -0.0024698163830914745 -0.0027551576436348185 9.8032462618378134e-05 3.6074664599684565e-05 0.0010889856605411133 -0.00070627161553474043 0.0015273593675495993 0.00078601113936274301 -0.0010142233587347416 -0.00033651683588103987 0.0015327704946402553 -0.00055708119324965105 0.0028974043406668963 0.003772771019054883
leaf_weight=3146 2351 2000 6506 51327 209151 776974 115017 4613 3825 2511 198411 193657 3817 51310 2519 22732 2405 31784 15900 3584 4586 3174
leaf_count=3146 2351 2000 6506 51327 209151 776974 115017 4613 3825 2511 198411 193657 3817 51310 2519 22732 2405 31784 15900 3584 4586 3174
internal_value=-7.45884e-06 -0.00429092 1.08636e-05 2.83666e-05 -1.37198e-05 -0.000156415 -9.46533e-05 -0.00112635 -0.00213009 -0.000574077 0.000193075 0.000355004 -0.000697716 -6.71095e-05 0.000769611 0.00042838 -0.00383186 0.00012899 0.00162147 0.00112902 0.00180494 0.00303121
internal_weight=1.7113e+06 6862 1.70444e+06 1.69124e+06 1.60046e+06 947931 891991 55940 13193 4862 652529 402808 7642 249721 90785 65608 5551 54516 25177 19484 11092 5693
internal_count=1711300 6862 1704438 1691245 1600460 947931 891991 55940 13193 4862 652529 402808 7642 249721 90785 65608 5551 54516 25177 19484 11092 5693
is_linear=0
shrinkage=0.03


Tree=74
num_leaves=25
num_cat=0
split_feature=21 11 2 9 15 15 12 2 14 2 15 23 1 18 9 18 14 17 15 15 1 31 4 25
split_gain=142.727 177.844 85.7165 57.8992 51.8016 157.624 99.4567 45.6748 37.3032 42.0202 36.476 35.658 30.7716 27.2417 26.1386 25.2963 20.3016 20.0757 18.7311 16.8979 26.266 15.724 11.7425 8.30028
threshold=-1.0000000180025095e-35 -0.0063205554615706197 -0.019792213104665276 -0.43550010025501246 1.0000000180025095e-35 -7.659196853637694e-05 -14.974915504455565 -0.0059936433099210254 -2.8590530157089229 0.00061352251213975262 0.0066254436969757089 -1.5145943164825437 0.21837869286537173 -0.47387874126434321 -1.0397592782974241 -0.2116633206605911 -4.5383355617523184 -0.35813848674297327 0.018982201814651493 0.006889432668685914 -0.31503134965896601 13.334651470184328 -0.10006288066506384 -0.68369561433792103
decision_type=2 8 8 8 10 8 10 10 10 10 8 10 10 10 10 10 8 10 10 10 10 10 10 10
left_child=2 -2 11 4 5 7 -7 -4 10 13 12 19 -5 -10 18 -16 -12 -11 -6 20 22 23 -1 -13
right_child=1 -3 3 8 14 6 -8 -9 9 17 16 21 -14 -15 15 -17 -18 -19 -20 -21 -22 -23 -24 -25
leaf_value=-0.0050814733205444239 0.00039681148934831334 -0.010742818539881382 -0.00095984884084823069 -0.00033765221922339787 -0.00056636586826286849 -0.0010800993823848169 -0.0098843616105433272 -0.00016592257141519477 0.0011689198226559989 0.00083811648900257115 -0.0010907907312245474 -0.00031688174346462437 0.001714036491681164 0.00042545618304635027 -2.4742496563069883e-05 0.00056077566940036544 0.00057779954461540089 -1.2938030020759767e-05 -0.0036195280641908257 -0.00087718438236503377 -0.00025275117494120118 -0.0019383219545025963 -0.0016828725258490841 0.0020299863799201471
leaf_weight=5172 2492 2000 85443 228989 7417 2516 2059 277589 54154 26818 6578 2063 6241 262030 281202 86086 79462 280444 2177 3939 2094 2144 2266 2277
leaf_count=5172 2492 2000 85443 228989 7417 2516 2059 277589 54154 26818 6578 2063 6241 262030 281202 86086 79462 280444 2177 3939 2094 2144 2266 2277
internal_value=-1.67891e-05 -0.00508209 -1.81866e-06 2.13747e-05 -0.000176208 -0.000429454 -0.00568506 -0.000354669 0.000177409 0.000312755 -8.43825e-05 -0.00193235 -0.000278425 0.000555384 7.02522e-05 0.000112253 0.000441199 6.16087e-05 -0.00143386 -0.00278623 -0.00346218 -4.29294e-05 -0.00425509 0.000934939
internal_weight=1.71365e+06 4492 1.70916e+06 1.6892e+06 744489 367607 4575 363032 944716 623446 321270 19955 235230 316184 376882 367288 86040 307262 9594 13471 9532 6484 7438 4340
internal_count=1713652 4492 1709160 1689205 744489 367607 4575 363032 944716 623446 321270 19955 235230 316184 376882 367288 86040 307262 9594 13471 9532 6484 7438 4340
is_linear=0
shrinkage=0.03


Tree=75
num_leaves=31
num_cat=0
split_feature=0 23 23 9 27 25 18 2 0 18 19 11 31 29 2 24 17 7 24 18 1 30 6 2 2 5 29 9 31 20
split_gain=135.549 182.286 70.7062 62.8504 51.2389 51.2279 45.4206 71.2074 48.7612 42.8164 36.1294 32.714 31.7927 29.3962 28.7492 24.4334 24.5834 23.8819 52.1862 22.5109 19.7857 15.9394 15.6693 14.3002 11.0469 10.9426 10.1345 6.00783 5.80899 3.62248
threshold=0.23953849077224734 -0.56055811047554005 -2.792054176330566 -0.43550010025501246 0.077300015836954131 -0.25862580537796015 -0.19545693695545194 -0.0085693639703094942 -0.17796766757965085 -0.69559744000434864 -0.041869873180985444 -0.01840122044086456 12.665897369384767 -0.03854622691869735 0.00061352251213975262 -9.4999999999999982 0.39686825871467596 -0.042571784928441041 -13.499999999999998 -0.41336116194725031 -0.21408784389495847 0.0076384420972317466 -1.4999999999999998 0.0069227144122123727 -0.0065901146735995999 -0.244189977645874 0.0078679132275283354 -0.51930141448974598 12.017621517181398 -0.46126407384872431
decision_type=8 8 8 10 10 10 8 8 10 10 10 8 8 8 10 2 10 8 2 10 10 8 2 10 10 10 8 10 10 8
left_child=2 5 12 6 11 17 7 8 -4 -6 -9 13 21 -5 -13 -8 -17 18 -2 -11 29 25 24 -20 -23 28 -22 -24 -1 -14
right_child=1 -3 3 4 9 -7 15 10 -10 19 -12 14 20 -15 -16 16 -18 -19 23 -21 26 22 27 -25 -26 -27 -28 -29 -30 -31
leaf_value=-0.0025359325508537887 0 -0.0097836559897299964 -0.0041379939517314042 0.00038321453205064973 0.0036407888733079301 0.0027021341221524766 -0.0023771853466883841 -9.347442649470806e-05 -0.0010075060674369686 0.00091948648257516999 -0.00096582900053567304 0.00032135155216636644 -0.0021085729836840868 -0.0017713877944483579 -5.5123593922943948e-05 0.00024590309926798175 0.0018496820942044538 7.2893463954875232e-05 -0.0058498048483661439 0.00025060012912127261 -0.0027019054912808564 -0.0016585045116602379 7.8132015181278018e-05 -0.0017661597913473403 0.00077996989501511501 0.00024709007579748081 -0.00011140093778736406 0.0022088136339569859 -0.00073486314692758554 -0.0051668190160245346
leaf_weight=5300 3820 2240 4622 8462 3778 2012 2507 466686 49420 90509 46720 370938 2225 14982 356519 144744 8760 3425 3125 94312 2049 4306 2530 2059 2004 2328 3572 2537 3793 2416
leaf_count=5300 3820 2240 4622 8462 3778 2012 2507 466686 49420 90509 46720 370938 2225 14982 356519 144744 8760 3425 3125 94312 2049 4306 2530 2059 2004 2328 3572 2537 3793 2416
internal_value=-4.24888e-06 -0.00265568 2.24272e-05 5.00995e-05 0.00021203 -0.00123955 -0.000159774 -0.000284649 -0.00131622 0.000653714 -0.000174305 0.000100335 -0.00134059 -0.000989403 0.000136522 0.000291965 0.000345082 -0.00198065 -0.00275609 0.000581377 -0.0026996 -0.000671183 0.000103324 -0.00457867 -0.000839608 -0.00143985 -0.00124829 0.0013014 -0.00189338 -0.00410665
internal_weight=1.7127e+06 16681 1.69602e+06 1.66296e+06 939500 14441 723459 567448 54042 188599 513406 750901 33060 23444 727457 156011 153504 12429 9004 184821 10262 22798 11377 5184 6310 11421 5621 5067 9093 4641
internal_count=1712700 16681 1696019 1662959 939500 14441 723459 567448 54042 188599 513406 750901 33060 23444 727457 156011 153504 12429 9004 184821 10262 22798 11377 5184 6310 11421 5621 5067 9093 4641
is_linear=0
shrinkage=0.03


Tree=76
num_leaves=23
num_cat=0
split_feature=12 11 9 2 19 17 29 1 32 2 31 12 8 32 17 32 8 11 29 5 1 28
split_gain=161.804 229.143 62.4491 49.7398 41.9266 55.4816 44.2159 30.9648 29.9975 29.6619 28.9326 26.8685 25.4238 22.2275 26.4571 17.0823 12.1357 10.251 10.0139 8.13821 4.16556 1.93697
threshold=-12.590905666351317 -0.006910148309543728 -0.95380881428718556 -0.025084488093852993 -0.04744563810527324 -0.29655735194683069 0.23365513980388644 -0.18722403049468991 61.500000000000007 0.0085312440060079115 13.293719768524172 -15.288423538208006 -1.5970550775527952 115.50000000000001 -0.42060048878192896 125.50000000000001 -1.0429566502571104 -0.0062745504546910516 -0.039695430546998971 -0.69657075405120839 -0.082353770732879625 -0.012155288364738224
decision_type=8 8 8 8 8 8 8 8 10 10 8 10 10 8 10 10 10 10 8 8 10 8
left_child=2 8 7 10 5 9 -7 18 -2 -5 12 19 -4 14 -6 -15 17 -13 -1 -9 -21 -18
right_child=1 -3 3 4 13 6 -8 11 -10 -11 -12 16 -14 15 -16 -17 21 -19 -20 20 -22 -23
leaf_value=-0.0011286132430699492 -0.0027789446765076834 -0.011539093765606764 -0.0027689077214115496 0.0005375956205772597 0.0013402904594044629 0.00011996329527832064 -0.00033004347508872972 -0.00067790069476246744 0.0015670624823625942 0.0020531454303074695 -0.0048097318568988785 -0.0023696762926769003 0.0014035766049298791 -0.0016595333237208766 -0.00033945600956464646 -0.00040987427898844521 0.00044616018408509301 0 -0.004072430852092611 0.0021200809299197791 0.00035142560268612902 -0.0006817201820036896
leaf_weight=2481 2101 2134 2120 111616 8680 1158792 235937 2650 2632 12829 2390 9613 2097 19432 98942 21943 2245 2044 3833 2122 3632 2103
leaf_count=2481 2101 2134 2120 111616 8680 1158792 235937 2650 2632 12829 2390 9613 2097 19432 98942 21943 2245 2044 3833 2122 3632 2103
internal_value=-4.03162e-06 -0.00444061 1.49521e-05 3.98972e-05 5.07281e-05 9.80325e-05 4.35326e-05 -0.00131411 -0.000386011 0.000703825 -0.00246371 -0.000779652 -0.000701601 -0.000428296 -0.000195634 -0.00101676 -0.00149021 -0.00197796 -0.00312742 0.000547569 0.001169 -5.1528e-05
internal_weight=1.71237e+06 6867 1.7055e+06 1.67478e+06 1.66817e+06 1.51917e+06 1.39473e+06 30723 4733 124445 6607 24409 4217 148997 107622 41375 16005 11657 6314 8404 5754 4348
internal_count=1712368 6867 1705501 1674778 1668171 1519174 1394729 30723 4733 124445 6607 24409 4217 148997 107622 41375 16005 11657 6314 8404 5754 4348
is_linear=0
shrinkage=0.03


Tree=77
num_leaves=20
num_cat=0
split_feature=12 21 9 2 12 18 0 11 8 3 18 14 0 2 1 24 20 18 11
split_gain=117.507 191.191 55.678 52.0155 47.5428 47.6425 58.1083 35.8634 32.5952 26.4155 20.5576 19.713 18.3042 16.6171 14.9939 14.3618 13.9132 13.1497 7.27943
threshold=-12.590905666351317 -0.25000000745058054 -1.2401576638221739 -0.019792213104665276 -16.862748146057125 -0.10000082105398177 -0.025524258613586422 -0.020407057367265221 -1.6766262054443357 -0.0055968686938285819 -0.06380420550704001 -3.218675851821899 -0.1016263961791992 -0.0030341699020937081 -0.3671386837959289 -2.4999999999999996 -0.28335821628570551 -0.13750145584344861 -0.014003769960254429
decision_type=8 2 8 10 8 10 10 10 10 8 10 8 8 10 10 2 8 10 10
left_child=2 18 15 8 9 6 -6 -7 14 13 -11 16 -13 -5 17 -1 -10 -4 -2
right_child=1 -3 3 4 5 7 -8 -9 11 10 -12 12 -14 -15 -16 -17 -18 -19 -20
leaf_value=-0.0044600956859529202 -0.00059819635378428459 -0.0090261415644683242 -0.0052393498004849231 -0.0033556489311750534 -0.00029457990179990206 -0.0018078756840589458 0.00013058591950254822 0.00076781225977775572 -0.0027133199509799298 -0.00070005643969262639 0.0012583271766475521 0.0026141555017216646 -0.00048735078347547964 -0.00017929349678111735 -0.00048764536524878942 -0.0011090023982818426 0.00013570958655273539 -0.0016539134806443573 0.0016577431211156229
leaf_weight=2426 2007 2898 2702 4846 390536 4561 1110658 109488 3622 53362 4743 2138 4233 2419 2049 3166 2086 2692 2003
leaf_count=2426 2007 2898 2702 4846 390536 4561 1110658 109488 3622 53362 4743 2138 4233 2419 2049 3166 2086 2692 2003
internal_value=-1.23403e-05 -0.00378256 3.85684e-06 1.42867e-05 3.25612e-05 6.49303e-05 1.97179e-05 0.000654746 -0.00150547 -0.000757123 -0.000525707 -0.000472522 0.000624292 -0.00241631 -0.00300877 -0.00285881 -0.00169674 -0.00379296 0.000520987
internal_weight=1.71264e+06 6908 1.70573e+06 1.70014e+06 1.68061e+06 1.61524e+06 1.50119e+06 114049 19522 65370 58105 12079 6371 7265 7443 5592 5708 5394 4010
internal_count=1712635 6908 1705727 1700135 1680613 1615243 1501194 114049 19522 65370 58105 12079 6371 7265 7443 5592 5708 5394 4010
is_linear=0
shrinkage=0.03


Tree=78
num_leaves=20
num_cat=0
split_feature=9 19 15 13 0 18 15 1 0 24 19 23 13 25 16 6 32 13 17
split_gain=137.631 63.8463 130.239 59.0491 84.5549 58.5063 45.0769 49.7638 44.4804 43.0239 39.2921 38.5015 37.5039 39.0805 35.6719 34.0779 31.8733 21.0649 9.22211
threshold=-1.2401576638221739 -1.0000000180025095e-35 0.0049608349800109872 -11.591305255889891 0.034327179193496711 -0.10000082105398177 -0.02287197113037109 0.011512964963912966 0.060379058122634895 -8.4999999999999982 -0.062123326584696763 -2.9596043825149532 -10.956708431243895 -0.54480254650115956 -0.030044505372643467 -1.4999999999999998 82.500000000000014 -11.335710048675535 -0.39925995469093317
decision_type=10 8 10 10 10 8 10 8 8 2 10 10 8 10 8 2 8 10 10
left_child=12 3 -3 4 5 11 8 15 17 -7 16 -2 13 -1 -9 -8 -6 -5 -12
right_child=1 2 -4 6 10 9 7 14 -10 -11 18 -13 -14 -15 -16 -17 -18 -19 -20
leaf_value=-0.0038604589439067824 -0.0022569390442285886 -0.0083133969052593439 0.00059066948299272236 -0.00014705365633092203 0.0007299459135926184 -0.0019305517660124524 -0.0018319100799545627 -0.00011449389328877436 0.0020991361791010397 0.00050988276774002121 0.00034849450230541013 -0.00048091590849766468 -0.0067059925385970238 0.00092373677482732956 0.00058447523772575791 0.000480778076361969 1.7057190210363291e-05 -0.0031578161315011736 -0.0013763601189993259
leaf_weight=3439 10908 2010 3314 3182 116380 6535 5288 419712 2001 81337 2889 454719 2459 2116 77386 387141 110918 7564 14537
leaf_count=3439 10908 2010 3314 3182 116380 6535 5288 419712 2001 81337 2889 454719 2459 2116 77386 387141 110918 7564 14537
internal_value=-2.79689e-05 -8.79971e-06 -0.00314454 1.7629e-06 -0.000185949 -0.000391379 0.000168171 0.000194238 -0.00156686 0.000315098 0.000277303 -0.000525542 -0.00383285 -0.00206273 -4.60064e-06 0.00044656 0.000384185 -0.00233915 -0.00107192
internal_weight=1.71384e+06 1.70582e+06 5324 1.7005e+06 798223 553499 902274 889527 12747 87872 244724 465627 8014 5555 497098 392429 227298 10746 17426
internal_count=1713835 1705821 5324 1700497 798223 553499 902274 889527 12747 87872 244724 465627 8014 5555 497098 392429 227298 10746 17426
is_linear=0
shrinkage=0.03


Tree=79
num_leaves=31
num_cat=0
split_feature=19 15 0 24 19 8 16 17 3 13 18 13 15 20 27 18 14 2 3 7 18 12 14 17 25 20 14 12 12 32
split_gain=129.501 197.295 64.6907 59.0289 53.8646 52.7216 47.4423 40.6311 46.9526 35.4643 34.7823 34.7487 45.1122 30.3816 29.1051 28.5905 28.4943 27.1696 24.1676 27.0617 23.4693 22.7302 14.2328 15.9705 12.9745 14.3529 8.00003 8.59644 4.2517 2.63528
threshold=-1.0000000180025095e-35 0.0013382434844970705 -0.024854302406311032 -4.4999999999999991 -0.049266092479228966 -1.5970550775527952 -0.28452908992767328 -0.37622246146202082 -0.0017300456529483197 -11.540952205657957 -0.068053830415010438 -11.954581260681151 0.0067588388919830331 -0.06000846624374389 0.098180379718542113 -0.50777885317802418 -2.6376277208328243 -0.0037999420892447229 -0.0057900415267795316 -0.058300603181123727 -0.038423759862780564 -14.547131061553953 -3.8877302408218379 -0.34303385019302363 -0.41231542825698847 0.28160777688026434 -2.0598762035369869 -14.853320598602293 -15.441983699798582 92.500000000000014
decision_type=8 10 10 2 10 10 10 10 10 10 8 8 10 10 10 10 10 10 10 10 10 10 10 10 10 8 10 10 10 8
left_child=2 -2 3 5 6 17 18 26 16 24 -10 12 -8 -13 20 -16 -9 21 19 -4 -7 -1 -11 -24 29 -26 27 -5 -20 -6
right_child=1 -3 4 7 9 14 11 8 10 22 -12 13 -14 -15 15 -17 -18 -19 28 -21 -22 -23 23 -25 25 -27 -28 -29 -30 -31
leaf_value=-0.0020970863811611909 -0.0097582420287132734 0.00045259070063908874 0.0020075701116050756 0.0021042266480659762 -0.0014420239030611783 -0.0011776722377341742 -0.00031233919245431043 -0.0012989433426556381 -6.4041147956976808e-05 -0.002037468004497155 0.0010072869350192764 0.00065403165658704842 0.000406917898627409 0.000183331099211406 0.0010352388686895376 -0.00053148613316017317 -0.00025794217740882926 0.000132896858294979 0.0013091987677859667 -0.00095034209645952924 0.0010441019645652965 -0.0054664953383139498 0.00047688137863558818 -0.00033075725827332774 -0.0017140403222380362 0.00018021065994257374 0.0027519762293577365 -0.00010851551122866425 0.003842481281684287 -0.0028957776959073296
leaf_weight=16346 2583 3594 6148 2128 5631 52629 233950 41669 235313 3225 30304 162181 117297 528277 15603 29511 56743 3565 2009 4234 4130 2074 27877 95789 6483 6734 4155 3266 4099 4897
leaf_count=16346 2583 3594 6148 2128 5631 52629 233950 41669 235313 3225 30304 162181 117297 528277 15603 29511 56743 3565 2009 4234 4130 2074 27877 95789 6483 6734 4155 3266 4099 4897
internal_value=-1.3414e-05 -0.00418328 2.72702e-06 -0.000284885 0.000121397 -0.000851352 0.000197176 -9.53868e-05 -0.0001479 -0.000407848 5.87213e-05 0.000171123 -7.10574e-05 0.000294721 -0.000553997 9.20816e-06 -0.000706087 -0.00217292 0.00177185 0.000785463 -0.00100306 -0.00262676 -0.000203353 -0.000145095 -0.00146154 -0.000755668 0.00178443 0.000817991 0.00321676 -0.00224606
internal_weight=1.71244e+06 6177 1.70627e+06 497436 1.20883e+06 123858 1.0582e+06 373578 364029 150636 265617 1.0417e+06 351247 690458 101873 45114 98412 21985 16490 10382 56759 18420 126891 123666 23745 13217 9549 5394 6108 10528
internal_count=1712444 6177 1706267 497436 1208831 123858 1058195 373578 364029 150636 265617 1041705 351247 690458 101873 45114 98412 21985 16490 10382 56759 18420 126891 123666 23745 13217 9549 5394 6108 10528
is_linear=0
shrinkage=0.03


Tree=80
num_leaves=25
num_cat=0
split_feature=19 15 2 15 13 10 16 18 11 15 27 14 1 32 32 32 1 12 20 3 12 17 17 32
split_gain=78.2801 150.795 60.2426 63.8865 44.181 51.2988 45.6581 44.7337 61.2891 48.4649 29.0898 20.002 19.2487 18.9789 22.0861 29.2432 21.2021 18.0131 17.6467 10.8975 8.64513 7.43344 13.6148 8.82318
threshold=-1.0000000180025095e-35 1.0000000180025095e-35 0.0087788267992436903 -0.048121631145477288 -11.601281642913817 -0.75184196233749379 -0.05438540689647197 -0.068053830415010438 -0.021637690253555771 0.0051789581775665292 0.099853783845901503 -2.8018440008163448 0.2106474041938782 88.500000000000014 124.50000000000001 115.50000000000001 0.20391178131103518 -14.201037883758543 0.27134430408477789 -0.00647595222108066 -15.755369663238524 -0.19073241949081418 -0.11796209588646887 52.500000000000007
decision_type=8 10 10 10 10 10 10 10 10 10 10 10 8 8 10 10 8 10 8 10 10 10 10 10
left_child=2 -2 3 20 7 -6 -7 9 -9 -5 13 12 -12 21 15 -15 -16 18 -13 -14 -1 23 -23 -4
right_child=1 -3 10 4 5 6 -8 8 -10 -11 11 17 19 14 16 -17 -18 -19 -20 -21 -22 22 -24 -25
leaf_value=-0.00093948523880333409 -0.0082769350607747264 0.00067382227926997837 0.0007040011145628013 -0.00043906763353975128 -0.003335415134867879 -0.00010301219088593858 0.00033154252075620768 -0.0031173620372630028 0.00086675287397687897 9.102141357955623e-05 0.00016037044250537545 -0.00073047625718117531 0.0011199284188521772 -8.1137784980959214e-05 -0.00035644391501446043 -0.0031507774557337533 0.0022018524857939097 0.0028092824871043995 0.0016579290738162199 0.0042449020662897732 -0.0038134479013367754 -0.00097035704693276522 0.0010948095817551382 0.0023584655550541846
leaf_weight=2129 2485 3632 8132 459013 3344 395045 481339 3201 53526 232926 2268 6260 2139 10451 5786 3438 4856 2860 4176 5059 3911 3838 7697 5631
leaf_count=2129 2485 3632 8132 459013 3344 395045 481339 3201 53526 232926 2268 6260 2139 10451 5786 3438 4856 2860 4176 5059 3911 3838 7697 5631
internal_value=-1.0996e-05 -0.00326771 1.45193e-06 -3.60436e-05 -2.39659e-05 0.000119949 0.00013537 -0.000193443 0.000611422 -0.000260255 0.000844264 0.00172601 0.0027691 0.000422374 -0.000161551 -0.000944909 0.000830418 0.000888203 0.000229925 0.0034883 -0.00299557 0.000992381 0.00037098 0.00146089
internal_weight=1.71314e+06 6117 1.70702e+06 1.63443e+06 1.62839e+06 879728 876384 748666 56727 691939 72591 22762 9466 49829 24531 13889 10642 13296 10436 7198 6040 25298 11535 13763
internal_count=1713142 6117 1707025 1634434 1628394 879728 876384 748666 56727 691939 72591 22762 9466 49829 24531 13889 10642 13296 10436 7198 6040 25298 11535 13763
is_linear=0
shrinkage=0.03


Tree=81
num_leaves=31
num_cat=0
split_feature=9 12 14 8 17 23 17 23 12 8 15 32 23 20 32 32 1 1 27 24 18 20 32 19 5 1 2 30 31 17
split_gain=110.256 59.5115 56.1224 46.3508 60.5708 45.8949 47.5215 43.3648 38.4756 35.9418 34.9461 37.8623 29.6061 27.8503 28.8527 36.6892 27.5508 26.5793 23.4756 19.3518 17.5063 17.1995 18.5833 17.1005 16.5489 14.3945 14.2348 12.2711 12.1099 11.2145
threshold=-0.95380881428718556 -15.288423538208006 -3.2900795936584468 -0.45964118838310236 -0.39035399258136744 -2.2043269872665401 -0.055973816663026803 -0.48344743251800532 -13.732306957244871 -1.615125775337219 0.0074453651905059823 124.50000000000001 -1.8527135252952573 -1.2838087081909177 87.500000000000014 157.50000000000003 -0.3671386837959289 -0.56735020875930775 0.024272809736430648 -10.499999999999998 -0.068053830415010438 0.37452894449234014 86.500000000000014 -0.45621821284294123 -0.93265295028686512 -0.099062561988830553 -0.0082102431915700418 -0.0015504865441471336 11.489629268646242 -0.025514533743262287
decision_type=10 8 10 10 10 10 10 8 10 10 10 8 10 8 10 10 10 10 10 2 8 8 8 10 10 10 10 10 10 10
left_child=1 26 10 4 21 17 -7 9 -5 23 11 12 24 -12 19 -16 -13 -6 -18 -15 -14 -4 -23 -3 -2 -11 -1 -27 -28 -25
right_child=2 7 3 8 5 6 -8 -9 -10 25 13 16 20 14 15 -17 18 -19 -20 -21 -22 22 -24 29 -26 27 28 -29 -30 -31
leaf_value=-0.0016311827192472448 -0.00034251109456531927 -0.0047073237931407356 0.00041507679545151846 -0.00035562157393121969 -0.002765209244363544 1.9210192428946987e-05 0.00041671735606191974 -0.0063740699766459278 -0.0037026723385224186 0.0015075346730840954 -0.0025855550177446992 -0.0041275862811789047 -0.00032198641925444541 0.0026165270533730261 -0.00095369633845424106 0.0015889502662930031 0.00098918672957643179 -0.00046092050285765143 -0.0012752608943749186 0.0005982386660164351 0.00072621571202399814 0.0026421636071630866 0.00095058072521961843 -0.0025338639264935268 -0.0029655177578794831 -0.002668340446833561 -0.00084997712465155072 2.1126129861849864e-05 0.0014443869407872261 -2.9994416772036758e-06
leaf_weight=2555 4153 3570 14370 119727 4488 722892 433867 2047 2707 2231 2513 2485 148625 4630 21934 6073 4038 61307 42641 35640 15245 11700 14515 7906 5273 2074 2466 3208 6012 2235
leaf_count=2555 4153 3570 14370 119727 4488 722892 433867 2047 2707 2231 2513 2485 148625 4630 21934 6073 4038 61307 42641 35640 15245 11700 14515 7906 5273 2074 2466 3208 6012 2235
internal_value=-5.74276e-06 -0.00167719 2.8721e-05 0.000108705 0.000162945 0.000124544 0.000168679 -0.002523 -0.000446823 -0.00199961 -0.000347717 -0.000532578 -0.00031989 0.000228669 0.000354655 -0.000373629 -0.00126546 -0.000642295 -0.00106461 0.000866891 -0.000220733 0.00129681 0.0017521 -0.00288978 -0.00191554 -0.000258692 0.000112855 -0.00112244 0.000733439 -0.00203062
internal_weight=1.71313e+06 34304 1.67882e+06 1.38557e+06 1.26314e+06 1.22255e+06 1.15676e+06 23271 122434 21224 293250 222460 173296 70790 68277 28007 49164 65795 46679 40270 163870 40585 26215 13711 9426 7513 11033 5282 8478 10141
internal_count=1713127 34304 1678823 1385573 1263139 1222554 1156759 23271 122434 21224 293250 222460 173296 70790 68277 28007 49164 65795 46679 40270 163870 40585 26215 13711 9426 7513 11033 5282 8478 10141
is_linear=0
shrinkage=0.03


Tree=82
num_leaves=22
num_cat=0
split_feature=19 15 15 15 15 17 9 2 14 20 19 0 25 27 20 25 19 32 8 0 5
split_gain=90.0445 146.913 62.7298 226.204 427.543 49.6737 46.7172 41.9635 32.4067 31.8897 30.1971 31.0068 28.5333 26.3921 17.3237 16.9974 12.9208 9.7292 7.81047 4.03314 2.6061
threshold=-1.0000000180025095e-35 1.0000000180025095e-35 7.7992677688598646e-05 -1.0000000180025095e-35 1.0000000180025095e-35 -0.47068542242050165 -0.39992123842239374 -0.0064552351832389823 -2.7120422124862666 -1.2838087081909177 -0.024545336142182347 0.004641890525817872 -0.69424396753311146 0.099216915667057051 0.50275492668151867 -0.40714405477046961 -2.3293266296386714 135.50000000000003 -0.51844048500061024 0.017974883317947391 -1.5367082953453062
decision_type=8 10 10 10 10 10 8 10 10 8 10 10 10 10 8 10 10 8 10 10 10
left_child=2 -2 3 5 -5 14 7 -7 -8 16 11 13 -13 -11 -1 17 -4 -12 -17 20 -6
right_child=1 -3 9 4 19 6 8 -9 -10 10 15 12 -14 -15 -16 18 -18 -19 -20 -21 -22
leaf_value=0.00072885034585389941 -0.0084352497322545093 0.00039629715851952855 -0.0028182852840413714 -0.014810832296401488 0.00064472220927984576 -0.00090537974858541414 -0.0002345089085394945 -0.00020130035159962413 0.00032570296889411065 -5.3285451097261184e-05 -0.00082687956689300648 0.0021848765209827236 0.00037841090526649022 0.00075884716256610315 0.0044223253254381222 0.00011067727266605069 0 -0.0026782339012554929 -0.0011902792388929085 -0.0014854226189754071 -0.00068305928485176757
leaf_weight=2750 2491 3676 3926 2235 2258 97453 156822 353867 225566 320779 15123 7620 434148 40018 2274 27224 2362 3177 4349 2124 2070
leaf_count=2750 2491 3676 3926 2235 2258 97453 156822 353867 225566 320779 15123 7620 434148 40018 2274 27224 2362 3177 4349 2124 2070
internal_value=-1.13646e-05 -0.00349106 2.05636e-06 -0.000180829 -0.00486369 -0.000129101 -0.000148143 -0.000354829 9.51635e-05 0.000182883 0.000199399 0.000244245 0.000412684 3.68879e-05 0.00270389 -0.000511573 -0.00186167 -0.00122693 -7.49305e-05 -0.000557403 0
internal_weight=1.71231e+06 6167 1.70614e+06 847419 8687 838732 833708 451320 382388 858726 852438 802565 441768 360797 5024 49873 6288 18300 31573 6452 4328
internal_count=1712312 6167 1706145 847419 8687 838732 833708 451320 382388 858726 852438 802565 441768 360797 5024 49873 6288 18300 31573 6452 4328
is_linear=0
shrinkage=0.03


Tree=83
num_leaves=22
num_cat=0
split_feature=19 3 8 16 14 17 18 9 11 1 20 18 29 8 19 3 5 20 29 27 19
split_gain=89.431 92.5344 61.1678 49.291 46.9598 49.9869 45.1606 45.4599 42.2294 31.2048 25.2318 27.4454 19.7265 15.8057 15.2969 15.1326 11.4236 9.69627 12.9239 9.6919 6.22426
threshold=-1.0000000180025095e-35 -0.0032654345268383618 -3.3971583843231197 0.14796626567840579 -3.2329759597778316 -0.3479101806879043 -0.15885975956916806 -0.44297949969768519 -0.021637690253555771 0.20391178131103518 -1.6198639869689939 -0.080887086689472185 -0.16779376566410062 -0.50042316317558277 -0.097993545234203325 -0.010419955942779778 0.38690811395645147 -0.04521596431732177 -0.028952755033969876 0.098180379718542113 -0.23598834127187726
decision_type=10 10 8 8 10 8 10 10 10 10 8 10 10 10 10 10 8 8 8 10 10
left_child=2 -2 3 17 9 12 7 -7 -8 10 16 -12 19 -14 15 -11 -4 18 -1 -6 -19
right_child=1 -3 4 -5 5 6 8 -9 -10 14 11 -13 13 -15 -16 -17 -18 20 -20 -21 -22
leaf_value=0.0017408260248128475 -0.0080868149847685439 0 -0.00045725929154275235 -0.0047524976127231115 -0.00071037080771325044 -0.00026240943712134548 -0.0019404956045080948 0.0001259057454653943 0.00054383695470498381 -0.00047829637819690816 -0.00044898633707240033 0.00049207809597788174 0.0011729503674849377 -0.00032875614740197619 -0.00064868912091209255 0.0021076580041009011 -0.0037209969797136213 -0.0022897315591174686 -0.0012201244940194921 0.0008599410168023332 -0.00015627386820212921
leaf_weight=2179 2018 2507 2004 3653 9975 477441 5843 626305 182399 2186 272972 30350 59549 6497 3222 8638 2491 3313 2072 4757 2409
leaf_count=2179 2018 2507 2004 3653 9975 477441 5843 626305 182399 2186 272972 30350 59549 6497 3222 8638 2491 3313 2072 4757 2409
internal_value=-2.7937e-05 -0.00402449 -1.60004e-05 -0.00198195 2.10103e-07 7.68784e-05 3.12272e-05 -4.18366e-05 0.000460198 -0.000325467 -0.000389791 -0.000353182 0.000798663 0.00101936 0.00102851 0.00156085 -0.00251741 -0.000760034 0.000257948 -0.000172034 -0.00152449
internal_weight=1.71278e+06 4525 1.70826e+06 13626 1.69463e+06 1.37277e+06 1.29199e+06 1.10375e+06 188242 321863 307817 303322 80778 66046 14046 10824 4495 9973 4251 14732 5722
internal_count=1712780 4525 1708255 13626 1694629 1372766 1291988 1103746 188242 321863 307817 303322 80778 66046 14046 10824 4495 9973 4251 14732 5722
is_linear=0
shrinkage=0.03


Tree=84
num_leaves=24
num_cat=0
split_feature=19 15 8 2 0 2 14 17 10 27 23 2 7 23 32 32 4 0 0 29 31 29 29
split_gain=94.0974 141.569 51.7508 50.9797 49.0891 54.4605 45.0631 38.9352 31.8628 30.2861 28.425 25.0977 19.7634 18.7159 16.5494 18.5958 16.4323 14.4879 10.0217 7.79528 6.6878 3.75693 2.04295
threshold=-1.0000000180025095e-35 0.00049364566802978526 -3.3971583843231197 0.0090812202543020266 0.23953849077224734 -0.0013046815874986348 -3.4577351808547969 -0.055973816663026803 -0.32749840617179865 0.099810186773538603 -1.7976592779159544 -0.011388853192329405 -0.047157177701592438 -1.2704095840454099 88.500000000000014 124.50000000000001 -0.068512007594108568 -0.14381140470504758 0.05709084868431092 -0.080640118569135652 12.721043586730959 -0.00089723465498536814 -0.019594347104430195
decision_type=8 10 10 10 8 10 8 8 10 10 10 10 8 10 8 10 10 10 10 10 10 10 8
left_child=2 -2 11 4 6 12 10 -8 -7 14 -4 22 -6 20 18 -16 -15 -13 -5 -19 -11 -21 -1
right_child=1 -3 3 9 5 8 7 -9 -10 13 -12 17 -14 16 15 -17 -18 19 -20 21 -22 -23 -24
leaf_value=-0.0018497212763982217 -0.0083907908527667933 0.00030085912358279808 -0.0016768216315099316 0.00026432935696718731 -0.001370352307898599 -0.0067695957506500419 -4.5154787145987837e-05 0.00027844927038884554 -0.0013367561837799974 -0.00014243231293122342 -0.00029202217205682795 -0.0024812138556300051 0.0020862965751977931 0.0037027315190544014 -0.0009738580332861852 0.00075391143776624503 0.0014097423039230283 0.0013657441250539137 0.0015852851180722179 -0.0013761485262115195 0.0015524061475778322 0.0001618528457120804 -0.004451580299434107
leaf_weight=2281 2496 3639 13987 11073 3092 2037 860887 545545 2352 5005 197815 2491 2037 5368 12037 9532 8832 2095 10898 2399 2729 2041 2251
leaf_count=2281 2496 3639 13987 11073 3092 2037 860887 545545 2352 5005 197815 2491 2037 5368 12037 9532 8832 2095 10898 2399 2729 2041 2251
internal_value=9.50388e-06 -0.00355592 2.35331e-05 3.8745e-05 5.42258e-06 -0.00208787 1.85612e-05 8.021e-05 -0.00435404 0.000856309 -0.000388619 -0.00178872 1.25473e-05 0.0017568 0.000381066 -0.000196929 0.00239342 -0.000751143 0.000953592 0 0.000477123 -0.000663601 -0.00351557
internal_weight=1.71292e+06 6135 1.70678e+06 1.69323e+06 1.62775e+06 9518 1.61823e+06 1.40643e+06 4389 65474 211802 13558 5129 21934 43540 21569 14200 9026 21971 6535 7734 4440 4532
internal_count=1712919 6135 1706784 1693226 1627752 9518 1618234 1406432 4389 65474 211802 13558 5129 21934 43540 21569 14200 9026 21971 6535 7734 4440 4532
is_linear=0
shrinkage=0.03


Tree=85
num_leaves=24
num_cat=0
split_feature=19 15 16 6 29 19 3 19 27 14 19 31 15 16 4 1 3 17 17 16 24 7 20
split_gain=81.1622 83.0496 57.9258 61.7129 52.5295 35.9509 32.4559 31.6737 40.4638 29.1071 25.0273 24.3763 22.3234 21.3173 19.3819 19.3793 16.1875 11.3305 9.23516 9.19934 7.42011 6.16994 4.64447
threshold=-1.0000000180025095e-35 0.011827230453491213 -0.15958222001790998 -6.4999999999999991 0.1047678552567959 -0.024545336142182347 -0.0019084498635493217 -0.056700512766838067 0.11128951609134675 -3.2602096796035762 -1.4307866692543028 13.166903495788576 0.02242258191108704 -0.36280530691146845 -0.037961779162287705 0.0025427937507629399 -0.007052303757518529 -0.4090414941310882 -0.34303385019302363 -0.21076681464910504 -2.4999999999999996 -0.021746495738625523 0.25279065966606146
decision_type=10 10 8 2 8 10 10 10 10 10 10 8 10 10 10 8 8 10 10 10 2 10 10
left_child=2 -2 7 -4 5 6 -5 8 10 12 16 14 -6 -12 17 -11 -1 -9 -16 -10 -13 -7 -22
right_child=1 -3 3 4 9 21 -8 11 19 15 13 20 -14 -15 18 -17 -18 -19 -20 -21 22 -23 -24
leaf_value=-0.002790065566287418 -0.0076701558046912682 0 -0.0046081745571226696 -0.0001994260587844627 -0.00095222773138831931 -0.0018506156193601739 0.00017346720248441748 0.00055652022625720548 0.0048480515194910751 2.0707063290802778e-05 0.002810920036863695 -0.0025037027873408852 0.0011840904797486137 0.00065592574286064682 0.0012795765410157857 -0.00045299733355918647 0 -0.0011485424046403013 0.0001384396508147601 0.0013699184638165446 -0.0016988788685370897 -0.00069598839334169714 -1.4196434064019226e-05
leaf_weight=2389 2019 2489 2189 282599 82457 5393 809225 4423 2088 153228 3946 3460 4112 117737 12002 154782 4876 10985 14696 2101 2040 27896 4424
leaf_count=2389 2019 2489 2189 282599 82457 5393 809225 4423 2088 153228 3946 3460 4112 117737 12002 154782 4876 10985 14696 2101 2040 27896 4424
internal_value=-1.60968e-05 -0.00382973 -4.73155e-06 -6.59158e-05 -5.76622e-05 4.6583e-05 7.66287e-05 0.000495347 0.000740211 -0.000355352 0.000635079 -0.000126594 -0.000841091 0.000739481 0.000186587 -0.000216716 -0.00100997 -0.000638123 0.000676557 0.00349966 -0.00142937 -0.00091654 -0.000672754
internal_weight=1.71156e+06 4508 1.70705e+06 1.52188e+06 1.51969e+06 1.12511e+06 1.09182e+06 185167 133137 394579 128948 52030 86569 121683 42106 308010 7265 15408 26698 4189 9924 33289 6464
internal_count=1711556 4508 1707048 1521881 1519692 1125113 1091824 185167 133137 394579 128948 52030 86569 121683 42106 308010 7265 15408 26698 4189 9924 33289 6464
is_linear=0
shrinkage=0.03


Tree=86
num_leaves=25
num_cat=0
split_feature=12 21 9 12 0 16 15 2 11 18 12 19 0 0 31 32 16 17 15 17 20 32 7 32
split_gain=92.6357 148.304 50.3307 47.0574 42.022 40.204 29.5621 33.1599 29.1857 38.7127 26.2308 26.2159 24.6592 24.2275 24.2104 22.924 21.01 20.2982 22.6215 18.5224 15.9625 13.9147 7.96738 2.47408
threshold=-12.590905666351317 -0.25000000745058054 -0.73462483286857594 -16.368467330932614 -0.17796766757965085 -0.36280530691146845 0.00032955408096313482 -0.021752090193331238 -0.020797897130250927 -0.076851952821016298 -14.786999225616453 -1.0141792893409727 0.043667554855346687 -0.0015377998352050779 12.464219093322756 71.500000000000014 0.01985898427665234 -0.059445045888423913 -0.0060688853263854972 0.55249032378196727 -0.97945886850357045 154.50000000000003 -0.061456628143787377 100.50000000000001
decision_type=8 2 8 8 8 8 10 8 10 8 10 8 10 10 10 8 8 10 8 10 8 10 10 8
left_child=2 23 4 8 10 22 7 -7 13 12 14 -6 -10 20 -1 -15 -8 18 -13 -11 -4 -19 -5 -2
right_child=1 -3 3 5 11 6 16 -9 9 19 -12 17 -14 15 -16 -17 -18 21 -20 -21 -22 -23 -24 -25
leaf_value=-0.0027411797306600436 0.0010530529098951376 -0.0080472902804168932 -0.00029427507413943698 0.0037479400582510888 -0.0029108531592424909 -0.0022711905148443817 0.00013575472294371124 -3.308700618019289e-05 -0.00062887203840957852 0.00043365795994910355 -0.0050838257023148705 -0.0017483489220994858 0.00018579306773493226 0.00090015649114197935 0.0010811621685579175 -0.0017340457820626042 0.00054368466292264712 -1.726280604498307e-05 -0.00038264762713984929 0.0026402188122988078 -0.0032339947782531239 0.0017897292782366942 0.0010148411981678058 -0.00023148335962796653
leaf_weight=3116 2003 2855 2577 2539 3320 5516 523305 696135 126446 15806 2388 13808 44447 5375 2037 5424 146188 36272 52301 4172 6975 3749 2726 2007
leaf_count=3116 2003 2855 2577 2539 3320 5516 523305 696135 126446 15806 2388 13808 44447 5375 2037 5424 146188 36272 52301 4172 6975 3749 2726 2007
internal_value=-2.92591e-05 -0.00338672 -1.45725e-05 2.95773e-05 -0.000613839 9.37693e-05 8.30011e-05 -5.27138e-05 -0.000386541 -0.000267416 -0.00271748 -0.000454472 -0.000415314 -0.00145622 -0.00121514 -0.000414556 0.000225616 -0.000361528 -0.000683384 0.000962317 -0.00252483 0.0001646 0.00259564 0.000389238
internal_weight=1.71149e+06 6865 1.70462e+06 1.58763e+06 116991 1.37641e+06 1.37114e+06 701651 211222 190871 7541 109450 170893 20351 5153 10799 669493 106130 66109 19978 9552 40021 5265 4010
internal_count=1711487 6865 1704622 1587631 116991 1376409 1371144 701651 211222 190871 7541 109450 170893 20351 5153 10799 669493 106130 66109 19978 9552 40021 5265 4010
is_linear=0
shrinkage=0.03


Tree=87
num_leaves=17
num_cat=0
split_feature=9 23 19 0 15 14 1 9 21 3 25 0 0 31 28 25
split_gain=83.251 52.3919 49.9489 46.6207 38.2641 48.7323 53.7689 40.7898 31.4647 29.6172 28.804 27.9327 14.1251 12.2621 7.48969 5.89814
threshold=-1.2401576638221739 -3.490174293518066 -1.0000000180025095e-35 0.11665806174278261 0.0051789581775665292 -2.6613078117370601 0.30098974704742437 -0.54265412688255299 -0.55000001192092884 0.0027830942999571566 -0.6180262267589568 0.0068965256214141854 0.037728279829025275 12.288644790649416 -0.010518635623157023 -0.57563918828964222
decision_type=10 10 10 8 8 10 10 10 2 8 8 10 8 10 8 10
left_child=9 8 4 -4 5 6 -3 -7 -2 15 12 -12 -6 14 -10 -1
right_child=1 2 3 -5 10 7 -8 -9 13 -11 11 -13 -14 -15 -16 -17
leaf_value=-0.0019375508372580443 -0.0037136178713845368 -0.00031082310124092829 0.00018037551665576944 -0.0056405966129044081 0.00058433830801040408 -0.00028194644241172383 0.0031274398827745159 0.00023607390843261949 0.0014620397103118183 -0.0047552191129809022 -0.00017400733424105438 0.00035140479607437557 0.0016215535032905529 -0.0019784349889612209 -0.00060427936812243585 5.7021294373515379e-05
leaf_weight=2047 4598 474155 2060 2192 61810 180765 3618 553608 2109 3775 138664 260368 15227 3214 3342 2168
leaf_count=2047 4598 474155 2060 2192 61810 180765 3618 553608 2109 3775 138664 260368 15227 3214 3342 2168
internal_value=5.36353e-06 2.02819e-05 3.54365e-05 -0.00303509 4.4244e-05 -4.5068e-05 -0.000280917 0.000108051 -0.00182279 -0.00295776 0.000272084 0.000168083 0.000802356 -0.000638853 0.00020044 -0.000950755
internal_weight=1.71372e+06 1.70573e+06 1.69247e+06 4252 1.68822e+06 1.21215e+06 477773 734373 13263 7990 476069 399032 77037 8665 5451 4215
internal_count=1713720 1705730 1692467 4252 1688215 1212146 477773 734373 13263 7990 476069 399032 77037 8665 5451 4215
is_linear=0
shrinkage=0.03


Tree=88
num_leaves=26
num_cat=0
split_feature=12 15 15 15 15 7 8 6 1 14 12 24 11 25 3 14 27 32 8 10 12 25 3 23 14
split_gain=88.9167 178.969 347.758 57.4284 117.073 105.094 54.8761 43.3522 32.8956 32.844 28.6836 26.448 29.1145 22.2791 21.1384 19.8545 19.7814 16.5937 14.6425 12.823 9.6538 9.5884 13.6011 6.97669 3.94287
threshold=-12.590905666351317 -7.659196853637694e-05 0.0025412738323211674 7.7992677688598646e-05 -1.0000000180025095e-35 -0.033926151692867272 -2.0554189682006831 -2.4999999999999996 0.33234113454818731 -2.7472709417343135 -16.949718475341793 -19.499999999999996 -0.023295553401112553 -0.63769710063934315 1.0000000180025095e-35 -2.304083943367004 0.088556535542011275 114.50000000000001 -1.615125775337219 -0.403636485338211 -15.515012264251707 -0.4616952240467071 -6.8485736846923815e-05 -0.8400578200817107 -2.5348864793777461
decision_type=8 8 10 10 10 10 8 2 10 10 10 2 10 10 10 10 10 10 10 10 10 10 8 10 10
left_child=3 -2 -3 4 6 -6 7 13 9 -8 18 15 19 -1 -9 17 -14 -12 -5 -13 -7 22 -20 -23 -10
right_child=1 2 -4 10 5 20 8 14 24 -11 11 12 16 -15 -16 -17 -18 -19 21 -21 -22 23 -24 -25 -26
leaf_value=-0.0053079727266123183 0.0025067519311324808 -0.014541032166108293 0.0013056260105582607 -0.002761714683076396 -0.0084675710104215301 5.8239526949865669e-05 -0.0003523825711266503 -0.0014176449184462999 0.0033635730911805045 4.8858776702843879e-05 0.002722402819815293 -0.0027865446480045525 0.00014361664768975594 -0.0011068842243638069 0 -0.00037816085043820553 0.00057090340509317438 -0.00011315288182623052 -0.0014041628751379803 -0.00056839730653445472 -0.0021664540231063904 -0.00029898686686309715 0.00024140394343859933 0.0014368579957230359 0.00096648841542642161
leaf_weight=2777 2629 2007 2267 2507 2288 2636 288258 20544 2020 501192 8104 3076 690917 2578 16989 3390 114091 2065 12715 9489 3494 4711 6245 2833 2191
leaf_count=2777 2629 2007 2267 2507 2288 2636 288258 20544 2020 501192 8104 3076 690917 2578 16989 3390 114091 2065 12715 9489 3494 4711 6245 2833 2191
internal_value=-1.49787e-05 -0.0032957 -0.00681644 -5.58874e-07 -0.000176342 -0.00359697 -0.000139435 -0.00117888 -8.21801e-05 -9.74001e-05 0.000171776 0.000204585 0.000181863 -0.00360397 -0.000782165 0.00149813 0.000204864 0.00214016 -0.000745525 -0.00122024 -0.0012323 -0.000496101 -0.000854457 0.000364374 0.00241499
internal_weight=1.71201e+06 6903 4274 1.70511e+06 844967 8418 836549 42888 793661 789450 860143 831132 817573 5355 37533 13559 805008 10169 29011 12565 6130 26504 18960 7544 4211
internal_count=1712013 6903 4274 1705110 844967 8418 836549 42888 793661 789450 860143 831132 817573 5355 37533 13559 805008 10169 29011 12565 6130 26504 18960 7544 4211
is_linear=0
shrinkage=0.03


Tree=89
num_leaves=21
num_cat=0
split_feature=19 15 2 12 9 2 15 2 31 20 11 0 31 25 16 17 14 1 25 28
split_gain=91.1184 92.2053 63.7249 48.7987 46.7505 47.8245 45.6535 36.9792 45.0055 32.9638 32.363 33.0186 27.894 23.2161 22.4295 25.4463 19.5124 17.0073 12.0118 7.82944
threshold=-1.0000000180025095e-35 0.011559784412384035 -0.025084488093852993 -16.325232505798336 -0.38555830717086786 0.011358715593814852 -0.010380685329437254 -4.9446522098151029e-05 12.143583774566652 -0.096317887306213365 -0.019728801213204857 0.004641890525817872 13.334651470184328 -0.49984423816204065 -0.17015773802995679 -0.029533365741372105 -2.8210812807083125 0.30098974704742437 -0.57156479358673085 0.38032099604606634
decision_type=10 10 10 8 10 8 8 10 10 8 10 10 8 10 8 10 10 8 8 8
left_child=2 -2 12 10 5 6 -5 8 -6 -9 11 13 16 -4 19 -16 -1 -7 -13 -12
right_child=1 -3 3 4 7 17 -8 9 -10 -11 14 18 -14 -15 15 -17 -18 -19 -20 -21
leaf_value=0.00084990961492595709 -0.0081104512037582926 0 -0.0029680134561712451 -0.00065010637765555604 0.00099508568082834459 0.00070185070661654496 -1.4767920221484989e-06 0.00079023991234137322 0.00019621516917816317 -4.2299839112009792e-05 0.001449601342296931 0.00074254175673328128 -0.0047609389248587462 0.00033085701683713807 -0.00078117244327921087 -7.049833405253596e-05 -0.0026501713324436744 0.0027962166599262328 -0.00099332137199917986 -0.00041865756326320687
leaf_weight=2317 2008 2518 10752 112168 116371 10116 740324 49673 142125 287878 8531 5360 2907 2010 70615 128431 2377 5811 8459 2062
leaf_count=2317 2008 2518 10752 112168 116371 10116 740324 49673 142125 287878 8531 5360 2907 2010 70615 128431 2377 5811 8459 2062
internal_value=-5.42701e-06 -0.00403896 6.26271e-06 1.90764e-05 8.38175e-05 -5.63257e-05 -8.7504e-05 0.00028838 0.00055824 8.03144e-05 -0.000380353 -0.00135939 -0.00264793 -0.00243294 -0.000251851 -0.000325451 -0.000949239 0.0015461 -0.00029666 0.00105641
internal_weight=1.71281e+06 4526 1.70829e+06 1.70069e+06 1.46447e+06 868419 852492 596047 258496 337551 236220 26581 7601 12762 209639 199046 4694 15927 13819 10593
internal_count=1712813 4526 1708287 1700686 1464466 868419 852492 596047 258496 337551 236220 26581 7601 12762 209639 199046 4694 15927 13819 10593
is_linear=0
shrinkage=0.03


Tree=90
num_leaves=23
num_cat=0
split_feature=19 3 0 23 25 19 16 13 0 24 8 1 7 32 18 32 32 17 10 4 7 5
split_gain=98.825 145.705 55.5122 58.0135 50.084 41.5983 48.8145 45.7266 53.7364 41.3654 49.3261 35.2464 31.6303 36.4386 25.0171 21.2862 20.4734 16.1761 14.2738 13.5537 12.2202 6.80602
threshold=-1.0000000180025095e-35 -0.0057900415267795316 -0.052645683288574212 -0.29988785088062281 -0.26798655092716211 -0.041869873180985444 -0.25872075557708735 -11.954581260681151 0.0091412067413330095 -4.4999999999999991 -1.6766262054443357 0.0015695691108703615 -0.074458565562963472 127.50000000000001 -0.18477962166070935 120.50000000000001 123.50000000000001 -0.34303385019302363 0.076751407235860838 -0.035937825217843049 -0.024786121211946007 0.18568642437458041
decision_type=8 10 10 10 10 10 10 10 10 2 10 10 10 10 10 8 8 10 10 10 10 10
left_child=2 -2 3 4 9 6 12 8 -8 10 -1 -9 -4 -14 -11 17 -17 21 -18 -19 -3 -7
right_child=1 20 5 -5 -6 15 7 11 -10 14 -12 -13 13 -15 -16 16 18 19 -20 -21 -22 -23
leaf_value=-0.0023738339621015101 -0.0091206503469504398 -0.0015455558970302857 0.0041565106682853892 -0.00473183648804462 0.0038339431002353246 0.00080076331299807496 -0.00057727039204469918 0.00044138543446688139 0.00011895116852082949 -0.00037700186128053638 -0.00056276016090784471 5.3736255414176769e-05 0.00040487992528127621 0.0034754281610102889 0.00036150278703252106 -0.0035435010010662917 -0.0014817545063083872 -0.0011615915390533536 -0.00010329301656209669 -0.00019911421779644664 0.0013950450404964588 -0.0003033079562524828
leaf_weight=16552 2151 2026 2840 2258 2047 16020 167235 370551 244689 120083 72612 494813 20668 3816 61992 2501 14575 17322 13312 56027 2051 6434
leaf_count=16552 2151 2026 2840 2258 2047 16020 167235 370551 244689 120083 72612 494813 20668 3816 61992 2501 14575 17322 13312 56027 2051 6434
internal_value=-1.63148e-05 -0.00364509 -1.83049e-06 -0.000391523 -0.000345989 7.31174e-05 0.000123655 9.62835e-05 -0.000163334 -0.000385635 -0.000913668 0.000220234 0.00136764 0.000955429 -0.000123615 -0.000445414 -0.00113307 -0.00021943 -0.000847717 -0.0004368 -9.90044e-06 0.000471616
internal_weight=1.71258e+06 6228 1.70635e+06 275544 273286 1.4308e+06 1.30461e+06 1.27729e+06 411924 271239 89164 865364 27324 24484 182075 126191 30388 95803 27887 73349 4077 22454
internal_count=1712575 6228 1706347 275544 273286 1430803 1304612 1277288 411924 271239 89164 865364 27324 24484 182075 126191 30388 95803 27887 73349 4077 22454
is_linear=0
shrinkage=0.03


Tree=91
num_leaves=30
num_cat=0
split_feature=0 23 9 4 2 17 32 1 14 19 19 3 0 17 0 13 0 4 24 12 2 32 24 7 1 3 32 32 22
split_gain=86.6266 134.638 54.3797 49.5654 39.6835 39.758 34.1155 33.8339 27.9932 27.7109 26.7347 39.1126 34.8949 26.5221 36.3428 26.4838 32.5442 24.6383 23.4598 23.1073 25.5877 22.4811 18.916 25.7232 18.6946 13.9511 12.5573 4.78996 3.58309
threshold=0.23953849077224734 -0.55294698476791371 -0.43101179599761957 -0.027118076570332047 -0.012077277991920708 -0.052450850605964654 23.500000000000004 0.38470250368118292 -3.6450582742691036 -0.10182556509971617 -0.92854824662208546 0.0026860624784603719 -0.2223435044288635 0.35084354877471929 -0.032425165176391595 -11.268226623535154 -0.086377382278442369 -0.072007883340120302 -6.4999999999999991 -16.949718475341793 0.00066185742616653453 190.50000000000003 -13.499999999999998 -0.040790788829326623 0.12370145320892335 -0.0021004929440096016 123.50000000000001 65.500000000000014 -7.4999999999999991
decision_type=8 8 10 10 10 10 10 10 8 10 10 10 10 10 10 10 10 10 2 8 10 8 2 8 10 10 10 8 2
left_child=2 3 4 6 13 15 -2 8 9 24 11 -7 -12 14 17 21 -17 -1 -15 26 -21 -6 -8 -24 -4 -16 -10 -11 -20
right_child=1 -3 7 -5 5 10 22 -9 19 27 12 -13 -14 18 25 16 -18 -19 28 20 -22 -23 23 -25 -26 -27 -28 -29 -30
leaf_value=-0.0024953967698142419 -0.0043442397195087813 -0.0083069548628407781 -0.00029293689607707548 0.0028534783133416682 -0.00041001606033028425 -0.0010719462895483879 0.0010437659452717434 0.0035389506215031128 -0.000902319895028963 -0.00063374671507810776 -0.0031981732489219485 0.00097462922265752726 0.00032869799789774477 -0.0012651185269509191 -0.00079278753576948074 -0.0016653986210277989 2.6735001905325884e-05 0.00036805652755678956 0.0028229031441849924 0.00041905758184196726 7.693686299080517e-05 -0.0013824876162290348 -0.0028450602093820603 0.0008637244958099845 0.00089459838331105957 0.0010951811269093021 0.00074531139101008338 -0.0022029750719955703 0.00063262702267553384
leaf_weight=19206 2775 2190 82644 2115 195704 30886 3175 2196 23133 3856 2041 10899 237478 2943 10755 10239 210282 2791 2074 414833 379137 24110 4327 2134 13366 4568 4456 6715 2004
leaf_count=19206 2775 2190 82644 2115 195704 30886 3175 2196 23133 3856 2041 10899 237478 2943 10755 10239 210282 2791 2074 414833 379137 24110 4327 2134 13366 4568 4456 6715 2004
internal_value=8.92041e-07 -0.00211626 2.25493e-05 -0.000917593 -0.000164386 -0.00011003 -0.00166909 0.000176788 0.000166608 -0.000288627 0.000167712 -0.00052582 0.000290795 -0.00103122 -0.00134943 -0.000288133 -5.40648e-05 -0.00211864 0.000597586 0.000226171 0.000256217 -0.000520937 -0.000692799 -0.00160294 -0.000120728 -0.000194176 -0.000616995 -0.00171214 0.00199874
internal_weight=1.71303e+06 16716 1.69632e+06 14526 765980 721639 12411 930336 928140 106581 281304 41785 239519 44341 37320 440335 220521 21997 7021 821559 793970 219814 9636 6461 96010 15323 27589 10571 4078
internal_count=1713032 16716 1696316 14526 765980 721639 12411 930336 928140 106581 281304 41785 239519 44341 37320 440335 220521 21997 7021 821559 793970 219814 9636 6461 96010 15323 27589 10571 4078
is_linear=0
shrinkage=0.03


Tree=92
num_leaves=31
num_cat=0
split_feature=0 11 23 18 12 0 7 20 8 8 15 0 27 2 20 28 28 24 23 32 32 14 11 20 12 10 32 18 32 20
split_gain=83.6245 122.31 42.8693 48.983 48.1228 45.6492 39.3621 37.8126 31.6333 30.8158 30.4897 30.3321 29.0962 25.7387 25.1466 21.503 26.8385 20.7652 19.902 19.7973 24.4296 18.74 17.4105 16.1697 14.9265 14.204 13.5572 10.093 10.0628 8.24324
threshold=0.23953849077224734 -0.0064488411881029597 -1.8251809477806089 -0.11031242087483405 -16.245450019836422 0.043667554855346687 -0.042963808402419083 0.37452894449234014 -2.8683488368988033 -1.0065891146659849 0.0026286840438842778 0.0091412067413330095 0.080553036183118834 0.017430720850825313 0.29215276241302496 -0.13959926366806027 0.076133210211992278 -15.499999999999998 -1.2899413704872129 143.50000000000003 93.500000000000014 -2.3608540296554561 -0.017978080548346039 -0.085629224777221666 -14.946652889251707 -0.20058236271142957 156.50000000000003 -0.20166757702827451 89.500000000000014 -0.3389627337455749
decision_type=8 10 8 8 10 10 10 8 10 10 10 10 10 10 8 8 10 2 10 8 10 10 10 8 10 10 8 10 10 10
left_child=2 6 8 4 5 18 13 11 10 19 27 -6 -9 17 15 29 -17 -2 -4 20 -5 -12 -11 -7 -16 -8 -21 -1 -24 -10
right_child=1 -3 3 9 7 23 25 12 14 22 21 -13 -14 -15 24 16 -18 -19 -20 26 -22 -23 28 -25 -26 -27 -28 -29 -30 -31
leaf_value=-0.0048488141332808351 -0.00022649223850393038 -0.0081562129424472551 -0.0014264112060602657 0.00085993556169454888 -0.00011975433935602382 0.00096940013390665923 0.0027936999438212214 0.00020736468344117299 -0.0031943746519252831 -0.0017339496232869967 -0.0020617049000146528 0.00019302207342994157 0.0012326882394027309 0.00072913730839491359 -0.0023431758888525652 0.00011858241239627826 -0.00096483679289477008 -0.0036508197502617486 -0.00052254941010502988 -0.0017016241649014659 0.0022964860623120144 0.0011248596969362164 0.00059262876320320625 -0.00010812027541115473 0 -0.00032286892142640753 0.00054700309439896999 -0.0018193796586236904 -0.00026375206828798076 -0.00057403373383862078
leaf_weight=2428 2505 2078 27421 36795 628590 21099 2133 65197 2398 3762 2437 500629 40992 2135 8017 89951 26042 5660 121683 2815 16024 3260 31044 28649 3650 2148 8282 3827 19347 2693
leaf_count=2428 2505 2078 27421 36795 628590 21099 2133 65197 2398 3762 2437 500629 40992 2135 8017 89951 26042 5660 121683 2815 16024 3260 31044 28649 3650 2148 8282 3827 19347 2693
internal_value=-1.85242e-05 -0.00210235 2.36832e-06 4.86377e-05 0 -0.000432336 -0.000977888 6.99588e-05 -0.000490388 0.000634655 -0.0019431 1.86708e-05 0.000609903 -0.00196744 -0.000350543 -0.000216089 -0.000125182 -0.00270856 -0.000694991 0.00107863 0.00131883 -0.000246209 0.00010007 0.000348003 -0.00165507 0.00129698 -4.6314e-05 -0.00331159 0.000258576 -0.00203724
internal_weight=1.71369e+06 16659 1.69703e+06 1.55233e+06 1.43426e+06 198852 14581 1.23541e+06 144703 118069 11952 1.12922e+06 106189 10300 132751 121084 115993 8165 149104 63916 52819 5697 54153 49748 11667 4281 11097 6255 50391 5091
internal_count=1713691 16659 1697032 1552329 1434260 198852 14581 1235408 144703 118069 11952 1129219 106189 10300 132751 121084 115993 8165 149104 63916 52819 5697 54153 49748 11667 4281 11097 6255 50391 5091
is_linear=0
shrinkage=0.03


Tree=93
num_leaves=27
num_cat=0
split_feature=19 0 0 19 23 10 20 18 15 12 17 32 8 23 2 11 32 17 32 9 17 26 7 32 0 13
split_gain=67.7783 61.5537 49.4727 54.2675 38.7448 49.0511 38.1272 34.6431 37.2579 34.2065 34.0803 24.0618 23.6087 20.1261 26.2357 19.4006 18.3004 15.3629 14.3998 14.3105 15.8988 13.4687 12.2005 11.1941 9.28545 7.91062
threshold=-1.0000000180025095e-35 0.11665806174278261 -0.025524258613586422 -0.041869873180985444 -2.1531140804290767 0.68681031465530407 0.36835342645645147 -0.076851952821016298 -0.02287197113037109 -16.949718475341793 -0.054252604022622102 143.50000000000003 -3.3971583843231197 -1.701005697250366 -0.0063364952802658072 -0.020797897130250927 115.50000000000001 0.42498636245727545 74.500000000000014 -0.52167844772338856 -0.35813848674297327 1.0000000180025095e-35 -0.027019311673939225 127.50000000000001 0.066580414772033705 -11.296994209289549
decision_type=10 8 10 10 8 8 10 10 8 8 8 8 8 10 10 10 8 10 8 10 10 2 10 10 10 10
left_child=2 -2 4 6 12 7 9 8 -6 18 -11 -9 -1 -8 -15 21 19 -17 -4 25 -21 -14 23 -18 -24 -5
right_child=1 -3 3 16 5 -7 13 11 -10 10 -12 -13 15 14 -16 17 22 -19 -20 20 -22 -23 24 -25 -26 -27
leaf_value=-0.0034156947984377191 0.00027015341587816716 -0.0063092077758945412 -0.00013752412864413081 -0.0018244303169965411 -0.0013996533745771892 -0.0040838847720904015 -0.00088219999846156068 0.00090989030991504936 -0.00015971907994605033 3.9160566645773737e-05 0.00039484759046920585 -0.00085274092316861344 -0.0034530200364340431 0.0035544717105290783 0.0009676377452826697 -0.00073218183534119068 -0.0030943391470299396 0.0015110304821143873 -0.0013452452871871778 0.00085798493166432447 -0.00026077280702433667 -0.00065203809303841147 -0.0010196473625427788 -0.00063891897388485756 0.00024268861088310614 -0.00047817881989894133
leaf_weight=3600 2065 2410 18723 6118 22730 2364 3874 40549 387419 603019 407529 7812 3489 3685 36122 18763 4181 2661 17792 13696 57743 3508 20211 3675 6328 13338
leaf_count=3600 2065 2410 18723 6118 22730 2364 3874 40549 387419 603019 407529 7812 3489 3685 36122 18763 4181 2661 17792 13696 57743 3508 20211 3675 6328 13338
internal_value=5.45034e-06 -0.00349082 1.57995e-05 0.000118726 -0.000237387 -0.000165822 0.000186893 -0.000140541 -0.000230786 0.000150055 0.000183021 0.000613211 -0.0012398 0.00105144 0.00125567 -0.000899523 -0.000470723 -0.00041177 -0.000744316 -0.000240706 -3.76463e-05 -0.00222589 -0.00105783 -0.00208857 -0.000708637 -0.00095165
internal_weight=1.7134e+06 4475 1.70893e+06 1.21603e+06 492895 460874 1.09074e+06 458510 410149 1.04706e+06 1.01055e+06 48361 32021 43681 39807 28421 125290 21424 36515 90895 71439 6997 34395 7856 26539 19456
internal_count=1713404 4475 1708929 1216034 492895 460874 1090744 458510 410149 1047063 1010548 48361 32021 43681 39807 28421 125290 21424 36515 90895 71439 6997 34395 7856 26539 19456
is_linear=0
shrinkage=0.03


Tree=94
num_leaves=24
num_cat=0
split_feature=0 11 23 4 15 15 0 18 9 19 17 1 0 11 4 28 18 1 11 22 20 8 28
split_gain=86.1772 141.781 50.8324 42.1461 39.025 135.672 105.267 36.0251 44.3886 27.5952 26.681 23.7993 23.6743 22.2366 21.2404 20.2527 17.1291 18.8306 14.0823 13.3322 13.5829 12.1515 8.16614
threshold=0.23953849077224734 -0.0064488411881029597 -3.490174293518066 -0.029526296071708199 7.7992677688598646e-05 -1.0000000180025095e-35 0.047743946313858039 -0.080887086689472185 -0.39992123842239374 -2.3293266296386714 0.50027969479560863 -0.22206425666809079 0.023729234933853153 -0.020407057367265221 -0.058963203802704804 0.60781404376029979 -0.55116674304008473 0.13912153244018557 -0.018875412642955777 -7.4999999999999991 -1.1030323505401609 -1.4276251196861265 -0.021937382407486435
decision_type=8 10 10 10 10 8 10 8 10 10 10 10 10 10 10 8 10 8 10 2 10 10 8
left_child=2 3 11 15 5 7 14 8 -4 19 12 22 -11 -9 -7 16 -2 -18 -12 -6 -21 -13 -1
right_child=1 -3 4 -5 9 6 -8 13 -10 10 18 21 -14 -15 -16 -17 17 -19 -20 20 -22 -23 -24
leaf_value=-0.0010604653310618737 0.00064993957588193923 -0.0085912215159757686 -0.00034624559631835615 0.002602187636675829 0.00077255327183370934 -0.0037513841140197268 -0.0090756060501821865 -0.0014934271442866925 0.00011011250143486667 3.7564360250952131e-05 0 -0.0017302169504086039 0.0003648567583614285 0.00079186036171688021 -0.00016452338519927682 -0.004026911157699967 0 -0.0031037354332614426 0.0027987804159364657 -0.0029612588017197202 -0.00065779010421746626 0.00054270635069289671 -0.0040226445173865691
leaf_weight=2019 3576 2110 416218 2065 2070 2003 2018 3579 353746 487251 2572 3572 338531 54564 4250 2109 3182 3628 4872 3869 6682 3761 3724
leaf_count=2019 3576 2110 416218 2065 2070 2003 2018 3579 353746 487251 2572 3572 338531 54564 4250 2109 3182 3628 4872 3869 6682 3761 3724
internal_value=-1.22522e-05 -0.002127 8.98642e-06 -0.000916174 2.39107e-05 -0.000121155 -0.00383349 -8.14241e-05 -0.000136255 0.000167694 0.000189395 -0.00181909 0.000172241 0.00063454 -0.0015506 -0.00159848 -0.000915486 -0.00176678 0.00192396 -0.00119477 -0.00162537 -0.000565935 -0.00319766
internal_weight=1.71197e+06 16670 1.6953e+06 14560 1.68222e+06 836378 8271 828107 769964 845847 833226 13076 825782 58143 6253 12495 10386 6810 7444 12621 10551 7333 5743
internal_count=1711971 16670 1695301 14560 1682225 836378 8271 828107 769964 845847 833226 13076 825782 58143 6253 12495 10386 6810 7444 12621 10551 7333 5743
is_linear=0
shrinkage=0.03


Tree=95
num_leaves=29
num_cat=0
split_feature=0 11 23 4 2 8 15 1 2 20 15 32 32 3 31 11 13 24 0 0 29 15 30 20 0 0 32 0
split_gain=61.3943 121.815 54.2487 46.9916 44.5718 38.7465 35.3133 35.0101 34.9716 32.5444 31.2139 30.8989 30.1147 21.5401 19.8024 18.8975 17.5811 17.2717 16.0874 12.8332 14.6312 11.5082 9.98361 9.23219 7.30463 6.66002 5.33056 4.23855
threshold=0.23953849077224734 -0.0062745504546910516 -2.6657222509384151 -0.025881134904921051 0.014600737486034633 -2.5705569982528682 0.00032955408096313482 0.30098974704742437 -0.025084488093852993 0.37452894449234014 -1.0000000180025095e-35 105.50000000000001 72.500000000000014 -0.0044161989353597155 12.665897369384767 -0.017048754729330536 -12.451504707336424 -13.499999999999998 0.023173928260803226 0.069380402565002455 -0.0026976015651598568 0.0030803084373474125 0.026706635951995853 -0.23932754993438718 -0.010484218597412108 0.12709227204322818 99.500000000000014 0.014973431825637819
decision_type=8 10 8 8 10 10 10 8 10 8 8 10 8 10 8 10 10 2 10 10 8 10 10 10 10 10 8 10
left_child=2 3 5 11 6 14 8 26 -4 18 -10 13 -11 17 21 19 -15 -2 -8 20 -7 -1 24 -21 -17 -9 -6 -24
right_child=1 -3 4 -5 7 15 9 25 10 12 -12 -13 -14 16 -16 22 -18 -19 -20 23 -22 -23 27 -25 -26 -27 -28 -29
leaf_value=-0.0028565480535922066 -0.0010497088832048032 -0.0079145421469446649 -0.0030881737756439809 0.00281305204863622 0.00098119197945081686 -0.0004721739937505269 8.2004368962943767e-07 0.0019036929946907399 -5.6819048276455586e-05 0.00156882735757903 -0.0010629126732512892 0.0010268676230199673 0.00024242807408294086 -0.0022476495154146493 -0.0053246301625530347 0.0016691965961480961 0.001144040670444172 -0.0049904483392340009 0.00028598213597223103 -0.0010656768275793403 -0.0026015318982849042 0 -0.0017529259141849218 0.0013379323160607715 2.4625610335976063e-05 0.0049154999414489078 -0.00091589485834206441 0
leaf_weight=2508 2244 2007 3028 2315 2094 5734 443262 2925 809146 27249 28301 2960 36586 2244 2060 3678 2196 2788 299492 2534 7188 2399 2150 2218 6776 2262 2242 2299
leaf_count=2508 2244 2007 3028 2315 2094 5734 443262 2925 809146 27249 28301 2960 36586 2244 2060 3678 2196 2788 299492 2534 7188 2399 2150 2218 6776 2262 2242 2299
internal_value=-1.07868e-06 -0.00178175 1.68534e-05 -0.000695252 4.33891e-05 -0.00107396 3.10574e-05 0.00203837 -0.000104773 0.000172943 -9.17913e-05 -0.00145525 0.000821078 -0.00227359 -0.00303865 -0.000605132 -0.000563404 -0.00354103 0.000116321 -0.00125679 -0.00173179 -0.00161985 0.000163925 1.96566e-05 0.000680398 0.00358656 0 -0.000935167
internal_weight=1.71288e+06 16754 1.69613e+06 14747 1.65659e+06 39544 1.64706e+06 9523 840475 806589 837447 12432 63835 9472 6967 32577 4440 5032 742754 17674 12922 4907 14903 4752 10454 5187 4336 4449
internal_count=1712885 16754 1696131 14747 1656587 39544 1647064 9523 840475 806589 837447 12432 63835 9472 6967 32577 4440 5032 742754 17674 12922 4907 14903 4752 10454 5187 4336 4449
is_linear=0
shrinkage=0.03


Tree=96
num_leaves=20
num_cat=0
split_feature=23 0 1 15 15 15 17 30 3 24 18 13 1 31 3 8 1 0 25
split_gain=61.8554 110.666 49.0271 38.8404 183.511 378.693 51.8014 33.3212 32.5992 24.7386 28.9518 26.3899 24.8637 22.2539 20.7434 11.3116 8.8713 5.56563 5.3751
threshold=-0.21979377418756482 0.030562579631805423 -0.56735020875930775 7.7992677688598646e-05 -1.0000000180025095e-35 1.0000000180025095e-35 -0.47068542242050165 0.036882381886243827 -0.0019084498635493217 -19.499999999999996 -0.63493287563323964 -12.437071323394774 -0.03226810693740844 11.291672229766847 -0.0067500637378543607 -1.6550750732421873 0.18706259131431582 0.010560482740402223 -0.46712793409824366
decision_type=10 8 8 10 10 10 8 10 8 2 10 10 10 10 10 10 8 10 10
left_child=2 18 7 4 6 -6 16 15 -8 10 -5 13 -13 -11 -12 -1 -4 -7 -2
right_child=1 -3 3 9 5 17 8 -9 -10 11 14 12 -14 -15 -16 -17 -18 -19 -20
leaf_value=-0.0050308607093156443 0.00093281176246042831 -0.0078582093892274468 0.0012272817486202133 0.004114047419307763 -0.013278735215798171 0.000471587773477904 -0.00038728537922640957 0.00047034555939396008 2.1223009168898998e-05 -0.0011627655001593907 -0.00043145857115838373 0.0005125003633165299 0.00010446276252408899 -7.8132605690486024e-05 0.0019874145653072145 -0.001402016937431957 0.0042121089225944895 -0.0011853859732842893 -0.00091174784496811866
leaf_weight=2592 2162 2016 2878 2374 2417 3885 251724 2163 576154 19093 6517 184591 502651 137286 5250 2110 2123 2523 2533
leaf_count=2592 2162 2016 2878 2374 2417 3885 251724 2163 576154 19093 6517 184591 502651 137286 5250 2110 2123 2523 2533
internal_value=-8.23991e-06 -0.00278095 3.30086e-06 1.40569e-05 -0.000130491 -0.00431631 -8.32157e-05 -0.00243885 -0.000102784 0.000156241 0.00138132 0.000134545 0.000214789 -0.000215756 0.000660315 -0.00375138 0.0028166 -0.000175957 0
internal_weight=1.71304e+06 6711 1.70633e+06 1.69947e+06 841704 8825 832879 6865 827878 857762 14141 843621 687242 156379 11767 4702 5001 6408 4695
internal_count=1713042 6711 1706331 1699466 841704 8825 832879 6865 827878 857762 14141 843621 687242 156379 11767 4702 5001 6408 4695
is_linear=0
shrinkage=0.03


Tree=97
num_leaves=23
num_cat=0
split_feature=19 15 9 23 2 27 11 17 16 13 0 24 17 15 15 19 5 29 32 16 32 8
split_gain=65.3526 66.3259 50.0331 46.6085 36.4995 35.4559 54.1252 42.3024 37.7694 58.0193 34.1339 34.6316 33.9501 29.7365 27.5629 25.7693 24.434 21.69 21.6577 13.493 7.28347 6.06349
threshold=-1.0000000180025095e-35 0.012091487646102907 -0.67998072504997242 -0.353204995393753 -0.017182150855660435 0.07968639582395555 -0.021637690253555771 -0.3697101473808288 -0.056299192830920212 -11.632063865661619 0.23953849077224734 -13.499999999999998 -0.47068542242050165 0.01602888107299805 -0.013524591922760008 -0.062123326584696763 -0.37144951522350306 -0.065767899155616746 93.500000000000014 -0.25872075557708735 99.500000000000014 -1.1594787240028379
decision_type=10 10 10 10 8 10 10 8 10 10 8 2 10 10 10 8 10 8 8 10 8 10
left_child=2 -2 3 4 20 6 14 16 18 -10 15 -12 -6 -14 -4 -9 19 -16 -8 -7 -1 -18
right_child=1 -3 5 -5 12 7 8 10 9 -11 11 -13 13 -15 17 -17 21 -19 -20 -21 -22 -23
leaf_value=-0.0012044472659928939 -0.0068454942891688197 0 -0.0044700756580657577 -0.0039119806173916315 0.0029592120752961848 0.0038249417289333682 -2.2191085124069944e-05 0.00037298475560740209 -0.00014714655942666199 0.00038097753832670809 0.0005180665734450334 -0.0033304206951342446 -0.00024617922815560196 -0.0016900964085159026 0.00087389233162007095 -0.0009205691740902292 0.0015855748521321131 -0.0018338426094536803 -0.00044168344472573536 0.0015460775616207962 -0.0042550292120506405 6.6191824096225658e-05
leaf_weight=2264 2022 2461 2439 3004 2279 4132 270374 260787 332867 425079 3358 4248 145398 13746 3221 14046 2893 8740 189124 9183 2004 9514
leaf_count=2264 2022 2461 2439 3004 2279 4132 270374 260787 332867 425079 3358 4248 145398 13746 3221 14046 2893 8740 189124 9183 2004 9514
internal_value=4.3386e-06 -0.00342605 1.45138e-05 -0.000474965 -0.000399265 6.84638e-05 -3.33758e-06 0.000355995 1.8406e-05 0.000148702 0.000247231 -0.00166718 -0.000319723 -0.000377679 -0.00180071 0.000304233 0.00151135 -0.00107479 -0.000195794 0.00238782 -0.00299574 0.000491416
internal_weight=1.71318e+06 4483 1.7087e+06 168695 165691 1.54e+06 1.23184e+06 308161 1.21744e+06 757946 282439 7606 161423 159144 14400 274833 25722 11961 459498 13315 4268 12407
internal_count=1713183 4483 1708700 168695 165691 1540005 1231844 308161 1217444 757946 282439 7606 161423 159144 14400 274833 25722 11961 459498 13315 4268 12407
is_linear=0
shrinkage=0.03


Tree=98
num_leaves=29
num_cat=0
split_feature=12 15 16 24 17 8 15 13 31 0 27 0 19 27 31 12 3 26 3 17 27 7 2 13 2 22 15 29
split_gain=50.657 117.951 40.9902 41.5887 62.4799 59.3465 46.7515 41.3104 29.41 29.3002 41.6413 28.6801 23.2945 28.2999 23.4919 22.3407 19.4379 17.4374 31.2416 16.0568 15.4246 14.4515 13.2049 12.992 11.4342 8.02571 9.17414 6.95703
threshold=-12.590905666351317 -7.659196853637694e-05 -0.15035589039325711 -3.4999999999999996 -0.037342786788940423 -1.6550750732421873 -0.039338707923889153 -12.095189094543455 14.860848426818849 0.013497889041900637 0.094068665057420744 -0.13636368513107297 -0.067452970892190919 0.10160280019044877 13.237790107727053 -16.297900199890133 0.0011491164332255723 6.5000000000000009 -0.012392622884362934 -0.34303385019302363 0.078870769590139403 -0.078635260462760911 0.0043102651834487924 -11.790259838104246 0.0061998977325856694 -5.4999999999999991 0.0014227628707885744 -0.12626551091670987
decision_type=10 8 8 2 8 8 10 10 10 10 8 8 10 10 8 10 8 2 8 10 10 10 10 10 10 2 10 10
left_child=2 -2 12 5 7 6 -4 20 21 10 -7 -9 13 17 19 -11 -8 18 -1 24 -5 -6 -15 -21 -14 -16 -27 -10
right_child=1 -3 3 4 8 9 16 11 27 15 -12 -13 14 22 25 -17 -18 -19 -20 23 -22 -23 -24 -25 -26 26 -28 -29
leaf_value=-0.0011339083367477194 0.0019667626754784218 -0.0057582339494638649 -0.0054099119047079751 -0.00096216656878113328 -0.0016240768975829486 -0.00075550089661122015 -0.0016625213502495151 -0.0022334938973589311 -9.7472018486442904e-05 -0.00041268260257391317 0.00024610685878550045 -3.562836730479499e-05 0.0014441862951961159 0.00036011369897773519 -0.0024778307651523506 0.00045073693699210481 -0.00030170317405895655 0.0025516606969367109 0.00058796403857493899 -0.0016113183991264847 0.00023691406203533993 0.0003763317337956192 0.0035784081913024079 6.1452072612317254e-06 0.00016716059957923527 -0.0017616848439572618 8.0479004272002199e-05 -0.0024293009165583974
leaf_weight=9700 2665 3708 2021 65511 2738 118361 23721 4894 2039 39467 53625 661504 11272 2049 3112 81361 16922 3281 123779 4792 10655 406551 3716 26440 15259 3460 5468 3651
leaf_count=9700 2665 3708 2021 65511 2738 118361 23721 4894 2039 39467 53625 661504 11272 2049 3112 81361 16922 3281 123779 4792 10655 406551 3716 26440 15259 3460 5468 3651
internal_value=-5.7037e-06 -0.00257615 4.47861e-06 -5.08503e-05 3.41883e-05 -0.000344777 -0.00138455 -0.000130277 0.000329008 -0.000190154 -0.000441654 -5.38817e-05 0.000394149 0.000613585 -5.08115e-05 0.0001657 -0.00111378 0.000518385 0.000456831 0.000198646 -0.000790061 0.000360252 0.00260247 -0.000254051 0.000737496 -0.00123173 -0.000657189 -0.00171753
internal_weight=1.71172e+06 6373 1.70535e+06 1.49302e+06 1.15754e+06 335478 42664 742564 414979 292814 171986 666398 212328 142525 69803 120828 40643 136760 133479 57763 76166 409289 5765 31232 26531 12040 8928 5690
internal_count=1711722 6373 1705349 1493021 1157543 335478 42664 742564 414979 292814 171986 666398 212328 142525 69803 120828 40643 136760 133479 57763 76166 409289 5765 31232 26531 12040 8928 5690
is_linear=0
shrinkage=0.03


Tree=99
num_leaves=27
num_cat=0
split_feature=12 11 17 28 1 14 9 0 1 25 15 23 16 0 0 11 15 24 5 20 33 0 15 5 21 1
split_gain=71.9415 135.279 41.0956 38.0119 33.931 32.1537 36.1216 36.6127 33.3989 31.4127 29.6377 28.2179 24.4322 23.4681 20.7373 20.6851 16.7851 14.5441 14.2457 12.7292 12.2443 9.56316 8.34809 7.64347 11.2476 5.68607
threshold=-12.590905666351317 -0.0071170933078974477 -0.43440744280815119 0.1227724887430668 inf -2.8791984319686885 -0.5100727081298827 -0.16324651241302487 0.20391178131103518 -0.48734520375728602 0.0074453651905059823 -1.45509397983551 0.034183757379651077 -0.013526439666748045 0.0096216797828674334 -0.022117105312645432 -0.008061170578002928 -15.499999999999998 1.7265042066574099 0.3032300472259522 1.0000000180025095e-35 0.022640943527221683 0.0029062628746032719 -1.9738456606864927 -0.35000000894069666 0.15888544917106631
decision_type=8 8 8 8 8 8 8 8 10 10 10 10 10 10 10 10 10 2 8 8 8 8 10 10 2 8
left_child=2 4 16 5 -2 8 7 -7 10 -8 -4 14 17 -14 15 -5 21 -13 -10 -16 23 -1 -22 25 -25 -18
right_child=1 -3 3 11 -6 6 9 -9 18 -11 -12 12 13 -15 19 -17 20 -19 -20 -21 22 -23 -24 24 -26 -27
leaf_value=0.00089784773131153304 -0.0025282056169008164 -0.0083620955338873527 -0.00037463242488625125 -0.0032058613635792708 0.0021179934723924813 -0.0020015812405713707 0.00045182131604816478 -7.6188459867150202e-05 0.00044255480032120271 3.8870240830811537e-05 0.00025236237150029234 0.00075507073395122298 -8.2972872408245489e-05 0.0012566756353066617 0 -0.0010507487406952812 0 -0.00038298101044836972 0.0024632330313996208 -0.001627713237102505 0.00033813466661503945 0.0041016678691797167 0.0025359579518673021 0.00051893023624233268 -0.0016786773861212727 0.0019014823786469208
leaf_weight=2166 2032 2175 301781 4736 2700 8699 358295 286465 9338 311562 86512 10034 30651 18181 23714 27210 2707 195575 4903 4758 3119 2194 4177 4277 3128 2535
leaf_count=2166 2032 2175 301781 4736 2700 8699 358295 286465 9338 311562 86512 10034 30651 18181 23714 27210 2707 195575 4903 4758 3119 2194 4177 4277 3128 2535
internal_value=-1.88738e-05 -0.00296914 -5.89236e-06 -2.39316e-05 1.45571e-05 4.43273e-05 0.000138438 -0.000137237 -0.000180439 0.00026037 -0.000234021 -0.000320958 -0.000180229 0.000417402 -0.000902348 -0.00142397 0.00120612 -0.00032429 0.00121855 -0.000292252 0.000776392 0.00282789 0.00171683 0.000166381 -0.000418888 0.00100988
internal_weight=1.71362e+06 6907 1.70672e+06 1.68241e+06 4732 1.36756e+06 965021 295164 402534 669857 388293 314859 254441 48832 60418 31946 24303 205609 14241 28472 19943 4360 7296 12647 7405 5242
internal_count=1713624 6907 1706717 1682414 4732 1367555 965021 295164 402534 669857 388293 314859 254441 48832 60418 31946 24303 205609 14241 28472 19943 4360 7296 12647 7405 5242
is_linear=0
shrinkage=0.03


Tree=100
num_leaves=27
num_cat=0
split_feature=0 23 7 24 23 9 27 29 18 1 17 1 10 18 4 0 15 20 29 14 1 0 8 28 25 32
split_gain=68.887 131.964 44.6699 41.9739 39.889 32.3079 39.4934 35.4531 32.1721 49.6407 32.0947 29.0276 25.7813 25.3176 24.129 30.6824 23.7927 22.9413 21.6194 17.6976 17.277 16.1306 14.3433 13.3486 8.67486 2.86215
threshold=0.23953849077224734 -0.53416684269905079 -0.042963808402419083 -14.499999999999998 -3.490174293518066 -0.43693634867668146 0.077300015836954131 0.54398924112319957 -0.48363533616065973 -0.092416405677795396 -0.055973816663026803 -0.11920160055160521 -0.58277168869972218 -0.15101452916860578 -0.073442712426185594 0.023173928260803226 -0.039338707923889153 0.24700215458869937 -0.034913212060928338 -2.0937139987945552 -0.0036886334419250484 0.022640943527221683 -0.37637504935264582 -0.0064845178276300422 -0.5880850851535796 77.500000000000014
decision_type=8 8 8 2 10 10 8 8 10 8 10 10 10 10 10 10 10 10 10 10 10 10 10 8 10 8
left_child=4 2 3 -2 19 7 14 10 9 -8 17 -4 -10 22 15 -7 -12 -6 -5 21 -16 25 -9 -21 -15 -1
right_child=1 -3 11 18 5 6 8 13 12 -11 16 -13 -14 24 20 -17 -18 -19 -20 23 -22 -23 -24 -25 -26 -27
leaf_value=-0.0018437875202161952 0.00061098474299132338 -0.0081749418403285531 0.0035983692898953219 -0.0050126105375602487 -0.00036569979172493852 -0.00079930989069722995 0.0032240339008465574 -0.00083865489270439509 0.0025147909386235073 0.00073213062830272452 -0.0022375626305712109 -0.00068093228919045119 0.00014950310888399787 0.0019476371075017676 0.00030893428230810568 0.00043899107701998692 0.00022120182977629761 0.00016926123001090326 -0.0012261887832619659 0.001129237349419417 -8.0607667204060138e-06 -0.00071459217997243897 -0.0030215118025241254 -0.0015713596583016498 -0.00015520191228900659 -0.0047766662751011482
leaf_weight=2037 3584 2076 2341 2940 290932 59933 7907 59408 3825 60101 3072 2410 121677 3259 237806 24934 274544 94688 3407 2672 436213 3351 2574 2858 2746 2005
leaf_count=2037 3584 2076 2341 2940 290932 59933 7907 59408 3825 60101 3072 2410 121677 3259 237806 24934 274544 94688 3407 2672 436213 3351 2574 2858 2746 2005
internal_value=-6.30189e-06 -0.00189223 -0.00074413 -0.00187315 1.2702e-05 2.58566e-05 0.000141123 -0.000123859 0.000523244 0.00104765 -5.62231e-05 0.00151237 0.000233665 -0.000774058 4.30101e-05 -0.000431541 0.000188942 -0.000233515 -0.00326188 -0.00161587 0.000103482 -0.00253327 -0.00095756 -0.000231291 0.0010019 -0.00373035
internal_weight=1.7133e+06 16758 14682 9931 1.69654e+06 1.68362e+06 952396 731223 193510 68008 663236 4751 125502 67987 758886 84867 277616 385620 6347 12923 674019 7393 61982 5530 6005 4042
internal_count=1713300 16758 14682 9931 1696542 1683619 952396 731223 193510 68008 663236 4751 125502 67987 758886 84867 277616 385620 6347 12923 674019 7393 61982 5530 6005 4042
is_linear=0
shrinkage=0.03


Tree=101
num_leaves=26
num_cat=0
split_feature=3 11 15 15 15 2 17 8 27 17 14 19 16 25 8 30 17 25 32 32 31 8 15 5 25
split_gain=61.3546 98.4524 35.1841 144.35 318.488 35.0219 32.8813 29.8461 33.1695 27.5142 24.2012 23.2388 25.3445 20.5311 15.855 15.5593 14.991 14.6785 14.5371 18.6489 12.1573 10.9805 10.3355 4.01264 3.1768
threshold=-0.022366645745933052 -0.0094898170791566355 7.7992677688598646e-05 -1.0000000180025095e-35 1.0000000180025095e-35 -0.0072618143167346707 -0.052450850605964654 -2.7017740011215206 0.092884529381990447 -0.39035399258136744 -4.8241853713989249 -0.03028876148164272 -0.16723815351724622 -0.63013476133346547 -0.61819848418235768 -0.07793079316616057 -0.050537275150418275 -0.38833844661712641 120.50000000000001 125.50000000000001 12.561121463775637 -0.8789410889148711 0.0043317675590515145 -1.0114518404006956 -0.53211683034896839
decision_type=10 8 10 10 10 10 10 8 10 8 10 10 8 10 10 8 10 10 8 10 8 10 10 10 10
left_child=1 17 3 5 -5 7 9 20 -9 -7 16 12 14 -14 -12 -8 -4 -1 22 -20 -2 24 -13 -6 -18
right_child=2 -3 10 4 23 6 15 8 -10 -11 11 18 13 -15 -16 -17 21 -19 19 -21 -22 -23 -24 -25 -26
leaf_value=-0.0015999792875233795 -0.0011516612985062219 -0.0075512098131854943 -0.0028085519836260594 -0.012687968368870112 0.00035259036598916146 0.00088325348932306251 -0.00026955928132413667 -0.00068571901752459332 0.00040654564477867405 -0.00021817337664613553 0.0010979671030519624 -0.0007254492971208561 0.00052388915197626939 7.6188830836946479e-05 0.00018295983295186163 0.00036281023084860117 -0.00014808701263656652 0.0012716943658015022 -0.0023326206443549644 -0.00023215752892208561 -0.003591784911582695 -0.0016840141194700393 0.0001956108674571013 -0.0010258357673992994 0.0013048938101527401
leaf_weight=3009 6591 2017 3300 2135 3623 20875 40788 95096 33148 420362 43168 16175 108933 604719 29781 217402 2072 2394 6590 9263 3108 2814 30869 2817 2006
leaf_count=3009 6591 2017 3300 2135 3623 20875 40788 95096 33148 420362 43168 16175 108933 604719 29781 217402 2072 2394 6590 9263 3108 2814 30869 2817 2006
internal_value=-9.59174e-06 -0.00264399 2.46433e-06 -0.000134674 -0.00389882 -9.34655e-05 -6.73474e-06 -0.000529446 -0.000400582 -0.000164445 0.000137758 0.000155838 0.000200518 0.000145266 0.000732294 0.000261423 -0.00127798 -0.000276816 -0.000395375 -0.00116828 -0.00210075 -0.000364129 -0.000119063 -0.000237603 0.000565571
internal_weight=1.71306e+06 7420 1.70564e+06 845945 8575 837370 699427 137943 128244 441237 859690 849498 786601 713652 72949 258190 10192 5403 62897 15853 9699 6892 47044 6440 4078
internal_count=1713055 7420 1705635 845945 8575 837370 699427 137943 128244 441237 859690 849498 786601 713652 72949 258190 10192 5403 62897 15853 9699 6892 47044 6440 4078
is_linear=0
shrinkage=0.03


end of trees

feature_importances:
Column_0=202
Column_15=197
Column_16=118
Column_2=115
Column_19=114
Column_9=112
Column_8=106
Column_18=106
Column_1=104
Column_32=104
Column_12=101
Column_17=80
Column_23=80
Column_13=72
Column_11=67
Column_20=67
Column_14=62
Column_24=62
Column_31=58
Column_3=55
Column_27=54
Column_4=49
Column_25=47
Column_29=43
Column_7=36
Column_10=34
Column_21=26
Column_22=26
Column_5=25
Column_28=21
Column_30=13
Column_6=12
Column_26=10
Column_33=4

parameters:
[boosting: gbdt]
[objective: regression]
[metric: l2]
[tree_learner: serial]
[device_type: cpu]
[data_sample_strategy: bagging]
[data: ]
[valid: ]
[num_iterations: 2000]
[learning_rate: 0.03]
[num_leaves: 31]
[num_threads: 2]
[seed: 0]
[deterministic: 0]
[force_col_wise: 0]
[force_row_wise: 0]
[histogram_pool_size: -1]
[max_depth: 6]
[min_data_in_leaf: 2000]
[min_sum_hessian_in_leaf: 0.001]
[bagging_fraction: 0.8]
[pos_bagging_fraction: 1]
[neg_bagging_fraction: 1]
[bagging_freq: 1]
[bagging_seed: 7719]
[bagging_by_query: 0]
[feature_fraction: 0.8]
[feature_fraction_bynode: 1]
[feature_fraction_seed: 2437]
[extra_trees: 0]
[extra_seed: 11797]
[early_stopping_round: 0]
[early_stopping_min_delta: 0]
[first_metric_only: 0]
[max_delta_step: 0]
[lambda_l1: 10]
[lambda_l2: 500]
[linear_lambda: 0]
[min_gain_to_split: 0]
[drop_rate: 0.1]
[max_drop: 50]
[skip_drop: 0.5]
[xgboost_dart_mode: 0]
[uniform_drop: 0]
[drop_seed: 21238]
[top_rate: 0.2]
[other_rate: 0.1]
[min_data_per_group: 100]
[max_cat_threshold: 32]
[cat_l2: 10]
[cat_smooth: 10]
[max_cat_to_onehot: 4]
[top_k: 20]
[monotone_constraints: ]
[monotone_constraints_method: basic]
[monotone_penalty: 0]
[feature_contri: ]
[forcedsplits_filename: ]
[refit_decay_rate: 0.9]
[cegb_tradeoff: 1]
[cegb_penalty_split: 0]
[cegb_penalty_feature_lazy: ]
[cegb_penalty_feature_coupled: ]
[path_smooth: 0]
[interaction_constraints: ]
[verbosity: -1]
[saved_feature_importance_type: 0]
[use_quantized_grad: 0]
[num_grad_quant_bins: 4]
[quant_train_renew_leaf: 0]
[stochastic_rounding: 1]
[linear_tree: 0]
[max_bin: 255]
[max_bin_by_feature: ]
[min_data_in_bin: 3]
[bin_construct_sample_cnt: 200000]
[data_random_seed: 38]
[is_enable_sparse: 1]
[enable_bundle: 1]
[use_missing: 1]
[zero_as_missing: 0]
[feature_pre_filter: 1]
[pre_partition: 0]
[two_round: 0]
[header: 0]
[label_column: ]
[weight_column: ]
[group_column: ]
[ignore_column: ]
[categorical_feature: ]
[forcedbins_filename: ]
[precise_float_parser: 0]
[parser_config_file: ]
[objective_seed: 8855]
[num_class: 1]
[is_unbalance: 0]
[scale_pos_weight: 1]
[sigmoid: 1]
[boost_from_average: 1]
[reg_sqrt: 0]
[alpha: 0.9]
[fair_c: 1]
[poisson_max_delta_step: 0.7]
[tweedie_variance_power: 1.5]
[lambdarank_truncation_level: 30]
[lambdarank_norm: 1]
[label_gain: ]
[lambdarank_position_bias_regularization: 0]
[eval_at: ]
[multi_error_top_k: 1]
[auc_mu_weights: ]
[num_machines: 1]
[local_listen_port: 12400]
[time_out: 120]
[machine_list_filename: ]
[machines: ]
[gpu_platform_id: -1]
[gpu_device_id: -1]
[gpu_device_id_list: ]
[gpu_use_dp: 0]
[num_gpu: 1]

end of parameters

pandas_categorical:null
