tree
version=v4
num_class=1
num_tree_per_iteration=1
label_index=0
max_feature_idx=15
objective=regression
feature_names=Column_0 Column_1 Column_2 Column_3 Column_4 Column_5 Column_6 Column_7 Column_8 Column_9 Column_10 Column_11 Column_12 Column_13 Column_14 Column_15
feature_infos=[-0.84046447277069092:0.53957056999206543] [-3.5128097534179688:0.73073786497116089] [-0.14343428611755371:0.1194157600402832] [-0.10038489103317261:0.10042804479598999] [-0.20158103108406067:0.62741082906723022] [-4.0158696174621582:4.4365401268005371] [-16:0] [-0.45281714200973511:-4.9153763939102646e-06] [-11.925601959228516:-0.004763387143611908] [-4.0398764610290527:-0.0069598453119397163] [-1:1] [-0.12043476849794388:0] [-23.178176879882812:-6.6414260864257812] [-19.511388778686523:-5.2051596641540527] [-6.601325511932373:0.75502252578735352] [-0.16945481300354004:0.90228444337844849]
tree_sizes=2643 2554 2331 2538 2558 2939 2947 2471 2947 2657 2351 2027 2645 2562 2651 3243 2164 2363 2450 3255 2650 2840 2275 2673 2806 2267 2455 2673 2357 2266 2472 1960 2642 2539 2770 2631 2676 2266 2966 1650 2263 2173 2746 2356 2334 2628 2866 2628 2484 3249 2177 2258 2738 2148 2561 2272 3212 2562 2043 2257 2231 2504 2703 2225

Tree=0
num_leaves=25
num_cat=0
split_feature=4 0 8 13 9 1 0 0 8 1 0 8 2 11 9 9 1 2 1 9 1 2 9 0
split_gain=2518.26 1043.24 487.33 444.807 254.447 250.587 177.211 138.554 132.462 123.488 114.986 59.0789 54.3365 46.1638 45.1826 40.4723 38.09 37.5427 35.1893 23.2966 17.494 14.8322 10.2155 8.8019
threshold=1.0000000180025095e-35 -0.098359882831573472 -3.0841972827911373 -12.872251987457274 -0.5123084783554076 -0.56735020875930775 0.19954198598861697 -0.26986879110336298 -1.6766262054443357 0.19787198305130008 0.029390364885330204 -2.8683488368988033 0.0040002539753913888 -0.01657807361334562 -0.40263840556144709 -0.59446305036544789 0.082665473222732558 -0.013296146877110003 0.33234113454818731 -0.2998951375484466 -0.22206425666809079 -0.019792213104665276 -0.54810425639152516 -0.2223435044288635
decision_type=8 10 10 10 10 10 10 10 10 10 10 10 10 10 10 10 10 10 10 10 10 10 10 10
left_child=1 2 7 10 6 23 11 -1 17 14 13 -5 21 16 -6 -10 -3 -7 -11 -15 -9 -12 -14 -4
right_child=-2 3 5 4 9 8 -8 20 15 18 12 -13 22 19 -16 -17 -18 -19 -20 -21 -22 -23 -24 -25
leaf_value=-0.015897739842459586 -0.031160307447292566 -0.0050018213781220962 -0.0099163659136220616 -0.0037435713032344746 -0.0012227353246944744 -0.0065707229554206707 -0.0087942510631858276 -0.0090200638235951799 -0.0042073294828125574 0.00026909533097088417 -0.004741067979680616 -0.001648815133427741 -0.0020327608469254731 -0.0033147732658501509 -0.00080312079434034344 -0.0020220711934677204 -0.0019045898488532188 -0.0040127170334537891 0.0027973177552286007 -0.0014218335049757766 -0.0048882644600253536 -0.002308318744241129 -7.097501706465289e-05 -0.0058854373778011978
leaf_weight=2814 2076 27266 4516 12056 361213 7675 2715 3820 8560 38926 2053 375475 2402 35081 660230 55638 4514 25293 5916 6591 3507 46909 12532 3382
leaf_count=2814 2076 27266 4516 12056 361213 7675 2715 3820 8560 38926 2053 375475 2402 35081 660230 55638 4514 25293 5916 6591 3507 46909 12532 3382
internal_value=-0.00152062 -0.00147613 -0.00422652 -0.00127636 -0.00112216 -0.00359173 -0.0017768 -0.0103681 -0.0031483 -0.000882278 -0.00290485 -0.00171755 -0.00196279 -0.0037117 -0.000951002 -0.00233667 -0.00458409 -0.00468387 0.000653098 -0.00301075 -0.00742278 -0.002448 -0.000412607 -0.00858918
internal_weight=1.71116e+06 1.70908e+06 115205 1.59388e+06 1.45653e+06 105064 390246 10141 97166 1.06628e+06 137348 387531 63896 73452 1.02144e+06 64198 31780 32968 44842 41672 7327 48962 14934 7898
internal_count=1711160 1709084 115205 1593879 1456531 105064 390246 10141 97166 1066285 137348 387531 63896 73452 1021443 64198 31780 32968 44842 41672 7327 48962 14934 7898
is_linear=0
shrinkage=1


Tree=1
num_leaves=24
num_cat=0
split_feature=4 0 13 8 9 0 1 1 0 0 14 9 11 2 1 14 1 1 0 1 0 9 8
split_gain=2539.9 976.864 459.225 358.342 284.075 148.093 145.167 126.776 122.629 94.6048 84.9043 66.8054 57.6434 49.6715 45.1941 38.4546 35.3871 30.1494 25.9058 23.306 23.2685 22.2019 6.92436
threshold=1.0000000180025095e-35 -0.15263891220092771 -12.872251987457274 -3.0841972827911373 -0.54265412688255299 0.19954198598861697 -0.46272444725036616 0.21837869286537173 0.034327179193496711 -0.052645683288574212 -3.0756980180740352 -0.5834384262561797 -0.015883964486420151 0.0030429363250732426 -0.26460552215576166 -3.0143086910247798 -0.27924948930740351 0.19215148687362674 0.11215096712112428 -0.40737438201904291 -0.26986879110336298 -0.44140896201133722 -1.1127421259880064
decision_type=8 10 10 10 10 10 10 10 10 10 10 10 10 10 10 10 10 10 10 10 10 10 10
left_child=1 3 8 14 5 9 20 10 12 -4 -6 15 17 19 -1 -8 -13 -3 -9 -10 -5 -14 -15
right_child=-2 2 4 6 7 -7 11 18 13 -11 -12 16 21 22 -16 -17 -18 -19 -20 -21 -22 -23 -24
leaf_value=-0.012478267214952781 -0.02981367119858748 -0.0030775651770576988 -0.0014268479573813367 -0.0082377739677039138 3.8229983584013825e-06 -0.0071884932066887206 -0.0010693388289343055 0.0015942330570305678 -0.0033367380604754325 -0.0001446569671114508 0.00062122581539975237 -0.0032524547105886163 -0.0021189223190518809 -0.00031450643228730051 -0.0052152938329271111 -0.0050594650218419588 -0.00042775907024608786 0.00037667916638672058 0.0033851682004772004 -0.00069083572275263942 -0.0037254068105445712 -0.00072192187538700045 0.001240032259824282
leaf_weight=4208 2070 42377 63512 4369 261414 2414 3649 22755 2891 275955 873417 4842 18713 2559 2501 7917 18008 2131 12885 40424 3569 25751 14264
leaf_count=4208 2070 42377 63512 4369 261414 2414 3649 22755 2891 275955 873417 4842 18713 2559 2501 7917 18008 2131 12885 40424 3569 25751 14264
internal_value=-1.21179e-05 3.2473e-05 0.000156407 -0.00411761 0.000313323 -0.000446502 -0.00301214 0.000535611 -0.00142884 -0.000387174 0.000479333 -0.00209685 -0.00213394 -0.000371729 -0.0103619 -0.00392195 -0.001096 -0.00290317 0.00228789 -0.000910342 -0.00658549 -0.00133356 0.000983996
internal_weight=1.7126e+06 1.71052e+06 1.66146e+06 49063 1.51235e+06 341881 42354 1.17047e+06 149110 339467 1.13483e+06 34416 88972 60138 6709 11566 22850 44508 35640 43315 7938 44464 16823
internal_count=1712595 1710525 1661462 49063 1512352 341881 42354 1170471 149110 339467 1134831 34416 88972 60138 6709 11566 22850 44508 35640 43315 7938 44464 16823
is_linear=0
shrinkage=0.03


Tree=2
num_leaves=22
num_cat=0
split_feature=4 8 13 1 9 2 3 15 1 1 15 14 9 13 1 7 8 14 10 7 15
split_gain=2291.93 873.7 436.751 326.291 282.402 154.671 116.216 115.42 97.8149 95.2892 91.3563 87.7751 45.1487 33.3505 31.2403 29.3603 28.5286 19.4415 12.2857 2.87667 0.997172
threshold=1.0000000180025095e-35 -2.8683488368988033 -12.802520751953123 -0.40737438201904291 -0.54265412688255299 -0.021752090193331238 -0.013922861311584709 -0.025978982448577877 0.19787198305130008 0.17761233448982242 -0.00048750638961791987 -3.4577351808547969 -1.2401576638221739 -13.870556354522703 0.30098974704742437 -0.030229659751057621 -1.337413430213928 -2.3855464458465572 -0.23279611766338346 -0.022298390045762059 -0.0054717063903808585
decision_type=8 10 8 10 10 10 10 10 10 10 8 10 8 10 10 8 10 10 8 8 10
left_child=1 3 5 -1 6 16 10 -8 13 11 -4 -6 -5 -7 -11 18 20 -10 -14 -17 -3
right_child=-2 2 4 12 9 8 7 -9 17 14 -12 -13 15 -15 -16 19 -18 -19 -20 -21 -22
leaf_value=-0.012224408554117444 -0.028333564963942147 -0.0086067639140037129 -0.00023215580612907127 -0.0067291154421603794 -0.0002415172308001127 -0.0025555997317521983 -0.004040955478216336 -0.00030358448293084931 0.0020139367755340337 0.001295919117293595 -0.0079239004233263403 0.00055478368442522818 -0.0045411760407680132 -0.0011247776705523452 0.0030773705290282885 -0.0014276461065847921 -0.0026173469449427985 -0.00032049757279660213 -0.0021641782204917851 0 -0.0039731491588777309
leaf_weight=4528 2065 2070 2577 3413 142290 16860 7136 321584 9649 56876 2837 960407 7595 139267 10980 4464 3464 4218 5608 2035 2009
leaf_count=4528 2065 2070 2577 3413 142290 16860 7136 321584 9649 56876 2837 960407 7595 139267 10980 4464 3464 4218 5608 2035 2009
internal_value=3.20128e-06 4.58718e-05 0.000133707 -0.0051961 0.000300029 -0.00127113 -0.000468251 -0.000391642 -0.00107303 0.000519697 -0.00464261 0.000451696 -0.00357695 -0.00128887 0.00160897 -0.00286301 -0.00535412 0.00129654 -0.00366924 -0.00103714 -0.00707316
internal_weight=1.71193e+06 1.70987e+06 1.68222e+06 27643 1.50469e+06 177537 334134 328720 169994 1.17055e+06 5414 1.1027e+06 23115 156127 67856 19702 7543 13867 13203 6499 4079
internal_count=1711932 1709867 1682224 27643 1504687 177537 334134 328720 169994 1170553 5414 1102697 23115 156127 67856 19702 7543 13867 13203 6499 4079
is_linear=0
shrinkage=0.03


Tree=3
num_leaves=24
num_cat=0
split_feature=4 0 1 9 9 2 2 0 1 2 4 9 0 15 9 0 6 7 0 15 11 8 1
split_gain=2386.02 945.534 429.088 249.908 230.322 141.431 132.701 123.471 112.77 98.9601 90.948 84.4595 81.4997 65.4997 38.8415 38.6018 28.1775 24.8322 22.0213 17.6341 12.9454 5.95083 4.63049
threshold=1.0000000180025095e-35 -0.098359882831573472 -0.56735020875930775 -0.83361002802848805 -0.5869159698486327 -0.01375359622761607 -0.019792213104665276 0.19954198598861697 0.19787198305130008 -0.0080459280870854837 -0.087671604007482515 -0.43101179599761957 -0.14381140470504758 -0.039338707923889153 -1.2401576638221739 0.23953849077224734 -1.4999999999999998 -0.052806008607149117 -0.16324651241302487 0.011559784412384035 -0.018875412642955777 -1.6984201669692991 -0.12483805418014525
decision_type=8 10 10 10 8 10 8 8 10 10 8 10 8 10 10 10 2 10 8 10 10 10 10
left_child=1 2 13 12 5 17 19 14 10 11 -8 -5 16 -1 -7 -10 -4 -3 -11 20 -6 -15 -14
right_child=-2 4 3 9 6 7 8 -9 15 18 -12 -13 22 21 -16 -17 -18 -19 -20 -21 -22 -23 -24
leaf_value=-0.013405256338634335 -0.028891495525648032 -0.0068235419963047729 -0.0099248317092155737 -0.0037491047873394997 -0.0048464850981024639 -0.0037955135673291567 -0.00030085513525008586 -0.0066073820141846944 0.0018678397115377942 0.0007631171935882689 0.00045267853141562421 -0.0009851189853611038 -0.0013457655817885599 -0.008265024485907357 -0.00034389885652579 -0.0011759563945830593 -0.0048690743719443366 -0.0026284213812903735 -0.00079224524799810015 -0.00053617890685708357 -0.0013766747566004696 -0.0045213100892240966 -0.0035594390574771864
leaf_weight=2115 2069 2729 3571 21738 4418 2496 164953 2416 57047 9637 1103649 19530 3114 2678 245514 3560 4434 4576 40336 2220 2200 4785 3297
leaf_count=2115 2069 2729 3571 21738 4418 2496 164953 2416 57047 9637 1103649 19530 3114 2678 245514 3560 4434 4576 40336 2220 2200 4785 3297
internal_value=-1.12786e-06 4.20619e-05 -0.00257609 -0.0019973 0.000232061 -0.000587914 0.000390387 -0.00046166 0.000415475 -0.00139546 0.000354382 -0.00247569 -0.00561188 -0.00851519 -0.00038741 0.00167598 -0.00761058 -0.0045708 -0.000481771 -0.00317096 -0.0039129 -0.00633698 -0.00270276
internal_weight=1.71308e+06 1.71101e+06 115235 105657 1.59578e+06 257731 1.33805e+06 250426 1.32921e+06 91241 1.2686e+06 41268 14416 9578 248010 60607 8005 7305 49973 8838 6618 7463 6411
internal_count=1713082 1711013 115235 105657 1595778 257731 1338047 250426 1329209 91241 1268602 41268 14416 9578 248010 60607 8005 7305 49973 8838 6618 7463 6411
is_linear=0
shrinkage=0.03


Tree=4
num_leaves=24
num_cat=0
split_feature=4 0 13 8 9 1 0 1 0 13 8 9 2 11 1 0 2 2 14 1 1 8 0
split_gain=2185.94 896.036 416.663 375.236 245.892 162.091 120.364 105.292 87.946 86.4758 66.9631 64.1787 48.1128 47.4853 44.061 31.9211 24.3028 22.0629 18.2147 17.7411 14.8828 6.4183 2.45984
threshold=1.0000000180025095e-35 -0.13636368513107297 -13.003886222839354 -3.0841972827911373 -0.55988299846649159 -0.56735020875930775 0.19954198598861697 0.23671531677246097 0.034327179193496711 -11.920211315155028 -2.8683488368988033 -0.38685949146747584 0.0063364566303789624 -0.020407057367265221 -0.26460552215576166 0.063967943191528334 -0.0015277012716978786 0.0030429363250732426 -3.0626896619796748 0.18706259131431582 -0.46272444725036616 -1.1063458323478697 -0.2223435044288635
decision_type=8 10 8 10 10 10 10 10 10 8 10 10 10 10 10 10 10 10 10 10 10 10 10
left_child=1 3 8 14 6 22 10 9 13 -6 -4 12 -7 16 -1 -9 -3 20 -13 -15 -10 -19 -5
right_child=-2 2 4 5 7 11 -8 15 17 -11 -12 18 -14 19 -16 -17 -18 21 -20 -21 -22 -23 -24
leaf_value=-0.011655836052911327 -0.027696145447491074 -0.0042019849743145272 -0.002296974660292135 -0.0077176967453474743 3.5042808030891337e-05 -0.0029348955218072149 -0.0066000781876941082 0.0009478823370846004 -0.0031763922036234316 0.00060882959961052266 -0.00028683318486150648 -0.0012167265253823941 0.00093526744377896739 -0.0018906551379086175 -0.0051634387185360781 0.0030856748298589407 -0.00047385462029646925 -0.00087545148859271833 0.00086182497186096418 0.00072973448330550912 -0.00075113009870414829 0.00076439707115469682 -0.0036391552465034295
leaf_weight=4527 2061 13215 15309 4513 326098 31075 2347 11398 2141 870479 289650 7039 2827 50387 3070 17344 2142 2043 7058 2018 32998 11061 2023
leaf_count=4527 2061 13215 15309 4513 326098 31075 2347 11398 2141 870479 289650 7039 2827 50387 3070 17344 2142 2043 7058 2018 32998 11061 2023
internal_value=-3.52996e-07 4.09201e-05 0.000174844 -0.00348088 0.00030639 -0.00255087 -0.000451349 0.000496779 -0.00155439 0.000452789 -0.000392319 -0.00189523 -0.00259455 -0.00224949 -0.00955013 0.00227887 -0.00373224 -0.000558835 -0.000161624 -0.00177814 -0.000949808 0.000463902 -0.00684628
internal_weight=1.71282e+06 1.71076e+06 1.64863e+06 62132 1.53262e+06 54535 307306 1.22532e+06 116005 1.19658e+06 304959 47999 33902 67762 7597 28742 15357 48243 14097 52405 35139 13104 6536
internal_count=1712823 1710762 1648630 62132 1532625 54535 307306 1225319 116005 1196577 304959 47999 33902 67762 7597 28742 15357 48243 14097 52405 35139 13104 6536
is_linear=0
shrinkage=0.03


Tree=5
num_leaves=28
num_cat=0
split_feature=0 13 8 13 12 1 0 0 0 2 1 15 11 14 5 2 7 1 2 15 5 14 3 8 14 2 8
split_gain=1647.62 954.98 430.871 311.65 191.948 160.692 145.164 128.957 86.9714 83.5833 82.4793 73.8565 54.6073 48.3627 41.9058 35.8936 35.7191 27.4731 22.5296 20.7556 18.8289 17.2757 9.67165 9.0963 8.17133 7.0565 2.72371
threshold=-0.26986879110336298 -10.956708431243895 -2.1051712036132808 -12.872251987457274 -12.590905666351317 -0.26460552215576166 -0.058774292469024651 -0.14381140470504758 0.034327179193496711 -0.017182150855660435 0.19787198305130008 -0.02287197113037109 -0.020407057367265221 -2.9541287422180171 -1.2376115918159483 0.0029794916044920687 -0.035164047032594674 0.19787198305130008 0.00040805191383697098 -0.010380685329437254 -1.0856534242630003 -2.6535940170288081 -0.0014883518451824782 -3.0841972827911373 -2.7203080654144283 -0.00092880279407836486 -1.8002527356147764
decision_type=10 8 10 10 10 10 10 10 10 10 10 10 10 8 10 10 10 10 10 10 8 10 10 10 10 10 10
left_child=1 5 7 8 6 13 11 20 12 -9 -8 -5 18 -1 25 22 21 -14 -4 -18 -2 -11 -10 -22 -17 -7 -15
right_child=2 -3 3 4 -6 14 10 9 15 16 -12 -13 17 26 -16 24 19 -19 -20 -21 23 -23 -24 -25 -26 -27 -28
leaf_value=-0.0045307429905095077 -0.0016397200131552886 -0.026446618191862007 -0.0034451780941202972 -0.0025127478281316722 -0.0064474786550442935 -0.005123728121474545 0.00040327504072491615 -0.0054871083375940093 -0.0010313619553628723 -0.0033207322093171984 0.001572839616006849 -0.00029120139237319453 -0.0013941734423698635 -0.012619552620966645 0.00068602053709615929 0.0014882231726606806 -0.0022064008064455378 0.0016445810916548731 -6.0633964474994546e-05 -0.00029913768530647031 -0.0072369843631662706 -0.0014456710870201371 -5.607274531398009e-05 -0.0040404447865149797 0.00010351539212575023 -0.0017078684825408417 -0.0063407831096769897
leaf_weight=3255 2176 2016 17452 14441 3245 2261 1251764 4058 25481 7729 56526 145557 67619 2823 2468 9790 5819 2293 2185 31968 3429 15368 15263 6430 7029 2031 2336
leaf_count=3255 2176 2016 17452 14441 3245 2261 1251764 4058 25481 7729 56526 145557 67619 2823 2468 9790 5819 2293 2185 31968 3429 15368 15263 6430 7029 2031 2336
internal_value=1.02077e-06 -0.00910701 9.61911e-05 0.000200912 0.000332791 -0.00601399 0.000350169 -0.00208905 -0.00111287 -0.00153007 0.000454618 -0.000500785 -0.0016956 -0.00869757 -0.00226352 -0.000194384 -0.0012189 -0.00127928 -0.00309434 -0.00062566 -0.00490006 -0.00214291 -0.000678394 -0.00547682 0.000946543 -0.00391678 -0.010641
internal_weight=1.71281e+06 17190 1.69562e+06 1.61864e+06 1.47153e+06 15174 1.46829e+06 76977 147112 64942 1.30829e+06 159998 89549 8414 6760 57563 60884 69912 19637 37787 12035 23097 40744 9859 16819 4292 5159
internal_count=1712812 17190 1695622 1618645 1471533 15174 1468288 76977 147112 64942 1308290 159998 89549 8414 6760 57563 60884 69912 19637 37787 12035 23097 40744 9859 16819 4292 5159
is_linear=0
shrinkage=0.03


Tree=6
num_leaves=28
num_cat=0
split_feature=0 13 8 13 2 8 12 9 9 0 1 1 0 7 0 2 2 0 2 15 13 7 12 15 7 0 15
split_gain=1612.22 961.941 450.115 289.406 227.794 171.112 166.896 129.753 92.4226 80.4824 79.1737 77.6262 74.0367 58.9846 37.5979 34.0447 27.7286 27.4341 26.5086 23.9059 20.6998 19.4356 18.4557 18.0574 13.2126 4.67323 3.84002
threshold=-0.26986879110336298 -10.978158473968504 -1.8307222723960874 -13.003886222839354 -0.017182150855660435 -3.0841972827911373 -12.590905666351317 -0.43550010025501246 -0.89317879080772389 -0.07705295085906981 -0.46272444725036616 0.19787198305130008 0.034327179193496711 -0.028712707571685311 -0.16324651241302487 0.0035715387202799325 0.0076240673661232003 -0.042210817337036126 0.0036392674082890157 0.008689075708389284 -13.580038547515867 -0.042963808402419083 -15.288423538208006 -0.0091069340705871565 -0.06540245562791823 0.05709084868431092 -0.0014101862907409666
decision_type=10 8 10 8 10 10 10 10 10 10 10 10 10 10 10 10 10 10 10 10 10 10 10 10 10 10 8
left_child=1 5 4 12 19 -1 7 9 14 -5 26 -9 16 17 -6 24 20 -10 21 -2 -4 -12 -16 -15 -14 -17 -7
right_child=2 -3 3 6 8 10 -8 11 13 -11 18 -13 15 23 22 25 -18 -19 -20 -21 -22 -23 -24 -25 -26 -27 -28
leaf_value=-0.012384989418446943 -0.007343891341470051 -0.026284663580456391 -0.0028356380905256917 -0.0012110718100295825 -0.0057868645107784569 -0.0041138199565177785 -0.0060035382797811107 0.00053547337547850643 -0.0021402087190855795 0.00012082898298421772 -0.0042897121063343773 0.0019103480958879229 -0.002285229382099547 -0.0012562304485801796 -0.0010227368682074888 -2.0290798551291569e-06 0.00097699587704974384 -0.00073040739603915381 0.00058524929724945122 -0.0027234160226433726 -0.0015827739985238062 -0.00039032941574084385 -0.0030372867755437778 0.00037778563880313517 -0.00051269667800053894 0.0013522297275393291 -0.0085921927331946354
leaf_weight=2632 6027 2044 19432 43592 3413 2494 3211 824730 27109 550413 3314 38504 4157 7001 7875 2411 2553 25557 2308 2474 45045 2062 12330 31407 29078 9436 2353
leaf_count=2632 6027 2044 19432 43592 3413 2494 3211 824730 27109 550413 3314 38504 4157 7001 7875 2411 2553 25557 2308 2474 45045 2062 12330 31407 29078 9436 2353
internal_value=2.84798e-06 -0.00900242 9.70289e-05 0.000234185 -0.00164521 -0.00588889 0.000347232 0.000363486 -0.00127498 2.16444e-05 -0.00407857 0.000598216 -0.00123079 -0.000827639 -0.00293465 -0.000278114 -0.00186028 -0.00147503 -0.00192053 -0.00625853 -0.00198389 -0.00300561 -0.00231025 5.99111e-05 -0.00077388 0.0010634 -0.00694414
internal_weight=1.71296e+06 17207 1.69576e+06 1.57256e+06 123193 15163 1.46045e+06 1.45724e+06 114692 594005 12531 863234 112112 91074 23618 45082 67030 52666 7684 8501 64477 5376 20205 38408 33235 11847 4847
internal_count=1712962 17207 1695755 1572562 123193 15163 1460450 1457239 114692 594005 12531 863234 112112 91074 23618 45082 67030 52666 7684 8501 64477 5376 20205 38408 33235 11847 4847
is_linear=0
shrinkage=0.03


Tree=7
num_leaves=23
num_cat=0
split_feature=4 0 13 9 8 0 0 14 2 0 15 2 0 8 2 15 9 15 2 8 0 3
split_gain=1860.52 782.444 342.846 230.543 229.229 142.799 90.2183 88.8151 88.5182 75.494 69.7408 44.0549 43.4124 39.8151 35.7564 26.033 22.2599 18.2443 18.1836 17.4174 16.9657 12.5587
threshold=1.0000000180025095e-35 -0.15263891220092771 -12.847920417785643 -0.59072327613830555 -3.0841972827911373 0.17703989148139956 0.034327179193496711 -1.8445097804069517 0.0087788267992436903 -0.056228399276733391 -0.010380685329437254 0.0030429363250732426 0.097746133804321303 -1.6550750732421873 -0.015518227126449345 -0.020633220672607418 -0.33604128658771509 -0.016827881336212155 -0.018319810740649697 -1.3578717708587644 -0.15263891220092771 0.0013296857359819116
decision_type=8 10 10 10 10 10 10 8 8 8 10 10 10 10 10 10 10 10 10 10 8 10
left_child=1 4 6 5 17 10 14 13 9 -5 -4 18 -10 15 19 -6 -16 -1 -8 -3 -15 -13
right_child=-2 2 3 8 7 -7 11 -9 12 -11 -12 21 -14 20 16 -17 -18 -19 -20 -21 -22 -23
leaf_value=-0.011624861465988508 -0.025536474007848524 -0.004475307370089306 -0.0018161948463677839 -0.00029476641951931785 -0.0057185629482551775 -0.0065402435374101063 -0.0030726829526977633 -0.0069425336642560597 0.0010297152830442712 0.00046755086148871831 -0.00027881406059322239 0.00042248675391253192 0.0029305858783327441 -0.00096992713785291017 -0.0018636850619504184 -0.0025243217238232196 -0.00072107233691902806 -0.0060017218654564407 -0.0006351438665182054 -0.0018730549533263854 -0.0029748602634463743 0.0022975429528677574
leaf_weight=2393 2067 6169 29946 130370 3754 3050 2601 3904 36456 1072942 217925 13494 16092 18619 56940 10774 23545 4272 42166 6321 4999 4146
leaf_count=2393 2067 6169 29946 130370 3754 3050 2601 3904 36456 1072942 217925 13494 16092 18619 56940 10774 23545 4272 42166 6321 4999 4146
internal_value=-1.52677e-05 2.28423e-05 0.000133356 0.000271998 -0.00370486 -0.000556889 -0.00120573 -0.00280761 0.000438004 0.000384622 -0.00046904 -0.000313809 0.00163962 -0.00229231 -0.00179631 -0.00353247 -0.00153965 -0.00873286 -0.00081577 -0.00330423 -0.00145961 0.000930908
internal_weight=1.71294e+06 1.71088e+06 1.66216e+06 1.50678e+06 48715 250921 155382 42050 1.25586e+06 1.20331e+06 247871 62407 52548 38146 92975 14528 80485 6665 44767 12490 23618 17640
internal_count=1712945 1710878 1662163 1506781 48715 250921 155382 42050 1255860 1203312 247871 62407 52548 38146 92975 14528 80485 6665 44767 12490 23618 17640
is_linear=0
shrinkage=0.03


Tree=8
num_leaves=28
num_cat=0
split_feature=4 0 1 13 9 0 9 0 14 1 15 1 12 0 1 9 0 7 12 9 1 5 1 9 14 15 12
split_gain=1817.63 730.535 329.954 275.119 171.026 164.647 154.906 115.281 100.047 79.1756 71.1279 66.0585 51.5322 44.9689 37.9612 41.8866 30.914 28.6733 22.6358 22.4853 15.8855 13.0924 12.2771 13.5804 7.95991 4.26449 3.85117
threshold=1.0000000180025095e-35 -0.098359882831573472 -0.31503134965896601 -13.003886222839354 -0.50340744853019703 -0.26986879110336298 -0.83361002802848805 0.19954198598861697 -2.4109908342361446 0.30098974704742437 1.0000000180025095e-35 0.19787198305130008 -16.431886672973629 0.034327179193496711 -0.063272655010223375 -0.41648901998996729 0.065272301435470595 -0.06540245562791823 -15.328868865966795 -0.59072327613830555 -0.3671386837959289 -0.93265295028686512 -0.56735020875930775 -0.30729334056377405 -2.3855464458465572 0.00066110491752624523 -16.650078773498532
decision_type=8 10 10 10 10 10 10 10 8 10 10 10 10 10 8 10 10 10 10 10 10 8 8 10 10 10 10
left_child=1 2 5 11 7 8 18 10 -1 12 -5 13 -6 20 15 -8 -11 -15 25 -16 -3 -20 -7 -24 26 -4 -13
right_child=-2 3 6 4 9 22 14 -9 -10 16 -12 24 -14 17 19 -17 -18 -19 21 -21 -22 -23 23 -25 -26 -27 -28
leaf_value=-0.0052344123409773947 -0.025387466467170307 -0.0035204381813521046 -0.0011181656153128662 -0.00057208196799971912 -0.00030061184067839376 -0.0056391283850125836 -0.002171652993600658 -0.005645610285090215 -0.013321501351028416 0.0003623816366278553 0.0002097804791778506 0.0024993308224466786 0.00053063898249963118 -0.0027072410871717039 -0.0017808746379043112 -0.00023265976008857435 0.0040999853178256204 -0.00038319193371789284 -0.002382400296863756 0.00019692070390075483 -0.0018020160284418503 -0.0064772347565842025 -0.0032992045675351426 -0.00046072330583190056 -0.00014737996786624437 -0.0034533952451791389 0.00072889776719118043
leaf_weight=4666 2037 6180 2773 201389 71245 2587 28500 2990 2857 3082 216462 2834 983990 5144 5773 16090 7151 36685 2042 28360 52343 5356 12104 2216 2570 2006 3532
leaf_count=4666 2037 6180 2773 201389 71245 2587 28500 2990 2857 3082 216462 2834 983990 5144 5773 16090 7151 36685 2042 28360 52343 5356 12104 2216 2570 2006 3532
internal_value=-1.31697e-05 2.42734e-05 -0.00227601 0.000191387 0.000298507 -0.00534311 -0.00142371 -0.000212858 -0.00898183 0.000500773 -0.000166565 -0.00125742 0.000474116 -0.00147909 -0.000916729 -0.00148897 0.00307156 -0.000704686 -0.00451216 -0.000149808 -0.00201685 -0.00560734 -0.00349529 -0.00291056 0.00114659 -0.00238946 0.00168536
internal_weight=1.71296e+06 1.71093e+06 115330 1.5956e+06 1.48631e+06 24430 90900 420841 7523 1.06547e+06 417851 109288 1.05524e+06 100352 78723 44590 10233 41829 12177 34133 58523 7398 16907 14320 8936 4779 6366
internal_count=1712964 1710927 115330 1595597 1486309 24430 90900 420841 7523 1065468 417851 109288 1055235 100352 78723 44590 10233 41829 12177 34133 58523 7398 16907 14320 8936 4779 6366
is_linear=0
shrinkage=0.03


Tree=9
num_leaves=25
num_cat=0
split_feature=4 0 15 13 9 9 1 0 1 0 0 15 14 0 2 2 1 6 1 8 1 12 8 12
split_gain=1771.83 666.362 348.064 287.656 191.034 168.002 146.897 132.493 71.3849 66.5494 58.6168 52.6787 48.5588 45.1512 35.0218 28.8732 27.1993 26.0968 21.6782 19.5283 17.997 10.6863 9.6337 5.15361
threshold=1.0000000180025095e-35 -0.09510940313339232 -0.039338707923889153 -12.872251987457274 -0.92040029168128956 -0.55090734362602223 -0.26460552215576166 0.19954198598861697 0.17761233448982242 0.034327179193496711 -0.26986879110336298 7.7992677688598646e-05 -2.8791984319686885 -0.14381140470504758 0.0094329714775085467 0.0030429363250732426 0.18706259131431582 -4.4999999999999991 0.33234113454818731 -1.615125775337219 -0.40737438201904291 -15.466472148895262 -0.82786610722541798 -15.633841037750242
decision_type=8 10 10 10 10 10 10 10 10 10 10 10 10 10 10 10 10 2 10 10 10 10 10 10
left_child=1 2 10 9 13 7 19 11 12 16 -1 -5 -7 21 -8 20 17 -3 -10 -6 -11 -4 -17 -12
right_child=-2 3 4 5 6 8 14 -9 18 15 23 -13 -14 -15 -16 22 -18 -19 -20 -21 -22 -23 -24 -25
leaf_value=-0.01214380337382393 -0.02489032773410367 -0.0049791111577326659 -0.0031799142782248492 -0.00066962686554807667 -0.0042075784903389752 9.9565093999074285e-05 -0.00076003443216589338 -0.0067710946544838144 0.0012236495136163678 -0.0029359154203530357 -0.0025901056288740363 0.0001250694946628372 0.00054232897643035076 -0.0023371198986241312 0.0022402414022958867 -0.00018089971964485612 0.00074584059233061685 -0.0017092260607514107 0.003102390623213535 -0.0022463639264611404 -0.00059030825554968178 -0.0075948707076283406 0.0012235878003394732 -0.0064490648518484364
leaf_weight=2580 2074 2043 2035 144853 11895 317070 75812 2345 60154 2835 2008 153934 767019 4353 3148 6719 3432 71160 6225 12850 40322 5334 10165 2199
leaf_count=2580 2074 2043 2035 144853 11895 317070 75812 2345 60154 2835 2008 153934 767019 4353 3148 6719 3432 71160 6225 12850 40322 5334 10165 2199
internal_value=-1.87632e-05 1.84835e-05 -0.0021113 0.000183167 -0.00169832 0.000307326 -0.00126932 -0.000322516 0.000472515 -0.00112963 -0.00849526 -0.000259675 0.000413213 -0.00526195 -0.000623299 -0.000370744 -0.00171404 -0.00183771 0.0014262 -0.00326567 -0.000783124 -0.0066933 0.000658286 -0.00514171
internal_weight=1.71256e+06 1.71049e+06 122214 1.58828e+06 115427 1.4516e+06 103705 301132 1.15047e+06 136676 6787 298787 1.08409e+06 11722 78960 60041 76635 73203 66379 24745 43157 7369 16884 4207
internal_count=1712564 1710490 122214 1588276 115427 1451600 103705 301132 1150468 136676 6787 298787 1084089 11722 78960 60041 76635 73203 66379 24745 43157 7369 16884 4207
is_linear=0
shrinkage=0.03


Tree=10
num_leaves=22
num_cat=0
split_feature=4 0 8 13 1 9 12 8 1 2 8 11 0 2 0 9 1 1 2 10 9
split_gain=1631.57 608.218 297.658 221.298 175.855 154.164 98.1159 75.2736 66.5786 65.9612 57.8311 49.7897 46.7929 43.9264 42.4808 31.4846 28.7055 24.9594 17.2448 13.369 2.71605
threshold=1.0000000180025095e-35 -0.098359882831573472 -3.3971583843231197 -13.003886222839354 -0.56735020875930775 -0.44450198113918299 -12.590905666351317 -1.5619675517082212 0.18706259131431582 -0.019792213104665276 -2.8683488368988033 -0.016289774328470227 0.034327179193496711 0.00066185742616653453 -0.16324651241302487 -0.56618636846542347 0.33234113454818731 0.19215148687362674 0.0030429363250732426 -0.44500091671943659 -0.37408028542995447
decision_type=8 10 10 8 10 10 10 10 10 10 10 10 10 10 10 10 10 10 10 8 10
left_child=1 2 14 9 19 6 10 11 13 20 -5 -6 17 -7 -1 -9 -10 -11 -14 -4 -3
right_child=-2 3 4 5 7 8 -8 15 16 12 -12 -13 18 -15 -16 -17 -18 -19 -20 -21 -22
leaf_value=-0.009469297735491617 -0.023934783322868705 -0.0054772990047465032 -0.0024368528658195755 -0.0020305462208479131 -0.0041211066139580331 0.00066476872325951276 -0.0051726036747805383 -0.0021833185496564801 0.0013115031957424952 -0.0016569003017215338 -2.497239115949665e-05 -0.0016195723471659808 -0.00059264170090683982 0.0002259230435700659 -0.0035319557673954335 -0.00027352109552066466 0.0036186405701032899 0.0011325431675068102 0.0006650811142996987 -0.0065547165146261537 -0.0025493663363294655
leaf_weight=4745 2063 2364 2024 12739 9814 442467 2912 8881 39837 54786 594089 31192 33682 389007 2728 49940 5582 2580 13122 6157 2861
leaf_count=4745 2063 2364 2024 12739 9814 442467 2912 8881 39837 54786 594089 31192 33682 389007 2728 49940 5582 2580 13122 6157 2861
internal_value=-1.66719e-05 1.89649e-05 -0.00207848 0.000171517 -0.0016533 0.000267629 -9.82886e-05 -0.0012859 0.00052232 -0.00112715 -6.92059e-05 -0.00226793 -0.000945955 0.000460074 -0.00769693 -0.000582898 0.0016379 -0.00151756 -0.000230381 -0.00576954 -0.00428915
internal_weight=1.71357e+06 1.71151e+06 115481 1.59603e+06 108008 1.48663e+06 609740 99827 876893 109395 606828 41006 104170 831474 7473 58821 45419 57366 46804 8181 5225
internal_count=1713572 1711509 115481 1596028 108008 1486633 609740 99827 876893 109395 606828 41006 104170 831474 7473 58821 45419 57366 46804 8181 5225
is_linear=0
shrinkage=0.03


Tree=11
num_leaves=19
num_cat=0
split_feature=4 8 13 9 15 12 2 2 15 15 2 6 8 7 15 2 8 12
split_gain=1501.63 565.383 316.102 178.663 158.589 100.129 98.6183 74.1108 71.1507 66.3305 59.7851 57.5179 42.9197 23.2135 19.9512 9.41636 8.27828 1.23378
threshold=1.0000000180025095e-35 -2.8683488368988033 -12.802520751953123 -0.59072327613830555 -0.020633220672607418 -12.590905666351317 -0.025084488093852993 -0.019792213104665276 -0.025978982448577877 0.0067588388919830331 0.0090812202543020266 -3.4999999999999996 -1.5458881855010984 -0.024268763139843937 7.7992677688598646e-05 -0.011388853192329405 -0.9837169051170348 -16.18570518493652
decision_type=8 10 10 10 10 8 10 10 10 10 10 2 10 10 10 10 10 10
left_child=1 4 6 5 -1 8 17 14 -4 -9 12 -6 -8 15 -5 -13 -12 -3
right_child=-2 2 3 7 11 -7 10 9 -10 -11 16 13 -14 -15 -16 -17 -18 -19
leaf_value=-0.009677289105114598 -0.022990296235606743 -0.0030222648857416105 -0.0036741388684955051 -0.0038907990291565347 -0.0073566699856570019 -0.0054485989801088663 -0.0022145967450118409 0.00027373847733084438 -0.00035189717373488314 0.00080374879512911572 0 -0.00411736892553292 -0.0008959811061745028 0 -0.00013104322804039103 -0.002255005039290746 0.0018335345554480412 -0.0066582314364581714
leaf_weight=3748 2057 2119 5482 4086 2329 3159 27076 983634 235288 272335 2991 5362 136743 2816 2041 13279 6485 2105
leaf_count=3748 2057 2119 5482 4086 2329 3159 27076 983634 235288 272335 2991 5362 136743 2816 2041 13279 6485 2105
internal_value=-1.74451e-05 1.67048e-05 8.72135e-05 0.00022862 -0.00420846 -0.000513393 -0.00110803 0.000372415 -0.000436241 0.000389175 -0.000986163 -0.00315287 -0.00112182 -0.00252579 -0.00278802 -0.00289994 0.0012677 -0.00541067
internal_weight=1.71314e+06 1.71108e+06 1.68354e+06 1.50602e+06 27534 243929 177519 1.2621e+06 240770 1.25597e+06 173295 23786 163819 21457 6127 18641 9476 4224
internal_count=1713135 1711078 1683544 1506025 27534 243929 177519 1262096 240770 1255969 173295 23786 163819 21457 6127 18641 9476 4224
is_linear=0
shrinkage=0.03


Tree=12
num_leaves=25
num_cat=0
split_feature=4 0 8 9 1 12 2 0 12 2 9 1 2 11 0 15 15 9 1 12 0 15 10 15
split_gain=1468.37 588.809 291.598 152.522 125.556 123.331 116.582 114.804 85.6973 67.2517 62.8443 55.8327 51.8318 47.0027 52.4462 38.1374 32.0201 27.4891 27.3505 20.1771 14.9069 12.5319 6.15683 2.61015
threshold=1.0000000180025095e-35 -0.098359882831573472 -3.0841972827911373 -0.43550010025501246 -0.46272444725036616 -16.414578437805172 -0.017182150855660435 -0.16324651241302487 -12.590905666351317 0.0078325383365154284 -0.83361002802848805 0.30098974704742437 -0.007710142293944954 -0.017048754729330536 0.021587669849395755 0.0067588388919830331 -0.034071743488311761 -0.54527500271797169 -0.26460552215576166 -15.328868865966795 0.19954198598861697 0.0053994953632354745 -0.45233291387557978 0.00049364566802978526
decision_type=8 10 10 8 10 8 10 10 8 8 10 10 10 10 10 8 10 10 10 10 10 10 8 10
left_child=1 2 7 6 16 13 17 18 9 -8 19 15 -12 14 -5 -7 -4 -3 -1 -6 -13 -15 -18 -9
right_child=-2 3 4 5 10 11 8 23 -10 -11 12 20 -14 21 -16 -17 22 -19 -20 -21 -22 -23 -24 -25
leaf_value=-0.01096550387082844 -0.0227526427411519 -0.0054109291108726783 -0.0078957479590168415 -0.0027554761281846645 -0.0013133740450503876 0.00042433074746231437 -0.00016087430397316839 -0.0031894247518043572 -0.0046099185102648366 0.0011790678823881003 -0.0017366806423664376 0.0034156502473915032 -0.00025233636333014508 -0.00035789834025499702 -0.00018879266903982405 0.00092996054537305896 -0.0012558003437748888 -0.0014389367710973531 -0.00442328827244424 -0.0048417664261168405 0.00053136619508344681 0.0004117464528910376 -0.0038450178023590404 -0.00098586110771634212
leaf_weight=4010 2050 3920 2066 14491 3055 609082 638066 2065 3300 35059 38598 7387 47840 61857 14391 174690 2109 3587 2062 4855 2619 26679 6520 2036
leaf_count=4010 2050 3920 2066 14491 3055 609082 638066 2065 3300 35059 38598 7387 47840 61857 14391 174690 2109 3587 2062 4855 2619 26679 6520 2036
internal_value=-4.37462e-06 2.93574e-05 -0.00203682 0.000179376 -0.00154462 0.000433517 -0.000158843 -0.00678047 -0.0001157 -8.98161e-05 -0.00117657 0.000567913 -0.000924782 -0.00047105 -0.00151176 0.000537931 -0.00456712 -0.00375887 -0.00929502 -0.00367381 0.00275048 -0.000121598 -0.00334849 -0.00238666
internal_weight=1.71239e+06 1.71034e+06 115216 1.59513e+06 105043 911196 683932 10173 676425 673125 94348 793778 86438 117418 28882 783772 10695 7507 6072 7910 10006 88536 8629 4101
internal_count=1712394 1710344 115216 1595128 105043 911196 683932 10173 676425 673125 94348 793778 86438 117418 28882 783772 10695 7507 6072 7910 10006 88536 8629 4101
is_linear=0
shrinkage=0.03


Tree=13
num_leaves=24
num_cat=0
split_feature=4 0 8 13 9 8 14 12 0 14 11 0 8 0 0 11 2 8 8 9 2 4 13
split_gain=1369.72 596.386 263.991 235.23 159.468 92.7388 65.2586 63.9005 61.4677 58.7993 50.4371 45.9104 37.573 30.5228 30.5121 27.6725 39.6572 27.4101 23.0488 17.1873 15.1341 8.55443 6.52587
threshold=1.0000000180025095e-35 -0.15263891220092771 -2.8683488368988033 -13.003886222839354 -0.44450198113918299 -2.1581553220748897 -1.8983689546585081 -12.590905666351317 0.034327179193496711 -3.1902706623077388 -0.015883964486420151 -0.058774292469024651 -1.615125775337219 -0.26986879110336298 0.045178860425949104 -0.0081056333146989328 -0.0089247394353151304 -3.3971583843231197 -1.3683704137802122 -0.44140896201133722 0.0039256929885596046 -0.099787116050720201 -13.249515056610106
decision_type=8 10 10 10 10 10 8 10 10 10 10 10 10 10 10 10 10 10 8 10 10 10 10
left_child=1 2 13 8 5 17 15 -7 10 11 12 -6 -3 -1 -11 16 -4 -5 22 -12 -20 -8 -10
right_child=-2 3 6 4 9 7 21 -9 18 14 19 -13 -14 -15 -16 -17 -18 -19 20 -21 -22 -23 -24
leaf_value=-0.010719013562953388 -0.021882192890002178 -0.0044470679486417536 -0.0023837486866806795 -0.0029376300107337733 -0.0011863483204174303 -5.4304068523491211e-06 -0.0071400381986613205 -0.0041581167917510977 -0.0022351272311712808 0.00050782326861565285 -0.0016536765190997618 0.00019001977168486985 -0.0019425727606311655 -0.0053541854335570323 0.0010148741634440058 -0.0045006092252968134 -0.00031264326147566147 -0.0010182221007898249 -0.00036703481932837015 -0.00024174113093641437 0.00093287354753323964 -0.0027501026885410076 -0.0002779709018414283
leaf_weight=3248 2072 7136 17911 8023 24768 588085 2141 2855 5804 583052 13310 158930 30082 4730 133421 2665 16180 44097 29039 19567 10580 2021 2731
leaf_count=3248 2072 7136 17911 8023 24768 588085 2141 2855 5804 583052 13310 158930 30082 4730 133421 2665 16180 44097 29039 19567 10580 2021 2731
internal_value=-5.64162e-06 2.70722e-05 -0.00322118 0.000123787 0.000222888 -0.000137507 -0.00218109 -2.94987e-05 -0.00116252 0.000480611 -0.00172751 9.88221e-08 -0.00248331 -0.00807705 0.000603306 -0.00171641 -0.00142818 -0.00134449 -0.000324618 -0.00083855 -5.12482e-06 -0.00559628 -0.00169213
internal_weight=1.71245e+06 1.71038e+06 48896 1.66148e+06 1.54323e+06 643060 40918 590940 118249 900171 70095 183698 37218 7978 716473 36756 34091 52120 48154 32877 39619 4162 8535
internal_count=1712448 1710376 48896 1661480 1543231 643060 40918 590940 118249 900171 70095 183698 37218 7978 716473 36756 34091 52120 48154 32877 39619 4162 8535
is_linear=0
shrinkage=0.03


Tree=14
num_leaves=25
num_cat=0
split_feature=4 0 13 1 9 9 0 0 15 1 0 13 11 15 0 15 9 1 15 0 9 1 0 5
split_gain=1369.44 544.426 242.769 195.784 171.58 98.9876 98.6102 86.2313 86.088 72.9356 69.303 50.6296 47.8522 40.225 32.0443 22.6418 21.2357 20.1701 19.6731 18.8553 17.5631 14.6728 14.2002 10.1068
threshold=1.0000000180025095e-35 -0.15263891220092771 -13.003886222839354 -0.26460552215576166 -0.5123084783554076 -0.85066297650337208 -0.26986879110336298 0.19954198598861697 -0.010380685329437254 0.30098974704742437 0.034327179193496711 -11.920211315155028 -0.020407057367265221 -0.039338707923889153 0.065272301435470595 0.00049364566802978526 -0.32810901105403895 -0.56735020875930775 0.0066254436969757089 0.0077969431877136239 -0.43693634867668146 0.19787198305130008 -0.17796766757965085 0.33975438773632055
decision_type=8 10 10 10 8 8 10 10 10 10 10 10 10 10 10 10 10 10 10 10 10 10 8 8
left_child=1 3 10 6 7 23 13 8 -4 11 12 -6 19 -1 -11 20 -8 -12 -14 -3 -7 -19 -17 -5
right_child=-2 2 4 5 9 15 16 -9 -10 14 17 -13 18 -15 -16 22 -18 21 -20 -21 -22 -23 -24 -25
leaf_value=-0.011693605022145896 -0.021812006575770222 -0.0037348257666734385 -0.0014069091492590799 -0.0023490537912057162 6.4035530180164181e-05 -0.0020347376677868623 -0.0038805936057227809 -0.0050391879169604326 -8.9393261192853834e-05 0.00030554891081421457 -0.002765137928925993 0.00051925500657275475 -0.0016740666952531115 -0.0056161159541702225 0.0039127247755252519 0.0021138427006864866 -0.00034085782196907458 -0.00036545465073018943 -0.00034656532634275719 -0.00087781298343991019 -2.766731588153743e-05 0.0011108561567309333 -0.0003251442004048413 -0.0064942102664111191
leaf_weight=2177 2087 12841 50387 2004 304976 9348 9916 2920 369787 3497 2323 804002 39140 5948 7237 3130 2130 39445 14697 3246 7059 6595 4590 2715
leaf_count=2177 2087 12841 50387 2004 304976 9348 9916 2920 369787 3497 2323 804002 39140 5948 7237 3130 2130 39445 14697 3246 7059 6595 4590 2715
internal_value=-1.3115e-06 3.14984e-05 0.00012404 -0.0030681 0.000224757 -0.00142745 -0.00530856 -0.000289259 -0.000249586 0.000419293 -0.00118249 0.000394422 -0.00178407 -0.00786278 0.00283016 -0.000589961 -0.00331713 -0.000297209 -0.00132372 -0.00322027 -0.00121531 -0.000137872 0.000695653 -0.00518508
internal_weight=1.7122e+06 1.71011e+06 1.66109e+06 49017 1.54281e+06 28846 20171 423094 420174 1.11971e+06 118287 1.10898e+06 69924 8125 10734 24127 12046 48363 53837 16087 16407 46040 7720 4719
internal_count=1712197 1710110 1661093 49017 1542806 28846 20171 423094 420174 1119712 118287 1108978 69924 8125 10734 24127 12046 48363 53837 16087 16407 46040 7720 4719
is_linear=0
shrinkage=0.03


Tree=15
num_leaves=31
num_cat=0
split_feature=0 11 8 13 8 15 15 0 1 2 2 0 1 7 14 7 15 11 0 2 5 8 8 7 2 8 7 15 15 10
split_gain=1171.25 657.524 302.661 188.282 125.093 98.1914 366.942 441.978 95.6314 72.0483 66.9372 54.6515 46.9975 44.4546 38.6431 36.7053 33.6692 31.6326 26.7576 23.0495 21.9059 18.2275 15.0418 14.8854 14.2171 13.1521 13.0937 11.644 11.2061 6.93795
threshold=-0.26986879110336298 -0.0044975574128329745 -2.1051712036132808 -13.098713874816893 -3.0841972827911373 7.7992677688598646e-05 -1.0000000180025095e-35 0.047743946313858039 -0.29547035694122309 0.010742675047367813 -0.014284200966358183 0.047743946313858039 0.17761233448982242 -0.030385860241949555 -3.5993648767471309 -0.039217397570610039 -0.010380685329437254 -0.017048754729330536 -0.09510940313339232 0.0039256929885596046 0.67347088456153881 -2.8683488368988033 -0.91629463434219349 -0.06540245562791823 -0.0014710932737216351 -2.8683488368988033 -0.068185664713382707 0.017058253288269046 0.0072953104972839364 -0.45636782050132746
decision_type=10 8 10 10 10 10 10 10 10 10 8 10 10 10 10 8 10 10 10 10 8 10 10 10 10 8 10 10 10 10
left_child=1 4 8 11 -1 6 10 -8 21 15 -5 17 14 18 -7 20 29 24 -10 23 -6 -2 -19 -13 -4 -20 -14 -18 -23 -15
right_child=2 -3 3 5 9 12 7 -9 13 -11 -12 19 26 16 -16 -17 27 22 25 -21 -22 28 -24 -25 -26 -27 -28 -29 -30 -31
leaf_value=-0.010544182152888739 -0.0055973025562701464 -0.022117557005059144 -0.0026071313468330236 -0.0016929667111809214 -0.0023915789288549189 -0.00024959082243187927 -0.0015106659622523811 -0.016822370583093549 -0.0032335643367368589 0.0012422503165442768 0.00011385180194571218 -0.0022024801116325961 0.003119686801108695 -0.0035511253590725304 0.00048821560003267921 -0.0013921721870092027 0.00026867451912505257 -0.00032630073560790973 -0.0023797800328400837 0.0012089169052496441 -0.0068850921265201136 -0.0034645048798643461 -0.0016019240559321988 -0.0002206119582874604 -0.00074478211316515556 -0.00081567154449348135 0.0011831233851416149 -0.0018352209149876868 -0.00050063571875410087 -0.00087377030401572661
leaf_weight=2761 5359 2008 25495 18420 2420 70089 5756 2010 10989 2063 729151 3727 3366 2623 640877 3159 22888 18492 7755 8344 4788 4619 16373 21098 5441 16358 49944 2126 2055 2310
leaf_count=2761 5359 2008 25495 18420 2420 70089 5756 2010 10989 2063 729151 3727 3366 2623 640877 3159 22888 18492 7755 8344 4788 4619 16373 21098 5441 16358 49944 2126 2055 2310
internal_value=-9.67629e-06 -0.00768729 7.02634e-05 0.000158123 -0.00511672 0.000240982 -1.23535e-06 -0.00628779 -0.00175989 -0.00352683 6.78293e-05 -0.00110593 0.000480604 -0.00127885 0.000414935 -0.00451695 -0.000406641 -0.00160365 -0.00199837 -0.000100478 -0.00566837 -0.00418164 -0.00094801 -0.000567608 -0.00230618 -0.00136902 0.00133883 4.56404e-05 -0.00269221 -0.0025484
internal_weight=1.71286e+06 17199 1.69566e+06 1.61858e+06 15191 1.51961e+06 755337 7766 77082 12430 747571 98970 764276 65049 710966 10367 29947 65801 35102 33169 7208 12033 34865 24825 30936 24113 53310 25014 6674 4933
internal_count=1712864 17199 1695665 1618583 15191 1519613 755337 7766 77082 12430 747571 98970 764276 65049 710966 10367 29947 65801 35102 33169 7208 12033 34865 24825 30936 24113 53310 25014 6674 4933
is_linear=0
shrinkage=0.03


Tree=16
num_leaves=20
num_cat=0
split_feature=4 8 0 13 1 1 12 1 8 2 0 0 8 7 2 1 0 13 8
split_gain=1412.96 500.526 251.516 165.97 154.178 113.015 77.2056 81.5787 75.7298 57.5579 43.6541 31.4727 28.8029 14.3798 11.6707 11.5531 5.05065 3.71541 2.98464
threshold=1.0000000180025095e-35 -2.8683488368988033 -0.089104771614074693 -13.003886222839354 -0.3671386837959289 -0.56735020875930775 -12.590905666351317 0.17332965135574344 -1.5787147879600523 -0.0093323406763374788 0.034327179193496711 -0.19616901874542234 -0.53570395708084095 -0.034113820642232888 -0.0040304244030266992 0.19787198305130008 -0.098359882831573472 -12.120580673217772 -3.3971583843231197
decision_type=8 10 10 10 10 10 8 10 10 10 10 8 10 8 10 10 8 10 10
left_child=1 4 5 10 -1 16 7 -5 9 -7 15 -6 -10 18 -12 -4 -3 -15 -13
right_child=-2 2 3 6 11 8 -8 -9 12 -11 14 13 -14 17 -16 -17 -18 -19 -20
leaf_value=-0.0083548148855163845 -0.022363890905858646 -0.0032248779888656817 -0.0015962796166637035 0.00022818239923434581 -0.0059799686263257495 -0.0033004050374981758 -0.0043139489422443352 0.0011539870141332972 -0.00024749684258516531 -0.00098188550085640479 -0.00083517216876797791 -0.0037155623484449191 -0.0033300909865455969 -0.002369891263708776 0.00010501464684105899 0.00040572379321584493 -0.0060533979796691196 -0.00080415007731999188 -0.0019236486539456323
leaf_weight=5379 2041 5220 55203 1361873 2155 17117 2784 91191 71137 23829 19201 5256 2369 2045 28549 2284 2855 7968 4720
leaf_count=5379 2041 5220 55203 1361873 2155 17117 2784 91191 71137 23829 19201 5256 2369 2045 28549 2284 2855 7968 4720
internal_value=-9.41831e-06 2.35954e-05 8.99291e-05 0.000192959 -0.00395261 -0.00121576 0.000276385 0.000286867 -0.000958796 -0.00198648 -0.000954171 -0.00270915 -0.000372726 -0.00220456 -0.000271568 -0.00150875 -0.00455457 -0.00124997 -0.00302866
internal_weight=1.71318e+06 1.71114e+06 1.68361e+06 1.56108e+06 27523 122527 1.45585e+06 1.45306e+06 114452 40946 105237 22144 73506 19989 47750 57487 8075 10013 9976
internal_count=1713176 1711135 1683612 1561085 27523 122527 1455848 1453064 114452 40946 105237 22144 73506 19989 47750 57487 8075 10013 9976
is_linear=0
shrinkage=0.03


Tree=17
num_leaves=22
num_cat=0
split_feature=4 0 15 13 8 12 0 9 1 15 15 14 8 1 8 1 11 11 12 4 8
split_gain=1228.5 468.673 249.871 194.166 115.828 108.676 101.573 88.2858 57.3537 55.9578 44.7875 41.8576 36.5113 34.555 34.1306 33.0212 30.2962 23.9281 16.1806 14.8468 3.61441
threshold=1.0000000180025095e-35 -0.098359882831573472 -0.039338707923889153 -12.603176116943358 -3.3971583843231197 -12.590905666351317 0.029390364885330204 -0.44450198113918299 -0.063272655010223375 1.0000000180025095e-35 0.042023539543151862 -2.1441751718521114 -2.5705569982528682 -0.56735020875930775 -1.4406032562255857 0.26229929924011236 -0.011369645129889248 -0.019419393502175804 -16.259015083312985 -0.10009574145078658 -1.4276251196861265
decision_type=8 10 10 10 10 8 10 10 10 10 10 8 10 10 10 10 10 10 10 10 10
left_child=1 2 11 6 19 7 12 9 13 -5 -9 20 -3 -6 18 -16 -10 -14 -8 -4 -1
right_child=-2 3 4 5 8 -7 14 10 16 -11 -12 -13 17 -15 15 -17 -18 -19 -20 -21 -22
leaf_value=-0.0057454254527565659 -0.020578071913934851 -0.0042415353335292323 -0.0065133407764025805 -0.00029261159391001423 -0.0037001766986233479 -0.0055034435730746045 -0.00017742373636535634 0.00048648443526904821 0.00046628558494976526 0.00030514591204592104 0.0035126436468878091 -0.010898258668405989 -0.0020287597110786892 -0.0014357233206133439 0.00010645361777789295 0.0023322856355733365 -0.0013382373326315709 -0.00092621036271995792 -0.0022757295671758495 -0.0024161134371111243 -0.0023869450131248434
leaf_weight=2505 2108 3231 3851 273073 6828 2402 6737 810910 22352 290127 3973 2070 23102 60328 75157 6066 12643 92661 6924 2408 2087
leaf_count=2505 2108 3231 3851 273073 6828 2402 6737 810910 22352 290127 3973 2070 23102 60328 75157 6066 12643 92661 6924 2408 2087
internal_value=-3.65368e-06 2.75521e-05 -0.001817 0.000161397 -0.00144748 0.000291902 -0.000678269 0.000304213 -0.00118538 1.47827e-05 0.000503751 -0.00726732 -0.00126027 -0.00169604 5.1253e-05 0.000289609 -0.000186868 -0.0011566 -0.00130492 -0.00527676 -0.00466222
internal_weight=1.71154e+06 1.70944e+06 115072 1.59436e+06 108410 1.38048e+06 213878 1.37808e+06 102151 563200 814883 6662 118994 67156 94884 81223 34995 115763 13661 6259 4592
internal_count=1711543 1709435 115072 1594363 108410 1380485 213878 1378083 102151 563200 814883 6662 118994 67156 94884 81223 34995 115763 13661 6259 4592
is_linear=0
shrinkage=0.03


Tree=18
num_leaves=23
num_cat=0
split_feature=4 8 0 1 15 12 2 12 9 9 12 15 0 13 1 15 12 2 13 9 13 0
split_gain=1098.84 465.116 238.044 178.596 140.059 133.45 87.5059 84.6468 74.8452 61.2407 39.4936 38.5164 30.5012 38.4803 24.793 19.2761 13.4824 11.7341 8.5004 6.72836 6.18871 1.70835
threshold=1.0000000180025095e-35 -2.8683488368988033 -0.058774292469024651 -0.29547035694122309 -0.039338707923889153 -16.354293823242184 -0.0089247394353151304 -12.590905666351317 -0.38296937942504877 -0.67998072504997242 -15.263682842254637 -0.0071480870246887198 0.034327179193496711 -12.26493453979492 -0.56735020875930775 -0.01135200262069702 -15.385638713836668 0.0087788267992436903 -12.451504707336424 -0.89317879080772389 -12.802520751953123 -0.1238763928413391
decision_type=8 10 10 10 10 10 10 10 8 10 10 10 10 10 10 10 10 10 10 10 10 8
left_child=1 3 4 14 10 12 11 8 -7 -8 20 -6 13 -4 -1 -5 18 -14 -17 -18 -3 -16
right_child=-2 2 5 15 6 7 9 -9 -10 -11 -12 -13 17 -15 21 16 19 -19 -20 -21 -22 -23
leaf_value=-0.010562516550568633 -0.019738889554170143 -0.0036876616954088772 -0.0011011625379092273 -0.0042304966434360261 -0.0024107216470856336 0.00013100477485622971 -0.0017211901175141356 -0.004212040380877447 0.0005988110439020571 -6.3858413357293907e-05 -0.0079252283732693125 -0.00089767403904225673 -0.00013527659688610923 0.00018627456506503889 -0.0063182108443138145 -0.0017168424440738655 -0.0029546476065131998 0.0013560145577688749 0.00022833659639332558 -0.00085222967984483508 -0.0008732412835934318 -0.0029383994825572107
leaf_weight=2480 2042 2015 95294 3371 30420 732198 23241 3199 533705 132860 2394 33303 61178 26070 3069 2829 6301 4639 4353 2958 2027 2202
leaf_count=2480 2042 2015 95294 3371 30420 732198 23241 3199 533705 132860 2394 33303 61178 26070 3069 2829 6301 4639 4353 2958 2027 2202
internal_value=-2.92309e-05 0 6.39346e-05 -0.00383033 -0.000840004 0.000204824 -0.000704247 0.000315291 0.000328627 -0.000317233 -0.00504855 -0.00163779 -0.0005414 -0.000822519 -0.00758278 -0.00219698 -0.00164977 -1.62105e-05 -0.000560694 -0.0023918 -0.00259382 -0.00533517
internal_weight=1.71215e+06 1.71011e+06 1.68254e+06 27563 226260 1.45628e+06 219824 1.2691e+06 1.2659e+06 156101 6436 63723 187181 121364 7751 19812 16441 65817 7182 9259 4042 5271
internal_count=1712148 1710106 1682543 27563 226260 1456283 219824 1269102 1265903 156101 6436 63723 187181 121364 7751 19812 16441 65817 7182 9259 4042 5271
is_linear=0
shrinkage=0.03


Tree=19
num_leaves=31
num_cat=0
split_feature=0 11 8 13 15 9 15 15 7 0 14 8 1 11 2 9 1 1 15 5 1 3 0 14 2 14 1 9 15 7
split_gain=856.278 717.868 277.452 141.196 119.563 95.8588 78.8134 374.798 74.5119 57.9681 57.7204 40.091 35.1212 35.0441 34.1155 38.5333 32.974 30.5712 29.2724 24.3481 23.9829 20.808 20.2766 17.5709 16.9435 11.4146 11.0722 9.54937 9.19958 8.90187
threshold=-0.26986879110336298 -0.0044975574128329745 -2.1051712036132808 -13.065199851989744 -0.0306897759437561 -0.40263840556144709 1.0000000180025095e-35 -7.659196853637694e-05 -0.030385860241949555 0.034327179193496711 -3.6677834987640376 -2.8683488368988033 0.17761233448982242 -0.020407057367265221 0.0098106055520474928 -0.57293435931205738 0.19787198305130008 -0.3671386837959289 -0.010380685329437254 0.021733317524194721 -0.33865380287170405 -0.005993001163005828 -0.098359882831573472 -2.4685231447219844 -0.0035819679033011194 -2.3437269926071163 -0.14508998394012448 -0.85066297650337208 0.0037367939949035649 -0.044665213674306863
decision_type=10 8 10 10 10 10 8 10 10 10 10 10 8 10 10 8 10 10 10 10 8 10 10 10 10 10 8 10 10 8
left_child=1 4 8 9 -1 6 7 -5 11 13 20 17 -8 19 15 29 -12 -2 -10 -4 -7 24 -13 -24 -11 -20 -15 -27 -19 -6
right_child=2 -3 3 5 14 10 12 -9 18 21 16 22 -14 26 -16 -17 -18 28 25 -21 -22 -23 23 -25 -26 27 -28 -29 -30 -31
leaf_value=-0.0087059165243088352 -0.0063410228061919595 -0.021555858486114493 -0.0033369002257901473 -0.00021354413841318255 -0.006084151699449333 -0.0031782323463185229 0.00019573033788367121 -0.0084803949607569762 -0.0024395204961945222 -0.0022248701703658016 0.00050156124566806215 -0.0028750201219156332 0.0012340890168153307 -0.00034898450240305752 0.00092356382638651344 -0.00092359298967852662 0.0015270350291861786 -0.0036069135141318198 -0.00082791153677325157 -0.00035274621803777639 -0.00022344934014599399 0.00032676225920730842 -0.0020553977822063436 -0.00023999468867857586 0.00011850554989507578 -0.00054904412002621623 -0.0013721637823614057 0.00096878832020220855 -0.0016706783654882925 -0.0023118911347261599
leaf_weight=3262 3126 2011 12174 382110 2722 2091 360498 4504 5424 5673 630897 9300 31637 15301 2033 4916 29541 7206 10566 3501 71562 31746 8984 10888 4542 5143 32090 9903 6449 2262
leaf_count=3262 3126 2011 12174 382110 2722 2091 360498 4504 5424 5673 630897 9300 31637 15301 2033 4916 29541 7206 10566 3501 71562 31746 8984 10888 4542 5143 32090 9903 6449 2262
internal_value=-1.24368e-05 -0.00657573 5.59357e-05 0.000140057 -0.0039505 0.000214161 -1.73524e-05 -0.000321456 -0.00169743 -0.000920486 0.000460012 -0.00246052 0.000281733 -0.00149193 -0.00232859 -0.00303757 0.000549004 -0.00364545 -0.000536953 -0.00272045 -0.000332246 -4.70983e-05 -0.00171885 -0.00110576 -0.001198 -8.35486e-05 -0.00105517 0.000429696 -0.00280497 -0.00479369
internal_weight=1.71206e+06 17206 1.69486e+06 1.61787e+06 15195 1.51284e+06 778749 386614 76989 105027 734091 45953 392135 63066 11933 9900 660438 16781 31036 15675 73653 41961 29172 19872 10215 25612 47391 15046 13655 4984
internal_count=1712062 17206 1694856 1617867 15195 1512840 778749 386614 76989 105027 734091 45953 392135 63066 11933 9900 660438 16781 31036 15675 73653 41961 29172 19872 10215 25612 47391 15046 13655 4984
is_linear=0
shrinkage=0.03


Tree=20
num_leaves=25
num_cat=0
split_feature=4 1 8 9 12 9 15 15 3 11 15 14 2 6 8 10 14 15 8 1 15 10 12 14
split_gain=996.698 385.22 212.015 170.279 140.421 87.6901 67.8557 66.4842 61.3763 56.6017 42.9712 40.3986 38.7142 32.7782 30.9584 29.214 24.7166 20.407 17.7689 16.4295 16.1803 15.8469 7.46664 1.51901
threshold=1.0000000180025095e-35 -0.29547035694122309 -2.1581553220748897 -0.89317879080772389 -16.354293823242184 -0.43550010025501246 -0.0306897759437561 -0.010380685329437254 -0.0086266654543578607 -0.020797897130250927 0.006889432668685914 -3.6450582742691036 -0.019792213104665276 -1.4999999999999998 -2.7017740011215206 -0.62795111536979664 -2.4604431390762325 0.012091487646102907 -1.2788587808609007 -0.46272444725036616 0.018273681402206424 -0.13219543546438214 -15.831804752349852 -2.5521757602691646
decision_type=8 10 10 10 10 8 10 10 10 10 10 10 10 2 10 10 10 10 10 10 10 10 10 10
left_child=1 2 10 8 9 7 22 -6 -3 18 14 -7 17 21 19 -14 -11 -8 -5 -1 -15 -10 -4 -12
right_child=-2 3 6 4 5 11 12 -9 13 16 23 -13 15 20 -16 -17 -18 -19 -20 -21 -22 -23 -24 -25
leaf_value=-0.0099858471350013599 -0.018791745754091472 -0.0063868346713484639 -0.0021258231007969908 -0.0038243152494670221 -0.0008554249752681164 -0.00019076359197139152 -0.0032007942957928553 0.0001018767011096797 -0.0046164483699012203 -0.00066416531459743023 -0.0010964165546215889 0.00053283783038849514 -0.0032940583485050294 -0.00079696093174438367 -0.0035284172105496678 -0.00020963443793055062 5.3792488608423194e-05 2.3356006574817003e-05 -0.0014773602806597336 -0.0047970306392720744 -0.0033871684441988048 -0.0012912916286418612 -0.0055800691433776127 -0.0030520254481448909
leaf_weight=2935 2042 2072 2278 4601 74083 75944 7840 522942 3677 129417 2145 720296 2533 29134 4057 36416 63405 2000 11613 3217 2038 3083 2858 2311
leaf_count=2935 2042 2072 2278 4601 74083 75944 7840 522942 3677 129417 2145 720296 2533 29134 4057 36416 63405 2000 11613 3217 2038 3083 2858 2311
internal_value=-2.04614e-05 7.25096e-06 -0.002187 9.97129e-05 0.000148402 0.000257368 -0.00128451 -1.70263e-05 -0.00182082 -0.000575328 -0.00533401 0.000463369 -0.000906206 -0.00148375 -0.00642552 -0.000457039 -0.000427001 -0.00254702 -0.00225578 -0.00788213 -0.00102658 -0.00333466 -0.00442573 -0.00237677
internal_weight=1.71294e+06 1.7109e+06 68590 1.6423e+06 1.6023e+06 1.39326e+06 53925 597025 40004 209036 14665 796240 48789 37932 10209 38949 192822 9840 16214 6152 31172 6760 5136 4456
internal_count=1712937 1710895 68590 1642305 1602301 1393265 53925 597025 40004 209036 14665 796240 48789 37932 10209 38949 192822 9840 16214 6152 31172 6760 5136 4456
is_linear=0
shrinkage=0.03


Tree=21
num_leaves=27
num_cat=0
split_feature=4 0 1 13 9 0 12 0 9 2 9 2 9 1 0 2 12 0 13 2 0 13 13 5 14 14
split_gain=1037.14 364.856 166.408 154.391 110.469 109.171 64.0512 138.711 49.8224 47.0214 46.4943 46.0115 43.2041 42.7046 53.3017 42.3142 34.7496 37.4133 34.2296 32.0796 31.1382 27.2301 24.2808 9.56095 2.28629 1.15558
threshold=1.0000000180025095e-35 -0.098359882831573472 -0.56735020875930775 -12.278990268707274 -0.74394527077674855 0.029970824718475345 -13.257269859313963 0.034327179193496711 -0.40943548083305353 0.00025440752506256109 -0.37290325760841364 -0.0075569942127913228 -0.45896095037460322 0.21837869286537173 0.19954198598861697 -0.0091131986118853075 -15.328868865966795 -0.13636368513107297 -13.870556354522703 0.011358715593814852 -0.26986879110336298 -10.79887819290161 -13.003886222839354 -1.0856534242630003 -2.5521757602691646 -3.1265411376953121
decision_type=8 10 10 10 8 8 8 10 8 10 10 10 8 10 10 10 10 10 10 8 10 10 10 8 8 10
left_child=1 2 20 5 16 10 8 -8 19 -10 15 12 -6 22 -15 -3 23 -18 -12 -5 24 -13 -7 -4 -1 -22
right_child=-2 3 4 6 11 13 7 -9 9 -11 18 21 -14 14 -16 -17 17 -19 -20 -21 25 -23 -24 -25 -26 -27
leaf_value=-0.004288666154366327 -0.019097937231031144 -0.0022488208576913835 1.7847947875829727e-05 0.00010473807296381006 -0.0025730671174326175 -0.0005112813840084915 0.001244783670774042 -0.0075679898264536102 0.00080854869187704163 0.00028045100926542803 -0.00261270795174612 0.00014742615253691586 -0.00058182954851338517 0.0027418160381461991 -0.0011983428388713179 -0.00090973300083659059 -0.005599975096561135 -0.0016814481010656252 -0.00011099082291733058 0.001917984025649375 -0.0036397774259325122 -0.0024101429901540062 0.0003485235217128159 -0.002128295810926144 -0.0085694555499888463 -0.0015063569686276294
leaf_weight=2714 2054 28430 2186 618049 17676 45678 3257 2387 270708 352162 4816 41338 23244 11068 3767 92613 7186 4241 72656 8435 2131 3607 81415 6312 2404 2364
leaf_count=2714 2054 28430 2186 618049 17676 45678 3257 2387 270708 352162 4816 41338 23244 11068 3767 92613 7186 4241 72656 8435 2131 3607 81415 6312 2404 2364
internal_value=5.01662e-06 3.36996e-05 -0.0015913 0.00015189 -0.00122943 -0.000413945 0.000305727 -0.00274612 0.000320847 0.000510915 -0.000867649 -0.000748144 -0.00146989 0.000219362 0.00171529 -0.00123468 -0.00321974 -0.00430227 -0.000286113 0.00013114 -0.00528626 -7.54856e-05 3.63606e-05 -0.00157257 -0.00693654 -0.00284093
internal_weight=1.7129e+06 1.71084e+06 115403 1.59544e+06 105790 340443 1.255e+06 5644 1.24935e+06 622870 198515 85865 40920 141928 14835 121043 19925 11427 77472 626484 9613 44945 127093 8498 5118 4495
internal_count=1712898 1710844 115403 1595441 105790 340443 1254998 5644 1249354 622870 198515 85865 40920 141928 14835 121043 19925 11427 77472 626484 9613 44945 127093 8498 5118 4495
is_linear=0
shrinkage=0.03


Tree=22
num_leaves=21
num_cat=0
split_feature=4 8 13 9 15 8 15 14 15 7 11 8 15 15 15 7 3 15 9 11
split_gain=946.432 358.494 169.706 131.452 88.6878 79.022 77.6785 76.9849 59.8215 50.5458 39.372 39.5072 30.9694 30.8251 27.8717 23.1308 19.7125 19.3299 17.1638 17.1902
threshold=1.0000000180025095e-35 -2.8683488368988033 -13.13258123397827 -0.5869159698486327 -0.020633220672607418 -0.29748617112636561 0.0021161735057830815 -2.7472709417343135 -0.0099093317985534651 -0.048943214118480675 -0.020797897130250927 -1.288114011287689 -0.012508511543273924 0.042023539543151862 0.0049608349800109872 -0.053689619526267045 0.0013296857359819116 -0.0059458613395690909 -1.2401576638221739 -0.016289774328470227
decision_type=8 10 10 10 10 8 10 10 10 8 10 10 8 10 10 8 10 8 10 10
left_child=1 4 10 5 -1 8 7 -5 -4 -6 11 12 -3 -8 17 -13 -16 -12 -11 -20
right_child=-2 2 3 6 9 -7 13 -9 -10 18 14 15 -14 -15 16 -17 -18 -19 19 -21
leaf_value=-0.0074437833141819182 -0.018278645432996548 -0.0065890543712689813 -0.0015259895346921134 -0.00032323426730795294 -0.0051458896312186597 -0.0051853152493005778 0.00051470155171224881 0.00029593623244825472 -0.00022150703659357338 -0.003818149478867433 -0.00055373614503678725 -3.4107575448463786e-05 -0.0023387481295663272 0.0023564774622629155 -0.00048059967733594147 -0.0022637191519150573 0.0012879538033882976 -0.0018253465741385061 -0.0034633918220062987 -0.00075865483489287911
leaf_weight=3776 2050 2227 36637 279604 5006 2674 525955 508029 222351 2739 22723 8646 7159 7952 20917 8197 7213 22881 2262 13878
leaf_count=3776 2050 2227 36637 279604 5006 2674 525955 508029 222351 2739 22723 8646 7159 7952 20917 8197 7213 22881 2262 13878
internal_value=-1.55519e-05 1.14907e-05 6.78092e-05 0.000143806 -0.00334518 -0.000469526 0.000265602 7.56889e-05 -0.000409783 -0.00254558 -0.00112755 -0.0021243 -0.0036598 0.000544873 -0.000757023 -0.00117047 -2.06132e-06 -0.00121113 -0.00172562 -0.00124843
internal_weight=1.71288e+06 1.71083e+06 1.68316e+06 1.5832e+06 27661 261662 1.32154e+06 787633 258988 23885 99963 26229 9386 533907 73734 16843 28130 45604 18879 16140
internal_count=1712876 1710826 1683165 1583202 27661 261662 1321540 787633 258988 23885 99963 26229 9386 533907 73734 16843 28130 45604 18879 16140
is_linear=0
shrinkage=0.03


Tree=23
num_leaves=25
num_cat=0
split_feature=4 2 9 12 1 3 1 5 15 9 15 15 2 15 12 3 15 1 10 3 2 2 3 13
split_gain=853.786 265.153 131.246 129.758 118.22 72.315 65.6435 62.1708 54.4554 48.9017 41.2132 39.4147 36.7091 34.9548 31.4876 29.7857 25.5019 22.3434 16.6357 13.507 11.7732 10.9397 7.0714 6.13181
threshold=1.0000000180025095e-35 -0.012829361483454703 -0.67998072504997242 -16.325232505798336 -0.56735020875930775 -0.016204721294343468 0.19787198305130008 -0.065865930169820772 -0.0306897759437561 -1.2401576638221739 -0.011619389057159422 -0.016827881336212155 0.0082745607942342776 -0.02287197113037109 -16.949718475341793 -0.0024246036773547526 0.0026286840438842778 -0.3671386837959289 -0.24145995825529096 0.0010164156556129458 0.0085312440060079115 -0.021752090193331238 0.00023693144612479958 -11.611539363861082
decision_type=8 8 10 8 10 10 10 10 10 10 10 10 10 10 10 10 10 10 10 10 10 10 10 10
left_child=1 4 5 14 10 -3 8 11 -5 23 -1 19 -8 -11 20 -13 -16 22 -19 -6 -4 -12 -9 -7
right_child=-2 2 3 6 7 9 12 17 -10 13 21 15 -14 -15 16 -17 -18 18 -20 -21 -22 -23 -24 -25
leaf_value=-0.0068698651887882716 -0.017302391934562594 -0.0047271986522641292 -0.0013032866247930613 -0.0018264744160669528 -0.0036771789732078096 -0.0014911953702981201 0.00032314806211746259 -0.002557733201567157 0.00027417374039302462 -0.0029106630738297968 -0.0036886109974343566 -0.0019146759994679056 0.0018305898042042155 -0.00040892632237839226 -0.00061955445926348794 -0.00026252026397764972 0.00014345503110807037 -8.9863896958638402e-05 0.0019115159689162323 -0.00061486484610109718 0.00075372025352687792 -0.00073452890849404586 -1.7492225419600071e-05 -0.0042753884120821338
leaf_weight=4246 2065 3484 44009 10683 9885 2448 24652 2054 1193240 4781 2889 23982 37955 143575 93978 17477 66470 7093 6730 2020 2152 2607 2017 2967
leaf_count=4246 2065 3484 44009 10683 9885 2448 24652 2054 1193240 4781 2889 23982 37955 143575 93978 17477 66470 7093 6730 2020 2152 2607 2017 2967
internal_value=-7.01501e-06 1.87262e-05 0.000102345 0.000190517 -0.00165101 -0.000719719 0.000304405 -0.00120223 0.000254534 -0.00061195 -0.00468534 -0.0017123 0.00124904 -0.00050107 -0.000505223 -0.00123679 -0.000302129 0.000307788 0.000896315 -0.00322749 -0.00119391 -0.00251549 -0.00150437 -0.00329988
internal_weight=1.71346e+06 1.71139e+06 1.63039e+06 1.47314e+06 81000 157255 1.26653e+06 71258 1.20392e+06 153771 9742 53364 62607 148356 206609 41459 160448 17894 13823 11905 46161 5496 4071 5415
internal_count=1713459 1711394 1630394 1473139 81000 157255 1266530 71258 1203923 153771 9742 53364 62607 148356 206609 41459 160448 17894 13823 11905 46161 5496 4071 5415
is_linear=0
shrinkage=0.03


Tree=24
num_leaves=27
num_cat=0
split_feature=12 11 8 12 1 1 9 0 2 14 8 9 15 1 3 0 15 7 2 11 15 1 2 2 2 0
split_gain=755.486 794.91 276.118 128.37 125.946 100.361 72.9439 65.4212 58.6334 50.4503 47.6598 47.1139 43.6279 40.43 32.2864 36.7771 27.6779 24.3052 24.5389 15.2686 14.8504 10.916 8.13316 11.8123 8.00769 3.27688
threshold=-12.590905666351317 -0.0069508817978203288 -2.1051712036132808 -16.792246818542477 -0.3671386837959289 -0.31503134965896601 -0.43550010025501246 -0.04042315483093261 0.010241778101772072 -3.0626896619796748 -2.7017740011215206 -1.2401576638221739 -0.00023537874221801755 -0.56735020875930775 -0.0014883518451824782 0.014480441808700563 0.014345198869705202 -0.025171406567096707 0.0054070157930254945 -0.01741424202919006 -0.0034230947494506832 0.14685747027397159 0.0047308653593063363 0.0024926722981035714 -0.017182150855660435 0.058139532804489143
decision_type=8 8 10 8 10 10 8 10 8 10 10 8 8 10 8 10 10 8 10 10 10 8 10 10 10 10
left_child=2 12 4 14 10 7 8 13 -7 -8 24 -6 -2 -5 15 19 -9 18 -13 -4 -19 -17 23 -16 -1 -24
right_child=1 -3 3 5 11 6 9 16 -10 -11 -12 17 -14 -15 22 21 -18 20 -20 -21 -22 -23 25 -25 -26 -27
leaf_value=-0.0080787985868998099 0.0010049462132814971 -0.022731288899048695 -0.0038830991022178137 -0.0040276625001253279 -0.0041835993960971278 -6.9749339883836271e-05 1.6161370510576632e-06 -0.00055915103672180325 0.0018276360992529983 0.00052960687621706522 -0.001744948464682132 -0.0014556609938730692 -0.0042718516858211578 -0.0012488312737190886 -0.0003905279935017675 -0.0010824293691556873 0.0022236427564988727 -0.0011351279136805868 0.0015691838360799924 -0.0018360893253228461 0.00064185207273661365 0.00057451825437090747 0 -0.0020324197093245615 -0.0039763588903930502 0.0013358480662622331
leaf_weight=2767 2176 2158 6293 8233 4063 612495 217636 16700 14513 660625 3917 48290 2585 12766 29837 15277 3453 6175 2048 12370 11065 4023 4090 4314 3301 2079
leaf_count=2767 2176 2158 6293 8233 4063 612495 217636 16700 14513 660625 3917 48290 2585 12766 29837 15277 3453 6175 2048 12370 11065 4023 4090 4314 3301 2079
internal_value=-5.06881e-06 -0.00955778 3.62793e-05 0.000122203 -0.00166065 0.000182494 0.000222791 -0.00126928 -2.39323e-05 0.000399186 -0.00475107 -0.00119581 -0.00193679 -0.0024206 -0.00105859 -0.00168441 -2.55332e-05 -0.000982364 -0.00131247 -0.00262529 0 -0.000716108 -0.000448586 -0.000632926 -0.00636534 0.00049786
internal_weight=1.71325e+06 6919 1.70633e+06 1.6247e+06 81626 1.54642e+06 1.50527e+06 41152 627008 878261 9985 71641 4761 20999 78283 37963 20153 67578 50338 18663 17240 19300 40320 34151 6068 6169
internal_count=1713249 6919 1706330 1624704 81626 1546421 1505269 41152 627008 878261 9985 71641 4761 20999 78283 37963 20153 67578 50338 18663 17240 19300 40320 34151 6068 6169
is_linear=0
shrinkage=0.03


Tree=25
num_leaves=21
num_cat=0
split_feature=4 0 2 14 9 0 1 12 15 9 9 2 5 13 12 0 0 5 1 0
split_gain=791.853 325.938 182.439 141.473 97.7332 84.5194 75.0972 79.3496 59.6759 57.5045 43.1931 40.2643 39.4987 49.0394 39.3623 36.3614 32.8175 25.8367 23.807 17.8897
threshold=1.0000000180025095e-35 -0.26986879110336298 -0.0087403785437345487 -1.7647307515144346 -0.59072327613830555 -0.046130001544952386 0.17761233448982242 -16.674576759338375 -0.0085582137107849104 -1.2401576638221739 -0.47140954434871668 0.010241778101772072 -0.27522109448909754 -12.26493453979492 -14.819948673248289 0.23953849077224734 -0.056228399276733391 0.13930669426918033 -0.46272444725036616 0.11665806174278261
decision_type=8 10 8 8 8 10 10 8 10 10 10 10 10 10 10 10 10 8 10 10
left_child=1 3 5 11 9 8 7 -6 10 -4 -3 14 13 -7 18 -8 -11 -10 -1 -14
right_child=-2 2 4 -5 6 12 15 -9 17 16 -12 -13 19 -15 -16 -17 -18 -19 -20 -21
leaf_value=-0.0041913024027870859 -0.016525581279775044 -0.0036625022825669596 -0.0036431302769344581 -0.010636116395060593 -0.00075217275625392337 -0.001275836359268784 0.0012562344813468892 0.00026953283509415003 -0.0017550791360822075 -0.0010818161762114681 -0.0014941454665757868 0.00080805245731150905 0.0010437857066280753 0.00035128875342217659 -0.006117555564869143 -0.0015904857055984037 -0.00015434743648879649 -0.00026749757434392561 -0.000686029950422309 -0.0014518842089583169
leaf_weight=2562 2108 15403 4299 2216 72266 39800 82753 1116094 16332 41370 21352 2015 22808 27734 3327 3738 199252 30193 5261 2374
leaf_count=2562 2108 15403 4299 2216 72266 39800 82753 1116094 16332 41370 21352 2015 22808 27734 3327 3738 199252 30193 5261 2374
internal_value=-7.39896e-06 1.75963e-05 5.78163e-05 -0.00426002 0.000163958 -0.000854913 0.00026955 0.000206859 -0.00154627 -0.000383872 -0.00244786 -0.0028149 -0.000225735 -0.000605549 -0.00350196 0.00112132 -0.000316963 -0.000809182 -0.00205286 0.000773142
internal_weight=1.71326e+06 1.71115e+06 1.69577e+06 15381 1.51977e+06 175996 1.27485e+06 1.18836e+06 83280 244921 36755 13165 92716 67534 11150 86491 240622 46525 7823 25182
internal_count=1713257 1711149 1695768 15381 1519772 175996 1274851 1188360 83280 244921 36755 13165 92716 67534 11150 86491 240622 46525 7823 25182
is_linear=0
shrinkage=0.03


Tree=26
num_leaves=23
num_cat=0
split_feature=4 8 0 1 4 2 13 0 1 0 13 0 0 14 7 10 3 8 3 3 4 14
split_gain=714.64 335.268 179.562 170.447 78.8915 78.8624 83.6526 98.752 54.3236 49.5354 48.7813 39.6272 32.0321 30.9181 22.3134 21.037 15.9272 14.2925 11.5053 10.1045 8.13298 7.17199
threshold=1.0000000180025095e-35 -2.8683488368988033 -0.056228399276733391 -0.33865380287170405 -0.075670149177312837 0.0087788267992436903 -12.095189094543455 0.19954198598861697 -0.56735020875930775 0.029390364885330204 -10.511146545410154 0.097746133804321303 -0.16324651241302487 -2.8210812807083125 -0.027701975777745243 -0.34753940999507899 -0.0013373494148254392 -1.7731153368949888 0.0011849239235743882 -0.0026712864637374874 -0.10034483298659323 -2.1264442205429073
decision_type=8 10 10 10 10 10 10 10 10 10 10 10 8 10 10 8 8 10 10 8 10 10
left_child=1 3 4 -1 8 6 9 -8 15 -4 -10 18 -5 16 -13 -3 -6 -15 -7 21 -21 -14
right_child=-2 2 5 12 13 11 7 -9 10 -11 -12 14 19 17 -16 -17 -18 -19 -20 20 -22 -23
leaf_value=-0.0074659479413618042 -0.015913941773513272 -0.00092982706410528438 -0.00058515369395698718 -0.0044943178371743961 -0.0015335338566572299 0.00099506231853373661 0.00028388552463556817 -0.0056380528634458402 -0.0009432860701592044 0.0001317553579060984 -0.0048100741221216176 0.0027192082161138407 -0.0037045925502759472 -0.00063066414763221577 0.00035306371836602951 -0.0045713659359964808 -0.00032352114513417563 0.00043010335929732132 0 -0.0019366903241201622 -0.00030912466543579314 -0.0008065753977293678
leaf_weight=6198 2043 2574 195016 3184 15554 28874 1025635 2037 111275 154632 2599 17196 2060 13449 5086 5504 28264 59919 15531 3778 10279 2074
leaf_count=6198 2043 2574 195016 3184 15554 28874 1025635 2037 111275 154632 2599 17196 2060 13449 5086 5504 28264 59919 15531 3778 10279 2074
internal_value=-2.22774e-05 1.17006e-06 5.556e-05 -0.00325014 -0.000704741 0.000181879 0.000132625 0.000269119 -0.0012376 -0.000267508 -0.0010548 0.00118613 -0.00187128 -0.000144757 0.00221189 -0.00356782 -0.000772262 0.000228641 0.000645833 -0.00128817 -0.000818659 -0.00255932
internal_weight=1.71276e+06 1.71072e+06 1.68314e+06 27573 239138 1.44401e+06 1.37732e+06 1.02767e+06 121952 349648 113874 66687 21375 117186 22282 8078 43818 73368 44405 18191 14057 4134
internal_count=1712761 1710718 1683145 27573 239138 1444007 1377320 1027672 121952 349648 113874 66687 21375 117186 22282 8078 43818 73368 44405 18191 14057 4134
is_linear=0
shrinkage=0.03


Tree=27
num_leaves=25
num_cat=0
split_feature=4 0 15 13 0 8 9 0 8 13 9 12 14 7 11 8 7 11 12 15 15 14 12 0
split_gain=716.191 277.963 193.042 124.035 96.0835 69.7919 57.9384 67.6407 52.1764 45.373 40.1552 35.6814 33.8668 32.7261 57.818 31.0287 24.3906 23.1288 20.8769 17.91 14.5539 9.46249 6.6827 6.03
threshold=1.0000000180025095e-35 -0.098359882831573472 -0.039338707923889153 -11.954581260681151 0.0091412067413330095 -3.3971583843231197 -0.63920950889587391 0.15069636702537539 -1.6353338360786436 -13.450253486633299 -0.50114333629608143 -16.325232505798336 -2.3199336528778072 -0.024152513593435284 -0.0066188937053084365 -0.45964118838310236 -0.030229659751057621 -0.016727212816476818 -14.253272533416746 -0.010141849517822264 -0.0094901323318481428 -3.4026962518692012 -15.649496078491209 -0.16324651241302487
decision_type=8 10 10 10 10 10 8 10 10 10 10 10 8 10 10 10 10 10 10 10 10 10 10 10
left_child=1 2 12 4 9 23 7 20 16 17 -11 -10 22 14 -7 18 -6 -3 -8 -15 -5 -17 -1 -4
right_child=-2 3 5 6 8 13 15 -9 11 10 -12 -13 -14 19 -16 21 -18 -19 -20 -21 -22 -23 -24 -25
leaf_value=-0.0015886279250361031 -0.015712875998249509 -0.0030701491794668514 -0.0049697104317346979 -0.0010920686221170867 -0.001667148233582006 -0.00087526866070185803 0.00039983722767025721 -0.0049561737747308371 -0.00017573492600411674 -0.0012171929069172505 -0.00031278323710548159 0.00055780585216345501 -0.0090204004086676132 -0.0010183167320064967 -0.0049265967251854725 -0.0012303058748447783 0.00099856078590573362 -0.00079159678079127288 0.00095357743151898064 0.0017456564554871551 -6.8397764420685201e-05 -3.9506363875369442e-05 -0.004870126558972618 -0.0020620300718068008
leaf_weight=2047 2106 10128 3655 13778 18790 90715 805535 2250 100517 62666 153693 144016 2443 2600 2859 6001 3184 7857 67211 5920 108525 89383 2221 2675
leaf_count=2047 2106 10128 3655 13778 18790 90715 805535 2250 100517 62666 153693 144016 2443 2600 2859 6001 3184 7857 67211 5920 108525 89383 2221 2675
internal_value=2.0556e-06 2.61914e-05 -0.00139384 0.000129384 -0.000261055 -0.00106893 0.00030866 -0.000298106 0.000127634 -0.000703697 -0.000578321 0.000255311 -0.00616348 -0.000863947 -0.00102777 0.000387146 -0.00125392 -0.0021393 0.000443346 0.000859239 -0.000190139 -0.000123578 -0.00369082 -0.00402578
internal_weight=1.71078e+06 1.70867e+06 115135 1.59353e+06 500851 108424 1.09268e+06 124553 266507 234344 216359 244533 6711 102094 93574 968130 21974 17985 872746 8520 122303 95384 4268 6330
internal_count=1710775 1708669 115135 1593534 500851 108424 1092683 124553 266507 234344 216359 244533 6711 102094 93574 968130 21974 17985 872746 8520 122303 95384 4268 6330
is_linear=0
shrinkage=0.03


Tree=28
num_leaves=22
num_cat=0
split_feature=4 0 15 13 8 9 0 2 1 14 1 14 2 15 13 0 8 5 10 14 0
split_gain=696.896 306.348 220.13 115.547 90.9199 73.8284 90.4736 52.5504 48.3915 40.8637 38.8712 38.719 38.4009 37.8864 34.7458 26.7098 15.562 10.2537 8.42346 8.25418 1.21795
threshold=1.0000000180025095e-35 -0.098359882831573472 -0.039338707923889153 -12.825602531433104 -3.3971583843231197 -0.5123084783554076 0.19954198598861697 -0.025084488093852993 0.38470250368118292 -3.1902706623077388 -0.56735020875930775 -2.1102131605148311 0.0090812202543020266 -0.010380685329437254 -10.79887819290161 -0.0019983053207397457 -1.3794175982475279 -0.51212280988693226 -0.26758979260921473 -3.1265411376953121 -0.16324651241302487
decision_type=8 10 10 8 10 10 10 10 10 10 10 8 10 8 10 10 10 8 8 10 8
left_child=1 2 11 7 17 6 13 -3 9 -7 18 16 15 -5 -12 -9 -1 -4 -6 -14 -19
right_child=-2 3 4 5 10 8 -8 12 -10 -11 14 -13 19 -15 -16 -17 -18 20 -20 -21 -22
leaf_value=-0.0056131321280220138 -0.01569612398897784 -0.0049196432809399645 -0.0018341960461136712 -0.00098742168624188086 -0.001267211315010696 -7.5503129111724118e-05 -0.0052096581388246226 -0.0012710339160405333 0.0042008311523257487 0.00039613528644895162 -0.00057653788577454411 -0.010099160376712171 0.0024420125569249254 -2.1349876315068319e-05 -0.0028077138244683476 -0.00040050719454518365 -0.001443226653286256 -0.0065708663657240342 -0.0039264802311930191 0.00040970089835925893 -0.0029788354069030095
leaf_weight=2678 2051 2128 2064 40481 2825 203672 2680 51591 2393 851973 89002 2012 3147 343904 6423 86962 2000 2245 4051 4933 2085
leaf_count=2678 2051 2128 2064 40481 2825 203672 2680 51591 2393 851973 89002 2012 3147 343904 6423 86962 2000 2245 4051 4933 2085
internal_value=-2.7636e-05 -4.07461e-06 -0.00149353 0.000103998 -0.00114806 0.000186183 -0.000167676 -0.000690304 0.000315938 0.000304863 -0.000914602 -0.00659467 -0.000610377 -0.00012502 -0.000743697 -0.000730215 -0.00419981 -0.00450249 -0.00303456 0.00133239 -0.00539075
internal_weight=1.7113e+06 1.70925e+06 115385 1.59386e+06 108695 1.4451e+06 387065 148761 1.05804e+06 1.05564e+06 102301 6690 146633 384385 95425 138553 4678 6394 6876 8080 4330
internal_count=1711300 1709249 115385 1593864 108695 1445103 387065 148761 1058038 1055645 102301 6690 146633 384385 95425 138553 4678 6394 6876 8080 4330
is_linear=0
shrinkage=0.03


Tree=29
num_leaves=21
num_cat=0
split_feature=4 8 1 4 1 15 15 12 15 12 1 1 5 15 14 4 1 13 13 12
split_gain=607.555 279.28 183.079 134.411 92.944 60.8814 65.079 60.5171 103.004 53.6012 48.2297 42.2143 28.1495 26.7017 24.2151 18.7823 18.3344 15.4251 10.6206 7.90243
threshold=1.0000000180025095e-35 -2.8683488368988033 -0.3671386837959289 -0.093843482434749589 0.030270963907241825 0.00041055679321289068 -1.0000000180025095e-35 -13.257269859313963 -1.0000000180025095e-35 -16.650078773498532 0.30098974704742437 0.016440302133560184 -0.30716149508953089 0.0025412738323211674 -2.3120400905609126 -0.10042493045330046 0.18230324983596805 -12.451504707336424 -11.452017784118651 -15.369659900665281
decision_type=8 10 10 10 10 10 8 10 8 10 10 8 10 10 10 10 10 10 10 10
left_child=1 2 -1 4 5 6 -3 9 -9 16 13 -11 -7 -6 -12 19 -5 -17 -19 -4
right_child=-2 3 15 7 10 12 -8 8 -10 11 14 -13 -14 -15 -16 17 -18 18 -20 -21
leaf_value=-0.0077119555042299377 -0.014642216351178988 -0.0011019808237524578 -0.0011621397970160425 -0.00069422284040613746 -0.0004297701405999484 -0.00048676944574051895 -0.0048888678502323236 0.0012215523165319451 -0.0063708492420249414 0.00042952544334738121 0.0037248743879065723 8.4354596847454583e-05 0.00078070443133097366 0.00076186114278767954 3.1795945811835504e-05 -0.002769001698024329 0.0011637259732660715 0.00018355774756056338 -0.0014565495232836327 -0.0040517015814643736
leaf_weight=5367 2052 124549 2243 71590 34048 92274 3834 2738 2839 593036 5039 695550 18386 32462 2491 3321 4560 7542 5658 3345
leaf_count=5367 2052 124549 2243 71590 34048 92274 3834 2738 2839 593036 5039 695550 18386 32462 2491 3321 4560 7542 5658 3345
internal_value=-1.5342e-05 6.29875e-06 -0.00296634 5.58619e-05 -0.000504215 -0.000791946 -0.00123593 0.000184182 -0.00280021 0.000197618 0.000419801 0.000243548 -0.000270917 0.000148706 0.00261858 -0.00165598 -0.000572186 -0.00106184 -0.000525056 -0.00313182
internal_weight=1.71292e+06 1.71087e+06 27476 1.6834e+06 313083 239043 128383 1.37031e+06 5577 1.36474e+06 74040 1.28859e+06 110660 66510 7530 22109 76150 16521 13200 5588
internal_count=1712924 1710872 27476 1683396 313083 239043 128383 1370313 5577 1364736 74040 1288586 110660 66510 7530 22109 76150 16521 13200 5588
is_linear=0
shrinkage=0.03


Tree=30
num_leaves=23
num_cat=0
split_feature=4 0 2 8 9 15 11 9 2 12 15 15 2 7 7 9 12 0 1 12 15 10
split_gain=693.509 262.647 166.191 102.024 87.9526 80.3143 73.9794 64.397 58.0378 55.7796 48.9222 35.4335 33.7948 40.648 28.6478 25.1982 20.6752 19.3443 17.3124 14.5576 9.08624 0.591935
threshold=1.0000000180025095e-35 -0.26986879110336298 -0.010244525969028471 -1.3578717708587644 -0.5123084783554076 -0.039338707923889153 -0.021637690253555771 -1.2401576638221739 0.0087788267992436903 -16.448443412780758 -0.0083804130554199201 -0.013524591922760008 0.010241778101772072 -0.044665213674306863 -0.029905457049608227 -0.36769354343414301 -15.369659900665281 -0.04508161544799804 -0.3671386837959289 -16.09942531585693 -0.00015419721603393552 -0.33604411780834192
decision_type=8 10 10 10 8 10 10 10 10 10 10 8 10 10 10 10 10 10 10 10 10 10
left_child=1 5 3 6 7 -1 17 21 9 -6 -8 -9 13 16 -10 19 -7 -3 -17 -5 -15 -4
right_child=-2 2 4 15 8 12 10 11 14 -11 -12 -13 -14 20 -16 18 -18 -19 -20 -21 -22 -23
leaf_value=-0.0083416710746018891 -0.015660037762034725 -0.0057091951776280341 -0.0045318713873291287 -0.0016866539759297118 -0.00039045347133109576 -0.0020628619484938265 -0.0025601023111967063 -0.0011619316266269044 0.0018577094816185514 0.00029205158235685814 -0.00065690739109596343 -0.00011915305620373431 0.00067240656940713392 0.00022191769687214964 0.00045216262995051383 -0.00095753805062281266 -0.0063018702570576905 -0.0024181571072810475 0.0007507461995844843 -0.00031147032853920295 -0.0021775015077094228 -0.0020917222407837431
leaf_weight=2572 2047 4618 2090 9843 120477 2704 19638 31379 29024 968025 33478 386923 2032 2527 25371 6050 3492 4892 26816 24285 2094 2544
leaf_count=2572 2047 4618 2090 9843 120477 2704 19638 31379 29024 968025 33478 386923 2032 2527 25371 6050 3492 4892 26816 24285 2094 2544
internal_value=-1.73665e-05 5.74391e-06 4.19211e-05 -0.000988038 0.000127661 -0.0038293 -0.00185398 -0.000241379 0.000264535 0.000216091 -0.00138346 -0.000199387 -0.00262496 -0.00327323 0.00121769 -0.000166375 -0.0047889 -0.00425158 0.000417656 -0.000735383 -0.000913238 -0.00358488
internal_weight=1.71292e+06 1.71087e+06 1.69545e+06 129620 1.56583e+06 15421 62626 422936 1.1429e+06 1.0885e+06 53116 418302 12849 10817 54395 66994 6196 9510 32866 34128 4621 4634
internal_count=1712921 1710874 1695453 129620 1565833 15421 62626 422936 1142897 1088502 53116 418302 12849 10817 54395 66994 6196 9510 32866 34128 4621 4634
is_linear=0
shrinkage=0.03


Tree=31
num_leaves=18
num_cat=0
split_feature=4 0 15 2 13 0 9 1 1 4 2 9 14 2 9 11 12
split_gain=578.215 243.146 165.826 95.8699 82.2942 99.5963 80.1342 56.5849 53.403 56.5121 45.8713 37.5117 31.8442 28.5194 24.7168 23.287 10.1055
threshold=1.0000000180025095e-35 -0.09510940313339232 -0.039338707923889153 -0.025084488093852993 -12.083225250244139 0.029970824718475345 -1.2401576638221739 -0.18722403049468991 0.016440302133560184 -0.082523025572299943 0.0087788267992436903 -0.34752312302589411 -2.3277653455734248 0.0098106055520474928 -0.63920950889587391 -0.012152545619755982 -15.672817230224608
decision_type=8 10 10 10 8 10 8 10 10 8 8 10 8 10 8 10 10
left_child=1 2 12 -3 5 11 -4 15 9 -6 -10 -5 16 -7 -9 -8 -1
right_child=-2 3 6 4 8 13 7 14 10 -11 -12 -13 -14 -15 -16 -17 -18
leaf_value=-0.0011243895768425873 -0.014221110734169236 -0.0047870327828954682 -0.0052884394723163117 -0.00083542727725639007 -0.00024071155766195384 0.00021387140759164145 -0.0020921967949995767 -0.0012846894850697397 0 0.00060868718181666069 0.0010017370097917546 -3.3107306082590114e-05 -0.0083536743678814546 0.0016135779117013921 1.9725015862116181e-05 -0.00039536245253614182 -0.0045989531083163154
leaf_weight=2009 2068 3066 3297 178259 82159 159746 31634 16630 564763 467701 43838 75404 2514 13921 53344 10360 2253
leaf_count=2009 2068 3066 3297 178259 82159 159746 31634 16630 564763 467701 43838 75404 2514 13921 53344 10360 2253
internal_value=3.37547e-06 2.4894e-05 -0.00126251 0.000124335 0.000135526 -0.000219741 -0.000977404 -0.000824847 0.000266873 0.000481123 7.25725e-05 -0.000598644 -0.0056707 0.000332103 -0.00029294 -0.00169022 -0.00331416
internal_weight=1.71297e+06 1.7109e+06 122041 1.58886e+06 1.58579e+06 427330 115265 111968 1.15846e+06 549860 608601 253663 6776 173667 69974 41994 4262
internal_count=1712966 1710898 122041 1588857 1585791 427330 115265 111968 1158461 549860 608601 253663 6776 173667 69974 41994 4262
is_linear=0
shrinkage=0.03


Tree=32
num_leaves=25
num_cat=0
split_feature=4 8 1 13 15 15 15 15 1 1 6 8 13 14 3 14 15 1 3 4 1 14 15 8
split_gain=544.585 257.19 164.136 97.2446 83.6456 388.894 656.984 55.7155 50.8784 44.4099 39.5831 35.181 34.8996 30.4762 35.2395 24.6033 23.2715 26.4539 21.262 17.9338 11.9096 18.334 11.4615 8.19227
threshold=1.0000000180025095e-35 -2.1051712036132808 -0.46272444725036616 -12.872251987457274 7.7992677688598646e-05 -1.0000000180025095e-35 1.0000000180025095e-35 0.042023539543151862 0.33234113454818731 0.13442906737327578 -2.4999999999999996 -2.7017740011215206 -12.802520751953123 -2.3947082757949825 -0.0017584756133146582 -4.8241853713989249 0.0080442726612091082 -0.094702899456024156 -0.0035829573171213265 -0.053666092455387109 0.30098974704742437 -2.6949648857116695 -0.01135200262069702 -1.1127421259880064
decision_type=8 10 10 8 10 8 10 10 10 10 2 10 10 10 10 8 10 8 8 10 10 10 10 10
left_child=1 2 11 9 5 8 -7 15 -5 16 12 -1 -4 14 -12 -6 18 -18 -3 -15 22 -22 -11 -9
right_child=-2 3 10 4 7 6 -8 23 -10 20 13 -13 -14 19 -16 -17 17 -19 -20 -21 21 -23 -24 -25
leaf_value=-0.0076974958172160339 -0.013849827545291718 -0.0018460947716866843 -0.00045762637070578826 3.7926245091695893e-06 -0.0012938991792351205 -0.018169061523382716 -0.00056994900381651507 0.0009767681124616004 0.0033695546191882093 -0.0013759915801438319 -0.0032170935255096665 -0.0022998439889502171 -0.0049131102714206265 -0.00074092897344726861 -0.00094610628708256068 0.0003883676686080155 0.0007535730475761275 -0.00085543056739477397 -0.00079844353724513144 0.00073905710014173702 0.0036534882395178642 -1.3172729917026056e-05 0.00053340662429262773 0.0035479714035030179
leaf_weight=4070 2053 25562 2813 725361 7354 2350 6000 2455 3566 2855 8895 2429 4138 29124 21694 726158 14842 22215 64371 9184 2033 2064 16446 5204
leaf_count=4070 2053 25562 2813 725361 7354 2350 6000 2455 3566 2855 8895 2429 4138 29124 21694 726158 14842 22215 64371 9184 2033 2064 16446 5204
internal_value=-4.31013e-06 1.61667e-05 -0.0016142 9.92452e-05 0.000173393 -5.24996e-05 -0.00630356 0.000398387 2.29681e-05 -0.000625864 -0.00119476 -0.0060314 -0.00330199 -0.000955585 -0.00165726 0.000370223 -0.000847741 -0.000201555 -0.0011081 -0.000373435 0.000558338 0.00194051 0.000208204 0.00287094
internal_weight=1.71324e+06 1.71118e+06 82347 1.62884e+06 1.47845e+06 737277 8350 741171 728927 150388 75848 6499 6951 68897 30589 733512 126990 37057 89933 38308 23398 4097 19301 7659
internal_count=1713236 1711183 82347 1628836 1478448 737277 8350 741171 728927 150388 75848 6499 6951 68897 30589 733512 126990 37057 89933 38308 23398 4097 19301 7659
is_linear=0
shrinkage=0.03


Tree=33
num_leaves=24
num_cat=0
split_feature=4 8 2 13 0 15 15 9 15 2 9 8 8 2 13 15 7 15 3 8 12 0 8
split_gain=608.681 229.811 148.277 112.378 75.0361 59.4057 132.416 58.7772 52.0222 49.7339 44.3616 34.1631 30.042 25.3818 22.3778 21.191 18.9326 14.389 11.74 8.16272 6.56544 3.17053 3.03645
threshold=1.0000000180025095e-35 -2.1051712036132808 -0.017182150855660435 -13.13258123397827 0.23953849077224734 0.0021992325782775883 -0.0037050843238830562 -0.5869159698486327 -0.0306897759437561 0.0090812202543020266 -1.2401576638221739 -1.5970550775527952 -0.31706485152244562 0.0047308653593063363 -13.870556354522703 0.0080442726612091082 -0.035164047032594674 0.0067588388919830331 -0.0013373494148254392 -0.90363663434982289 -15.402012348175047 -0.1296277046203613 -2.7017740011215206
decision_type=8 10 10 10 8 10 8 8 10 10 10 10 10 10 10 10 10 10 10 8 10 10 10
left_child=1 2 17 11 7 6 -6 12 -4 -9 21 14 -5 15 -3 -13 -12 22 -16 -15 -7 -10 -1
right_child=-2 3 8 4 5 20 -8 9 10 -11 16 13 -14 19 18 -17 -18 -19 -20 -21 -22 -23 -24
leaf_value=-0.0077569916729926863 -0.014618349443410381 -0.005059675819608 -0.0046440628217699672 -0.00023354581426208933 0.00016408229989780496 -0.0014220655551751243 -0.0096282465150305165 0.00020514902113165321 -0.0048088681139720358 0.0011767836793015927 -0.001309996897935351 -0.0012469358520648026 -0.0028490355849659257 -0.00051740726860806168 -0.0027404209732137625 -0.00011215770522066492 -0.00027226765379529126 -0.002326967168588569 -0.00038612658247059978 0.0010494062884995757 0.00051199755454272113 -0.0019690336385216121 -0.0037758823347806849
leaf_weight=2718 2065 2129 3137 220630 2322 2022 2000 1250341 2034 48980 27187 50849 3556 3849 3650 21813 39963 2186 4534 8388 3529 2439 2569
leaf_count=2718 2065 2129 3137 220630 2322 2022 2000 1250341 2034 48980 27187 50849 3556 3849 3650 21813 39963 2186 4534 8388 3529 2439 2569
internal_value=-1.51244e-05 6.59259e-06 -0.00153567 8.50979e-05 0.000147473 -0.00239383 -0.00483359 0.000164918 -0.00110749 0.000242446 -0.000917312 -0.000911829 -0.000282615 -0.00069971 -0.00251719 -0.000913473 -0.000703424 -0.00544342 -0.001568 0.000532066 -0.000202216 -0.00367437 -0.00636775
internal_weight=1.71289e+06 1.71082e+06 82233 1.62859e+06 1.53338e+06 9873 4322 1.52351e+06 74760 1.29932e+06 71623 95212 224186 84899 10313 72662 67150 7473 8184 12237 5551 4473 5287
internal_count=1712890 1710825 82233 1628592 1533380 9873 4322 1523507 74760 1299321 71623 95212 224186 84899 10313 72662 67150 7473 8184 12237 5551 4473 5287
is_linear=0
shrinkage=0.03


Tree=34
num_leaves=26
num_cat=0
split_feature=4 0 15 13 9 0 9 14 15 0 14 11 14 0 0 8 11 9 12 0 8 4 15 8 15
split_gain=551.985 238.035 161 75.9887 66.9563 66.743 59.6441 39.543 34.6047 32.4517 31.8231 28.9958 28.4938 34.3997 26.1817 21.2488 56.4229 18.9892 14.6402 14.0986 12.8926 12.5115 11.3037 9.56572 9.48749
threshold=1.0000000180025095e-35 -0.098359882831573472 -0.039338707923889153 -13.003886222839354 -0.55988299846649159 0.19954198598861697 -0.80260464549064625 -2.1016920804977413 0.042023539543151862 -0.025524258613586422 -3.4380112886428829 -0.020407057367265221 -3.1389664411544795 -0.16324651241302487 0.01104182004928589 -1.6766262054443357 -0.017048754729330536 -0.44600464403629297 -15.410107612609862 -0.098359882831573472 -1.4406032562255857 -0.10020408034324645 0.0049608349800109872 -1.3270684480667112 0.0082072615623474138
decision_type=8 10 10 10 10 10 10 8 10 10 10 10 10 10 10 10 10 10 10 8 10 10 10 10 10
left_child=1 2 7 11 5 9 12 20 10 -5 -6 14 -4 -14 23 16 -8 24 -10 -17 -1 -16 -19 -3 -13
right_child=-2 3 6 4 8 -7 15 -9 18 -11 -12 17 13 -15 21 19 -18 22 -20 -21 -22 -23 -24 -25 -26
leaf_value=-0.0048146376202841496 -0.01383124892862699 -0.0039301344837977493 2.2309186348991532e-05 -0.0007380929809568717 -0.00016392256006904959 -0.0048412927155026845 -0.0035956371716596167 -0.0090694983153558079 0.00036912927760415336 -2.0298782804187734e-05 0.00029284978973755067 -0.0013078433364707407 -0.0046526321729580605 -0.0015282627337667859 0.00028053729688817336 -0.00025490906233933844 -0.00053811965352996006 -0.00038611376312261539 0.0033280745329468632 -0.0019366917950585174 -0.0011691883869114873 -0.001346919025950284 0.0005103499669713642 -0.0016880465919948274 -0.00010418393590338116
leaf_weight=2469 2103 3808 2844 77458 157122 2343 7201 2016 2789 211254 1031326 21446 6895 7528 6367 59374 20333 31286 4174 4477 2210 10221 20483 6692 8953
leaf_count=2469 2103 3808 2844 77458 157122 2343 7201 2016 2789 211254 1031326 21446 6895 7528 6367 59374 20333 31286 4174 4477 2210 10221 20483 6692 8953
internal_value=-2.67988e-05 -5.62153e-06 -0.00131885 8.95006e-05 0.000145867 -0.000261365 -0.00102245 -0.005682 0.000245337 -0.000214855 0.000232165 -0.000671821 -0.00262287 -0.00314783 -0.00151824 -0.000704163 -0.00139833 -0.000381661 0.00228722 -0.000391623 -0.00342984 -0.000714763 -2.41891e-05 -0.00267013 -0.000970477
internal_weight=1.71317e+06 1.71107e+06 115347 1.59572e+06 1.48647e+06 291055 108652 6695 1.19541e+06 288712 1.18845e+06 109256 17267 14423 27088 91385 27534 82168 6963 63851 4679 16588 51769 10500 30399
internal_count=1713172 1711069 115347 1595722 1486466 291055 108652 6695 1195411 288712 1188448 109256 17267 14423 27088 91385 27534 82168 6963 63851 4679 16588 51769 10500 30399
is_linear=0
shrinkage=0.03


Tree=35
num_leaves=25
num_cat=0
split_feature=4 0 13 1 9 12 14 1 9 1 8 2 0 11 15 13 12 0 12 5 12 0 15 11
split_gain=516.25 217.627 93.5268 89.6678 58.6271 58.4818 57.9734 53.9117 44.3741 37.2711 33.4255 33.3793 30.4134 29.4773 23.5137 31.5085 27.7087 19.6641 18.685 16.6523 16.1697 11.7312 10.9001 7.59907
threshold=1.0000000180025095e-35 -0.09510940313339232 -12.872251987457274 -0.26460552215576166 -0.85066297650337208 -12.590905666351317 -1.8983689546585081 0.17761233448982242 -0.38555830717086786 0.14685747027397159 -1.615125775337219 -0.025084488093852993 0.23953849077224734 -0.018185455352067944 -0.021705865859985348 -12.20891237258911 -16.414578437805172 0.029390364885330204 -16.60251426696777 -0.97916606068611134 -15.328868865966795 0.15069636702537539 -0.01135200262069702 -0.018875412642955777
decision_type=8 10 10 10 10 10 8 10 8 10 10 10 10 10 10 10 10 10 10 8 10 10 10 10
left_child=1 3 9 6 19 7 10 8 -4 11 13 -3 -9 -1 15 -6 -16 -13 -12 -5 -21 22 -11 -23
right_child=-2 2 5 4 14 -7 -8 12 -10 21 18 17 -14 -15 16 -17 -18 -19 -20 20 -22 23 -24 -25
leaf_value=-0.0052002806941451995 -0.013495781731288774 -0.0042922475996095538 -1.7674019443324457e-05 -0.00066237084423014664 0 -0.0037623342131093145 -0.0058629015694024161 0.001030798736633954 0.00032798460620676786 -0.00076490053314541442 0.0013128043097819623 -0.0011131742324346305 -0.0018747302809675192 -0.0019675459924351638 -0.0016940127492312976 -0.0030959997764204356 4.1884715884713476e-05 -0.00030710569116583063 -0.0013895541398816485 -0.0012045398223315175 -0.0045433682176973921 -0.0018447408515465081 0.0012809324589591897 0.00040089994307905742
leaf_weight=3922 2055 2055 789335 3127 5849 2900 3912 79791 577266 2299 2294 66116 2862 10228 9084 5884 58396 49036 12023 2740 4742 2168 12854 2122
leaf_count=3922 2055 2055 789335 3127 5849 2900 3912 79791 577266 2299 2294 66116 2862 10228 9084 5884 58396 49036 12023 2740 4742 2168 12854 2122
internal_value=-2.0688e-05 -3.90521e-07 9.34165e-05 -0.00121788 -0.000717783 0.000164257 -0.00256407 0.000173616 0.000128183 -0.000655054 -0.002007 -0.000857508 0.000915914 -0.00303095 -0.000424148 -0.00163832 -0.000198126 -0.000775326 -0.000906622 -0.00276546 -0.00351028 0.000541243 0.000936857 -0.00074543
internal_weight=1.71306e+06 1.711e+06 1.5888e+06 122201 89822 1.45215e+06 32379 1.44925e+06 1.3666e+06 136650 28467 117207 82653 14150 79213 11733 67480 115152 14317 10609 7482 19443 15153 4290
internal_count=1713060 1711005 1588804 122201 89822 1452154 32379 1449254 1366601 136650 28467 117207 82653 14150 79213 11733 67480 115152 14317 10609 7482 19443 15153 4290
is_linear=0
shrinkage=0.03


Tree=36
num_leaves=25
num_cat=0
split_feature=12 11 8 0 6 15 4 12 15 8 11 13 3 0 8 13 14 4 11 7 9 14 8 8
split_gain=541.872 598.425 203.262 130.688 89.9279 80.9917 66.6763 57.8235 46.2762 40.639 31.0058 33.5763 30.5882 27.0753 38.0503 22.7935 22.3342 21.6679 20.3928 18.1736 17.9038 13.8733 13.5981 9.26694
threshold=-12.590905666351317 -0.0069508817978203288 -2.8683488368988033 -0.048218607902526849 -3.4999999999999996 -0.020633220672607418 -0.075670149177312837 -16.109475135803219 -0.028012216091156002 -1.3164727687835691 -0.013419074937701224 -13.292990684509276 -0.0062263861764222375 0.048620015382766731 -0.87455934286117543 -13.659443378448485 -2.0862928628921504 -0.078065399080514894 -0.019419393502175804 -0.034113820642232888 -0.51467129588127125 -2.286963582038879 -0.52725589275360096 -3.3971583843231197
decision_type=8 8 10 10 2 10 10 8 10 10 8 10 8 8 10 10 8 10 10 8 8 10 10 10
left_child=2 12 4 5 -1 9 15 13 -6 18 11 -9 -2 14 -5 -7 -8 -11 -4 21 -12 -10 -15 -21
right_child=1 -3 3 7 8 6 16 10 19 17 20 -13 -14 22 -16 -17 -18 -19 -20 23 -22 -23 -24 -25
leaf_value=-0.0071800869416421796 -0.0033582352820980426 -0.01953060881604083 -0.0055188106627612424 6.3489572084692974e-05 -0.0057477699437440948 -0.0026302141698714438 -0.00015021139972214907 -0.0019335129618678576 -0.0031175600688304536 -0.00014364442736962144 -1.8902571557064152e-05 0.00070730014067574634 0.0010698255969431899 0.00014275122765323656 -0.00072999800758802866 -0.00078425855190609149 0.00068092229560649711 -0.0024553579505037179 -0.0023468405519837129 -0.0013596744357629114 0.00028381901433786508 -0.00089362869048594657 0.001417514928322774 0.00033460698565939491
leaf_weight=2890 2722 2160 2509 99433 2038 6215 103389 3917 6052 12335 232727 173137 2018 65065 117685 101049 39793 4923 12636 4476 695805 5808 8182 6175
leaf_count=2890 2722 2160 2509 99433 2038 6215 103389 3917 6052 12335 232727 173137 2018 65065 117685 101049 39793 4923 12636 4476 695805 5808 8182 6175
internal_value=-1.79974e-05 -0.00811863 1.69544e-05 5.93465e-05 -0.00252063 -0.000527846 -0.000341793 0.000178685 -0.00182775 -0.00192971 0.000277726 0.000641907 -0.00149359 -0.000197218 -0.000365917 -0.000905707 8.02542e-05 -0.000870542 -0.00305108 -0.00134264 0.000207653 -0.00213295 0.000297861 -0.000379539
internal_weight=1.71314e+06 6900 1.70624e+06 1.6788e+06 27439 282849 250446 1.39595e+06 24549 32403 1.10559e+06 177054 4740 290365 217118 107264 143182 17258 15145 22511 928532 11860 73247 10651
internal_count=1713139 6900 1706239 1678800 27439 282849 250446 1395951 24549 32403 1105586 177054 4740 290365 217118 107264 143182 17258 15145 22511 928532 11860 73247 10651
is_linear=0
shrinkage=0.03


Tree=37
num_leaves=21
num_cat=0
split_feature=12 11 8 0 15 0 1 0 12 1 6 15 1 1 10 12 3 15 10 2
split_gain=507.524 540.973 183.232 121.293 107.887 66.1543 56.8492 58.2577 54.7918 57.918 51.2243 41.3326 40.5167 39.3481 29.8885 24.0807 16.3295 9.34859 7.70352 7.29487
threshold=-12.590905666351317 -0.0069508817978203288 -3.3971583843231197 -0.047193109989166253 -0.039338707923889153 -0.16324651241302487 0.19787198305130008 0.23953849077224734 -16.701721191406246 0.0025427937507629399 -1.0000000180025095e-35 -0.021705865859985348 0.33234113454818731 -0.56735020875930775 -0.10903099924325942 -15.657435894012449 -0.0017584756133146582 7.7992677688598646e-05 -0.27355226874351496 0.010742675047367813
decision_type=8 8 10 10 10 10 10 10 8 8 2 10 10 10 10 10 10 10 10 10
left_child=2 14 5 4 15 -1 8 12 16 -10 13 -12 -8 -6 -2 -4 -5 -7 -19 -9
right_child=1 -3 3 6 10 17 7 19 9 -11 11 -13 -14 -15 -16 -17 -18 18 -20 -21
leaf_value=-0.0061125048121500993 -0.0034001874148032918 -0.018752617069053342 -0.0016882728164881557 -0.0011511100699073101 -0.0031548375423544779 -0.0027385148373838212 0.00094554701218137107 -0.0033898326343158626 0.00041242570051227862 -1.215141631080387e-06 -0.001989469871614938 -5.2216888348001635e-06 0.0033051992331260952 -0.00078066848079380179 0.00098263138313987386 -0.0056991962857238909 -0.00025407175639244594 0.00047984782531167191 -0.001583493006214045 -0.00056097162100634819
leaf_weight=4668 2693 2147 3276 33297 6429 3974 56057 2037 520051 731085 9494 178867 7255 95440 2032 3636 42959 2313 3142 2007
leaf_count=4668 2693 2147 3276 33297 6429 3974 56057 2037 520051 731085 9494 178867 7255 95440 2032 3636 42959 2313 3142 2007
internal_value=-1.39098e-05 -0.00786855 1.98504e-05 4.88855e-05 -0.00050068 -0.00332663 0.000166319 0.00101395 0.000122716 0.000170576 -0.000407514 -0.000111825 0.00124442 -0.000948111 -0.00154426 -0.00408079 -0.000654617 -0.00167886 -0.000691397 -0.00226813
internal_weight=1.71286e+06 6872 1.70599e+06 1.69189e+06 297142 14097 1.39475e+06 67356 1.32739e+06 1.25114e+06 290230 188361 63312 101869 4725 6912 76256 9429 5455 4044
internal_count=1712859 6872 1705987 1691890 297142 14097 1394748 67356 1327392 1251136 290230 188361 63312 101869 4725 6912 76256 9429 5455 4044
is_linear=0
shrinkage=0.03


Tree=38
num_leaves=28
num_cat=0
split_feature=12 11 8 2 12 0 4 9 2 2 11 10 7 0 2 0 13 2 14 8 0 5 14 9 0 14 6
split_gain=443.826 462.094 169.183 147.815 69.4066 54.9162 62.006 52.4664 41.7684 52.281 35.2729 34.035 33.2105 28.8142 26.425 26.1136 22.7183 21.6035 20.0786 19.71 21.9272 16.2872 14.3818 12.4548 11.0223 8.76263 6.08106
threshold=-12.590905666351317 -0.0071170933078974477 -1.8307222723960874 -0.017182150855660435 -16.354293823242184 -0.025524258613586422 -0.07722828164696692 -1.2401576638221739 0.010241778101772072 -0.00092880279407836486 -0.020797897130250927 -0.10565530508756636 -0.029905457049608227 0.0028847455978393559 -0.025084488093852993 0.097746133804321303 -11.717031002044676 0.0060800164937973031 -3.2900795936584468 -0.96472954750061024 -0.010984420776367186 -0.087682496756315217 -1.7950872182846067 -0.28044898808002466 -0.13636368513107297 -3.4755315780639644 -3.4999999999999996
decision_type=8 8 10 10 10 10 10 8 10 10 10 10 8 8 10 10 10 10 8 10 10 10 10 10 10 10 2
left_child=2 11 3 18 10 6 14 24 9 -7 13 -2 17 23 -6 -10 -8 -9 -1 21 -21 -12 -14 -4 -5 -15 -20
right_child=1 -3 4 7 5 8 16 12 15 -11 19 -13 22 25 -16 -17 -18 -19 26 20 -22 -23 -24 -25 -26 -27 -28
leaf_value=-0.0011264315233253872 -0.0034048250382321993 -0.017260014205637188 -0.0035462361600681427 -0.0051570325708247943 -0.0037184926067651554 0.00056762689588943317 -0.00033555844037411029 -0.0011453591746159251 0.00057551888743361771 0.00010971676259941209 -8.6124329504563314e-05 0.0012858551058739539 -0.00028230325222199131 -0.00169618697063853 -0.0006542677670009707 0.0022970051785960988 0.00030877020626799307 0.0012678132450720911 -0.007022797762970775 -0.0011883883316610563 -0.00025097350837211441 0.0010601971846561024 0.00085746094956881431 -0.00064919702139909908 -0.0016008717060972133 8.2117072725205524e-05 -0.0037706700024658416
leaf_weight=2000 2669 2196 6166 2204 2177 348832 66933 59911 19289 634510 60761 2000 37980 3056 101766 14392 179815 3016 2237 30696 86221 13065 12937 2339 2508 7269 5978
leaf_count=2000 2669 2196 6166 2204 2177 348832 66933 59911 19289 634510 60761 2000 37980 3056 101766 14392 179815 3016 2237 30696 86221 13065 12937 2339 2508 7269 5978
internal_value=1.76584e-06 -0.00734667 3.36548e-05 -0.00100951 0.000119302 0.000197368 -0.000125617 -0.000698293 0.000309042 0.000272667 -0.000387999 -0.00140748 -0.000557755 -0.00161283 -0.000738812 0.00134273 0.000132451 -0.00101589 -0.00439234 -0.000261615 -0.000503655 0.000118471 6.97578e-06 -0.00286311 -0.00365695 -0.000470547 -0.00504278
internal_weight=1.71292e+06 6865 1.70606e+06 128771 1.57729e+06 1.36771e+06 350691 118556 1.01702e+06 983342 209573 4669 113844 18830 103943 33681 246748 62927 10215 190743 116917 73826 50917 8505 4712 10325 8215
internal_count=1712923 6865 1706058 128771 1577287 1367714 350691 118556 1017023 983342 209573 4669 113844 18830 103943 33681 246748 62927 10215 190743 116917 73826 50917 8505 4712 10325 8215
is_linear=0
shrinkage=0.03


Tree=39
num_leaves=15
num_cat=0
split_feature=4 0 2 14 0 15 15 12 1 13 2 12 4 5
split_gain=420.487 178.341 112.954 92.9161 89.773 76.094 57.7229 51.3727 57.3584 39.4173 30.337 41.3316 20.2452 13.8076
threshold=1.0000000180025095e-35 -0.26986879110336298 -0.025084488093852993 -1.699278652667999 -0.056228399276733391 -0.016266644001007077 0.02358341217041016 -12.590905666351317 0.30098974704742437 -10.945574283599852 0.010241778101772072 -14.739803314208983 -0.10006288066506384 -0.3303664624691009
decision_type=8 10 8 8 8 10 10 8 10 10 10 10 10 10
left_child=1 3 13 10 5 9 -7 8 -6 -4 11 12 -1 -3
right_child=-2 2 4 -5 7 6 -8 -9 -10 -11 -12 -13 -14 -15
leaf_value=-0.0026907913003134747 -0.012142182643850676 -0.005303245500066776 -0.0012564551437652305 -0.0085287583814434697 0.00014783556720856885 -0.0001098319849221338 -0.0027396580662990234 -0.0033415361413094567 0.0019692889263128802 -0.0041877933801285541 0.0010469189906581002 -0.0053405905620221494 0.00013099571697609103 -0.0016012461261820702
leaf_weight=4017 2060 3183 37653 2020 1431977 188234 7347 3257 15266 4462 2035 3144 4163 2381
leaf_count=4017 2060 3183 37653 2020 1431977 188234 7347 3257 15266 4462 2035 3144 4163 2381
internal_value=6.92182e-06 2.52872e-05 5.51127e-05 -0.00313893 6.99476e-05 -0.000469548 -0.000216886 0.000158694 0.00016793 -0.00161956 -0.002024 -0.00262217 -0.00129533 -0.00403117
internal_weight=1.7112e+06 1.70914e+06 1.69376e+06 15379 1.6882e+06 237696 195581 1.4505e+06 1.44724e+06 42115 13359 11324 8180 5564
internal_count=1711199 1709139 1693760 15379 1688196 237696 195581 1450500 1447243 42115 13359 11324 8180 5564
is_linear=0
shrinkage=0.03


Tree=40
num_leaves=21
num_cat=0
split_feature=4 8 1 0 15 2 12 12 8 4 15 2 15 10 12 14 15 11 12 4
split_gain=398.685 180.864 87.1006 86.5322 82.2051 63.1186 59.0868 56.5522 51.354 46.016 37.7711 32.266 24.2416 21.9 21.875 19.0641 18.619 14.1444 15.1773 7.40633
threshold=1.0000000180025095e-35 -2.8683488368988033 -0.40737438201904291 -0.047193109989166253 -0.021705865859985348 0.0087788267992436903 -12.590905666351317 -16.902705192565914 -1.6766262054443357 -0.075670149177312837 -0.024310111999511715 0.010742675047367813 -0.016266644001007077 -0.56877383589744557 -15.831804752349852 -2.8498389720916744 0.033008784055709846 -0.014458920806646345 -14.974915504455565 -0.10027797892689704
decision_type=8 10 10 10 10 10 8 10 10 10 10 10 10 8 10 10 10 10 10 10
left_child=1 2 -1 4 8 6 7 -5 13 11 -7 -6 -4 -3 -10 -11 -12 19 -19 -14
right_child=-2 3 12 5 9 10 -8 -9 14 15 16 -13 17 -15 -16 -17 -18 18 -20 -21
leaf_value=-0.0060340244479363328 -0.011884063579812656 -0.0010452994058492476 -0.0039374247957086137 -0.00093917405397636361 -0.00081535120488016683 0.0045353537235501944 -0.0040832563777087917 0.0001274078456307142 4.3029189558138843e-05 -0.00038693231087587836 0.00070308659706020955 0.0021862830976334549 -0.00078550458746541553 -0.0049159438553611906 -0.0018322175640206428 0.00032270610080931188 0.002642409810166964 0.00012621153828249623 -0.0017474587279758835 -0.0034831510953703994
leaf_weight=4509 2050 2369 2998 45817 108550 2221 2558 1277312 8679 51470 59155 2801 2327 5586 13753 97711 4592 9515 5727 2596
leaf_count=4509 2050 2369 2998 45817 108550 2221 2558 1277312 8679 51470 59155 2801 2327 5586 13753 97711 4592 9515 5727 2596
internal_value=-3.05454e-05 -1.26925e-05 -0.00239669 2.70372e-05 -0.000442832 0.000125601 8.0092e-05 8.9907e-05 -0.00190815 -0.000267449 0.00102814 -0.000727728 -0.00156341 -0.00392873 -0.00110848 7.53898e-05 0.000866932 -0.00110921 -0.000591883 -0.00245334
internal_weight=1.7123e+06 1.71025e+06 27672 1.68257e+06 290919 1.39166e+06 1.32569e+06 1.32313e+06 30387 260532 65968 111351 23163 7955 22432 149181 63747 20165 15242 4923
internal_count=1712296 1710246 27672 1682574 290919 1391655 1325687 1323129 30387 260532 65968 111351 23163 7955 22432 149181 63747 20165 15242 4923
is_linear=0
shrinkage=0.03


Tree=41
num_leaves=20
num_cat=0
split_feature=4 0 15 2 9 13 0 1 0 1 8 4 13 2 15 0 0 8 11
split_gain=377.001 160.576 122.802 80.0083 60.6975 58.7374 80.7399 52.0584 38.8293 38.0658 35.569 33.912 27.9512 24.3086 24.2478 21.042 18.0928 17.0472 10.6871
threshold=1.0000000180025095e-35 -0.098359882831573472 -0.039338707923889153 -0.025084488093852993 -0.92040029168128956 -11.954581260681151 0.01397979259490967 0.012455761432647707 0.19954198598861697 -0.25156128406524653 -1.3069914579391477 -0.082523025572299943 -11.965314865112303 0.0090812202543020266 0.0092338621616363543 -0.14381140470504758 -0.16324651241302487 -3.3971583843231197 -0.014272616244852541
decision_type=8 10 10 10 10 10 10 10 8 10 10 10 10 10 10 10 8 10 10
left_child=1 2 10 -3 12 6 14 11 -9 18 -1 -7 17 -8 -5 -14 -11 -4 -6
right_child=-2 3 4 5 9 7 13 8 -10 16 -12 -13 15 -15 -16 -17 -18 -19 -20
leaf_value=-0.0063879198297129231 -0.01155654407692258 -0.0043838636618706382 -0.0025106370017601875 -0.00070056104004645307 -0.0019691997188227097 -0.00017211985322128671 0.00010541363370696212 3.7904125039666272e-05 -0.0031049395849133102 0.00071999109293881421 -0.0012940216779468992 0.00053562311454334783 -0.0054203317759407149 0.0011760627617107987 7.4616985858782947e-05 -0.0015702750980620096 -0.00044840855734091243 0.0008198482710313898 -0.00055335792087896367
leaf_weight=4388 2046 3112 2140 206528 17537 70135 228052 594646 3058 14417 2279 426040 3901 20467 43105 2966 57198 2342 8138
leaf_count=4388 2046 3112 2140 206528 17537 70135 228052 594646 3058 14417 2279 426040 3901 20467 43105 2966 57198 2342 8138
internal_value=-2.09088e-05 -3.56163e-06 -0.00108238 7.45483e-05 -0.000823959 8.48254e-05 -0.00018476 0.000207897 1.87413e-05 -0.0005699 -0.00490027 0.000434906 -0.00286062 0.000196977 -0.000565627 -0.00401757 -0.000205674 -0.000802504 -0.00155104
internal_weight=1.7125e+06 1.71045e+06 115306 1.59514e+06 108639 1.59203e+06 498152 1.09388e+06 597704 97290 6667 496175 11349 248519 249633 6867 71615 4482 25675
internal_count=1712495 1710449 115306 1595143 108639 1592031 498152 1093879 597704 97290 6667 496175 11349 248519 249633 6867 71615 4482 25675
is_linear=0
shrinkage=0.03


Tree=42
num_leaves=26
num_cat=0
split_feature=12 11 8 2 12 9 9 14 1 11 8 7 2 14 14 2 1 14 2 3 9 3 7 8 1
split_gain=389.893 463.317 148.179 73.4119 60.4827 52.1311 43.5393 43.4671 41.268 32.2327 32.1318 30.7022 28.1592 24.8544 21.0762 20.3572 16.9528 17.1968 16.7488 16.4822 12.2318 16.1653 10.506 8.14226 2.15228
threshold=-12.590905666351317 -0.0069508817978203288 -2.0554189682006831 -0.017182150855660435 -16.414578437805172 -1.2401576638221739 -0.59072327613830555 -3.2329759597778316 -0.56735020875930775 -0.020797897130250927 -2.8683488368988033 -0.063329201191663728 -4.9446522098151029e-05 -2.6700021028518672 -2.7288327217102046 0.011358715593814852 0.2106474041938782 -2.5941346883773799 -0.0064552351832389823 -0.0022046864032745357 -0.28044898808002466 -0.0041272013913840047 -0.045125531032681458 -1.3069914579391477 0.248062938451767
decision_type=8 8 10 10 8 8 8 10 10 10 10 10 10 10 8 10 10 10 10 8 10 10 8 10 10
left_child=2 11 3 10 9 -5 15 8 -8 20 -1 -2 -9 19 -12 18 17 -11 -6 -7 23 -22 -15 -4 -18
right_child=1 -3 4 5 6 13 7 12 -10 16 14 -13 -14 22 -16 -17 24 -19 -20 -21 21 -23 -24 -25 -26
leaf_value=-0.0060316594895034508 0.000974094254892429 -0.016922319124192176 -0.0032278670157546733 -0.0038756496594888768 -0.00094704663891971683 -0.0029359215453671648 -0.0030983538238653426 0.00046387382714072289 -0.00010839698807540535 -0.00059041474809046711 0.00032610989092963908 -0.0033951336183748863 0.00014317321469283436 -0.00125045295890342 -0.0034297391711215425 0.0017518761121637942 0.00046616966749013755 2.8740118728176914e-05 -0.00018643505040698212 -0.0009937113113205184 -0.0019284595245422382 0.001283558448960119 -0.0001004735411511241 -0.0013919099965978602 0.00208828653818447
leaf_weight=3283 2591 2161 4071 4523 30759 5215 3747 468290 221292 102059 2033 2211 528543 8290 2536 3892 2397 65038 171493 19405 2134 2490 43207 9473 2101
leaf_count=3283 2591 2161 4071 4523 30759 5215 3747 468290 221292 102059 2033 2211 528543 8290 2536 3892 2397 65038 171493 19405 2134 2490 43207 9473 2101
internal_value=-2.15159e-05 -0.00686367 8.23257e-06 -0.0011834 7.39455e-05 -0.000894859 0.000141006 0.000209187 -0.00016627 -0.000428168 -0.00387984 -0.00111152 0.000294289 -0.000689684 -0.00183205 -0.000261198 -0.00029627 -0.000348269 -0.000305641 -0.0014673 -0.00161655 -0.000183787 -0.000301611 -0.00206039 0.00141699
internal_weight=1.71323e+06 6963 1.70627e+06 88492 1.61778e+06 80640 1.42802e+06 1.22187e+06 225039 189763 7852 4802 996833 76117 4569 206144 171595 167097 202252 24620 18168 4624 51497 13544 4498
internal_count=1713234 6963 1706271 88492 1617779 80640 1428016 1221872 225039 189763 7852 4802 996833 76117 4569 206144 171595 167097 202252 24620 18168 4624 51497 13544 4498
is_linear=0
shrinkage=0.03


Tree=43
num_leaves=22
num_cat=0
split_feature=4 8 15 0 15 6 14 15 15 9 3 0 3 14 13 7 0 14 8 2 8
split_gain=430.953 146.06 102.944 97.8292 65.3325 61.187 58.5859 56.6686 95.7778 54.4685 34.3624 33.2664 31.0731 22.9323 17.519 16.7003 15.2132 13.3358 10.655 9.6597 8.41384
threshold=1.0000000180025095e-35 -2.1051712036132808 -0.028012216091156002 0.23953849077224734 0.0025412738323211674 -3.4999999999999996 -2.7472709417343135 0.00049364566802978526 -0.0055843591690063468 -0.54265412688255299 -0.0046257704962044946 -0.15263891220092771 -0.00080269575119018544 -4.8241853713989249 -11.790259838104246 -0.054694840684533112 -0.056228399276733391 -2.3608540296554561 -0.83950340747833241 -0.0056826204527169457 -1.0823945999145506
decision_type=8 10 10 8 8 2 10 10 8 8 10 10 10 10 10 10 10 10 10 10 10
left_child=1 2 11 4 6 16 12 8 -5 -8 14 -1 -3 19 -7 -15 -4 -12 20 -6 -9
right_child=-2 3 5 7 13 10 9 18 -10 -11 17 -13 -14 15 -16 -17 -18 -19 -20 -21 -22
leaf_value=-0.0068857076533732397 -0.012401582511179303 -0.00068496049278716391 -0.0057943843314033341 -0.00059653763841123909 0.00033906705622695113 -0.003561931463091343 -0.00042329576458618231 -0.00016247855449864202 -0.0089786790105120043 0.00024301080919737381 -0.00090616377163386204 -0.0014760714197630846 -0.00011917738093398367 0.00097711994916757617 -0.0004885313121821116 0.00029790485601461513 -0.0017460478094700534 -3.4035021966749636e-05 0.0005374526881719437 -0.0017948671800950284 -0.0027387870024914007
leaf_weight=3211 2029 165645 2239 2571 2193 4858 141147 2469 2163 497897 30201 2102 188031 34645 3047 580853 2513 34092 2818 6042 2336
leaf_count=3211 2029 165645 2239 2571 2193 4858 141147 2469 2163 497897 30201 2102 188031 34645 3047 580853 2513 34092 2818 6042 2336
internal_value=-2.66262e-05 -8.15809e-06 -0.00123776 5.41194e-05 7.50088e-05 -0.000935401 -7.59289e-05 -0.0025518 -0.00497558 9.51573e-05 -0.000697614 -0.00510814 -0.000385603 0.000315587 -0.00251251 0.000337385 -0.00408067 -0.00045217 -0.000796052 -0.00120537 -0.00161161
internal_weight=1.7131e+06 1.71107e+06 82263 1.62881e+06 1.61645e+06 76950 992720 12357 4734 639044 72198 5313 353676 623733 7905 615498 4752 64293 7623 8235 4805
internal_count=1713102 1711073 82263 1628810 1616453 76950 992720 12357 4734 639044 72198 5313 353676 623733 7905 615498 4752 64293 7623 8235 4805
is_linear=0
shrinkage=0.03


Tree=44
num_leaves=22
num_cat=0
split_feature=0 13 9 15 15 0 6 0 14 13 7 11 13 7 15 1 13 1 15 5 10
split_gain=354.944 379.81 90.3218 77.4976 76.4206 89.3814 69.3234 44.9529 40.1669 39.4469 32.3054 38.598 29.828 31.2543 20.4425 14.2857 13.2001 15.3032 11.2691 8.71727 3.14552
threshold=-0.26986879110336298 -10.967099189758299 -1.2401576638221739 -0.039338707923889153 0.0015051960945129397 0.19954198598861697 -1.0000000180025095e-35 -0.0043051242828369132 -4.0125017166137686 -11.965314865112303 -0.038650173693895333 -0.017227982170879837 -13.450253486633299 -0.063329201191663728 -0.00073987245559692372 -0.25156128406524653 -12.483006954193113 0.11974596977233888 0.033008784055709846 -1.742408215999603 -0.33604411780834192
decision_type=10 8 8 10 8 10 2 10 10 8 8 10 10 10 10 10 10 8 10 10 10
left_child=1 3 20 -1 5 6 7 -4 16 -8 11 15 18 -14 -13 -5 17 -6 -10 -18 -2
right_child=2 -3 4 10 8 -7 9 -9 12 -11 -12 14 13 -15 -16 -17 19 -19 -20 -21 -22
leaf_value=-0.0068167943177225221 -0.0046950332655741993 -0.015108143591067368 -0.0010587771509066855 -0.0015774100877815704 -0.00189693318914509 -0.0050549650871139756 -0.0003787875776111121 -5.8810533617824862e-05 -0.00042032521239395977 0.00012846058261830527 0.0010692173726314213 -0.0014214061759266175 0.0015785043564931402 0.00033551831423338669 -0.005658165848679694 0.0015777736506883331 0.0010803614596746954 0.00039893332920427172 -0.0023915933118789433 -0.0004423880014452519 -0.0020691684455708347
leaf_weight=2392 2578 2014 100813 2038 10637 2802 178645 68564 20579 599452 3456 2687 18423 658223 2358 2128 3379 2951 2701 23334 2830
leaf_count=2392 2578 2014 100813 2038 10637 2802 178645 68564 20579 599452 3456 2687 18423 658223 2358 2128 3379 2951 2701 23334 2830
internal_value=-4.67424e-06 -0.00424653 3.90914e-05 -0.00233579 5.2192e-05 -0.000125591 -0.000108038 -0.00065712 0.000280759 1.14466e-05 -0.00124009 -0.00214789 0.00033418 0.000370945 -0.00378739 0 -0.000632401 -0.00138057 -0.000707129 -0.000222436 -0.00366311
internal_weight=1.71298e+06 17073 1.69591e+06 15059 1.6905e+06 950276 947474 169377 740227 778097 12667 9211 699926 676646 5045 4166 40301 13588 23280 26713 5408
internal_count=1712984 17073 1695911 15059 1690503 950276 947474 169377 740227 778097 12667 9211 699926 676646 5045 4166 40301 13588 23280 26713 5408
is_linear=0
shrinkage=0.03


Tree=45
num_leaves=25
num_cat=0
split_feature=12 0 8 6 12 15 1 1 15 12 15 1 11 0 14 11 0 10 15 0 15 8 7 8
split_gain=347.901 443.525 133.968 101.293 73.1173 61.0926 59.3494 37.9882 35.4466 31.9509 30.7936 28.5687 22.5492 21.8339 20.6203 20.0067 25.6018 17.9944 16.1609 18.2684 15.9105 9.36146 3.80808 1.0725
threshold=-12.590905666351317 0.17703989148139956 -2.1051712036132808 -2.4999999999999996 -16.949718475341793 0.0024568438529968266 -0.3671386837959289 0.38470250368118292 -0.034071743488311761 -14.916782379150389 -0.028012216091156002 0.19787198305130008 -0.015758961439132687 0.23953849077224734 -3.9234573841094966 -0.020407057367265221 0.012998163700103762 -0.08832999691367148 -0.016266644001007077 0.047743946313858039 0.01602888107299805 -2.8683488368988033 -0.049628635868430131 -2.8683488368988033
decision_type=8 8 10 2 8 10 10 10 10 10 10 10 10 10 10 10 8 10 8 10 10 10 10 10
left_child=2 -2 3 9 15 6 8 -8 -6 17 -5 14 21 -13 -7 16 -4 23 -17 -20 -14 -12 -18 -1
right_child=1 -3 4 10 5 11 7 -9 -10 -11 12 13 20 -15 -16 18 22 -19 19 -21 -22 -23 -24 -25
leaf_value=-0.0041898598383428983 0.00023347605958833921 -0.014437236306270938 -0.003841158513597055 -0.0032230947959752507 -0.0044836574358453687 -0.00039201710922550102 -3.1151307990176954e-06 0.0036575711941987947 -0.001011334482428974 -0.0060949138294655869 -0.0030114500266454646 0.0013700888373939786 -0.00010027945102241536 -0.0010328443143143163 0.00034640832137001467 0.0011250375641810877 0.00027765818782210603 -8.3203904133614151e-05 -0.0012647025116182106 0.00016126939300648545 -0.0016417473451845884 -0.0010229474453968476 -0.001282089153681861 -0.0017748382283607497
leaf_weight=2229 3943 2912 4294 3780 2815 35546 935785 2058 18515 3606 3495 34927 48965 3258 538688 3344 2145 2496 30293 10342 6483 8301 2202 2185
leaf_count=2229 3943 2912 4294 3780 2815 35546 935785 2058 18515 3606 3495 34927 48965 3258 538688 3344 2145 2496 30293 10342 6483 8301 2202 2185
internal_value=-4.85352e-06 -0.00651564 2.30376e-05 -0.00115953 8.2929e-05 0.000120063 -2.91291e-05 6.54283e-06 -0.00157553 -0.00384664 -0.000733365 0.000354052 -0.000566225 0.00114661 0.000299875 -0.0010112 -0.00231313 -0.00230079 -0.00072553 -0.000896937 -0.000298932 -0.00173501 -0.0005013 -0.00335767
internal_weight=1.71261e+06 6855 1.70575e+06 81540 1.62421e+06 1.57159e+06 959173 937843 21330 10516 71024 612419 67244 38185 574234 52620 8641 6910 43979 40635 55448 11796 4347 4414
internal_count=1712607 6855 1705752 81540 1624212 1571592 959173 937843 21330 10516 71024 612419 67244 38185 574234 52620 8641 6910 43979 40635 55448 11796 4347 4414
is_linear=0
shrinkage=0.03


Tree=46
num_leaves=27
num_cat=0
split_feature=12 11 8 15 12 9 15 7 10 14 15 11 1 9 1 1 1 3 1 15 15 3 8 9 15 12
split_gain=332.714 435.79 126.241 79.856 66.9979 52.9173 57.4218 40.8271 40.0764 38.8849 48.0271 34.5322 32.9302 21.046 19.7246 17.4056 17.0256 23.5513 16.0858 13.336 16.0456 11.7189 13.4101 8.40926 3.52293 2.53935
threshold=-12.590905666351317 -0.006910148309543728 -2.1051712036132808 -0.028012216091156002 -16.398989677429196 -0.45411334931850428 -0.010141849517822264 -0.034537637606263154 -0.10565530508756636 -3.0626896619796748 0.0066254436969757089 -0.020407057367265221 0.016440302133560184 -0.95380881428718556 -0.063272655010223375 -0.18722403049468991 0.19215148687362674 -0.0055968686938285819 0.22675549983978274 0.017648786306381229 1.0000000180025095e-35 0.0028848096262663607 -1.3069914579391477 -0.63920950889587391 0.0042290389537811288 -15.369659900665281
decision_type=8 8 10 10 8 8 10 8 10 10 10 10 10 10 10 10 10 8 10 10 10 8 10 8 10 10
left_child=2 8 3 23 11 6 14 13 -2 10 -7 21 -11 25 -6 -15 17 -13 -8 20 -9 22 -4 -1 -18 -5
right_child=1 -3 4 7 5 9 18 19 -10 12 -12 16 -14 15 -16 -17 24 -19 -20 -21 -22 -23 -24 -25 -26 -27
leaf_value=-0.0056675686155027343 -0.0029537318134984364 -0.016138208892612142 -0.0031902157900512238 -0.0012999878364085668 -0.0014700320335988345 -0.00031941324920324913 9.319681572848475e-06 -0.00060565797523524998 0.0020962498366010988 0.0006459767495025138 0.00069664884249286715 -0.0017353639072518309 0.0002217215506975892 -0.0018585252018210256 -0.00042633680915966075 -0.00031450517158931055 0.0018123645008122902 -0.00026094143382081607 0.0010912787632326852 -0.0019149593443728782 0.00061745237482000424 0.00028688964443898229 -0.0012315884727311457 -0.0020597865700445932 0.00028032277242620791 -0.0033773949199411707
leaf_weight=3096 2717 2140 4832 2169 29500 159396 456177 19872 2003 296907 56167 10024 377695 14330 39462 13212 3182 159982 12233 3204 17814 2255 13400 2106 3343 5743
leaf_count=3096 2717 2140 4832 2169 29500 159396 456177 19872 2003 296907 56167 10024 377695 14330 39462 13212 3182 159982 12233 3204 17814 2255 13400 2106 3343 5743
internal_value=-1.92582e-06 -0.00636686 2.53488e-05 -0.00112255 8.3481e-05 0.000155241 -7.93626e-05 -0.000855664 -0.000757709 0.000297167 -5.22806e-05 -0.000434026 0.00040923 -0.00159451 -0.000884487 -0.00114737 -0.000294236 -0.000354471 3.93494e-05 -0.000196266 -1.91285e-05 -0.00158855 -0.00183799 -0.00456829 0.00114597 -0.00295468
internal_weight=1.71296e+06 6860 1.7061e+06 81546 1.62456e+06 1.42754e+06 537372 76344 4720 890165 215563 197018 674602 35454 68962 27542 176531 170006 468410 40890 37686 20487 18232 5202 6525 7912
internal_count=1712961 6860 1706101 81546 1624555 1427537 537372 76344 4720 890165 215563 197018 674602 35454 68962 27542 176531 170006 468410 40890 37686 20487 18232 5202 6525 7912
is_linear=0
shrinkage=0.03


Tree=47
num_leaves=25
num_cat=0
split_feature=12 7 8 2 2 1 0 0 12 15 15 8 3 1 15 8 3 0 11 15 14 9 5 2
split_gain=336.578 414.438 138.399 73.1347 61.5406 59.7953 54.8823 52.4004 35.9015 34.2149 31.8658 53.8036 27.481 25.8588 23.282 21.4502 20.1317 19.9193 16.6111 16.291 10.98 10.7252 10.953 4.94411
threshold=-12.590905666351317 -0.037079667672514909 -2.8683488368988033 -0.0087403785437345487 0.010241778101772072 -0.40737438201904291 -0.018421769142150875 0.23953849077224734 -16.761129379272457 1.0000000180025095e-35 -0.0085582137107849104 -1.3578717708587644 -0.0062263861764222375 0.30098974704742437 0.0090499818325042742 -1.3683704137802122 -0.0055968686938285819 -0.0038228034973144527 -0.012470575515180824 -0.017438590526580807 -2.5439614057540889 -1.2401576638221739 1.3480998873710635 -0.017182150855660435
decision_type=8 8 10 10 10 10 10 8 10 10 10 10 10 8 10 10 10 10 10 10 10 8 8 10
left_child=2 12 5 6 7 23 10 8 -5 -9 11 -4 -2 17 15 -8 -16 -6 -12 -7 -15 -21 -23 -1
right_child=1 -3 3 4 13 19 14 9 -10 -11 18 -13 -14 20 16 -17 -18 -19 -20 21 -22 22 -24 -25
leaf_value=-0.0065194450014593097 -0.002901961873593525 -0.015890793431018332 -0.0026444032741130517 -0.00057475846273187558 -0.00084978165725896717 -0.0034271160489871394 -0.0011319458962178763 -0.0048563986843496495 0.00013988344018455278 -0.00053700564122167234 -0.00078021216255735025 -0.00050687156226872528 0.0012431906699053438 0.0032414607459770248 -0.00026131295945875315 0.00022844761439896283 0.0017304578766693501 0.0010667701446436986 0.00035855784315371299 -0.0026086344269246951 0.0012261141580511465 -0.0014904469852524281 0 -0.0027863568708571735
leaf_weight=2126 2425 2155 21189 65651 5368 2714 14855 2589 1392599 4249 45416 22118 2303 6417 6580 31491 12188 26931 14654 2841 6274 7422 10003 2344
leaf_count=2126 2425 2155 21189 65651 5368 2714 14855 2589 1392599 4249 45416 22118 2303 6417 6580 31491 12188 26931 14654 2841 6274 7422 10003 2344
internal_value=-4.2131e-07 -0.0063922 2.70561e-05 6.20734e-05 0.000128429 -0.00206633 -0.000529474 9.44324e-05 0.000107318 -0.00243277 -0.000957955 -0.0015778 -0.000899689 0.00121572 0.00014834 -0.000208615 0.00102792 0.000731 -0.000496791 -0.00136752 0.00235213 -0.00100138 -0.000657136 -0.00509949
internal_weight=1.7129e+06 6883 1.70602e+06 1.67857e+06 1.51008e+06 27450 168491 1.46509e+06 1.45825e+06 6838 103377 43307 4728 44990 65114 46346 18768 32299 60070 22980 12691 20266 17425 4470
internal_count=1712902 6883 1706019 1678569 1510078 27450 168491 1465088 1458250 6838 103377 43307 4728 44990 65114 46346 18768 32299 60070 22980 12691 20266 17425 4470
is_linear=0
shrinkage=0.03


Tree=48
num_leaves=23
num_cat=0
split_feature=4 8 0 1 15 9 8 4 1 15 15 2 2 1 10 4 15 3 14 15 10 2
split_gain=254.329 133.163 79.2173 67.8677 64.1218 47.5806 46.8926 41.8614 40.0421 39.7401 277.532 39.1454 32.7703 29.3876 26.827 22.896 22.1072 18.2395 17.8932 14.9956 9.58454 6.53563
threshold=1.0000000180025095e-35 -2.8683488368988033 -0.047193109989166253 -0.33865380287170405 -0.021705865859985348 -0.39733779430389399 -1.3794175982475279 -0.078923176974058137 0.30098974704742437 1.0000000180025095e-35 -7.659196853637694e-05 0.00066185742616653453 0.0061998977325856694 -0.014195978641510008 -0.61778822541236866 -0.078065399080514894 -0.016266644001007077 -0.011294578202068804 -2.3277653455734248 0.0026286840438842778 -0.50710028409957875 -0.0013597384095191953
decision_type=8 10 10 10 10 10 10 10 10 10 10 10 10 10 8 10 10 10 10 10 10 10
left_child=1 3 4 19 6 9 14 12 11 10 -4 -7 -6 -11 -3 -8 -5 -9 -10 -1 -18 -22
right_child=-2 2 5 16 7 8 15 17 18 13 -12 -13 -14 -15 -16 -17 20 -19 -20 -21 21 -23
leaf_value=-0.0058177296330969141 -0.0094568173282879014 -7.8885375769069507e-05 -0.00015997772434858272 -0.0035583883508055907 -0.00083411539838765562 0.00053693406248357201 2.6696349339289717e-05 0.0024723094354863096 0.0032337046241834502 0.00051955460807015812 -0.0076239448459836257 7.1329323742873012e-05 0.0014416469281614262 -1.5894689975951659e-05 -0.0036756068155291864 -0.0023335308069029415 0.00067642375892240842 2.0030026828725601e-05 0.00020822413355424656 -0.0018609738277407838 -0.0013159516341594395 0.00013788940798383403
leaf_weight=3988 2055 2484 333566 2578 99694 319793 12811 2286 5668 145476 4048 333698 5500 247780 10453 4561 3026 153545 2872 2199 12883 2946
leaf_count=3988 2055 2484 333566 2578 99694 319793 12811 2286 5668 145476 4048 333698 5500 247780 10453 4561 3026 153545 2872 2199 12883 2946
internal_value=1.01696e-06 1.53039e-05 4.96471e-05 -0.00203188 -0.000399539 0.000143922 -0.0016959 -0.00024491 0.000328078 -2.25886e-05 -0.0002615 0.000299873 -0.000706033 0.000181829 -0.00303597 -0.000624141 -0.00115825 6.57156e-05 0.00231721 -0.00470057 -0.000731136 -0.00103106
internal_weight=1.71391e+06 1.71186e+06 1.68424e+06 27620 291334 1.3929e+06 30309 261025 662031 730870 337614 653491 105194 393256 12937 17372 21433 155831 8540 6187 18855 15829
internal_count=1713910 1711855 1684235 27620 291334 1392901 30309 261025 662031 730870 337614 653491 105194 393256 12937 17372 21433 155831 8540 6187 18855 15829
is_linear=0
shrinkage=0.03


Tree=49
num_leaves=31
num_cat=0
split_feature=0 13 2 2 2 0 15 0 14 12 9 11 15 9 13 15 15 8 15 7 14 3 15 3 7 15 7 5 0 9
split_gain=276.778 323.814 82.0244 71.1852 53.7415 52.5507 131.485 50.3917 49.1422 39.3234 36.907 36.028 35.5916 33.1277 32.9398 39.2105 32.4512 32.1235 30.9959 27.6421 26.5054 21.0235 17.516 17.2542 17.1938 15.7691 14.2357 13.6153 12.9469 10.327
threshold=-0.26986879110336298 -10.978158473968504 -0.0083941775374114496 0.013104489073157312 0.0090812202543020266 0.19954198598861697 0.0015927255153656008 -0.019540250301361081 -2.434928178787231 -16.949718475341793 -0.54810425639152516 -0.018875412642955777 -0.021705865859985348 -0.43550010025501246 -12.26493453979492 0.009797483682632448 -0.0091069340705871565 -1.3270684480667112 -0.016266644001007077 -0.040790788829326623 -2.5941346883773799 -0.0081656291149556619 0.030295431613922123 -0.005993001163005828 -0.061456628143787377 -0.018888533115386959 -0.042199896648526185 -0.1771331503987312 0.089678525924682631 -0.46958720684051508
decision_type=10 8 8 10 8 8 10 10 8 10 10 10 10 10 10 10 10 10 10 8 10 10 10 10 8 10 10 10 10 10
left_child=1 3 7 8 5 9 -7 11 24 -4 -11 17 -6 18 15 16 -9 25 -13 -10 -19 -15 26 -17 -1 -2 -14 -24 29 -16
right_child=2 -3 4 -5 12 6 -8 14 19 10 -12 13 22 21 28 23 -18 20 -20 -21 -22 -23 27 -25 -26 -27 -28 -29 -30 -31
leaf_value=-0.0031778076410060672 -0.0051331198213365892 -0.013732790376084051 -0.00085066999785561028 0.0026502574297869851 0.0039603643846081796 -0.007888670660777003 0.00039496675077057392 0.00031630623324041296 -0.0071602252033738881 -0.00018049645923231498 0.00019415085242077183 -0.0025482365298570607 0.0015261848212132518 0.0025663850289210119 0.0003820708823988624 -0.00054609804514173677 -0.0016740287015198194 -0.0016321625595199589 -0.00071207747577333846 -0.0017604302649164459 0.0010518843066620917 -0.00015409151546097935 0.0033789137437865826 0.0015745779103563823 -0.00029456272291723367 -0.0022041873060154051 0.00033501890817680673 0.00020277025556441093 -0.0011727078660322111 0.0016144475883191592
leaf_weight=2466 2544 2027 38595 2084 2948 2100 4808 10514 2497 300502 1096865 10691 11417 2251 13060 4732 21584 11217 37932 2036 4078 35094 3468 9371 6070 9987 44078 2152 2084 13409
leaf_count=2466 2544 2027 38595 2084 2948 2100 4808 10514 2497 300502 1096865 10691 11417 2251 13060 4732 21584 11217 37932 2036 4078 35094 3468 9371 6070 9987 44078 2152 2084 13409
internal_value=-8.83849e-07 -0.00373523 3.78687e-05 -0.00198275 0.000111896 7.37535e-05 -0.0024452 -0.000550927 -0.00281408 8.69272e-05 0.000113333 -0.000947185 0.000959104 -0.000631546 5.05751e-05 -0.000438962 -0.00101802 -0.0018834 -0.00114374 -0.00521034 -0.000886896 3.37004e-05 0.0007785 0.000848146 -0.00129047 -0.00299597 0.000596875 0.00232766 0.000846933 0.00103586
internal_weight=1.71266e+06 17180 1.69548e+06 15153 1.50693e+06 1.44287e+06 6908 188548 13069 1.43596e+06 1.39737e+06 113794 64063 85968 74754 46201 32098 27826 48623 4533 15295 37345 61115 14103 8536 12531 55495 5620 28553 26469
internal_count=1712661 17180 1695481 15153 1506933 1442870 6908 188548 13069 1435962 1397367 113794 64063 85968 74754 46201 32098 27826 48623 4533 15295 37345 61115 14103 8536 12531 55495 5620 28553 26469
is_linear=0
shrinkage=0.03


Tree=50
num_leaves=20
num_cat=0
split_feature=12 13 2 0 15 4 12 15 2 9 2 12 3 4 9 0 3 10 10
split_gain=286.635 446.046 118.857 75.7533 105.805 53.5698 47.0378 39.9208 33.6891 40.8949 40.4487 30.4477 30.3999 26.2243 24.1299 25.4676 16.9662 13.8533 7.93446
threshold=-12.590905666351317 -11.121047019958494 -0.025084488093852993 -0.04042315483093261 -0.039338707923889153 -0.10007902979850768 -16.109475135803219 -0.00048750638961791987 -4.9446522098151029e-05 -0.40263840556144709 0.0087788267992436903 -15.051662445068358 -0.0016473993891850112 -0.114838570356369 -0.33337689936161036 0.05031710863113404 -0.007376359310001134 -0.32749840617179865 -0.403636485338211
decision_type=8 8 8 10 10 10 10 8 8 10 8 10 8 10 10 10 10 10 10
left_child=2 7 16 4 11 13 14 -2 9 -8 -10 17 -7 -6 15 -5 -1 -4 -16
right_child=1 -3 3 6 5 12 8 -9 10 -11 -12 -13 -14 -15 18 -17 -18 -19 -20
leaf_value=-0.0014030067543660272 0.0021070228419159081 -0.016179578795519348 -0.00047986697253362223 -0.00057332538240305244 0.00037687197329222365 -0.00052639579439237472 0.00018829642478822211 -0.0028166428561018889 5.8122841032308528e-06 0.00075702426929321958 0.00086067433412003011 -0.0065864991588739886 0.00013112320969608753 -0.0013201553174869243 -0.00041904116052395577 0.00020986891472045757 -0.0049819921604759886 -0.003674632388950193 0.00036474031437585072
leaf_weight=2694 2260 2009 2968 149669 9146 95172 276826 2667 542034 195550 54441 2153 185418 52892 13235 48797 4094 2255 68007
leaf_count=2694 2260 2009 2968 149669 9146 95172 276826 2667 542034 195550 54441 2153 185418 52892 13235 48797 4094 2255 68007
internal_value=2.87473e-07 -0.00587675 2.60819e-05 4.26472e-05 -0.000350054 -0.000269677 0.000144883 -0.000516846 0.000235632 0.000424919 8.49946e-05 -0.00379149 -9.13699e-05 -0.00106416 -0.00020063 -0.000379209 -0.00379644 -0.00211214 0.000231604
internal_weight=1.71229e+06 6936 1.70535e+06 1.69856e+06 350004 342628 1.34856e+06 4927 1.06885e+06 472376 596475 7376 280590 62038 279708 198466 6788 5223 81242
internal_count=1712287 6936 1705351 1698563 350004 342628 1348559 4927 1068851 472376 596475 7376 280590 62038 279708 198466 6788 5223 81242
is_linear=0
shrinkage=0.03


Tree=51
num_leaves=21
num_cat=0
split_feature=3 11 0 15 9 2 2 15 15 15 14 8 0 14 2 9 15 1 5 0
split_gain=219.621 473.539 111.494 109.794 43.4344 39.8645 37.3392 41.2386 134.1 39.8644 29.229 27.5666 27.0356 29.5316 26.2355 24.3903 20.0114 19.7191 14.2011 12.9621
threshold=-0.022366645745933052 -0.0090607381425797922 -0.075069606304168687 -0.039338707923889153 -0.83361002802848805 -0.025084488093852993 0.0090812202543020266 7.7992677688598646e-05 -1.0000000180025095e-35 -0.021705865859985348 -3.9234573841094966 -1.3069914579391477 -0.16324651241302487 -2.7565227746963497 -0.007710142293944954 -0.37039755284786219 -0.00048750638961791987 -0.24092817306518552 1.6411620378494265 -0.16324651241302487
decision_type=10 8 10 10 10 10 8 10 8 10 10 10 8 10 10 10 10 10 8 8
left_child=1 16 3 11 12 -4 7 8 -7 -8 -9 -2 13 -5 15 -6 -1 -14 -11 -16
right_child=2 -3 5 4 14 6 9 10 -10 18 -12 -13 17 -15 19 -17 -18 -19 -20 -21
leaf_value=0.0017073804639377106 -0.0055334641239288109 -0.015792652222207992 -0.0033958108970912515 -0.00031290695962857918 -0.0012491228620417089 -6.2553051259255787e-05 0.0041661338155153252 -0.00054285019933738991 -0.0040820360765259833 0.00013665088382804058 0.00025815025065007162 -0.0012620008355781018 0.0014150130829958928 -0.0047812664881937113 0.001008053669226348 3.0599736690679532e-06 -0.0016220291577041159 -0.0015165535444771837 0.0010823047523168504 -0.00016280207114990647
leaf_weight=2570 4646 2005 2456 2168 42040 700579 2579 42806 7055 28978 715844 2628 2031 4208 9023 20154 2944 10343 29727 78182
leaf_count=2570 4646 2005 2456 2168 42040 700579 2579 42806 7055 28978 715844 2628 2031 4208 9023 20154 2944 10343 29727 78182
internal_value=-2.3208e-05 -0.00497633 0 -0.000715169 -0.000550208 8.22946e-05 8.91923e-05 5.85098e-05 -0.000105904 0.000812031 0.000212232 -0.00420925 -0.0018965 -0.00343878 -0.000373481 -0.000841779 -7.41776e-06 -0.000975811 0.000625674 -3.31782e-05
internal_weight=1.71297e+06 7519 1.70545e+06 175423 168149 1.53002e+06 1.52757e+06 1.46628e+06 707634 61284 758650 7274 18750 6376 149399 62194 5514 12374 58705 87205
internal_count=1712966 7519 1705447 175423 168149 1530024 1527568 1466284 707634 61284 758650 7274 18750 6376 149399 62194 5514 12374 58705 87205
is_linear=0
shrinkage=0.03


Tree=52
num_leaves=26
num_cat=0
split_feature=12 11 8 6 15 0 15 1 4 15 0 12 2 15 6 7 11 15 1 0 8 0 0 8 1
split_gain=252.337 398.842 100.518 85.1008 56.729 52.9927 80.7075 43.7384 44.1046 37.4666 37.4586 26.6503 26.3249 29.0443 22.5249 23.1117 21.2302 18.7665 16.382 13.4297 12.9259 11.6125 11.366 7.62899 13.8836
threshold=-12.590905666351317 -0.0068282491993159047 -2.1051712036132808 -2.4999999999999996 0.00032955408096313482 0.23953849077224734 -0.0060688853263854972 0.33234113454818731 -0.09788471087813376 -7.659196853637694e-05 -0.16324651241302487 -16.245450019836422 0.0063364566303789624 -0.0091069340705871565 -2.4999999999999996 -0.061456628143787377 -0.02265254687517881 0.019733965396881107 -0.014195978641510008 0.059226989746093757 -0.83563429117202748 -0.041300833225250237 -0.0015377998352050779 -2.4587732553482051 -0.3671386837959289
decision_type=8 8 10 2 10 8 8 10 8 8 10 10 10 10 2 10 10 8 8 10 10 10 10 10 10
left_child=2 9 3 10 5 7 -7 8 -4 -2 -1 16 13 21 15 -13 22 -15 -16 -9 -18 -5 -6 24 -12
right_child=1 -3 4 12 11 6 -8 19 -10 -11 23 14 -14 17 18 -17 20 -19 -20 -21 -22 -23 -24 -25 -26
leaf_value=-0.0059665459412392178 0.0022101303648981194 -0.014953637979692817 -0.00062405561496862495 -0.0022439646717074915 -0.0029765232511066225 0.00053212697788375559 -0.0069942913579679163 0.00067538886900965316 -3.0044732585196054e-05 -0.0026045086765322336 -0.0042147817572865849 0.0024796485981694403 0.002286630010869243 -0.00016394665209133093 0.00050337354063543528 -5.2557709182774488e-05 0.00021896112759340561 -0.0018752953544538724 0.00017494430146765752 0.0043306666122366628 -0.00037884859554570584 -0.00021759991990360762 -0.00054678688267124356 -0.00017968662091336548 -0.00084869742226100755
leaf_weight=3409 2232 2126 134546 12947 2955 2339 2022 2117 681979 2583 2089 7951 2142 45976 199737 4863 69024 6220 449537 2007 60380 3700 4845 2050 2990
leaf_count=3409 2232 2126 134546 12947 2955 2339 2022 2117 681979 2583 2089 7951 2142 45976 199737 4863 69024 6220 449537 2007 60380 3700 4845 2050 2990
internal_value=-3.23466e-05 -0.00554494 -8.12181e-06 -0.00103293 4.34304e-05 -0.000130811 -0.0032563 -0.000111864 -0.000128614 -0.000318274 -0.00349297 0.000223622 -0.000641656 -0.000752925 0.0003026 0.00153024 -0.000155026 -0.000389433 0.000276751 0.00279509 -5.80525e-05 -0.00183055 -0.00162728 -0.0019573 -0.0025406
internal_weight=1.71277e+06 6941 1.70582e+06 81523 1.6243e+06 825010 4361 820649 816525 4815 10538 799292 70985 68843 662088 12814 137204 52196 649274 4124 129404 16647 7800 7129 5079
internal_count=1712766 6941 1705825 81523 1624302 825010 4361 820649 816525 4815 10538 799292 70985 68843 662088 12814 137204 52196 649274 4124 129404 16647 7800 7129 5079
is_linear=0
shrinkage=0.03


Tree=53
num_leaves=20
num_cat=0
split_feature=12 0 2 0 15 12 1 0 0 1 3 4 11 1 11 12 1 5 15
split_gain=224.562 341.629 95.9998 76.9833 65.3191 51.9978 37.0759 51.5426 41.8024 35.0162 48.9265 34.4806 34.0836 28.6802 27.3759 25.9711 21.4435 20.3148 8.51192
threshold=-12.590905666351317 0.17703989148139956 -0.025084488093852993 -0.047193109989166253 -0.02287197113037109 -15.369659900665281 0.30098974704742437 0.23953849077224734 0.092221736907958998 0.0015695691108703615 -0.0021698275813832875 -0.075670149177312837 -0.020407057367265221 -0.46272444725036616 -0.018875412642955777 -14.530777931213377 0.1321671009063721 0.8223542869091035 -0.011619389057159422
decision_type=8 8 8 10 10 10 10 10 10 8 10 10 10 10 10 10 10 8 10
left_child=2 -2 13 4 5 12 9 8 -8 10 -5 16 -4 18 -7 -11 -6 -13 -1
right_child=1 -3 3 6 11 14 7 -9 -10 15 -12 17 -14 -15 -16 -17 -18 -19 -20
leaf_value=-0.0061052045460485262 0.00058450539823353841 -0.012234836945130216 -0.0035423033799117181 -0.00027200456628478177 -0.00075974078045087066 -0.00014583436526035811 0.00034799717941842305 -0.0019523330535223895 0.0038657200913081139 -9.7416074185708361e-05 0.00042190886766596027 -0.00038366533080900318 0 -0.00028279542590964557 -0.0039412752118484773 0.00038870272873699289 0.0007593750487866484 0.00031568919325473027 -0.0023423601261986209
leaf_weight=2273 3973 2899 2462 114466 113138 2310 5720 2603 6841 712413 440254 63138 13755 2134 9533 114246 8437 89921 2390
leaf_count=2273 3973 2899 2462 114466 113138 2310 5720 2603 6841 712413 440254 63138 13755 2134 9533 114246 8437 89921 2390
internal_value=-2.10581e-05 -0.00524576 1.34231e-06 1.62582e-05 -0.000416861 -0.00178466 0.000110465 0.00156312 0.00236144 9.37417e-05 0.000278064 -0.000273029 -0.000623159 -0.0034321 -0.00326117 -2.96764e-05 -0.000649182 2.49366e-05 -0.0046483
internal_weight=1.71291e+06 6872 1.70603e+06 1.69924e+06 302694 28060 1.39654e+06 15164 12561 1.38138e+06 554720 274634 16217 6797 11843 826659 121575 153059 4663
internal_count=1712906 6872 1706034 1699237 302694 28060 1396543 15164 12561 1381379 554720 274634 16217 6797 11843 826659 121575 153059 4663
is_linear=0
shrinkage=0.03


Tree=54
num_leaves=24
num_cat=0
split_feature=12 11 0 14 9 2 14 2 2 12 2 12 1 15 15 11 5 15 0 7 9 6 7
split_gain=246.701 326.233 85.7952 68.021 56.563 60.1385 40.3234 39.2477 37.5729 33.2904 30.5446 32.443 30.3152 28.3247 27.6781 26.2144 26.9751 21.1454 21.0433 17.7034 16.5156 12.4166 12.3773
threshold=-12.590905666351317 -0.0068282491993159047 -0.26986879110336298 -1.7413426041603086 -0.38296937942504877 -0.010504656936973332 -3.0626896619796748 0.010241778101772072 0.00066185742616653453 -16.448443412780758 0.010241778101772072 -14.739803314208983 0.20391178131103518 0.0024568438529968266 -7.659196853637694e-05 -0.021199923940002915 -0.14784128963947293 0.0066254436969757089 0.087238579988479628 -0.016963888891041275 -0.52167844772338856 -1.0000000180025095e-35 -0.030229659751057621
decision_type=8 8 10 8 8 10 10 10 10 10 10 10 10 8 8 10 10 10 10 10 10 2 10
left_child=2 14 3 10 5 15 12 13 9 -8 11 21 17 -7 -2 16 -4 -6 -9 -10 -17 -1 -14
right_child=1 -3 4 -5 6 7 8 18 19 -11 -12 -13 22 -15 -16 20 -18 -19 -20 -21 -22 -23 -24
leaf_value=-0.0015277196117655753 0.0015326747403022975 -0.013991027679712033 -0.0030521468389475494 -0.0066709729800691038 -0.00039661418511896356 -0.00019174696762930978 -0.00024328648991870931 0.00039045245266200614 0.00033209600441989597 0.00078690307311282443 0.0017866485284565305 -0.0044872077138602114 0.002120479193765676 0.00015313753778873772 -0.0026164001483564717 -0.0011070135404472837 2.1824522790482386e-05 0.00033653088179254114 0.0022830310633144002 -0.00018417019294835187 -0.00012099283116617589 0.00078861448472548749 -0.00024651640229636973
leaf_weight=5724 2232 2114 8439 2097 132376 545950 31599 13482 159917 222691 2034 2640 6914 351380 2530 32901 3326 47420 9062 94083 29836 2561 2291
leaf_count=5724 2232 2114 8439 2097 132376 545950 31599 13482 159917 222691 2034 2640 6914 351380 2530 32901 3326 47420 9062 94083 29836 2561 2291
internal_value=9.03667e-06 -0.00546542 3.2862e-05 -0.00218447 5.34133e-05 -9.16193e-05 0.000260585 -2.46687e-05 0.000399723 0.000657484 -0.00121532 -0.00185422 -0.000112088 -5.63515e-05 -0.000653825 -0.000908582 -0.0021932 -0.000201191 0.00119726 0.000139703 -0.000647497 -0.000773429 0.0015181
internal_weight=1.7136e+06 6876 1.70672e+06 15056 1.69167e+06 994376 697291 919874 508290 254290 12959 10925 189001 897330 4762 74502 11765 179796 22544 254000 62737 8285 9205
internal_count=1713599 6876 1706723 15056 1691667 994376 697291 919874 508290 254290 12959 10925 189001 897330 4762 74502 11765 179796 22544 254000 62737 8285 9205
is_linear=0
shrinkage=0.03


Tree=55
num_leaves=21
num_cat=0
split_feature=12 11 2 9 15 15 15 2 9 12 12 11 2 14 7 15 8 2 15 9
split_gain=207.953 362.307 115.303 60.7659 51.8345 188.424 269.005 54.4717 26.9517 26.2729 26.1264 38.5006 32.1411 25.9933 21.2298 21.0288 11.8846 10.9069 8.30347 7.68493
threshold=-12.590905666351317 -0.0068282491993159047 -0.025084488093852993 -0.38296937942504877 7.7992677688598646e-05 -1.0000000180025095e-35 1.0000000180025095e-35 -0.0064552351832389823 -1.1113877296447752 -16.792246818542477 -16.431886672973629 -0.022117105312645432 -0.00087639241246506561 -2.5348864793777461 -0.040790788829326623 0.0017620623111724856 -1.3578717708587644 0.0098106055520474928 0.0090499818325042742 -0.2872824221849441
decision_type=8 8 8 8 10 8 10 10 8 8 10 10 10 10 10 10 10 10 10 8
left_child=2 15 16 4 5 7 -7 -4 18 -10 11 19 13 -12 -14 -2 -1 -13 -6 -5
right_child=1 -3 3 10 8 6 -8 -9 9 -11 12 17 14 -15 -16 -17 -18 -19 -20 -21
leaf_value=-0.004824762787739462 -0.0017190031191138407 -0.014035769255563518 -0.00086836073445850149 -0.0028107903058032587 -0.00038991863730204339 -0.012811047224611804 -0.000241660189694084 -8.9838826167877358e-05 -0.00090844434323583939 0.00018209408728645291 0.00030907469749366032 -7.0499490196098804e-05 0.00089743783055277061 0.00096441007077358075 9.55208272145175e-05 0.0019273155600373611 -0.0016552700177459743 0.0018203921205530106 -0.0028021723832147853 -0.00073205583502771268
leaf_weight=3928 2662 2098 101944 4998 2805 2127 3846 390772 20179 477373 118481 79728 32158 104509 351585 2081 2888 2342 3089 3569
leaf_count=3928 2662 2098 101944 4998 2805 2127 3846 390772 20179 477373 118481 79728 32158 104509 351585 2081 2888 2342 3089 3569
internal_value=8.07889e-06 -0.00503011 2.99214e-05 4.62602e-05 -0.000103156 -0.000319948 -0.00540783 -0.000252242 0.000111096 0.000136396 0.000261325 -0.000210836 0.000332468 0.000619024 0.000164583 -3.07241e-05 -0.00372773 -2.20999e-06 -0.00182134 -0.002066
internal_weight=1.71316e+06 6841 1.70632e+06 1.6995e+06 1.00214e+06 498689 5973 492716 503446 497552 697370 90637 606733 222990 383743 4743 6816 82070 5894 8567
internal_count=1713162 6841 1706321 1699505 1002135 498689 5973 492716 503446 497552 697370 90637 606733 222990 383743 4743 6816 82070 5894 8567
is_linear=0
shrinkage=0.03


Tree=56
num_leaves=31
num_cat=0
split_feature=0 13 8 0 15 8 13 15 9 2 0 15 1 1 2 7 11 15 6 13 15 14 15 1 1 10 8 5 2 14
split_gain=195.6 293.323 66.4292 66.1194 69.2397 49.4202 47.9044 41.8802 53.7582 41.5809 48.9255 134.576 36.7817 34.472 32.2014 30.8238 29.3283 24.4378 23.5303 22.3808 20.2824 18.1701 17.0745 16.1886 13.9517 13.6189 13.5019 12.439 10.4318 9.07094
threshold=-0.26986879110336298 -10.956708431243895 -3.0841972827911373 -0.024854302406311032 -0.02287197113037109 -1.3683704137802122 -12.467050075531004 0.024828404188156131 -0.67998072504997242 0.013104489073157312 0.19954198598861697 0.0029934942722320561 0.19787198305130008 -0.037255764007568352 0.013104489073157312 -0.042199896648526185 -0.015883964486420151 -0.00048750638961791987 -1.0000000180025095e-35 -11.229014396667479 -0.0094901323318481428 -2.5348864793777461 -0.0091069340705871565 0.14139977097511294 0.12996003031730655 -0.59903189539909352 -0.69621580839157093 1.2637479305267336 -0.0034430756932124491 -2.2246235609054561
decision_type=10 8 8 8 10 10 10 10 10 8 10 10 10 8 10 8 10 10 2 10 10 8 10 10 8 10 10 8 10 10
left_child=1 2 -1 4 5 25 16 22 -9 10 12 -12 13 -5 15 21 17 -6 -14 24 -11 -4 -8 -13 -7 -2 -18 -22 -17 -29
right_child=3 -3 14 9 6 19 7 8 -10 20 11 23 18 -15 -16 28 26 -19 -20 -21 27 -23 -24 -25 -26 -27 -28 29 -30 -31
leaf_value=-0.0059117566265124927 -0.00075875080556358002 -0.012644747039961478 -0.0011130491908133366 0.00038195662734912976 -0.0021631231713588705 0.00033179082149365993 -0.00040793517967935891 -0.0058790701723620787 0 0.0041988352324698573 -0.0067774681559585491 0.0022679959337784097 0.0023547564546347473 -3.6210060880449713e-06 0.0024806762576020341 0.0020463137316946568 -8.9287263853838166e-05 -0.00065703513792336927 0.00060260480298762709 -0.0030227828716581037 0.00011457087687255694 -0.0045310074675571164 0.00010450541930333271 -0.00057490760057184957 -0.0020930289636282317 -0.0035210234228945235 -0.0015215447993026686 0.002770570393403767 -0.00064995436592738931 0.00034553068525729484
leaf_weight=2094 2609 2036 4868 273691 19648 12369 73099 2008 3158 2026 2962 2277 8343 867158 2014 2043 41899 21386 38886 2267 6723 2095 285119 4474 2052 10401 6533 4190 2027 2638
leaf_count=2094 2609 2036 4868 273691 19648 12369 73099 2008 3158 2026 2962 2277 8343 867158 2014 2043 41899 21386 38886 2267 6723 2095 285119 4474 2052 10401 6533 4190 2027 2638
internal_value=-2.49409e-05 -0.00316441 -0.00150695 7.60344e-06 -0.000289067 -0.00168148 -0.000195337 -4.09653e-05 -0.00260002 0.000125905 0.00010525 -0.00196073 0.00012321 8.87435e-05 -0.000585742 -0.00125479 -0.000815299 -0.00140277 0.000939833 -0.000548966 0.00164285 -0.0024163 0 0.000432855 -5.17119e-05 -0.00303787 -0.000302189 0.00110354 0.000713641 0.0019621
internal_weight=1.71309e+06 17177 15141 1.69592e+06 482548 29698 452850 363384 5166 1.21337e+06 1.19779e+06 9713 1.18808e+06 1.14085e+06 13047 11033 89466 41034 47229 16688 15577 6963 358218 6751 14421 13010 48432 13551 4070 6828
internal_count=1713093 17177 15141 1695916 482548 29698 452850 363384 5166 1213368 1197791 9713 1188078 1140849 13047 11033 89466 41034 47229 16688 15577 6963 358218 6751 14421 13010 48432 13551 4070 6828
is_linear=0
shrinkage=0.03


Tree=57
num_leaves=24
num_cat=0
split_feature=12 0 8 15 4 15 15 0 14 1 2 12 9 15 14 12 14 9 0 3 0 7 1
split_gain=219.567 321.71 107.147 57.6757 60.9609 47.6365 99.1085 43.6359 40.5654 39.9169 34.0335 31.6594 23.2246 36.9428 24.3626 20.7615 12.2338 10.5365 9.43361 10.354 8.24448 4.2453 1.79215
threshold=-12.590905666351317 0.17703989148139956 -3.3971583843231197 0.00049364566802978526 -0.07722828164696692 -1.0000000180025095e-35 7.7992677688598646e-05 -0.0033516883850097652 -2.4604431390762325 0.03122729063034058 -0.011721405200660227 -16.862748146057125 -0.7771857976913451 0.015540927648544313 -3.5143772363662715 -16.09942531585693 -2.1264442205429073 -0.92040029168128956 -0.054949045181274407 0.0028848096262663607 -0.098359882831573472 -0.039832782000303261 -0.14156085252761838
decision_type=8 8 10 10 10 8 10 10 10 10 10 10 8 10 10 10 8 10 10 10 8 10 8
left_child=2 -2 10 4 5 7 -7 -4 15 -10 17 18 13 -13 -14 -6 21 -1 20 -20 -5 -12 -18
right_child=1 -3 3 11 8 6 -8 -9 9 -11 16 12 14 -15 -16 -17 22 -19 19 -21 -22 -23 -24
leaf_value=-0.0061045966132670477 0.00047540090663588736 -0.011951007368507851 -0.00084352656353754176 -0.00020386697656367054 -0.00069900260960754522 -0.0075194315920484207 -0.00036592846629478817 5.0993306839377269e-05 0.00049354455765394044 -0.00014619710902863701 0.00069611327549752556 -2.2013082735493198e-05 -0.00018042933403068282 -0.0024456951153783617 0.00034230135810459637 -0.00011788398555860799 -0.0032020996406312463 -0.0021368834693335777 -0.00061977210485273521 0.0012441437927573245 -0.0028489475909896887 -0.00092459075632252835 -0.0012611274773122584
leaf_weight=2293 3987 2910 125975 2114 73050 2230 5245 79123 199162 155331 2015 30527 90276 6525 657668 232248 2081 2220 28002 2402 2666 2744 2799
leaf_count=2293 3987 2910 125975 2114 73050 2230 5245 79123 199162 155331 2015 30527 90276 6525 657668 232248 2081 2220 28002 2402 2666 2744 2799
internal_value=-2.29612e-05 -0.00518045 -4.32233e-07 2.14987e-05 -0.000148069 -0.000589259 -0.00287527 -0.000497693 -5.13236e-06 0.000212568 -0.00255502 0.000202201 0.000242075 -0.000483703 0.000278729 -0.000258827 -0.00137822 -0.00462048 -0.000669962 -0.000445063 -0.00186604 -0.000180386 -0.00236526
internal_weight=1.71359e+06 6897 1.7067e+06 1.69254e+06 872364 212573 7475 205098 659791 354493 14152 820180 784996 37052 747944 305298 9639 4513 35184 30404 4780 4759 4880
internal_count=1713593 6897 1706696 1692544 872364 212573 7475 205098 659791 354493 14152 820180 784996 37052 747944 305298 9639 4513 35184 30404 4780 4759 4880
is_linear=0
shrinkage=0.03


Tree=58
num_leaves=19
num_cat=0
split_feature=9 2 0 13 15 15 1 13 15 0 14 1 1 10 1 3 9 15
split_gain=175.425 99.0468 78.1076 76.7552 74.6548 292.645 50.2095 46.4476 82.4891 50.1511 41.5238 36.3359 32.4272 23.2704 14.4585 10.924 10.3081 0.152041
threshold=-1.2401576638221739 -0.025084488093852993 0.23953849077224734 -10.956708431243895 0.00049364566802978526 -7.659196853637694e-05 0.19787198305130008 -11.954581260681151 -0.0306897759437561 0.0091412067413330095 -2.216482281684875 -0.14156085252761838 0.33234113454818731 0.02140366937965155 -0.46272444725036616 -0.010419955942779778 -0.49476577341556544 -0.011619389057159422
decision_type=10 10 8 8 10 8 10 10 10 10 10 8 10 10 10 10 10 10
left_child=3 14 6 11 5 -4 7 9 -9 -3 12 -1 -8 -12 17 -6 -17 -2
right_child=1 2 4 -5 15 -7 10 8 -10 -11 13 -13 -14 -15 -16 16 -18 -19
leaf_value=-0.004530414577649875 -0.0053920429111665559 -0.00049338100458751774 0.0004721169086454021 -0.0083534904532856329 0.001161561147543328 -0.012575048080424893 0.001008872017373757 -0.003062727889866195 0.00014298171799301647 9.897252835170287e-05 -0.0011465299946321736 3.5802371927051738e-05 0.0033372488849064412 0.00061722558477506724 -0.00096105494944388888 0.0005390719497543623 -0.0018704282754691856 -0.0025785635594225693
leaf_weight=2245 2225 281473 3834 2413 2686 2011 39433 6766 1088441 234999 11078 3344 6151 15468 2192 2042 3667 2448
leaf_count=2245 2225 281473 3834 2413 2686 2011 39433 6766 1088441 234999 11078 3344 6151 15468 2192 2042 3667 2448
internal_value=-9.96234e-06 1.12949e-05 2.65194e-05 -0.00430864 -0.00214741 -0.00460674 4.57145e-05 1.07511e-05 0.000121515 -0.00022344 0.000817357 -0.0019705 0.00136237 -0.00011531 -0.00345989 -0.000238676 -0.000986271 -0.00436786
internal_weight=1.71292e+06 1.70491e+06 1.69805e+06 8002 14240 5845 1.68381e+06 1.61168e+06 1.09521e+06 516472 72130 5589 45584 26546 6865 8395 5709 4673
internal_count=1712916 1704914 1698049 8002 14240 5845 1683809 1611679 1095207 516472 72130 5589 45584 26546 6865 8395 5709 4673
is_linear=0
shrinkage=0.03


Tree=59
num_leaves=21
num_cat=0
split_feature=0 12 14 9 15 0 4 1 1 12 8 3 7 1 7 5 0 14 1 3
split_gain=219.405 154.766 74.0348 53.0887 50.7935 64.4427 45.3139 41.8942 38.0381 22.4739 17.4473 33.3736 23.7023 16.8364 33.0188 12.3752 12.2684 10.3521 8.81641 8.54756
threshold=-0.26986879110336298 -12.590905666351317 -2.0687595605850215 -1.2401576638221739 0.0028170049190521245 0.19954198598861697 -0.07722828164696692 0.30098974704742437 0.012455761432647707 -16.398989677429196 -1.8307222723960874 -0.0035829573171213265 -0.061456628143787377 0.027258545160293583 -0.03839446417987346 3.9087659120559697 -0.034676969051361077 -2.9325261116027828 -0.080436050891876207 0.0013296857359819116
decision_type=10 8 8 8 8 10 8 10 10 8 10 10 10 10 8 8 10 10 8 10
left_child=1 2 13 15 5 6 7 -5 -8 16 11 -11 -12 14 17 -2 19 -1 -18 -6
right_child=3 -3 -4 4 9 -7 8 -9 -10 10 12 -13 -14 -15 -16 -17 18 -19 -20 -21
leaf_value=-0.00098279243249409882 -0.00064152859646028474 -0.009930853851328884 -0.0056351981219813132 -0.0005050192736253948 -0.0013729520694571286 -0.0041627579612413951 0.00023708247758748866 0.0024777704703895288 -0.00017461645407709504 -0.0020673617618069688 0.0013429399044049336 0.00010349027067170288 0.00031240208411402996 0.001119061210947287 0.0014377342185286528 -0.0038994162118400574 0.00059174388848237235 -0.0036505452678240436 -0.00022164330389552202 0.00014115501795082937
leaf_weight=3518 2119 2272 3381 234633 11458 3009 380729 3796 428762 7135 20727 37146 490268 2691 2261 3257 14856 3066 53551 4068
leaf_count=3518 2119 2272 3381 234633 11458 3009 380729 3796 428762 7135 20727 37146 490268 2691 2261 3257 14856 3066 53551 4068
internal_value=-1.85435e-05 -0.00334246 -0.00202999 1.59527e-05 2.60175e-05 -0.000102035 -8.81094e-05 -0.000451189 1.86749e-05 0.000236934 0.000306302 -0.000258777 0.000356061 -0.000758242 -0.00139081 -0.0028302 -0.000217524 -0.00243742 -3.76337e-05 -0.000965491
internal_weight=1.7127e+06 17189 14917 1.69551e+06 1.69014e+06 1.05093e+06 1.04792e+06 238429 809491 639209 555276 44281 510995 11536 8845 5376 83933 6584 68407 15526
internal_count=1712703 17189 14917 1695514 1690138 1050929 1047920 238429 809491 639209 555276 44281 510995 11536 8845 5376 83933 6584 68407 15526
is_linear=0
shrinkage=0.03


Tree=60
num_leaves=21
num_cat=0
split_feature=12 11 2 8 8 2 15 12 0 15 15 14 12 8 0 15 9 15 2 1
split_gain=215.874 330.618 94.364 70.9188 62.7486 45.8127 43.5414 43.9651 25.0671 51.1101 25.0059 23.2948 20.1175 19.9716 15.9155 14.7016 9.13916 7.733 11.2435 4.60435
threshold=-12.590905666351317 -0.0069508817978203288 -0.021752090193331238 -1.7214445471763609 -3.3971583843231197 0.0087788267992436903 -0.048121631145477288 -16.701721191406246 0.089678525924682631 -0.0043920278549194327 -7.659196853637694e-05 -3.218675851821899 -14.253272533416746 -1.2699488401412962 -0.14381140470504758 -0.010380685329437254 -0.35746578872203821 0.011559784412384035 -0.0082102431915700418 -0.26460552215576166
decision_type=8 8 10 10 8 10 10 8 10 10 8 10 10 8 10 10 8 10 10 8
left_child=2 10 3 15 14 6 13 -8 12 -10 -2 -5 -7 -6 19 -1 -13 18 -16 -4
right_child=1 -3 4 11 5 8 7 -9 9 -11 -12 16 -14 -15 17 -17 -18 -19 -20 -21
leaf_value=-0.0070461062436152399 0.0017843982852007094 -0.013559637398095039 -0.0045081285012755767 -0.0021832743312220847 -0.0045827771573874517 0.00010680279904157437 -0.00061502008538924101 4.8340753256011176e-05 0.0042017892879975156 0.00080413257470179618 -0.0021619030168891088 -0.00040838796206397668 0.0019401632336052666 -0.00084366391602166957 -0.003052938622803036 -0.002676740279259258 0.0020719559970017354 0.00022340807298889813 -0.00037944098810938255 -0.0015693415256902935
leaf_weight=2214 2197 2179 2269 3993 2075 42068 95110 1506802 4731 19900 2573 2199 5772 3666 2437 2741 2050 2319 3644 2064
leaf_count=2214 2197 2179 2269 3993 2075 42068 95110 1506802 4731 19900 2573 2199 5772 3666 2437 2741 2050 2319 3644 2064
internal_value=-2.64687e-05 -0.00512247 -4.04142e-06 -0.00248424 1.58441e-05 3.22176e-05 -9.65898e-07 8.58833e-06 0.000767414 0.00153929 -0.000290513 -0.000643812 0.000351988 -0.00250206 -0.00204155 -0.00515095 0.000817277 -0.00111338 -0.001647 -0.00347751
internal_weight=1.713e+06 6949 1.70605e+06 13197 1.69286e+06 1.68012e+06 1.60765e+06 1.60191e+06 72471 24631 4770 8242 47840 5741 12733 4955 4249 8400 6081 4333
internal_count=1713003 6949 1706054 13197 1692857 1680124 1607653 1601912 72471 24631 4770 8242 47840 5741 12733 4955 4249 8400 6081 4333
is_linear=0
shrinkage=0.03


Tree=61
num_leaves=24
num_cat=0
split_feature=12 15 15 2 2 15 8 13 15 0 1 14 0 0 0 5 1 15 12 3 7 15 14
split_gain=184.751 303.334 540.792 75.6325 45.9111 59.9824 43.1851 37.4968 69.948 38.1626 26.2806 21.7237 20.2896 18.5099 19.6696 17.1798 16.7558 15.967 12.8171 11.2626 13.1023 4.61109 3.99857
threshold=-12.590905666351317 -7.659196853637694e-05 0.0029934942722320561 -0.019792213104665276 0.0090812202543020266 -0.048121631145477288 -1.6766262054443357 -11.737652301788328 -0.0306897759437561 0.035011202096939094 0.30098974704742437 -3.218675851821899 -0.1016263961791992 0.23953849077224734 0.12709227204322818 -0.50304722785949696 -0.3671386837959289 -0.010847747325897215 -16.297900199890133 0.0014887049910612407 -0.029596057720482346 -0.0074411630630493155 -2.6535940170288081
decision_type=8 8 10 10 10 10 10 8 10 10 8 10 8 10 8 10 10 10 10 10 10 10 10
left_child=3 -2 -3 6 5 15 16 9 -9 -7 19 18 -13 14 -12 -5 17 -1 -8 20 -6 -21 -14
right_child=1 2 -4 4 10 7 11 8 -10 -11 13 12 22 -15 -16 -17 -18 -19 -20 21 -22 -23 -24
leaf_value=-0.0061392216909264587 0.0028660722210855855 -0.018759449225404495 0.0011823054344086896 -0.0040955804239009245 0.0013511109615974867 -0.00030797523278477897 0 -0.0032991286121635478 0.0001557351920104346 0.00019625605250334378 0.0011562262911987448 0.0026467681845044823 0.00021325836707316589 -0.0004837922226682207 0.0037324391938951618 -0.00045818707924241475 -0.00079655493654786367 -0.0021259520455175298 -0.0028292955612483892 -0.0012329941289069572 0.00018005694386981688 4.570957792815781e-05 -0.0014031254246825186
leaf_weight=2479 2636 2046 2199 3579 17358 454499 2012 4797 965178 190978 7235 2122 2028 2076 5178 2114 2060 2919 3758 2533 18234 13158 2213
leaf_count=2479 2636 2046 2199 3579 17358 454499 2012 4797 965178 190978 7235 2122 2028 2076 5178 2114 2060 2919 3758 2533 18234 13158 2213
internal_value=-3.30253e-06 -0.00473954 -0.00932993 1.70019e-05 3.89573e-05 7.12936e-06 -0.0018125 1.8605e-05 0.000136649 -0.000158287 0.000812951 -0.000626795 0.000535081 0.00192741 0.00235702 -0.00293938 -0.00354317 -0.00438409 -0.00189642 0.000476719 0.000770291 -0.000173885 -0.000625936
internal_weight=1.71339e+06 6881 4245 1.70651e+06 1.68692e+06 1.62114e+06 19591 1.61545e+06 969975 645477 65772 12133 6363 14489 12413 5693 7458 5398 5770 51283 35592 15691 4241
internal_count=1713389 6881 4245 1706508 1686917 1621145 19591 1615452 969975 645477 65772 12133 6363 14489 12413 5693 7458 5398 5770 51283 35592 15691 4241
is_linear=0
shrinkage=0.03


Tree=62
num_leaves=26
num_cat=0
split_feature=12 0 2 0 8 7 1 0 1 1 13 11 3 3 0 7 1 2 14 14 1 14 5 5 14
split_gain=161.295 299.747 70.0865 50.0827 48.9753 47.248 37.9067 58.2999 50.1976 39.8858 39.8798 29.2305 22.8454 22.6927 18.8823 17.5379 16.3034 12.0881 11.9807 11.7558 9.27789 18.3633 8.55156 6.6519 3.42297
threshold=-12.590905666351317 0.17703989148139956 -0.019792213104665276 -0.026191651821136471 -1.3473250269889829 -0.02607785444706678 0.17332965135574344 0.23953849077224734 0.38470250368118292 0.0015695691108703615 -12.483006954193113 -0.0063205554615706197 -0.0020659968722611661 -0.004517452558502554 -0.079156875610351549 -0.017387052997946736 0.12996003031730655 0.00040805191383697098 -3.4205096960067745 -2.5691711902618404 -0.3671386837959289 -2.5779415369033809 -0.16277702897787091 0.30408935248851782 -2.5521757602691646
decision_type=8 8 10 10 10 8 10 10 10 8 10 8 8 10 10 10 10 10 10 10 10 8 10 8 10
left_child=2 -2 4 5 20 11 9 8 -8 10 -5 16 19 22 -13 -11 -4 -14 -15 -7 21 23 -6 -1 -9
right_child=1 -3 3 6 13 12 7 24 -10 15 -12 14 17 18 -16 -17 -18 -19 -20 -21 -22 -23 -24 -25 -26
leaf_value=-0.00045748778238039579 0.0010365062234175835 -0.010915732385365022 -0.00050244847389919307 -0.00025902792609838906 0 -0.0013313895066814983 0.00075048224766752149 -0.0010490120589795324 0.0046582209474916366 5.3632300916621635e-05 0.0004530410655375738 -0.0039913820139883495 0.00042624164244472871 -0.0029568872147124922 -0.000683894742867242 -0.00027219132507513464 0.00027745577751918442 -0.00013847639693482977 0 -9.881847967404563e-05 -0.0012576587995104798 -0.0057011309981865547 0.0025234202775855632 -0.0029602075864816248 -0.0033571447257056729
leaf_weight=2032 3929 2937 239576 87169 2586 12090 86505 2241 2628 458537 359820 2997 120686 2055 3732 218799 25984 46224 2055 17091 3240 2523 2102 3057 2141
leaf_count=2032 3929 2937 239576 87169 2586 12090 86505 2241 2628 458537 359820 2997 120686 2055 3732 218799 25984 46224 2055 17091 3240 2523 2102 3057 2141
internal_value=2.16539e-07 -0.00442936 1.95137e-05 4.06932e-05 -0.00173898 -0.000222543 0.00014223 0.000721428 0.000894387 9.34892e-05 0.000313373 -0.000478134 0.000131155 -2.30617e-05 -0.00237268 -5.12987e-05 -0.000424632 0.00026811 -0.00158328 -0.000633419 -0.0030414 -0.00363934 0.00130772 -0.00214489 -0.00246652
internal_weight=1.71274e+06 6866 1.70587e+06 1.68622e+06 19650 468380 1.21784e+06 93515 89133 1.12432e+06 446989 272289 196091 8798 6729 677336 265560 166910 4110 29181 10852 7612 4688 5089 4382
internal_count=1712736 6866 1705870 1686220 19650 468380 1217840 93515 89133 1124325 446989 272289 196091 8798 6729 677336 265560 166910 4110 29181 10852 7612 4688 5089 4382
is_linear=0
shrinkage=0.03


Tree=63
num_leaves=21
num_cat=0
split_feature=12 7 2 8 8 2 9 15 15 6 12 1 15 15 14 11 9 2 10 11
split_gain=184.732 275.082 94.0177 55.8985 46.9011 40.59 40.9333 35.9459 25.5284 25.4577 25.9677 24.333 23.6649 23.0632 20.984 17.906 13.6395 12.7921 9.00684 6.30771
threshold=-12.590905666351317 -0.037079667672514909 -0.021752090193331238 -2.8683488368988033 -1.3473250269889829 0.014600737486034633 -0.43101179599761957 7.7992677688598646e-05 -7.659196853637694e-05 -2.4999999999999996 -15.169774532318113 0.30098974704742437 0.0067588388919830331 0.006889432668685914 -3.2602096796035762 -0.014458920806646345 -0.33735297620296473 -0.010774176102131603 0.1845963001251221 -0.010829481761902569
decision_type=8 8 8 10 10 8 10 10 8 2 10 8 10 10 10 10 10 10 10 10
left_child=2 8 4 9 13 6 7 -5 -2 10 -4 18 -8 -1 -6 17 -13 -11 -7 -17
right_child=1 -3 3 5 14 11 12 -9 -10 15 -12 16 -14 -15 -16 19 -18 -19 -20 -21
leaf_value=-0.0049882833966420296 0.0017730593062087652 -0.012506359932699723 -0.00038630731379507718 -0.00034080264794909387 -0.002012424769883493 -0.0012283378809164244 8.6259975563752789e-05 7.8370997100051001e-05 -0.0022441896839981651 -0.0035845427736658571 -0.005028411849179331 0.0036066610785232514 0.00044855144392333136 -0.00088544403758227073 0.0013271729989707364 0.00039648397530793667 0.00064983679791795013 -0.00038984704690227029 0.0011715357239878476 -0.00076575159663014346
leaf_weight=5274 2214 2144 2043 365854 2854 2240 710239 368050 2457 2693 2583 4982 211263 2131 2868 6163 2603 2316 2394 10156
leaf_count=5274 2214 2144 2043 365854 2854 2240 710239 368050 2457 2693 2583 4982 211263 2131 2868 6163 2603 2316 2394 10156
internal_value=-1.24338e-05 -0.00476976 7.77825e-06 2.79153e-05 -0.00247389 4.97787e-05 3.66109e-05 -0.00013027 -0.000294718 -0.00133992 -0.00327448 0.00173858 0.000169842 -0.00397621 -0.000318186 -0.000841182 0.00273199 -0.00233132 0 -0.000310249
internal_weight=1.71352e+06 6815 1.70671e+06 1.69358e+06 13127 1.66762e+06 1.65541e+06 733904 4671 25954 4626 12219 921502 7405 5722 21328 7585 5009 4634 16319
internal_count=1713521 6815 1706706 1693579 13127 1667625 1655406 733904 4671 25954 4626 12219 921502 7405 5722 21328 7585 5009 4634 16319
is_linear=0
shrinkage=0.03


end of trees

feature_importances:
Column_0=199
Column_15=197
Column_1=157
Column_2=133
Column_8=124
Column_9=113
Column_12=99
Column_14=85
Column_13=72
Column_4=61
Column_11=60
Column_7=50
Column_3=41
Column_5=26
Column_10=24
Column_6=16

parameters:
[boosting: gbdt]
[objective: regression]
[metric: l2]
[tree_learner: serial]
[device_type: cpu]
[data_sample_strategy: bagging]
[data: ]
[valid: ]
[num_iterations: 2000]
[learning_rate: 0.03]
[num_leaves: 31]
[num_threads: 2]
[seed: 0]
[deterministic: 0]
[force_col_wise: 0]
[force_row_wise: 0]
[histogram_pool_size: -1]
[max_depth: 6]
[min_data_in_leaf: 2000]
[min_sum_hessian_in_leaf: 0.001]
[bagging_fraction: 0.8]
[pos_bagging_fraction: 1]
[neg_bagging_fraction: 1]
[bagging_freq: 1]
[bagging_seed: 7719]
[bagging_by_query: 0]
[feature_fraction: 0.8]
[feature_fraction_bynode: 1]
[feature_fraction_seed: 2437]
[extra_trees: 0]
[extra_seed: 11797]
[early_stopping_round: 0]
[early_stopping_min_delta: 0]
[first_metric_only: 0]
[max_delta_step: 0]
[lambda_l1: 10]
[lambda_l2: 500]
[linear_lambda: 0]
[min_gain_to_split: 0]
[drop_rate: 0.1]
[max_drop: 50]
[skip_drop: 0.5]
[xgboost_dart_mode: 0]
[uniform_drop: 0]
[drop_seed: 21238]
[top_rate: 0.2]
[other_rate: 0.1]
[min_data_per_group: 100]
[max_cat_threshold: 32]
[cat_l2: 10]
[cat_smooth: 10]
[max_cat_to_onehot: 4]
[top_k: 20]
[monotone_constraints: ]
[monotone_constraints_method: basic]
[monotone_penalty: 0]
[feature_contri: ]
[forcedsplits_filename: ]
[refit_decay_rate: 0.9]
[cegb_tradeoff: 1]
[cegb_penalty_split: 0]
[cegb_penalty_feature_lazy: ]
[cegb_penalty_feature_coupled: ]
[path_smooth: 0]
[interaction_constraints: ]
[verbosity: -1]
[saved_feature_importance_type: 0]
[use_quantized_grad: 0]
[num_grad_quant_bins: 4]
[quant_train_renew_leaf: 0]
[stochastic_rounding: 1]
[linear_tree: 0]
[max_bin: 255]
[max_bin_by_feature: ]
[min_data_in_bin: 3]
[bin_construct_sample_cnt: 200000]
[data_random_seed: 38]
[is_enable_sparse: 1]
[enable_bundle: 1]
[use_missing: 1]
[zero_as_missing: 0]
[feature_pre_filter: 1]
[pre_partition: 0]
[two_round: 0]
[header: 0]
[label_column: ]
[weight_column: ]
[group_column: ]
[ignore_column: ]
[categorical_feature: ]
[forcedbins_filename: ]
[precise_float_parser: 0]
[parser_config_file: ]
[objective_seed: 8855]
[num_class: 1]
[is_unbalance: 0]
[scale_pos_weight: 1]
[sigmoid: 1]
[boost_from_average: 1]
[reg_sqrt: 0]
[alpha: 0.9]
[fair_c: 1]
[poisson_max_delta_step: 0.7]
[tweedie_variance_power: 1.5]
[lambdarank_truncation_level: 30]
[lambdarank_norm: 1]
[label_gain: ]
[lambdarank_position_bias_regularization: 0]
[eval_at: ]
[multi_error_top_k: 1]
[auc_mu_weights: ]
[num_machines: 1]
[local_listen_port: 12400]
[time_out: 120]
[machine_list_filename: ]
[machines: ]
[gpu_platform_id: -1]
[gpu_device_id: -1]
[gpu_device_id_list: ]
[gpu_use_dp: 0]
[num_gpu: 1]

end of parameters

pandas_categorical:null
