tree
version=v4
num_class=1
num_tree_per_iteration=1
label_index=0
max_feature_idx=74
objective=binary sigmoid:1
feature_names=REV5 REV20 INTRA20 OVN20 MAX20 SKEW20 BIGUP20 VOL20 ABVOL5 VOLVOL20 PVCORR20 USHADOW20 AMIHUD20 SMALL20 LOWPRICE CLOSEVWAP CGO60 CGO250 HIGH250 LOW250 REV120 UPDAYS10 ATTN60 ABVOL250 EXTREME60 UPVOL20 DNLIM20 MIN20 LB UP0 TOUCH0 ZB0 NUP10 R1 R3 R5 DH20 AMP CPOS GAP VR5 VR20 M_UP M_DN M_ZB M_LBMAX M_LB2 M_RELAY M_RELAY_ON M_BREADTH M_MED M_BIGDN M_AMT M_UP_5 M_UP_z M_DN_5 M_DN_z M_ZB_5 M_ZB_z M_LBMAX_5 M_LBMAX_z M_LB2_5 M_LB2_z M_RELAY_5 M_RELAY_z M_RELAY_ON_5 M_RELAY_ON_z M_BREADTH_5 M_BREADTH_z M_MED_5 M_MED_z M_BIGDN_5 M_BIGDN_z M_AMT_5 M_AMT_z
feature_infos=[-0.7789921760559082:0.48779439926147461] [-3.8367700576782227:0.74637508392333984] [-0.20128476619720459:0.10589408874511719] [-0.10039114952087402:0.10042804479598999] [-0.20134228467941284:0.61502999067306519] [-3.7684857845306396:4.4026021957397461] [-18:0] [-0.4957122802734375:0] [-11.925601959228516:-0.0023819024208933115] [-2.8225576877593994:-0.016143238171935081] [-1:1] [-0.091040432453155518:0] [-23.096063613891602:-7.0468382835388184] [-19.511388778686523:-5.293367862701416] [-6.645103931427002:0.77652877569198608] [-0.16053199768066406:0.90360778570175171] [-0.81232893466949463:1.3873974084854126] [-0.8158031702041626:4.2158722877502441] [-0.92586225271224976:0] [-27.656059265136719:0] [-6.7759222984313965:0.87667477130889893] [-1:0] [-39:0] [-14.233029365539551:-0.00060308887623250484] [-42:0] [-1:0] [0:12] [-0.10089020431041718:0.76671123504638672] [0:13] [0:1] [0:1] [0:1] [0:10] [-0.20002877712249756:0.20091748237609863] [-0.40435957908630371:0.62373936176300049] [-0.48779439926147461:0.7789921760559082] [-0.75105911493301392:0] [0:0.32989320158958435] [0:1] [-0.19546747207641602:0.19998574256896973] [0.0014564167940989137:354.83486938476562] [0.00078287289943546057:292.58084106445312] [0.00050200801342725754:0.95357590913772583] [0:0.91861242055892944] [0.0013140604132786393:0.97887325286865234] [1:20] [0:0.88707655668258667] [-0.071131773293018341:0.10706144571304321] [-0.044997341930866241:0.10008876025676727] [0.0070838253013789654:0.99727767705917358] [-0.099973678588867188:0.10001933574676514] [0:0.94863241910934448] [0.084419801831245422:6.2600936889648438] [0.0025808254722505808:0.66325920820236206] [-2.3081643581390381:9.0443191528320312] [0:0.68247318267822266] [-1.186282753944397:10.169605255126953] [0.16309700906276703:0.67147642374038696] [-2.5749156475067139:4.3943805694580078] [1:18] [-1.9120244979858398:4.4102821350097656] [0:0.39123880863189697] [-1.8583599328994751:10.728182792663574] [-0.026522165164351463:0.065881595015525818] [-3.7332439422607422:3.375471830368042] [-0.018562190234661102:0.047142487019300461] [-4.8217616081237793:4.9313521385192871] [0.069141998887062073:0.82765281200408936] [-2.4049980640411377:2.4038116931915283] [-0.099142231047153473:0.050181686878204346] [-5.3721933364868164:3.6775884628295898] [0:0.78985494375228882] [-1.0330004692077637:9.4074583053588867] [0.090713739395141602:4.7714681625366211] [-3.0152311325073242:10.391966819763184]
tree_sizes=3490 3574 3549 3577 3485 3539 3568 3549 3564 3612 3526 3498 3565 3608 3581 3573 3548 3557 3507 3551 3490 3535 3583 3560 3555 3546 3575 3514 3605 3510 3566 3616 3570 3557 3576 3578 3609 3588 3606 3564 3548 3576 3498 3620 3586 3629 3605 3605 3550 3568 3546 3528 3519 3629 3610 3532 3544 3519 3548 3556 3572 3571 3537 3605 3590 3538 3560 3552 3568 3531 3592 3550 3589 3620 3556 3563 3598 3533 3523 3532 3530 3595 3579 3594 3588 3541 3490 3549 3565 3543 3593 3607 3526 3632 3492 3495 3595 3578 3543 3501 3629 3522 3619 3566 3619 3541 3594 3589 3527 3646 3603 3507 3556 3534 3608 3511 3568 3537 3597 3526 3441 3625 3574 3548 3586 3595 3594 3530 3632 3495 3559 3563 3478 3564 3589 3650 3482 3608 3635 3614 3606 3607 3478 3600 3568 3572 3527 3583 3628 3652 3479 3515

Tree=0
num_leaves=31
num_cat=0
split_feature=7 43 37 55 56 66 7 37 7 62 55 42 63 53 53 67 69 17 42 68 43 53 55 16 37 37 24 66 18 65
split_gain=15096.5 3587.34 2285.7 1941.08 987.435 604.015 538.148 471.275 434.767 314.809 128.274 121.366 120.199 111.182 109.464 128.086 88.1875 74.3255 71.4744 66.2297 59.0445 55.0604 54.1927 47.2647 39.2276 34.5902 31.1487 30.8587 29.5624 28.7619
threshold=-0.036759188398718827 0.007056490285322071 0.038664015009999282 0.01476452359929681 4.4686520099639901 0.15406268090009692 -0.027188427746295925 0.042415423318743713 -0.025215094909071919 -1.0289172530174253 0.090137813240289702 0.0094695864245295542 0.045761309564113624 0.023126668296754364 0.011325605679303409 0.24340887367725375 -0.011957562062889336 -0.39110727608203882 0.012643621303141119 1.591891944408417 0.0020688371732831006 0.027021207846701149 1.0000000180025095e-35 0.015432550571858885 0.052597181871533401 0.029439947567880157 -4.4999999999999991 0.38194230198860174 -0.58596429228782643 0.016538982279598716
decision_type=10 2 8 2 2 2 10 8 10 2 2 2 2 2 2 2 2 10 2 2 2 2 2 8 10 10 2 2 10 2
left_child=1 7 8 -3 5 9 11 13 18 -5 12 -4 16 26 15 -8 -9 -10 28 24 29 22 -19 -16 -13 -20 -1 -7 -2 -15
right_child=2 3 6 4 -6 27 14 10 17 -11 -12 19 -14 20 23 -17 -18 21 25 -21 -22 -23 -24 -25 -26 -27 -28 -29 -30 -31
leaf_value=-3.2842468730945247 -3.2886604382989288 -3.2707243757886908 -3.2864512868597036 -3.2869405262506897 -3.2886604382989288 -3.2904154435757187 -3.2816995770036042 -3.2886604382989288 -3.2889419991267537 -3.1758522859201674 -3.2883669175398476 -3.2827221688381099 -3.2886604382989288 -3.2887588926130311 -3.2911876897339751 -3.2991362313498076 -3.2571874145838664 -3.2876837296210559 -3.2935109699395428 -3.2886604382989288 -3.289153106404425 -3.2886604382989288 -3.3091279644488041 -3.2828374411311172 -3.2677344787704641 -3.2868290345255327 -3.2910984945046562 -3.2783576494264453 -3.2998505321366629 -3.269289795844418
leaf_weight=598.97587379068136 178.47588112950325 749.19654063880444 1184.7428682669997 45.06966695189476 92.843513920903206 45.208342850208282 73.255543284118176 87.851181581616402 217.61715342849493 626.32969473302364 172.96351417154074 870.29526884108782 122.79750795662403 36.402423307299614 857.36374132335186 1879.9251465126872 2630.5777840837836 35.258347146213055 1050.5045986995101 195.56768559664488 123.62956334650517 145.99105194956064 12111.224910236895 611.45670463889837 959.87989915162325 817.113061837852 790.38328243792057 99.430619090795517 2343.0679779052734 237.17045509070158
leaf_count=17277 5148 21610 34173 1300 2678 1304 2113 2534 6277 18066 4989 25103 3542 1050 24730 54225 75877 1017 30301 5641 3566 4211 349339 17637 27687 23569 22798 2868 67584 6841
internal_value=-3.28863 -3.24971 -3.29989 -3.21626 -3.19388 -3.18721 -3.28518 -3.26706 -3.30562 -3.17914 -3.26044 -3.27715 -3.25913 -3.28209 -3.29315 -3.29707 -3.25802 -3.3085 -3.29616 -3.27334 -3.27381 -3.30879 -3.30901 -3.28727 -3.27193 -3.29069 -3.28792 -3.28103 -3.2991 -3.27066
internal_weight=29990.6 6458.83 23531.7 1658.08 908.882 816.038 6632.49 4800.75 16899.3 671.399 3014.19 3210.49 2841.23 1786.56 3422 1953.18 2718.43 12510.1 4389.16 2025.74 397.202 12292.5 12146.5 1468.82 1830.18 1867.62 1389.36 144.639 2521.54 273.573
internal_count=865055 186300 678755 47826 26216 23538 191309 138474 487446 19366 86942 92604 81953 51532 98705 56338 78411 360844 126602 58431 11457 354567 350356 42367 52790 53870 40075 4172 72732 7891
is_linear=0
shrinkage=1


Tree=1
num_leaves=31
num_cat=0
split_feature=7 55 37 51 37 68 11 48 11 67 53 47 53 51 11 17 48 53 53 16 55 44 53 54 74 71 71 41 71 37
split_gain=14025.1 3211.81 2063.69 1024.83 770.049 695.264 481.5 448.467 442.147 331.467 169.925 147.727 145.422 119.793 119.536 90.1152 68.3864 62.2997 55.0081 54.9423 46.8961 43.5986 43.1424 42.8974 46.5 42.8895 46.9931 31.0281 29.1506 28.9924
threshold=-0.035798683762550347 0.01476452359929681 0.03703566454350949 0.0077145684044808158 0.042415423318743713 -1.7951642274856565 -0.011140239890664814 0.050166916102170951 -0.011769616510719059 0.24340887367725375 0.060551172122359283 -0.05285347253084182 0.011325605679303409 0.0023800319759175186 -0.012328334152698515 -0.36331897974014277 0.055381825193762786 0.011325605679303409 0.011325605679303409 0.008186317980289461 1.0000000180025095e-35 0.14160401374101642 0.027021207846701149 0.053796995431184776 1.0961666703224184 0.0084852976724505442 0.030219870619475845 0.67679530382156383 0.0060254158452153215 0.02599825989454985
decision_type=10 2 8 2 8 2 10 2 10 2 2 2 2 2 10 10 2 2 2 8 2 2 2 2 2 2 2 8 2 10
left_child=1 4 6 13 14 -5 17 11 18 -10 16 -7 -11 23 25 -8 21 -2 28 -14 -17 -6 -22 -3 -25 -1 -27 -20 -4 -19
right_child=2 3 8 5 10 7 15 -9 9 12 -12 -13 19 -15 -16 20 -18 29 27 -21 22 -23 -24 24 -26 26 -28 -29 -30 -31
leaf_value=0.0020256801707084376 -0.008091408085636102 -0.00044165759654131068 -0.0015734408550145938 0 0.00033897883884775366 0.0021986512234071064 -0.0026127916475280543 -0.00020401348436998275 0.0172346014148907 -0.010333517295797455 0 0.092203281610189508 -0.003394706309262975 -0.001895335652129412 -0.0025285501166940486 0.00048863609896058655 -0.00016886759894736838 -0.0035823686181276318 0.00052248765736921242 0.0048565378987952259 -0.020455426288516657 0.031469050469137207 -0.0015603413919693964 0.022898685477973319 -0.00021159677345457498 0.01599196954596439 -0.00068353410748983709 0.015436404652055402 0.005911906685251031 0.0031412056053737578
leaf_weight=735.08798374608159 1263.0776710920036 44.326131448149681 447.03649791330099 82.041497990489006 71.781762484461069 48.747697226703167 476.39276513457298 42.107937403023243 131.3578333966434 2369.7133182659745 166.77604493126273 865.16293551400304 1169.2405477128923 220.15622596815228 847.90303660929203 47.320204757153988 39.523779034614563 499.96724257618189 219.25162644684315 782.08679323270917 12464.015010915697 3171.344391271472 231.42154796421528 156.14969353377819 49.97934203967452 465.09008836001158 94.017401974648237 1290.2735710218549 576.39522071182728 851.03248991072178
leaf_count=21137 36921 1255 12926 2366 2015 1267 13834 1209 3764 68818 4752 23147 33708 6263 24405 1365 1113 14574 6294 22426 365728 89226 6684 4375 1417 13342 2705 36925 16638 24724
internal_value=5.2989e-05 0.0354535 -0.0114733 0.0694283 0.0212911 0.0824125 -0.0173152 0.0872025 0.00200011 -0.00361706 0.0292635 0.0900899 -0.00603486 0.0127788 0.00523119 -0.019601 0.0305702 -0.0043686 0.0109413 0.000106033 -0.0200909 0.0309975 -0.0202059 0.0187462 0.0206883 0.00977015 0.0139057 0.0140885 0.00300207 0.000195364
internal_weight=29918.8 7100.2 22818.6 1508.67 5591.52 1038.06 15833.2 956.019 6985.36 4452.4 3449.43 913.911 4321.04 470.611 2142.1 13219.1 3282.65 2614.08 2532.96 1951.33 12742.8 3243.13 12695.4 250.455 206.129 1294.2 559.107 1509.53 1023.43 1351
internal_count=865323 199994 665329 41299 158695 27989 463830 25623 201499 128716 97106 24414 124952 13310 61589 387611 92354 76219 72783 56134 373777 91241 372412 7047 5792 37184 16047 43219 29564 39298
is_linear=0
shrinkage=0.03


Tree=2
num_leaves=31
num_cat=0
split_feature=7 43 37 71 56 7 11 62 11 48 37 37 63 71 42 11 37 11 69 8 18 8 55 71 11 68 16 53 42 53
split_gain=13167.3 3019.86 1962.54 1761.04 855.718 550.413 523.475 423.308 378.154 222.844 171.471 120.73 106.912 112.106 102.132 98.0972 89.8024 88.8541 76.1819 56.9028 56.2964 50.2255 29.2868 23.5727 22.9683 22.3912 20.904 20.6753 19.014 18.6761
threshold=-0.035798683762550347 0.007056490285322071 0.0348569042980671 0.038190448656678207 4.4686520099639901 -0.025343636982142922 -0.012880001682788132 -1.0289172530174253 -0.009895524010062216 0.034405507147312171 0.051704658195376403 0.031396750360727317 0.045761309564113624 0.11811660230159761 0.012643621303141119 -0.01165376231074333 0.040732802823185928 -0.011769616510719059 -0.019718507304787632 -0.82013157010078419 -0.55123251676559437 -1.4844024181365965 1.0000000180025095e-35 0.11811660230159761 -0.008098303806036709 1.591891944408417 -0.21129719167947766 0.060551172122359283 0.012468365952372553 0.027021207846701149
decision_type=10 2 8 2 2 10 10 2 10 2 10 8 2 2 2 10 8 10 2 10 10 10 2 2 8 2 10 2 2 2
left_child=1 6 8 24 7 10 11 -5 14 -9 15 -1 13 -13 26 -4 28 -7 -19 25 -10 -20 -22 -18 27 -12 -2 -3 -8 -24
right_child=2 3 5 4 -6 17 16 9 20 -11 19 12 -14 -15 -16 -17 23 18 21 -21 22 -23 29 -25 -26 -27 -28 -29 -30 -31
leaf_value=0.0034658618897901593 0.00037724319227543281 0.015715522883549222 0.006426894952377857 0.0016211824819119993 -7.0377061319357273e-05 0.0014060779883502991 -0.0051894411205256731 0.096669421729320013 -0.004680625469610223 0.0097659803589334373 0.016498963247099534 0.028809155783860532 0 0.00033161362145413828 -0.00067388403041876053 -0.0039173773103557651 0.0097787937981859176 0.0040050195266050984 -9.5988605616917838e-05 0.0018340548776042496 0 -0.011704218450266771 -0.021312500200217199 -0.00074240885722809565 -0.00025760184314659046 0 -0.011488397588263404 0 0.0011024103868218591 -0.0016363364618275516
leaf_weight=418.18355465680361 56.914911884814501 699.46016647666693 1141.445460729301 75.870815146714449 100.55640956014395 672.91680871322751 412.50091920793056 796.46374609321356 579.25004257261753 159.81959628686309 1329.4691820256412 2931.6956386826932 129.53620905429125 163.45936416834593 1433.7592311352491 1160.8689233511686 784.42084078490734 82.215801149606705 447.5106986425817 534.62344345077872 35.204840861260891 2428.6040791161358 10254.074788570404 87.201096210628748 37.176828108727932 94.802029225975275 2164.8839896470308 43.473028689622879 435.34065219014883 164.12130963429809
leaf_count=11964 1672 19416 32695 2070 2834 19409 11930 19314 17059 4332 37799 80870 3700 4641 41952 33705 21515 2379 13037 15296 1015 71258 306761 2463 1039 2724 64024 1230 12524 4748
internal_value=4.82401e-05 0.0338225 -0.0113173 0.0627487 0.0814373 0.000736074 0.0189811 0.0870055 -0.0176247 0.0906913 0.00767965 0.0248267 0.0266792 0.0276439 -0.00763033 0.00133573 0.0036585 -0.00728278 -0.00926348 0.013226 -0.0204359 -0.0102686 -0.021028 0.00862056 0.014169 0.0157586 -0.0110608 0.0149455 -0.0025257 -0.0211191
internal_weight=29855.8 7275.16 22580.7 1912.82 1132.71 7892.46 5362.34 1032.15 14688.2 956.283 4261.21 3642.87 3224.69 3095.16 3655.56 2302.31 1719.46 3631.25 2958.33 1958.89 11032.7 2876.11 10453.4 871.622 780.11 1424.27 2221.8 742.933 847.842 10418.2
internal_count=865375 199842 665533 50235 28550 228302 149607 25716 437231 23646 122219 101175 89211 85511 107648 66400 48432 106083 86674 55819 329583 84295 312524 23978 21685 40523 65696 20646 24454 311509
is_linear=0
shrinkage=0.03


Tree=3
num_leaves=31
num_cat=0
split_feature=7 43 37 71 56 11 7 11 37 44 42 11 61 17 37 71 7 46 56 43 55 55 37 53 16 11 53 11 71 61
split_gain=12491.5 2487.37 2157.3 1354.38 690.604 547.124 487.704 382.819 209.702 163.742 140.203 107.886 100.424 87.3463 81.0278 79.3749 79.1909 66.5157 64.0825 64.2543 51.6057 37.7071 31.365 27.5715 25.5445 22.8477 21.5598 20.06 18.8119 17.9774
threshold=-0.037004778161644929 0.007056490285322071 0.03703566454350949 0.038190448656678207 4.4686520099639901 -0.010467060375958679 -0.024463905021548268 -0.012880001682788132 0.055642470717430122 0.1132478639483452 0.012643621303141119 -0.01165376231074333 0.052591865882277496 -0.35767956078052515 0.043600106611847884 0.11811660230159761 -0.039466483518481248 0.0030487844487652187 6.5999212265014657 0.0074057779274880895 0.01476452359929681 1.0000000180025095e-35 0.025841733440756801 0.024183413013815883 -0.20655945688486096 -0.012328334152698515 0.060551172122359283 -0.0085106189362704737 0.11811660230159761 0.0070447768084704885
decision_type=10 2 8 2 2 10 10 10 10 2 2 10 2 10 8 2 10 2 2 2 2 2 10 2 10 10 2 8 2 2
left_child=1 7 5 26 9 10 8 12 11 -5 24 -4 15 -7 29 16 -1 20 19 -10 25 -15 -12 -23 -2 -8 27 -3 -16 -9
right_child=2 3 6 4 -6 13 17 14 18 -11 22 -13 -14 21 28 -17 -18 -19 -20 -21 -22 23 -24 -25 -26 -27 -28 -29 -30 -31
leaf_value=0.028311787185197061 0.00099330720279598543 0.015554585512584216 0.0069386898560718155 0.0017009386629524591 0 -0.0027237558167690595 0 -0.0034785930475532039 0.0075348625083031485 0.083557216503817269 -0.002439668017281682 -0.0033957874485025909 -0.0015333228170342076 0.00017961791732507134 0.010704649138527455 0.00037182582448736775 0.0059284172809287881 0.00090911036802706182 -0.0017094033339268109 0.023745178170585891 0.0021821576330051514 -0.020461667848911107 0.0045051971187594318 -0.0024388157964731565 -0.0099007942256484384 -0.010838406932633979 -0.00011586369142406504 0 -0.00022270386148673038 0.0029756897088554436
leaf_weight=2745.3447055034339 63.980914264917374 637.82370132952929 1362.3197025284171 51.359886936843395 97.069234419614077 481.51984599977732 248.34416788071394 702.17473776265979 1418.6272240690887 1014.9533523246646 537.68318475410342 1302.651001047343 51.253930546343327 44.097392451018095 614.67038822174072 150.23788136988878 511.7270527780056 684.70829923823476 71.889711916446686 467.32086509466171 140.25087143853307 11318.882507130504 882.62862589210272 261.25465732812881 1995.5733570232987 1694.0869137533009 43.443862177431583 39.364182706922293 79.278041314333677 85.657717946916819
leaf_count=74223 1876 17428 38520 1225 2742 14163 7168 20240 39851 23493 15770 37732 1472 1272 16621 4267 13932 19865 2064 13080 4086 344758 25601 7622 59360 50053 1229 1095 2243 2432
internal_value=0.000239472 0.0344492 -0.0104261 0.0608547 0.0767952 -0.0165997 0.0027825 0.0196568 0.00844241 0.0816076 -0.00506312 0.00205393 0.0246493 -0.0195598 0.00457367 0.0252658 0.0261319 -0.00642542 0.0148294 0.0158117 -0.00866207 -0.0200914 0.0017692 -0.0201977 -0.00931723 -0.00985432 0.0139589 0.0147824 0.00963454 -0.00166104
internal_weight=29800.2 6824.36 22975.8 1884.01 1163.38 15585.6 7390.2 4940.34 4622.81 1066.31 3479.87 2664.97 3458.56 12105.8 1481.78 3407.31 3257.07 2767.39 1957.84 1885.95 2082.68 11624.2 1420.31 11580.1 2059.55 1942.43 720.632 677.188 693.948 787.832
internal_count=865483 182642 682841 47212 27460 470422 212419 135430 131247 24718 102607 76252 93894 367815 41536 92422 88155 81172 54995 52931 61307 353652 41371 352380 61236 57221 19752 18523 18864 22672
is_linear=0
shrinkage=0.03


Tree=4
num_leaves=31
num_cat=0
split_feature=7 43 37 71 11 56 7 62 37 42 71 44 37 53 67 57 53 65 43 11 18 1 42 11 16 68 24 55 51 71
split_gain=11657.6 2188 2176.19 1128.41 593.531 584.728 434.22 366.873 356.413 163.953 162.653 136.964 119.77 101.661 134.844 91.9574 89.7976 72.1873 66.8326 57.7835 52.4171 51.6299 47.6745 43.9968 39.4207 34.5072 33.5163 30.6782 27.001 26.5537
threshold=-0.037523662671446793 0.007056490285322071 0.03891312517225743 0.038190448656678207 -0.009439804591238497 4.4686520099639901 -0.027188427746295925 -1.0289172530174253 0.042415423318743713 0.012643621303141119 0.11811660230159761 0.1132478639483452 0.052597181871533401 0.011325605679303409 0.24340887367725375 0.24349156767129901 0.023126668296754364 0.0056885278318077334 0.0020688371732831006 -0.012394940946251152 -0.55536764860153187 -0.020672082901000973 0.0064565367065370092 -0.01165376231074333 -0.20222463458776471 1.591891944408417 -4.4999999999999991 1.0000000180025095e-35 0.043138274922966964 0.0033650267869234089
decision_type=10 2 8 2 10 2 10 2 8 2 2 2 10 2 2 2 2 2 2 10 10 10 2 10 10 2 2 2 2 2
left_child=1 8 4 -3 9 7 12 -5 16 24 15 -9 19 14 -8 -10 26 -17 29 -4 -6 -15 -14 -11 -2 -24 -1 -22 -26 -18
right_child=2 3 6 5 20 -7 13 11 10 23 -12 -13 22 21 -16 17 18 -19 -20 -21 27 -23 25 -25 28 -27 -28 -29 -30 -31
leaf_value=0.0040660112333954015 0.0011188513311855693 0.013330659487772505 0.0071631774521893482 0.00092483932123956013 -0.0043860196239119296 0 0.0077143883628984534 0.0019924700693847246 0.0016219904895661639 0.0034478497400522142 0 0.08125807073079809 0.0017741488722354292 0.0060547887323869985 -0.0097735971571696594 -5.8297841765866437e-05 0 0.028211934913383738 -0.0013869207531730383 -0.0019993198455646763 0 -0.0027211615983125928 0.018013724267960714 -0.0036685552398648727 -0.011530783010856981 0 -0.0031934587467592943 -0.020515198260286652 0.00069928095129181717 0.018391279288814417
leaf_weight=579.24577003344893 113.94958402588964 699.85583816096187 752.01060108467937 75.959628697484732 556.426519356668 94.36718050763011 75.215345203876495 53.72764041274786 221.14689625427127 1091.3746645376086 225.1974543556571 1004.9041761308908 393.00468337908387 731.03462556377053 1790.2894564792514 59.644832920283079 91.112844470888376 2629.6601592302322 120.04726617410779 821.28808204457164 38.083994571119547 712.58093912154436 1409.7335375398397 1036.5552099682391 3023.8933816291392 125.2616067007184 710.94653476402164 10268.170301865786 64.526788871735334 175.79428667575121
leaf_count=16121 3361 18939 21017 1914 16605 2668 2125 1278 5981 31477 6383 21282 10988 20923 53080 1579 2526 68712 3368 23616 1098 20688 38695 30906 91223 3546 20216 318348 1933 4832
internal_value=0.000222261 0.0335085 -0.0100255 0.0579531 -0.0158726 0.071987 0.00397085 0.076179 0.0191232 -0.00670663 0.024592 0.0793574 0.0107019 -0.00354226 -0.00746011 0.0262226 0.00546128 0.02758 0.0128179 0.00290682 -0.0198509 0.00198292 0.0150308 0 -0.0105207 0.0170076 0.000123516 -0.0204165 -0.0111298 0.0163368
internal_weight=29745 6741.61 23003.4 1928.81 16193 1228.96 6810.42 1134.59 4812.8 5330.3 3135.65 1058.63 3501.3 3309.12 1865.5 2910.45 1677.15 2689.3 386.954 1573.3 10862.7 1443.62 1928 2127.93 3202.37 1535 1290.19 10306.3 3088.42 266.907
internal_count=865428 175799 689629 46081 494951 27142 194678 24474 129718 158900 82655 22560 97862 96816 55205 76272 47063 70291 10726 44633 336051 41611 53229 62383 96517 42241 36337 319446 93156 7358
is_linear=0
shrinkage=0.03


Tree=5
num_leaves=31
num_cat=0
split_feature=7 43 37 71 56 37 11 62 53 11 67 11 53 63 53 48 17 37 71 8 8 41 43 71 53 34 1 71 42 56
split_gain=11027.4 2639.75 1515.44 1451.99 641.08 502.978 453.803 290.736 371.103 287.387 278.411 150.734 121.311 98.956 83.0914 75.9025 73.4981 68.3007 58.5055 54.8784 48.7273 39.5689 37.248 35.387 34.4462 27.7189 26.3368 26.1339 26.105 22.2935
threshold=-0.033928973600268357 0.007056490285322071 0.033060861751437194 0.038190448656678207 4.4686520099639901 0.0348569042980671 -0.011537223588675259 -1.0289172530174253 0.0059365232009440669 -0.01165376231074333 0.24340887367725375 -0.013025070540606974 0.011325605679303409 0.045761309564113624 0.011325605679303409 0.051611851900815971 -0.39110727608203882 0.04328782111406327 0.010585257317870857 -1.242570638656616 -0.8017895221710204 0.78051447868347179 0.0044955224730074414 0.0053873262368142614 0.021265507675707344 0.093531191349029555 -0.1696282625198364 0.11811660230159761 0.012210481334477665 -0.19136966019868848
decision_type=10 2 8 2 2 8 10 2 2 10 2 10 2 2 2 2 10 8 2 8 10 8 2 2 2 10 8 2 2 2
left_child=1 5 9 17 7 18 14 -5 -9 28 22 13 25 15 23 -7 -11 -3 -1 -14 -16 -13 -8 -4 26 -12 -18 -23 -2 -20
right_child=2 3 6 4 -6 11 10 8 -10 16 12 21 19 -15 20 -17 24 -19 29 -21 -22 27 -24 -25 -26 -27 -28 -29 -30 -31
leaf_value=-0.003078786296701668 -0.005998667516370155 0 -0.0035082156668944718 0.001989749817254366 0 0.024645836544414507 -0.00095229266283889768 0 0.077332797833238653 -0.00055226442960666807 -0.012146456249896513 -0.00032831066039886716 0.0033699363355669701 -7.6124056612734782e-05 0.013829622743534654 -0.00029476185720661265 0 0.015906212302463554 0.0089239932946036538 -0.0047605354636524816 0.00078399081269223971 0.010467722865588665 0.015900724091931613 0.0041811903030355259 -0.0039523288445495238 0.00043084053967973475 -0.020252329223801047 -0.00085241860415663051 0.000617012790918208 -0.00024763125385569417
leaf_weight=1149.2703509926796 837.86433246731758 279.95992522314191 472.18215459957719 88.215090468525887 110.20056676492095 3263.5083752758801 41.632118605077267 54.809035692363977 1176.0524289533496 245.74371590092778 2732.7186095193028 371.06067206710577 712.21685947105289 130.54017475992441 1156.5068275034428 76.628072641789913 80.839529156684875 649.92886396870017 218.07350022345781 1502.9748464971781 439.64169026911259 974.39203955605626 93.68953276053071 693.58402263745666 446.88558495789766 82.569047685712576 10657.360675077885 74.474878046661615 631.34161813929677 227.42565269395709
leaf_count=33115 25385 7748 13711 2249 3108 84750 1197 1181 23841 7223 82512 10298 20543 3638 32198 2095 2504 17353 6169 44297 12407 26294 2607 19892 13518 2396 335771 2101 18331 6504
internal_value=0.000273798 0.0274545 -0.0116275 0.0521498 0.0677408 0.0153385 -0.0011172 0.0719999 0.07482 -0.0177815 -0.00621994 0.0197185 -0.00798579 0.0231539 0.00782532 0.0240317 -0.0193571 0.0126681 0.000262654 -0.00189679 0.0114236 0.00732208 0.0135747 0.000768402 -0.0197032 -0.0116777 -0.020127 0.00945455 -0.00356862 0.00626965
internal_weight=29672.3 8844.54 20827.8 2359.17 1429.28 6485.37 7927.72 1319.08 1230.86 12900 5165.8 4890.6 5030.48 3470.68 2761.91 3340.14 11430.8 929.889 1594.77 2215.19 1596.15 1419.93 135.322 1165.77 11185.1 2815.29 10738.2 1048.87 1469.21 445.499
internal_count=864936 230444 634492 55480 30379 174964 231760 27271 25022 402732 153552 129176 149748 90483 78208 86845 359016 25101 45788 64840 44605 38693 3804 33603 351793 84908 338275 28395 43716 12673
is_linear=0
shrinkage=0.03


Tree=6
num_leaves=31
num_cat=0
split_feature=7 71 11 11 49 49 48 67 53 71 55 7 52 8 49 55 69 53 55 8 8 67 0 11 55 56 53 56 47 58
split_gain=10572.2 2309.64 1407.32 628.219 528.753 510.959 518.893 396.482 245.255 218.548 187.563 167.948 154.281 134.464 132.458 127.288 121.484 118.963 57.0879 56.4021 54.624 53.0765 48.9382 44.5393 39.8201 38.6745 37.8166 37.1064 34.3314 29.925
threshold=-0.033928973600268357 0.10904159396886827 -0.010127386078238486 -0.012742664664983748 0.87257531285285961 0.048681849613785751 0.050166916102170951 0.24340887367725375 0.011325605679303409 0.142631970345974 0.0021347984438762073 -0.022879121825098988 1.0440095067024233 -1.2781990766525266 0.96284538507461559 0.029618988744914535 -0.0090476721525192243 0.092544429004192366 0.0053260566201061019 -1.5816700458526609 -0.81623855233192433 0.43556094169616705 -0.068508386611938463 -0.014420848339796065 1.0000000180025095e-35 -0.28149710595607752 0.020145710557699207 2.298236727714539 -0.023245609365403649 0.21264003962278369
decision_type=10 2 10 10 2 2 2 2 2 2 2 10 2 10 2 2 2 2 2 10 10 2 10 10 2 2 2 2 2 2
left_child=1 3 8 10 5 27 9 18 16 -7 -1 19 21 -5 -6 17 -2 -12 -4 -9 25 29 -13 -18 -24 -14 -15 -3 -29 -10
right_child=2 4 7 13 14 6 -8 11 12 -11 15 22 20 26 -16 -17 23 -19 -20 -21 -22 -23 24 -25 -26 -27 -28 28 -30 -31
leaf_value=0.0092801730542427917 0.0050499669605561688 -0.0022280033160847856 -0.0023173723760779039 0.010857498047069593 -0.0044483776955004236 0.002963495933571746 -0.00041870075527888998 0 0.0070522014019570919 0.080514729145189673 0.028613538825845743 -0.0020510130750305651 0.0011113454995805487 -0.0038848907733299754 0.0156847171463716 -0.0012590372582446966 0 -0.00068976271398864003 0.014009897501518237 -0.010816234849819072 0.00026786486281754472 -0.0040041285293385574 0.00034447167639860266 -0.0093986101255688938 -0.020145167467386049 0.015639034514461452 0.0038883823635841295 0.013009473949677285 -0.00068344624866560188 -0.0015882546794455713
leaf_weight=1512.3693251386285 420.51943901181221 63.54767344519496 65.401137560606003 842.99932111054659 192.17750054225326 82.407061252743006 69.089007414877415 472.21464700065553 423.81398535892367 713.23179617151618 3455.1006553433836 299.16055243834853 334.38320208713412 1237.1719339191914 163.63058862090111 76.046461813151836 482.11698829382658 84.22603689879179 98.639899455010891 3322.3843393903226 438.40338868647814 1246.5595550313592 40.296380370855331 2236.8711398988962 9654.6895333621651 830.68516732752323 339.7417802400887 77.797286741435528 110.45763674378395 267.59206523746252
leaf_count=39469 12273 1375 2022 22840 4938 1908 1838 14106 12102 13655 88168 9174 9502 34768 3685 1624 14092 2385 2777 102366 12765 35994 1165 67546 308258 23564 9358 1482 3008 7691
internal_value=0.000444881 0.0266974 -0.0113773 0.0176218 0.056808 0.0647775 0.072667 -0.0166408 0 0.0769574 0.0231738 -0.0173271 0.00509512 0.00380084 0.00821421 0.0270792 -0.00564101 0.0278429 0.0102052 -0.00960766 0.010739 -0.000696342 -0.019632 -0.00791524 -0.0200179 0.0132354 -0.0015328 0.00697529 0.00987951 0.00419319
internal_weight=29653.7 9019.99 20633.7 7547.66 1472.34 1116.53 864.728 13952.8 6680.94 795.639 5127.74 13788.7 3541.44 2419.91 355.808 3615.37 3139.51 3539.33 164.041 3794.6 1603.47 1937.97 9994.15 2718.99 9694.99 1165.07 1576.91 251.803 188.255 691.406
internal_count=865898 230501 635397 198612 31889 23266 17401 439868 195529 15563 131646 435069 101618 66966 8623 92177 93911 90553 4799 116472 45831 55787 318597 81638 309423 33066 44126 5865 4490 19793
is_linear=0
shrinkage=0.03


Tree=7
num_leaves=31
num_cat=0
split_feature=7 24 37 37 67 11 60 11 55 64 67 8 8 42 53 17 42 53 43 55 55 24 55 43 48 41 66 55 72 73
split_gain=9746.89 2339.01 1478.84 743.373 624.975 376.638 313.843 291.975 260.604 258.997 250.309 173.157 126.637 119.605 65.0715 64.796 62.7923 45.5258 45.4634 44.8171 40.4195 34.9583 32.8671 30.4776 29.5013 28.26 28.0191 25.8017 25.7186 23.8628
threshold=-0.033928973600268357 -10.499999999999998 0.033854136243462569 0.043600106611847884 0.65717908740043651 -0.011537223588675259 0.74340707063674938 -0.009895524010062216 0.0019046249217353763 -2.3588857650756831 0.24340887367725375 -0.8827533721923827 -1.5648891329765318 0.012643621303141119 0.011325605679303409 -0.34202830493450159 0.013401472941040994 0.021265507675707344 0.0020688371732831006 0.18150694668293002 0.18150694668293002 -5.4999999999999991 0.0021105654304847126 0.0044955224730074414 0.051611851900815971 0.67679530382156383 0.71465578675270092 1.0000000180025095e-35 -0.54687568545341481 1.1346151232719424
decision_type=10 2 8 8 2 10 2 10 2 2 2 10 10 2 2 10 2 2 2 2 2 2 2 2 2 8 2 2 2 2
left_child=1 4 7 13 6 14 8 16 -1 -10 23 19 -12 21 -4 -9 -2 -14 26 24 22 -3 -13 -7 -5 -16 -15 -17 -6 -18
right_child=2 3 5 11 28 10 -8 15 9 -11 12 20 17 18 25 27 29 -19 -20 -21 -22 -23 -24 -25 -26 -27 -28 -29 -30 -31
leaf_value=0.0024654038784524949 -0.0098332338453422895 0.0023664594590488263 0.0011339808987974485 0.02667688413289215 0.0063100246805495464 -0.00069660163550284916 0.0054921576577603489 -0.0033577548776420499 0.00071198574544097657 0.064832561650024725 0.002722244781730773 -0.00028767177607480032 -0.0097199238027224615 0.012689919962049859 4.9228392947045342e-05 0 -0.002965218769314651 0.0011695020262195944 2.27000529462382e-05 0 -0.0024179636171618199 -0.0056312839244982036 0.010619635390249359 0.015343980636474451 0 0.012340398819731268 0.00026483419776834427 -0.020301235151487965 -0.0023731836805159874 0.0036920998368721977
leaf_weight=121.67434403672814 1996.2060725409538 329.17747019976377 1120.8821693323553 3023.3057414703071 129.27606749162078 38.060912471264601 226.99091307446361 480.04586199112236 79.793795764446259 1377.543346170336 731.37370499037206 206.93742487207055 3756.6674800924957 548.05753180757165 244.4433296918869 34.162554074078798 861.27345119044185 214.25201111473143 617.33831394091249 43.461873464286327 75.398667886853218 1032.8387016169727 911.71598801761866 95.561363276094198 42.25647909194231 1316.7539867945015 279.20819908007979 9260.7053126804531 159.4164928086102 242.68597977980971
leaf_count=3085 61865 8886 32343 74423 3387 1090 5740 14842 1634 29441 21431 5279 114370 15057 6903 995 25498 6253 16813 1000 1712 29118 22350 2584 1113 36108 7734 303404 4159 7111
internal_value=0.000501424 0.0253472 -0.0110365 0.0150741 0.0504761 -0.000327941 0.055752 -0.0170211 0.0597743 0.0625537 -0.0052144 0.0222664 -0.00703287 0.00225664 0.00782324 -0.0196126 -0.0071775 -0.0090002 0.00726703 0.0260042 0.00755422 -0.00342083 0.00895099 0.0133573 0.0263776 0.0110402 0.0104019 -0.0202072 0.00267003 -0.000619968
internal_weight=29597.5 9204.39 20393.1 7109.7 2094.69 7517.99 1806 12875.1 1579.01 1457.34 4835.92 4303.08 4702.29 2806.62 2682.08 9774.91 3100.17 3970.92 1444.6 3109.02 1194.05 1362.02 1118.65 133.622 3065.56 1561.2 827.266 9294.87 288.693 1103.96
internal_count=865728 230931 634797 183485 47446 221082 39900 413715 34160 31075 145728 105877 142054 77608 75354 319241 94474 120623 39604 76536 29341 38004 27629 3674 75536 43011 22791 304399 7546 32609
is_linear=0
shrinkage=0.03


Tree=8
num_leaves=31
num_cat=0
split_feature=7 16 37 37 11 7 55 73 67 64 11 55 42 37 57 7 17 11 42 46 67 56 73 50 69 55 69 3 68 16
split_gain=9285.56 2038.11 1460.26 968.655 486.633 263.151 253.282 211.275 263.537 191.763 182.119 169.322 123.651 97.5401 85.8184 91.3436 65.2254 64.4453 62.3612 53.8568 68.2053 40.2477 38.0847 33.6179 31.3805 31.014 28.9936 25.8378 25.5629 22.3795
threshold=-0.034125043079257004 -0.23447291553020475 0.038664015009999282 0.048381226137280471 -0.0093956310302019102 -0.023971958085894581 0.18150694668293002 1.08650279045105 0.64866551756858837 1.2883231043815615 -0.012328334152698515 0.0040150943677872428 0.012643621303141119 0.057989472523331649 0.20975620299577716 -0.044120635837316506 -0.36331897974014277 -0.01165376231074333 0.0097039570100605505 0.0030487844487652187 0.24340887367725375 6.5999212265014657 1.1448998451232912 0.0098816752433776873 -0.0090476721525192243 1.0000000180025095e-35 -0.0036577372811734672 -0.0068439617753028861 1.591891944408417 0.094581425189971938
decision_type=10 10 8 8 10 10 2 2 2 2 10 2 2 10 2 10 10 10 2 2 2 2 2 2 2 2 2 10 2 10
left_child=1 7 4 10 12 13 14 8 9 11 18 -1 24 17 -5 -16 -6 -4 -3 20 -7 28 26 29 -2 -18 -14 -27 -15 -12
right_child=2 3 5 6 16 19 -8 -9 -10 -11 23 -13 22 21 15 -17 25 -19 -20 -21 -22 -23 -24 -25 -26 27 -28 -29 -30 -31
leaf_value=0.0014072881325681169 0 5.9591233635381819e-05 0.0057881126722618978 -2.3094824637334081e-05 -0.002097128861294682 0.0043848851173913239 -0.0017746442843717242 0.0021458038726105983 -6.4172109831435268e-07 0.002622865116797319 -0.0066685951177855064 0.069429354153351025 0.0025186341611366141 0.013323338872799257 0.033666781404403691 0.015427006367838619 5.284402711907221e-05 -0.002785582272521236 0.011448713077623292 0.0012927974283181978 -0.0092825741085509773 -0.001425513402560725 0.0049670239702317735 0.0026582625682477845 -0.010858364479334172 0 -0.0045632025776528775 -0.020213160346049624 0 0.0016161131279831124
leaf_weight=64.789198018610477 203.55066345073283 616.24754622578621 1054.8243566974998 80.103238828480244 352.18595875799656 55.612308546900749 205.72764356061816 107.32107910513878 51.688994642347097 97.132723435759544 973.36153876781464 720.11852781102061 327.67156655527651 1252.488004848361 2306.1555324494839 2039.9549423977733 36.69727785140276 1114.4078467711806 1635.2246089428663 563.37457932159305 1607.8844617679715 60.411590427160263 371.98449602909386 242.8552368581295 2616.923704566434 55.537880478426814 1116.662494212389 9440.6617859657854 93.1649389564991 91.547601412981749
leaf_count=1688 6287 16302 29193 2120 10739 1535 4215 2217 1283 1956 27748 14277 9758 34517 53807 49968 1067 32976 42100 16435 49231 1771 10927 6853 82172 1747 33332 314363 2661 2549
internal_value=0.000455607 0.0246486 -0.0108476 0.0173291 -0.0157902 0.00174646 0.0257392 0.0577372 0.0609409 0.0634374 0.00448793 0.0667806 -0.00666264 0.00649329 0.0271293 0.0276424 -0.0195159 0.0015744 0.00901775 -0.00555786 -0.00777921 0.0115209 -0.000156019 -0.00348195 -0.010108 -0.0199929 -0.00256775 -0.0200991 0.0124934 -0.00547587
internal_weight=29556.3 9232.23 20324 8191.18 14521.9 5802.17 4631.94 1041.05 933.729 882.04 3559.24 784.908 4636.79 3575.3 4426.21 4346.11 9885.08 2169.23 2251.47 2226.87 1663.5 1406.06 1816.32 1307.76 2820.47 9532.9 1444.33 9496.2 1345.65 1064.91
internal_count=865794 227083 638711 205662 470392 168319 110110 21421 19204 17921 95552 15965 142476 101118 105895 103775 327916 62169 58402 67201 50766 38949 54017 37150 88459 317177 43090 316110 37178 30297
is_linear=0
shrinkage=0.03


Tree=9
num_leaves=31
num_cat=0
split_feature=7 43 37 71 7 56 11 11 66 62 37 11 63 42 17 42 53 69 69 71 42 71 56 37 58 37 1 55 73 53
split_gain=8740.28 1809.37 1666.88 838.073 446.883 437.848 301.696 301.363 283.557 305.464 171.998 92.1647 89.7064 85.3091 75.0815 59.8237 54.3526 67.3682 54.0204 55.726 52.6708 50.3782 48.1928 40.2537 38.9947 33.829 31.4563 30.4947 23.9656 23.497
threshold=-0.035798683762550347 0.007056490285322071 0.033854136243462569 0.038190448656678207 -0.023971958085894581 4.4686520099639901 -0.010516670066863297 -0.014822324272245167 0.15406268090009692 -1.0289172530174253 0.057989472523331649 -0.01165376231074333 0.045761309564113624 0.012643621303141119 -0.36331897974014277 0.012643621303141119 0.011325605679303409 -0.019718507304787632 -0.011495560407638548 0.11811660230159761 0.053907241672277458 0.11811660230159761 6.5999212265014657 0.026475309394299987 -0.89979621767997731 0.066659707576036467 -0.030756175518035885 1.0000000180025095e-35 1.103778123855591 0.060551172122359283
decision_type=10 2 8 2 10 2 10 10 2 2 10 10 2 2 10 2 2 2 2 2 2 2 2 8 2 10 10 2 2 2
left_child=1 7 6 29 10 8 15 12 9 -5 11 -4 18 25 -8 -2 17 -6 -1 -20 -10 23 24 -15 -12 -9 -18 -16 -13 -3
right_child=2 3 4 5 16 -7 14 13 20 -11 22 28 -14 21 27 -17 26 -19 19 -21 -22 -23 -24 -25 -26 -27 -28 -29 -30 -31
leaf_value=0.00026378116238099714 -0.0087520174531125258 0.012462340066358116 0.0057193923895582028 0.00094149910057648013 0.0033704416562706646 -0.00012520064253562197 -0.0017836228515070141 -0.0032507848540666066 0.010948536858492381 0.067290640084167866 0.0007094299339569835 -0.0045451905807914767 -0.00063121574060492306 -0.00033498135821969179 5.4936009758379079e-05 0 0.0024478940793345666 -0.011442749064101513 0.022460392191779994 -0.00022201570183567421 -0.0029531734907039943 -0.0018221289466343867 -0.0015321030350304952 0.011874303882274095 0.015193437246671262 0.0048011644236862485 -0.0046663755439623148 -0.019347388051882592 0.0017534774439365347 -0.00052363329190450308
leaf_weight=148.70457809045911 1554.1971591599286 816.54322648048401 1696.8300448693335 89.35443451628089 58.995832964777946 104.34000720828772 375.85093069821596 936.22292436659336 151.54147593677044 1166.1839007474482 288.82910638675094 1350.0652204025537 121.26952035352588 195.28972868621349 39.550452940165997 1089.9675361514091 571.48774490691721 1826.4757600650191 2829.7156696952879 63.511972740292549 80.884062096476555 150.373091224581 67.488685019314289 1317.2273831516504 1338.1762740574777 191.65443352982402 680.59774509072304 9764.3832816407084 378.85092978551984 47.604379929602146
leaf_count=3685 48694 20482 46951 2115 1710 2825 11458 25555 2982 18846 7855 40627 3318 5511 1151 31887 16705 57690 67982 1649 1699 4013 1968 33616 36090 4644 20707 330376 11212 1258
internal_value=0.000487434 0.0254858 -0.00983099 0.0453707 0.000684147 0.0564047 -0.0163962 0.0143559 0.0595541 0.0643526 0.00598107 0.00145111 0.0202393 0.00553434 -0.0187384 -0.00573759 -0.00751148 -0.0102442 0.0211277 0.0219147 0.00698771 0.00904361 0.0125853 0.0104573 0.0135344 -0.000643848 -0.00147608 -0.0192411 -0.00294666 0.0115973
internal_weight=29492.2 8410.42 21081.7 2456.45 8257.8 1592.3 12823.9 5953.97 1487.96 1255.54 5120.24 3425.75 3163.2 2790.77 10179.8 2644.16 3137.56 1885.47 3041.93 2893.23 232.426 1662.89 1694.49 1512.52 1627.01 1127.88 1252.09 9803.93 1728.92 864.148
internal_count=865261 200180 665081 50207 241515 28467 423566 149973 25642 20961 144703 98790 76634 73339 342985 80581 96812 59400 73316 69631 4681 43140 45913 39127 43945 30199 37412 331527 51839 21740
is_linear=0
shrinkage=0.03


Tree=10
num_leaves=31
num_cat=0
split_feature=7 16 7 41 41 49 55 73 24 66 72 46 49 51 9 55 61 57 23 52 17 53 51 69 56 16 55 51 54 55
split_gain=8227.79 1869.49 1233.65 545.367 343.345 315.484 274.765 244.731 169.469 148.112 128.263 109.327 104.883 104.33 103.942 100.069 73.9281 72.4378 66.719 56.5828 51.8881 43.7724 43.3844 43.2029 41.6016 41.1329 36.2882 36.943 35.6693 32.722
threshold=-0.033928973600268357 -0.23447291553020475 -0.022879121825098988 0.70469897985458385 0.934962958097458 0.86465212702751171 0.0021220698254182939 1.1591198444366457 -7.4999999999999991 0.57809215784072887 0.18564549833536151 0.0046920836903154859 0.11457947269082071 0.053597809746861465 -0.3464969247579574 0.18150694668293002 0.0048790709115564832 0.20975620299577716 -1.1185780167579649 1.2011632323265078 -0.35239641368389124 0.023126668296754364 0.024009575136005882 -0.019718507304787632 6.5999212265014657 0.022216903977096084 0.18150694668293002 0.0047329869121313104 1.5705427527427676 0.0021220698254182939
decision_type=10 10 10 8 8 2 2 2 2 2 2 2 2 2 10 2 2 2 10 2 10 2 2 2 2 10 2 2 2 2
left_child=1 5 4 8 14 7 18 9 26 12 16 13 -1 20 21 17 29 -8 -5 -13 -4 22 -2 -22 -12 -10 27 -3 -21 -6
right_child=2 3 11 6 10 -7 15 -9 25 -11 24 19 -14 -15 -16 -17 -18 -19 -20 28 23 -23 -24 -25 -26 -27 -28 -29 -30 -31
leaf_value=0.0095909404944270853 -0.010382554558200863 0.0013360457139070785 -0.0023870054717200365 0.010559021235996188 -0.0040701262514050958 0.0041775048141757956 0 0.0008920671739443591 -0.003441448403853659 0.0014936475032438291 0.015064934308189785 -0.0076746748336916281 0.071099922748415895 0 0.0008257093531137611 0 0.0084125895848148127 0.026479331124254775 -0.00046787527398715152 0.0071456452780785948 0.00083313010301749749 0.0012608295436899433 0 -0.018708782120990655 -0.0011036499154999688 0.0039115719704483822 -0.00081936884198455457 0.016630955880132577 -0.0028656402421646859 0.0016932101380029135
leaf_weight=218.95953784883022 3233.2973619773984 329.37078839726746 387.27158214896917 1020.5903080645949 1155.6814581211656 202.12998118624091 88.918140951544046 87.689222188666463 1477.5764268189669 69.437647022306919 585.33834642358124 582.75714463740587 545.793731296435 268.36779090203345 1171.4915840458125 134.8492008112371 481.24206173978746 3780.4389667585492 596.84109126217663 172.92876543290913 31.154256623238325 203.02442065998912 338.98901643976569 9569.4856746438891 52.426790628582239 541.93096507154405 74.13816187158227 495.9654950723052 175.41386342607439 1396.2219891082495
leaf_count=3816 101582 8145 12064 25311 34443 4333 2340 1613 39005 1674 16441 18968 10012 8494 35701 2580 13507 89674 15445 5566 959 5988 10128 323530 1559 13967 1468 11004 5448 40816
internal_value=0.000653491 0.0226859 -0.0103772 0.0158767 -0.00162702 0.0534229 0.0210342 0.0587435 0.00423265 0.0619865 0.00490721 -0.0167338 0.06448 -0.017649 -0.00653635 0.0251367 0.0013378 0.0259223 0.0071987 -0.00379903 -0.0181221 -0.00872038 -0.00944647 -0.0185776 0.0135712 -0.00096453 0.0122914 0.0135603 0.00303299 -0.00105774
internal_weight=29469.7 9664.63 19805.1 8540.62 8617.71 1124.01 5621.64 921.88 2918.98 834.191 3670.91 11187.4 764.753 10256.3 4946.8 4004.21 3033.15 3869.36 1617.43 931.1 9987.91 3775.31 3572.29 9600.64 637.765 2019.51 899.474 825.336 348.343 2551.9
internal_count=865581 230387 635194 208939 260165 21448 135350 17115 73589 15502 106766 375029 13828 345047 153399 94594 88766 92014 40756 29982 336553 117698 111710 324489 18000 52972 20617 19149 11014 75259
is_linear=0
shrinkage=0.03


Tree=11
num_leaves=31
num_cat=0
split_feature=11 37 27 11 67 37 74 18 65 42 8 74 51 61 73 20 51 74 51 34 42 59 18 4 68 72 44 18 44 68
split_gain=8024.99 1841.06 1229.49 574.283 357.134 344.816 324.94 399.144 361.426 234.622 203.623 170.592 130.432 101.075 68.4721 63.3917 58.5969 45.5023 44.8739 40.3711 36.1467 33.7831 32.9055 31.381 25.7002 23.8871 23.6543 19.4875 16.1383 15.9894
threshold=-0.013551344629377125 0.045545894652605064 0.099417626857757582 -0.0085106189362704737 0.24340887367725375 0.041828196495771415 -0.53440165519714344 -0.38374306261539454 0.0042212110711261639 0.012967076152563097 -1.2781990766525266 -0.12577185779809949 0.82329514622688305 0.0061522945761680612 1.0850303173065188 0.38955637812614446 0.037742983549833305 -0.82742062211036671 0.051205737516283996 0.072118580341339125 0.0095803169533610361 1.3000000119209292 -0.55927780270576466 -0.048306023702025407 1.591891944408417 -0.27761350572109217 0.1353641748428345 -0.65356725454330433 0.73703703284263622 -1.5343990325927732
decision_type=10 8 8 10 2 8 2 10 2 2 10 2 2 2 2 10 2 2 2 8 2 2 8 10 2 2 2 10 2 2
left_child=2 3 5 9 16 20 7 8 28 18 23 -8 -10 22 17 19 -3 -11 21 27 -1 -2 -12 24 -6 -16 -7 -5 -4 -9
right_child=1 4 6 15 10 26 11 29 12 14 13 -13 -14 -15 25 -17 -18 -19 -20 -21 -22 -23 -24 -25 -26 -27 -28 -29 -30 -31
leaf_value=-0.0023883571822052286 0.0014636272199729339 0 -0.0012315453178538354 0 0.012637916682041016 0 0.00039014649045403498 0 0.066113782456051373 0.0034910174937707078 0.0020545606904257062 0.023107291946817828 0.0013303494296261469 0.0083216917511355903 -0.00034540616699247679 -8.5725204247646028e-05 0.029508743821400459 -0.0050466332822015798 0.0013854672643164605 0 0.0046080968659778171 -0.011676857404620482 -0.0052291929518372693 0.00017971602185150936 -2.384346346368437e-05 0.0075948061511321779 0.01896179006730837 -0.019676698348489036 0.0064598946155379096 0.011543149827245039
leaf_weight=611.75810457020998 32.862452486529946 50.398553941398859 109.27266430482268 49.607268687337637 1214.4137519970536 63.165541734546423 416.4526990596205 69.045389588922262 788.49487053602934 325.14121808297932 347.22303633391857 1166.947406809777 59.654097855091095 248.89188336580992 344.20158509351313 192.35093516856432 138.99061113223433 1625.088649822399 110.42045783810318 99.893147017806768 1263.672553030774 4364.7711230963469 2252.2214538678527 317.33788501471281 104.2269274611026 536.65943541936576 3375.2360246106982 8651.0783637985587 71.630078919231892 411.39021159335971
leaf_count=17876 1024 1383 1851 1537 31229 1538 9565 1708 13898 9732 9259 26446 1192 6166 10253 6042 3076 49016 3179 3153 34597 139880 63832 9310 2787 15736 81120 298941 1132 8910
internal_value=0.000583261 -0.00933376 0.0245294 -0.0139997 0.00669036 0.0135851 0.0387418 0.049624 0.0583199 -0.00699591 0.00314585 0.018804 0.0639631 -0.00173793 0 -0.0190143 0.0270298 -0.00307888 -0.0108984 -0.019369 0.00217725 -0.011378 -0.00398498 0.0102057 0.0117408 0.00527326 0.0186649 -0.019575 0.00388062 0.0104491
internal_weight=29412.5 21005.8 8406.72 16332.1 4673.7 5313.83 3092.89 1509.49 1029.05 7339.14 4484.31 1583.4 848.149 2848.34 2831.09 8992.93 189.389 1950.23 4508.05 8800.58 1875.43 4397.63 2599.44 1635.98 1318.64 880.861 3438.4 8700.69 180.903 480.436
internal_count=865368 665535 199833 538493 127042 135131 64702 28691 18073 228820 122583 36011 15090 79257 84737 309673 4459 58748 144083 303631 52473 140904 73091 43326 34016 25989 82658 300478 2983 10618
is_linear=0
shrinkage=0.03


Tree=12
num_leaves=31
num_cat=0
split_feature=24 4 43 8 67 70 55 64 18 56 55 41 61 61 55 9 43 69 24 65 55 17 39 23 65 73 19 69 57 74
split_gain=6522.56 1671.55 1221.28 587.972 479.652 430.769 459.438 431.68 225.907 209.385 191.738 183.29 167.573 116.581 141.455 92.5039 78.5781 73.4268 70.6051 68.0862 67.8702 48.5892 47.0975 42.0592 35.4256 29.6488 29.2104 29.0551 39.8879 28.7303
threshold=-5.4999999999999991 -0.049219403415918343 0.007056490285322071 -1.1448835134506223 0.24340887367725375 0.96244424581527721 0.01476452359929681 -2.3588857650756831 -0.54063272476196278 3.9482336044311528 0.0028997600311413412 1.0815931558609011 0.0054120752029120931 0.011437317822128536 0.0022145491093397145 -0.46405796706676478 0.0044955224730074414 -0.018147548660635945 -1.0000000180025095e-35 0.0056885278318077334 0.0026815459132194523 0.28852531313896185 0.019036769866943363 -1.1404777765274046 0.011968924198299648 1.2067390680313113 -0.2418829947710037 0.004769885679706932 0.24349156767129901 -0.14509269595146176
decision_type=2 10 2 10 2 2 2 2 10 2 2 8 2 2 2 8 2 2 2 2 2 10 8 10 2 2 10 2 2 2
left_child=2 3 13 11 16 6 -4 -8 -6 -9 21 20 22 14 23 -12 -3 -16 29 -19 -2 -5 -10 -1 -7 -14 -22 -15 -29 -13
right_child=1 4 5 10 8 24 7 9 12 -11 15 18 25 27 17 -17 -18 19 -20 -21 26 -23 -24 -25 -26 -27 -28 28 -30 -31
leaf_value=0.0080746078516751203 -0.0035814806435032986 -0.0023333474471612992 0.011746439101215063 -0.010002165620662314 -0.00081561471017016615 0.0061670746465512438 0 0.064733498137254625 -0.016796684437801468 0.00052413073404334785 -0.0040734266089569428 0.0052253501171752462 -0.0037295876435293018 -0.0041239613813064766 -0.00032724118215503816 0.0051419456013166364 0.017761816182373352 -0.00035688891924208602 0.00054189454625185312 0.022362880510762514 0.0078762828195448956 0.0013581261104538844 0 -0.00095368811020815495 -0.004041520903966778 0.004515285903213929 -0.00057828495313945005 -0.0028720550006928473 0.0082748683176156936 0.017700964997927875
leaf_weight=632.72947463206947 888.37829252704978 68.916311385110021 579.94039864838123 2683.0418011806905 1089.2543042618781 89.764068689197302 113.89723571576178 996.2614434119314 10775.308225575835 65.378052311018109 1248.2130696177483 875.78878261521459 383.49174281209707 211.33979800716043 103.11981106735766 1729.3901413548738 112.50264285132289 81.23893379047513 423.80164062604308 1967.3977146726102 689.17405522800982 204.96016818098724 135.5914913713932 538.0002013258636 131.19577639549971 206.04633426293731 350.09106304310262 126.61642776802182 154.10080516524613 1683.5760020408779
leaf_count=15603 26006 2203 14199 82434 33371 1340 2213 14809 367945 1701 36041 22740 11972 5203 2627 48162 2936 1983 12651 47839 17967 5692 4180 14515 2529 6034 9721 3280 3530 43376
internal_value=0.00058158 -0.00653271 0.0277777 0.00212882 -0.0136689 0.0451213 0.0490601 0.0582908 -0.014588 0.0624053 -0.00412179 0.00934115 -0.0157791 0.0145344 0.0163061 0.00116235 0.0135771 0.0204292 0.0134765 0.021451 0.00136026 -0.00902594 -0.016585 0.00470239 0.00109039 0 0.00557063 8.00189e-05 0.00424343 0.0150817
internal_weight=29338.5 23547.5 5790.98 10776.4 12771.1 1976.44 1755.48 1175.54 12589.7 1061.64 5865.61 4910.81 11500.4 3814.54 3322.49 2977.6 181.419 2151.76 2983.17 2048.64 1927.64 2888 10910.9 1170.73 220.96 589.538 1039.27 492.057 280.717 2559.36
internal_count=864802 733431 131371 304790 428641 36791 32922 18723 423502 16510 172329 132461 390131 94580 82567 84203 5139 52449 78767 49822 53694 88126 372125 30118 3869 18006 27688 12013 6810 66116
is_linear=0
shrinkage=0.03


Tree=13
num_leaves=31
num_cat=0
split_feature=11 43 11 41 71 70 70 67 43 41 11 71 53 20 16 61 42 59 42 41 71 67 64 41 23 43 66 18 53 43
split_gain=7206.67 1600.25 1252.25 574.636 569.327 330.636 397.456 265.771 247.544 201.903 191.875 183.504 131.172 83.4138 73.8214 68.8439 67.5211 67.3906 61.2567 56.0799 54.3574 45.3624 39.7493 38.993 38.5704 29.5391 29.024 25.7788 25.0653 25.0594
threshold=-0.013551344629377125 0.007056490285322071 -0.0082586887292563898 1.0362151861190798 0.038190448656678207 0.96244424581527721 -3.0576537847518916 0.24340887367725375 0.0085973180830478686 2.0638477802276616 -0.016560327261686322 0.010585257317870857 0.01535470597445965 0.3976335227489472 -0.19792752712965009 0.011437317822128536 0.012210481334477665 2.5000000000000004 0.0095803169533610361 2.0209283828735356 0.022581209428608421 0.35912095010280615 -1.1574330925941465 0.69746801257133495 -0.62974664568901051 0.0034127274993807082 0.15406268090009692 -0.56350198388099659 0.024183413013815883 0.0044955224730074414
decision_type=10 2 10 10 2 2 2 2 2 8 10 2 2 10 8 2 2 2 2 10 2 2 2 10 10 2 2 10 2 2
left_child=1 10 3 11 -3 6 -6 29 12 13 15 16 19 28 -13 21 27 -10 -12 -5 -19 -1 -23 -16 -14 -20 -7 -2 -9 -4
right_child=2 4 7 8 5 26 -8 9 17 -11 18 14 24 -15 23 -17 -18 20 25 -21 -22 22 -24 -25 -26 -27 -28 -29 -30 -31
leaf_value=0.00060506861520183788 -0.00062053614949974362 0.012030762316554464 -0.0013909710056107662 -0.0045167557926017107 0.0014410605801447739 0.0072111825148741069 0.059759353917187362 -0.019414352268663719 -0.00087725905117010377 -0.00063475217563484893 -0.00036505995477727709 0.0069616606446814677 0.010130375887882343 0 -0.0056506570381962187 0.0014694388216969884 -0.0033971775386172098 0.00055103393689006274 0.0099317962073330428 0.0039746900539867295 0.025228294163247903 0.00048609182533950867 0.02095774536607346 0.0011200720513874034 -0.00024967329978450511 0.00088167590216596775 -0.0025817192416743343 -0.013652809942040012 -0.0014209942601993448 0.009823172949613183
leaf_weight=176.11956325918436 244.79664503596723 882.80020691454411 44.802818136289716 1738.8572483304888 150.23933583125472 134.30082490295172 1203.7275451794267 8165.756224449724 61.970216974616051 666.81775824539363 892.79961800016463 399.77188257873058 1091.9724954199046 190.14096539840102 1278.1759558208287 339.24154054000974 1518.5275341756642 143.4106119684875 1604.4509199894965 539.20948150008917 278.70627755299211 143.88267896696925 2424.0870655924082 991.59134516119957 305.12763798609376 598.13426609523594 81.555006824433804 2750.8277750611305 189.76374331116676 77.441174816340208
leaf_count=4180 7519 21638 1484 52986 3538 2068 17950 289164 1744 20436 24337 10310 29489 5854 38593 8150 46285 3921 40709 15121 6490 3451 57192 28897 8789 14898 1661 90823 5724 1982
internal_value=0.000628343 0.0229055 -0.00897773 -0.00205728 0.041678 0.0512717 0.0555839 -0.0168244 0.00632106 -0.0175421 0.0128465 -0.00704293 0.00230995 -0.0187203 -0.00047744 0.0178989 -0.010431 0.0198224 0.00594115 -0.00204525 0.0220145 0.019298 0.0201747 -0.00291619 0.00823692 0.00820295 0.00387319 -0.0129147 -0.0191429 0.0074159
internal_weight=29309 8631.34 20677.7 11342.9 2452.62 1569.82 1353.97 9334.72 4159.25 9212.48 6178.72 7183.69 3675.17 8545.66 2669.54 3083.33 4514.15 484.087 3095.38 2278.07 422.117 2744.09 2567.97 2269.77 1397.1 2202.59 215.856 2995.62 8355.52 122.244
internal_count=865383 199772 665611 340967 46855 25217 21488 324644 118540 321178 152917 222427 106385 300742 77800 72973 144627 12155 79944 68107 10411 64823 60643 67490 38278 55607 3729 98342 294888 3466
is_linear=0
shrinkage=0.03


Tree=14
num_leaves=31
num_cat=0
split_feature=11 71 11 51 42 11 49 49 43 67 34 8 53 52 66 48 49 71 34 65 42 17 56 60 53 71 63 56 24 47
split_gain=6815.51 1552.94 1004.06 458.34 330.126 312.975 260.07 294.157 278.993 253.297 221.508 144.864 126.39 109.705 108.542 102.883 99.2482 86.8048 82.6865 76.8867 74.6843 66.0701 48.7213 45.7341 40.3033 36.0845 35.0677 34.9446 34.1813 29.5412
threshold=-0.012880001682788132 0.10904159396886827 -0.0082586887292563898 0.037742983549833305 0.011951002757996322 -0.016415082849562165 0.87257531285285961 0.048681849613785751 0.007056490285322071 0.24340887367725375 0.063741803169250502 -0.8827533721923827 0.011566559784114363 0.8687269687652589 0.15406268090009692 -0.0099622933194041235 0.96284538507461559 0.038190448656678207 0.052617967128753669 0.033607510849833495 0.084431350231170668 -0.40015965700149531 3.9482336044311528 -1.4528114795684812 0.021265507675707344 0.0095456205308437365 0.013369071297347547 2.298236727714539 -1.4999999999999998 -0.023245609365403649
decision_type=10 2 10 2 2 10 2 2 2 2 8 8 2 2 2 2 2 2 10 2 2 10 2 2 2 2 2 2 2 2
left_child=1 5 3 4 18 15 7 27 -9 -4 21 28 25 -5 -10 -1 -8 -15 23 20 -17 -11 -19 -2 -23 -7 -13 -3 -6 -29
right_child=2 6 9 13 11 12 16 8 14 10 -12 26 -14 17 -16 19 -18 22 -20 -21 -22 24 -24 -25 -26 -27 -28 29 -30 -31
leaf_value=-0.0019014534296018233 0.00024413523027421059 -0.0025841873861894458 0.00718047989139208 -0.0014933950903161159 0.0082449899082375662 -0.0029501520769702758 -0.0045056656525872523 0.00057508035505160883 0.062964276034182101 0 0.0020649392438514685 0.0019433797199254819 0.010163283161882466 0.0008122275317260202 0.005258145501423595 0.022079209127640293 0.012823556302713146 0.025531648770146884 0.001009667526729428 0.0014352177094111881 -0.00062544173965903944 -0.019069728450152597 -6.4842623892846253e-05 -0.011425132204000646 -0.0024921990650997312 0.0042209068989532521 -0.0059914291978095842 0.011303097096718347 0.00078636993590920114 -0.0009425382764087051
leaf_weight=85.502771720290184 246.64433841407299 65.581007827073336 121.35612833499908 198.47483064234257 1287.2006960697472 1046.2411147300154 157.8993915617466 98.906156986951828 723.88088750839233 201.83846694789827 381.89475924521685 330.22222815640271 2894.9101307578385 267.00250503979623 142.05322344601154 3378.5494123604149 171.77965639531612 234.00847181305289 454.61164705082774 292.59727436304092 80.438445743173361 8142.5182789247483 45.387596890330315 4441.0715339519083 342.15665500983596 567.49367915280163 1552.4988485109061 96.509668823331594 1109.8554947469383 93.591141100972891
leaf_count=1372 7947 1190 3430 5121 34769 29473 3631 2350 9183 6067 11163 9985 72344 7635 2519 77256 3175 5071 13134 7048 1970 293315 1258 144517 10826 14787 47330 1439 33483 2412
internal_value=0.000666225 0.0203442 -0.00963778 -0.00285966 -0.00491719 0.0135369 0.0446068 0.0498701 0.0555564 -0.0165712 -0.017279 0.00117525 0.00687762 0.0144472 0.0591074 0.0195976 0.00644867 0.018471 -0.00969569 0.0203241 0.0214631 -0.0182282 0.0236145 -0.010789 -0.0186105 0 -0.00435803 0.00545383 0.00562688 0.00852473
internal_weight=29252.7 9895.93 19356.7 10167 9422.1 8345.73 1550.2 1220.52 964.84 9189.76 9068.41 4279.78 4508.64 744.873 865.934 3837.09 329.679 546.399 5142.33 3751.59 3458.99 8686.51 279.396 4687.72 8484.67 1613.73 1882.72 255.682 2397.06 190.101
internal_count=865200 230149 635051 310250 291165 204250 25899 19093 14052 324801 321371 125567 116604 19085 11702 87646 6806 13964 165598 86274 79226 310208 6329 152464 304141 44260 57315 5041 68252 3851
is_linear=0
shrinkage=0.03


Tree=15
num_leaves=31
num_cat=0
split_feature=7 16 37 37 11 11 73 71 51 69 11 71 64 8 53 8 57 71 71 18 17 52 8 18 11 46 41 44 73 52
split_gain=6590.24 1525.31 1271.68 745.078 254.991 240.594 220.518 209.877 177.229 166.026 119.705 116.613 104.828 80.9325 76.3859 72.644 55.9394 52.7686 51.168 49.5379 46.7568 42.6726 42.3926 37.0296 32.2922 31.6574 31.0509 26.1154 23.1214 17.82
threshold=-0.033731872215867036 -0.23447291553020475 0.033854136243462569 0.048381226137280471 -0.010222020559012888 -0.0085106189362704737 1.08650279045105 0.30872301757335668 0.0017237729043699803 -0.019718507304787632 -0.012603884097188709 0.010446998756378891 1.2883231043815615 -0.67082136869430531 0.011325605679303409 -1.7031949758529661 0.20975620299577716 0.0076816137880086907 0.0084852976724505442 -0.55536764860153187 -0.36331897974014277 1.2176866531372073 -0.76227915287017811 -0.52736529707908619 -0.014420848339796065 0.0007548594439867885 0.81853637099266063 0.34131994843482977 0.72806319594383251 0.98168104887008678
decision_type=10 10 8 8 10 10 2 2 2 2 10 2 2 10 2 10 2 2 2 10 10 2 10 8 10 2 10 2 2 2
left_child=1 6 5 10 14 19 8 13 -1 25 18 -10 -13 16 17 -11 -5 -4 29 -2 -7 24 -16 -17 -21 -6 -12 -19 -20 -3
right_child=2 3 4 7 9 20 -8 -9 11 15 26 12 -14 -15 22 23 -18 27 28 21 -22 -23 -24 -25 -26 -27 -28 -29 -30 -31
leaf_value=0.00018592477785498902 0.00057603002966015459 -0.0019474580527540498 -0.0039345607244726912 0 -0.001184777716413625 -0.0013554783241330165 0.00093582807554230428 -0.0034273032909966652 0.0011640291580853311 0.0020541637865568946 -0.0057501339965601323 0.055126083637615002 0.0022598084336149901 0.0038079657181964476 0.010377130977221479 0 0.023185028555659761 -0.00083061515990260281 -0.00049838736063379744 -0.00021573414451254733 -0.019755585197044831 0 3.8704883803356943e-05 -0.0097270743029626607 -0.011055093324851393 0.011728465194723888 0.0013340654039389306 0.0073937330521204013 0.010893542637409012 0.003435592437672795
leaf_weight=80.679448988288641 363.9844448082149 512.76104825362563 868.34910492040217 78.1644879989326 67.978527443483472 240.36544086225331 126.3243200480938 165.20825481414795 76.126383434981108 427.83094433508813 880.85316187143326 918.69487067870796 92.047444932162762 485.38878558948636 1621.8825373258442 352.44034154899418 4496.7550586983562 323.78491501882672 76.57694349437952 345.67846275866032 6747.4878421854228 346.54105606861413 504.30971440300345 2598.1912935134023 3515.2745652962476 131.74538283795118 578.34055484831333 400.79879209771752 1082.4011786133051 705.82103392109275
leaf_count=1931 11449 13132 26170 2001 2044 7650 2289 3202 1830 12681 25847 13983 1597 10712 43339 11058 96433 9446 1707 10371 253435 11074 14215 84960 118788 3622 16093 11486 25226 17607
internal_value=0.000837412 0.0195424 -0.00965937 0.0135684 0.000173217 -0.0156413 0.0457723 0.0204568 0.0487084 -0.00514922 0.00284072 0.0509277 0.0528515 0.0215286 0.00536843 -0.00715127 0.0227892 0 0.00654061 -0.00864476 -0.0192955 -0.00948262 0.00851344 -0.00867721 -0.0102894 0.00919859 -0.00316534 0.00463506 0.0100367 0.00108834
internal_weight=29212.8 10356.1 18856.6 9062.27 7297.31 11559.3 1293.87 5225.52 1167.55 3578.19 3836.75 1086.87 1010.74 5060.31 3719.13 3378.46 4574.92 1592.93 2377.56 4571.48 6987.85 4207.49 2126.19 2950.63 3860.95 199.724 1459.19 724.584 1158.98 1218.58
internal_count=865378 233590 631788 211960 219021 412767 21630 112348 19341 114365 99612 17410 15580 109146 104656 108699 98434 47102 57672 151682 261085 140233 57554 96018 129159 5666 41940 20932 26933 30739
is_linear=0
shrinkage=0.03


Tree=16
num_leaves=31
num_cat=0
split_feature=7 24 37 37 67 59 7 65 71 42 71 53 37 19 37 8 8 18 16 62 8 73 74 54 67 20 16 24 59 44
split_gain=6149.08 1443.37 1164.9 444.328 429.403 256.294 244.946 213.731 187.58 170.35 133.321 130.207 119.327 73.4527 69.2127 64.297 58.7167 57.775 57.2261 46.7708 44.5258 37.9828 37.1778 34.3817 32.7845 29.3625 28.0015 27.933 27.252 26.3341
threshold=-0.033928973600268357 -10.499999999999998 0.033854136243462569 0.052137056365609176 0.65717908740043651 9.4000000953674334 -0.022879121825098988 0.0042212110711261639 0.0096849845722317713 0.013401472941040994 0.30872301757335668 0.027021207846701149 0.048381226137280471 -0.68675893545150746 0.026475309394299987 -0.81623855233192433 -0.77652880549430836 -0.56350198388099659 -0.18982808291912076 -0.52490234374999989 -1.1796436309814451 1.1009337902069094 1.1870188117027285 -0.41742493212223047 0.24340887367725375 0.32562297582626348 0.12929907441139224 -5.4999999999999991 2.6999999284744267 0.42153549194335943
decision_type=10 2 8 8 2 2 10 2 2 2 2 2 10 10 10 10 10 10 10 2 10 2 2 2 2 10 10 2 2 2
left_child=1 4 9 11 5 7 12 -1 -9 18 16 13 21 -3 23 28 -5 -15 -2 -13 -8 -4 -6 -11 -22 -25 27 -20 -14 -21
right_child=2 3 6 10 22 -7 20 8 -10 14 -12 19 15 17 -16 -17 -18 -19 26 29 24 -23 -24 25 -26 -27 -28 -29 -30 -31
leaf_value=0.0030264679404280181 -0.00083129282068030504 0.0059391954638790328 -0.0029350551460830508 0.020384349336292535 -0.0037969522905716615 0.001868086625892234 -0.00013463785316768966 0.0099929150130933318 0.050829505476494903 0.0014964282586227558 -0.003105498821090436 -0.0014496008261254394 0.00024320919597354488 0.0045431561089865364 -0.0003899023433729198 0 0.0043072003906937427 -0.0043696438590748342 -0.00049676898427589318 0.01593542139683856 0.00178100769050327 0.003956833528121745 0.0063094387621752809 -0.011463547954201863 -0.0097231549453016004 0.00016134751463229061 0 -0.018512390117022683 0.011643052213594775 0
leaf_weight=205.01638987660408 263.9492626581341 900.56722395122051 1858.8366802558303 3083.9478371813893 220.16303829289973 210.31615547090769 773.19132763706148 432.93744668923318 1438.8862213417888 58.324414847418666 105.79624796658754 63.17178663611412 293.29221492633224 396.21660227701068 1053.4350551106036 685.46629960648715 604.269870005548 2139.0862493701279 141.09311520680785 393.73402178660035 45.822506286203861 529.35682931542397 95.902277816087008 1927.2080557234585 1731.9962602388114 142.86959005519748 80.844346130266786 7753.4652611743659 1453.1231155432761 103.47631376609206
leaf_count=3042 9098 22490 55872 65463 5404 4553 24336 9378 22956 2010 2125 1503 8280 9732 34564 19554 13063 56581 4716 9486 1288 15319 2137 68419 58011 4709 2719 287215 38558 2530
internal_value=0.000716427 0.0187333 -0.00945993 0.0109176 0.036498 0.040269 -4.132e-05 0.0429243 0.0456085 -0.0152567 0.0176831 0.00317562 0.00381125 0.000218002 -0.00738514 0.00788792 0.0186506 -0.00235898 -0.0176658 0.0123733 -0.00685063 -0.000883016 0.00088888 -0.0100004 -0.00896908 -0.0106692 -0.0181056 -0.0182749 0.0103424 0.0142766
internal_weight=29185.8 10393.5 18792.3 7790.27 2603.22 2287.16 7371.09 2076.84 1871.82 11421.2 3794.01 3996.25 4820.08 3435.87 3181.84 2431.88 3688.22 2535.3 8239.35 560.382 2551.01 2388.19 316.065 2128.4 1777.82 2070.08 7975.4 7894.56 1746.42 497.21
internal_count=865111 230443 634668 182973 47470 39929 221218 35376 32334 413450 80651 102322 137583 88803 109702 66392 78526 66313 303748 13519 83635 71191 7541 75138 59299 73128 294650 291931 46838 12016
is_linear=0
shrinkage=0.03


Tree=17
num_leaves=31
num_cat=0
split_feature=7 24 11 67 41 67 73 41 11 65 55 41 71 71 73 71 60 20 53 71 42 11 43 53 42 74 55 47 52 69
split_gain=5876.16 1345.86 1085.76 365.285 308.793 279.575 264.278 244.638 178.97 178.458 272.823 149.822 107.432 103.715 102.491 92.4185 87.4839 73.4048 43.1687 41.0536 44.0274 40.2 39.8592 35.0073 32.931 32.4764 31.5911 27.1115 27.0439 24.3509
threshold=-0.033928973600268357 -12.499999999999998 -0.0093956310302019102 0.67101830244064342 0.82247650623321544 0.24340887367725375 1.0850303173065188 0.85455429553985607 -0.014722168445587156 0.0042212110711261639 0.27248167991638189 1.8082444667816164 0.011197660118341448 0.0055532555561512717 1.0488090515136721 0.011806692928075792 -0.15610387176275251 0.38955637812614446 0.024183413013815883 0.0060254158452153215 0.005680742673575879 -0.014420848339796065 0.0044955224730074414 0.014085256960242988 0.012643621303141119 1.4064419865608218 0.21083009243011477 0.014885994605720045 1.0083764195442202 -0.0036577372811734672
decision_type=10 2 10 2 8 2 2 10 10 2 2 8 2 2 2 2 2 10 2 2 2 10 2 2 2 2 2 2 2 2
left_child=1 3 7 6 8 22 9 15 19 -1 -11 17 14 28 -9 21 -8 18 -7 -3 -21 -2 -4 -16 -10 -5 -15 -17 -6 -29
right_child=2 4 5 25 13 11 16 12 24 10 -12 -13 -14 26 23 27 -18 -19 -20 20 -22 -23 -24 -25 -26 -27 -28 29 -30 -31
leaf_value=0.0039165457194756731 0 0.00035093990399692862 -0.0020858803565595801 -0.0034974119426677257 0 -0.017998653618041375 -0.0024487397003195321 -0.0042280100570027644 -0.0049254037752243258 0.05410040806896374 0.00223119160677468 -0.0030081550188051131 0.010223335910909898 0.019927815912429519 -8.9428407246732171e-05 -0.0025271597034491559 0.013856005460579369 -0.00020661026963383214 -0.00057070238062342359 -0.00045210583366488431 0.012856984308852085 -0.009886016203757661 0.011302079899829716 0.0083495608789034455 0.0015345387491909662 0.0061034858044434611 0 0.0066730839167350601 0.0083306202220270274 -0.0014580687224305441
leaf_weight=187.39492116495967 488.36182531155646 454.93973469361663 56.891850747168064 187.65194223821163 488.78995147719979 9076.7096756268293 249.13483512401581 1516.5813666190952 1014.3471696618944 1062.1737275738269 157.06709435209632 1018.3174399528652 1150.924781344831 2985.0407537873834 558.37449457868934 624.2945687379688 204.16815270856023 268.38413104601204 199.56961951591074 168.25515491515398 1340.087984804064 2240.400938604027 89.229447500780225 765.63923777639866 900.12731931917369 84.77085592597723 47.949406340718269 366.88570141233504 1003.977836901322 216.08542110212147
leaf_count=2685 14198 10961 1912 4611 11651 341188 4409 45837 27131 16759 2427 33160 31911 64576 17143 18898 3898 8697 6356 3715 28117 74193 2332 21273 23237 1871 935 10997 23706 6548
internal_value=0.000642099 0.0180749 -0.00941229 0.0373654 0.0113228 -0.0154245 0.0411854 -0.000821628 0.00419867 0.046822 0.0501851 -0.0161252 0.00412438 0.0163423 0.000403149 -0.00580452 0.00799591 -0.0172754 -0.0177028 0.00961765 0.01148 -0.00847026 0.00804479 0.0055772 -0.00207508 0.00111874 0.0195878 0.000761116 0.00633742 0.00410048
internal_weight=29172.5 10535.9 18636.7 2132.36 8403.52 10709.1 1859.94 7927.55 3877.76 1406.64 1219.24 10563 3991.52 4525.76 2840.6 3936.03 453.303 9544.66 9276.28 1963.28 1508.34 2728.76 146.121 1324.01 1914.47 272.423 3032.99 1207.27 1492.77 582.971
internal_count=865332 230689 634643 36660 194029 393645 30178 240998 93161 21871 19186 389401 116164 100868 84253 124834 8307 356241 347544 42793 31832 88391 4244 38416 50368 6482 65511 36443 35357 17545
is_linear=0
shrinkage=0.03


Tree=18
num_leaves=31
num_cat=0
split_feature=11 7 37 67 11 37 8 57 44 65 68 18 55 52 61 7 24 41 17 71 71 51 48 16 34 52 56 73 72 18
split_gain=5643.38 1461.44 1339.84 413.945 316.118 240.399 207.861 184.917 212.164 174.45 177.909 89.5638 84.9474 72.615 55.3938 54.0459 51.8006 50.698 46.2453 39.3633 39.7072 38.1542 35.2361 26.247 25.2996 21.1368 19.941 18.3175 21.4358 17.5061
threshold=-0.012880001682788132 -0.050697209313511842 0.039968054741621024 0.24340887367725375 -0.0082586887292563898 0.047644618898630149 -1.0817214250564573 0.20975620299577716 0.097973871976137175 0.0042212110711261639 -1.5563655495643614 -0.50866270065307606 0.0028997600311413412 1.047876298427582 0.0048790709115564832 -0.027188427746295925 -4.4999999999999991 0.54552048444747936 -0.39110727608203882 0.18864688277244571 0.0060254158452153215 0.037742983549833305 0.051611851900815971 0.12078017741441728 0.10264492034912111 1.1079234480857851 -0.28582330048084253 1.2529957294464114 -0.39367447793483729 -0.56350198388099659
decision_type=10 10 8 2 10 8 10 2 2 2 2 10 2 2 2 10 2 10 10 2 2 2 2 10 8 2 2 2 2 8
left_child=1 7 4 21 11 12 15 -1 -9 26 -11 -2 27 19 23 -5 -8 -14 -6 20 -7 -4 -15 -13 -20 -16 -10 28 -3 -18
right_child=2 5 3 6 18 13 16 8 9 10 -12 14 17 22 25 -17 29 -19 24 -21 -22 -23 -24 -25 -26 -27 -28 -29 -30 -31
leaf_value=0 0.00028035370962505599 0.0015411370577306733 0 0.0087385422139815826 -0.00017731375480167878 0.00028555380025068654 0.0014812732985303729 -0.0021659941133121067 -0.0022006845448172673 0 0.039630740869021581 -0.010690031652881894 0 0.020519364226239407 -0.0033553735943615097 0 7.452762785351694e-06 0.0097063845957394181 -0.018765009434449136 -0.0018253704295380481 0.010588992036075972 0.026828523611918887 0 0.00012826311925361359 0.00012542391713077285 0.0035805861290718038 0.0056355039680742337 0.00329970553755075 -0.0043048233653500767 -0.0074679463628147145
leaf_weight=127.70714242756367 947.47901251167059 446.33605101332068 55.943820886313915 1553.5880831591785 167.15778966806829 504.41314542293549 643.28359797038138 61.607574660331011 125.00830878689885 111.92289163172245 2582.3557196334004 4288.6214572824538 617.31168370693922 1413.5821504220366 368.08168156258762 949.71198491752148 227.10658143647015 1156.158143075183 6993.4695898201317 131.23281979188323 1662.4437787663192 148.82773435488343 48.605289332568645 141.46988523565233 25.909484235569835 221.54337173514068 88.878855407238007 119.82140059396625 1180.7131966352463 1994.1543972790241
leaf_count=2961 29802 12150 1537 38128 5218 11818 16329 1437 1953 2477 44644 147871 15912 30475 11329 29003 6577 29414 272013 2485 36158 3029 1172 4517 828 6418 1277 3141 32968 61520
internal_value=0.000830986 0.0180951 -0.00894291 0.00315507 -0.0140181 0.00951273 0.000238113 0.0340587 0.0353646 0.0364488 0.038281 -0.00779807 0.00308719 0.0143895 -0.0092645 0.00600156 -0.00485274 0.00696866 -0.0183005 0.00787419 0.00880621 0.0247772 0.0198608 -0.0103057 -0.0186517 -2.67892e-05 0.00230174 -0.00139372 -0.00257481 -0.00673246
internal_weight=29104.4 10378.1 18726.3 5572.62 13153.7 7280.62 5367.84 3097.48 2969.77 2908.17 2694.28 5967.2 3520.34 3760.28 5019.72 2503.3 2864.54 1773.47 7186.54 2298.09 2166.86 204.772 1462.19 4430.09 7019.38 589.625 213.887 1746.87 1627.05 2221.26
internal_count=864561 230442 634119 156123 477996 175693 151557 54749 51788 50351 47121 199937 93585 82108 170135 67131 84426 45326 278059 50461 47976 4566 31647 152388 272841 17747 3230 48259 45118 68097
is_linear=0
shrinkage=0.03


Tree=19
num_leaves=31
num_cat=0
split_feature=7 16 37 37 11 67 55 73 37 64 11 8 19 11 47 42 55 65 20 20 27 43 43 18 41 73 16 56 41 55
split_gain=5279.31 1473.56 1034.93 598.815 290.367 223.714 214.63 185.017 172.422 140.989 135.421 89.9167 79.3096 77.5199 71.4595 65.9534 60.9827 48.9707 48.63 40.9084 35.0702 33.9807 31.6513 26.31 22.5353 19.5009 18.3406 18.1587 16.9826 13.8872
threshold=-0.033162992447614663 -0.2504261434078216 0.02977757062762976 0.042415423318743713 -0.011307656299322842 0.24340887367725375 0.18150694668293002 1.1489086747169497 0.062662702053785338 1.2883231043815615 -0.0089312940835952741 -1.5482757091522215 -0.58213844895362843 -0.012328334152698515 0.074507597833871855 0.0097039570100605505 0.0040150943677872428 0.0042212110711261639 0.38955637812614446 0.38221350312232977 0.098118476569652571 0.0076136393472552308 0.0044955224730074414 -0.59068530797958363 1.0191883444786074 1.0488090515136721 0.12078017741441728 -0.31560471653938288 0.61833688616752636 0.0028997600311413412
decision_type=10 10 8 8 10 2 2 2 8 2 10 10 10 10 2 2 2 2 10 10 10 2 2 10 10 2 10 2 8 2
left_child=1 7 10 13 15 22 8 9 12 16 23 -7 -5 20 -10 21 -1 -18 -13 -12 26 -4 -6 -2 -15 -25 -3 -8 -17 -27
right_child=2 3 4 6 5 11 27 -9 14 -11 19 18 -14 24 -16 28 17 -19 -20 -21 -22 -23 -24 25 -26 29 -28 -29 -30 -31
leaf_value=0.001405586048297394 0.00076555253996032609 -0.0017343190704793424 -0.0029636733307629084 0.013020474465981672 -0.00092434247697058627 0.0011001373336082157 0.001757778974030037 0 0.022296769703544269 0.0013389899213629246 -0.01914389047695016 -0.0094689405828339637 0.002351389459597261 -0.0060647308624393933 -2.9645741631177465e-05 0 0.0032084890001137468 0.050947835665898653 0.001391734013985369 0 0.0073703139964782982 0.0048454428921444609 0.013988891057244743 -0.010494878834797975 0.0010997062777325041 -0.0042730046840031592 0.0041192013133772697 -0.0059304678758737173 0.0087526740700775256 0.0011935538262714789
leaf_weight=69.01220372878015 136.1427137684077 1030.3250638190657 993.46655050292611 1459.4845297709107 44.202359821647406 807.19149118289351 86.786315362900496 93.889126630499959 3518.5280207525939 107.44164657965302 6178.370007853955 4259.1354990843683 1436.856660168618 985.7172271721065 104.25461315363646 264.12062473036349 105.12106004357338 860.96095876954496 222.80441148765385 130.95453210547566 721.39816087298095 249.8143056165427 108.40754784457386 1891.0935786813498 267.60314798355103 600.77069644071162 201.53807726874948 203.12320701777935 1676.3191941156983 281.63509175926447
leaf_count=1610 4305 26595 29679 30887 1352 24593 1700 1455 70006 1913 246873 145843 31907 29761 2334 7553 1525 11966 6976 4457 16666 6775 2663 65582 7606 20405 4934 3202 44736 9225
internal_value=0.000677258 0.0163738 -0.00938056 0.0112388 -0.00167448 -0.00572425 0.0159818 0.0425831 0.017089 0.0449261 -0.0161026 -0.00725842 0.00894131 0.000289068 0.0216558 0.00500354 0.0473452 0.0488237 -0.00878333 -0.0188158 0.00376552 -0.00028278 0.0118109 -0.00823486 -0.00448654 -0.00881775 0 -0.00359333 0.00787751 -0.0025106
internal_weight=29096.5 11252 17844.4 10015.6 8625.46 5441.74 6809.03 1236.42 6519.12 1142.54 9218.97 5289.13 2896.34 3206.58 3622.78 3183.72 1035.09 966.082 4481.94 6309.32 1953.26 1243.28 152.61 2909.64 1253.32 2773.5 1231.86 289.91 1940.44 882.406
internal_count=865084 244067 621017 225598 270170 181427 140036 18469 135134 17014 350847 177412 62794 85562 72340 88743 15101 13491 152819 251330 48195 36454 4015 99517 37367 95212 31529 4902 52289 29630
is_linear=0
shrinkage=0.03


Tree=20
num_leaves=31
num_cat=0
split_feature=11 7 37 11 67 55 41 67 73 42 64 68 1 41 66 35 73 63 51 17 17 53 44 16 52 55 18 65 55 44
split_gain=5088.94 1265.51 1206.5 380.583 287.918 237.32 184.793 161.772 188.417 161.603 160.409 142.15 94.7083 94.5464 50.2193 49.8028 46.9183 37.5674 36.9325 35.813 33.3634 33.2376 28.1348 24.334 23.4952 22.687 21.9906 21.7859 20.5699 17.0802
threshold=-0.012532981112599371 -0.054012982174754136 0.048758182674646385 -0.0082177524454891664 0.24340887367725375 0.0028047845698893075 0.59257933497428905 0.67101830244064342 1.1876025795936587 0.012210481334477665 -2.3588857650756831 0.99856227636337291 -0.11863338947296141 1.0491114854812624 1.6485781073570254 0.070732951164245619 1.08650279045105 0.015224027913063766 0.039562338963150985 -0.35767956078052515 0.19237650930881503 0.011325605679303409 0.11844342574477197 -0.20222463458776471 0.95889061689376842 1.0000000180025095e-35 -0.48210075497627253 0.020782500505447391 0.18150694668293002 0.29758481681346899
decision_type=10 10 8 10 2 2 8 2 2 2 2 2 10 10 2 8 2 2 2 10 10 2 2 10 2 2 8 2 2 2
left_child=1 7 3 9 -4 13 27 8 10 18 -1 -12 -6 20 22 19 17 -11 23 -5 26 -14 -8 -2 -15 -21 -3 29 -10 -7
right_child=2 5 4 15 12 6 14 -9 28 16 11 -13 21 24 -16 -17 -18 -19 -20 25 -22 -23 -24 -25 -26 -27 -28 -29 -30 -31
leaf_value=0 0 0.0015826930824677926 0.024070528323316475 -0.0022757335382785778 0.0087364538454438763 -0.00026949701239264219 0 0.0023042624045627276 0.0057171348653559185 0.0022108319819095111 0.043400976098320228 0.0092326907618362156 -0.0040455568194038621 0 0 -0.00067876317373936055 0.0033298623518305593 -0.0054069966685623512 0.00052520911392462582 0 0.003539001003507008 0.0018265952207918415 0.017318153332766543 -0.011458686400027963 0.0092486677765099331 -0.018506103125344175 -0.0047053675029666521 -0.0015290251227985934 -0.0022080754738296043 0.006561916430884814
leaf_weight=105.88466151431203 173.95429396629333 326.70774671807885 179.88370962068439 324.82622205279768 772.75906024686992 323.95380296185613 54.30881785787642 242.7602085955441 151.96062287315726 433.20371754281223 1570.066791921854 483.86549589037895 1178.4063265472651 353.92100062221289 140.10098129697144 232.21429335325956 924.4755379948765 1535.0007969569415 165.99734462425113 28.300613824278116 447.73520892858505 1285.9776326529682 3602.7028334774077 3711.0551924537867 1057.9149916078895 6879.7630221098661 1301.7109670173377 507.73651043511927 106.29895782470703 453.52594752050936
leaf_count=1739 5464 8680 3773 10664 18969 7781 1230 5478 2851 13769 24152 8469 35174 8625 3224 7987 27998 48755 5014 896 11043 33586 79415 130606 24748 275159 35662 12540 1222 10362
internal_value=0.000794105 0.0162191 -0.0090854 -0.0128149 0.00619264 0.00950574 0.0133985 0.0328232 0.0348645 -0.00691884 0.0373517 0.0388525 0.00203138 0.0027897 0.0164298 -0.0174828 -0.00106016 -0.00350056 -0.0104603 -0.0179048 -0.00124808 -0.00108887 0.0170267 -0.0110045 0.00765785 -0.018396 -0.00322741 0.00218128 0.00275446 0.00448923
internal_weight=29057 11231.2 17825.8 14408.8 3417.03 8570.32 5082.33 2660.84 2418.08 6943.69 2159.82 2053.93 3237.14 3487.99 3797.11 7465.1 2892.68 1968.2 4051.01 7232.89 2076.15 2464.38 3657.01 3885.01 1411.84 6908.06 1628.42 1285.22 258.26 777.48
internal_count=865035 247221 617814 526312 91502 203310 114552 43911 38433 231606 34360 32621 87729 88758 83869 294706 90522 62524 141084 286719 55385 68760 80645 136070 33373 276055 44342 30683 4073 18143
is_linear=0
shrinkage=0.03


Tree=21
num_leaves=31
num_cat=0
split_feature=11 7 37 11 67 52 74 64 68 55 74 42 69 37 8 57 47 55 57 68 8 55 53 53 51 51 74 53 67 46
split_gain=4982.83 1268.43 1123.53 341.585 267.109 239.057 214.052 208.04 264.825 191.885 137.682 122.995 119.664 115.512 100.347 92.5919 79.1485 75.2939 58.5747 52.7906 48.4939 48.4391 47.796 44.5361 44.218 43.0514 40.0719 32.5671 32.2443 28.5671
threshold=-0.012394940946251152 -0.050697209313511842 0.048381226137280471 -0.0082177524454891664 0.24340887367725375 1.0532488822937014 -0.54386582970619191 -2.3588857650756831 0.99856227636337291 0.0039273570291697988 -0.12577185779809949 0.012643621303141119 -0.0034807263873517509 0.032485948875546462 -1.2343705296516416 0.23914732038974765 0.006037789164111019 0.18150694668293002 0.333077222108841 1.591891944408417 -0.82365071773529042 0.32006327807903295 0.011325605679303409 0.021265507675707344 0.041580228134989745 0.0020314927678555255 -0.7084481120109557 0.011325605679303409 0.24340887367725375 1.0000000180025095e-35
decision_type=10 10 8 10 2 2 2 2 2 2 2 2 2 10 10 2 2 2 2 2 10 2 2 2 2 2 2 2 2 2
left_child=1 6 3 11 -4 12 7 -1 9 -9 -8 24 16 -7 -6 -12 29 -17 26 22 -13 -10 -15 28 -2 -18 -14 -16 -5 -3
right_child=2 5 4 23 14 13 10 8 21 -11 15 20 18 19 27 17 25 -19 -20 -21 -22 -23 -24 -25 -26 -27 -28 -29 -30 -31
leaf_value=0 -0.010720580160457743 0.0058886291072730518 0.022803671574206576 0 0.0068124793100324231 0.00029862458027201966 0 0.0033198084900603526 0.0096960427859214219 0.049649100297083651 -0.00070073268296818995 0.0017439442643636055 0.0076351650099470607 0.0032474290560037212 -0.0055690290493256023 0.02209863371383846 -0.00026279385136465628 -0.0011529549376792282 -0.004507966124909106 0 -0.0051888660711256786 -0.003083392854778968 0.020085041552755863 -0.0015874979479364119 0.0011254079315171353 0.013082848715036096 -0.00032793513358454106 0.00096638827313999412 -0.017979146246568916 -0.0016053101600212794
leaf_weight=114.37105847895145 3851.992309121415 169.28060187585652 180.196821693331 58.505270609632134 1326.1884483564645 483.46949075721204 453.28995747491717 179.4566823579371 330.10064695775509 1047.0896997712553 140.78621637076139 1517.2659168224782 432.91417096741498 445.82997929118574 900.48360517434776 983.66744987107813 175.8604721147567 58.455201935023069 1201.66056593135 141.77956481277943 1163.9119703378528 70.140476390719414 1794.1847874578089 302.88359531201422 159.20064806938171 1304.4976599458605 1190.8344773929566 977.30925190262496 6969.0799353923649 921.59345593489707
leaf_count=1927 136419 3995 3720 1975 33689 13680 8756 3535 5367 13142 3158 46278 10843 10895 27590 18343 4310 725 31307 3326 37869 1310 38853 10380 4811 30344 29234 25983 281885 21803
internal_value=0.000881272 0.0157145 -0.00918211 -0.012849 0.00563315 0.00840293 0.0301331 0.0381551 0.0402758 0.0459688 0.0145235 -0.00705328 0.00396613 0.0148395 0.00163856 0.0184764 0.00807149 0.0206489 -0.000331556 0.0171231 -0.00151385 0.00665458 0.0180475 -0.0173137 -0.0101113 0.0116799 0.00295161 -0.00255349 -0.0178012 0.000854277
internal_weight=29046.3 11639.3 17407 14022.8 3384.18 8261.91 3377.36 1741.16 1626.79 1226.55 1636.2 6692.37 5396.64 2865.26 3203.98 1182.91 2571.23 1042.12 2825.41 2381.79 2681.18 400.241 2240.01 7330.47 4011.19 1480.36 1623.75 1877.79 7027.59 1090.87
internal_count=865452 254853 610599 519617 90982 198590 56263 25281 23354 16677 30982 225377 131836 66754 87262 22226 60452 19068 71384 53074 84147 6677 49748 294240 141230 34654 40077 53573 283860 25798
is_linear=0
shrinkage=0.03


Tree=22
num_leaves=31
num_cat=0
split_feature=7 71 37 55 43 68 11 48 11 66 67 41 56 11 65 63 65 52 19 18 8 18 71 8 20 49 23 56 43 52
split_gain=4718.03 1307.41 837.691 502.951 543.267 582.797 368.701 263.552 225.982 203.595 170.712 167.163 162.961 111.764 103.312 89.4152 90.8869 71.1446 64.928 65.7883 61.8395 55.2619 39.6088 39.051 38.809 37.4635 36.8196 28.1213 24.1358 21.9737
threshold=-0.031903553754091256 0.10904159396886827 0.029272338375449184 0.18150694668293002 0.007056490285322071 -1.4895497560501096 -0.015252019744366406 -0.023343019187450405 -0.01061468757688999 0.15406268090009692 0.24340887367725375 1.0191883444786074 -0.37920556962490076 -0.009439804591238497 0.0056885278318077334 0.045761309564113624 0.033607510849833495 1.0440095067024233 -0.73044395446777333 -0.54755485057830799 -1.269292891025543 -0.55123251676559437 0.0096849845722317713 -0.72352516651153553 0.38955637812614446 0.96284538507461559 -0.87156018614768971 -0.28149710595607752 0.0044955224730074414 0.91651964187622081
decision_type=10 2 8 2 2 2 10 2 10 2 2 8 2 10 2 2 2 2 10 10 10 10 2 10 10 2 10 2 2 2
left_child=1 6 13 4 25 -6 14 -5 17 -7 28 18 -9 -2 -1 16 -16 22 -8 -20 -12 -15 -4 27 -22 -3 -13 -19 -10 -24
right_child=2 3 8 7 5 9 11 12 10 -11 20 26 -14 21 15 -17 -18 23 19 -21 24 -23 29 -25 -26 -27 -28 -29 -30 -31
leaf_value=-0.0027087789295988786 -0.0070101915429269749 -0.0020620452142146471 -0.003498179403293188 0.020673749672354341 0 0.059200249134792396 0.0047663464517356518 0.009018608791943215 -0.00092685974277127009 0.0027908071513423958 -0.00075600334494325939 0.010779807353625341 -0.011126652496809303 -0.0016030322435394669 0.017476391580334188 -0.001220929666373107 0 0.00025781871284556702 0.0037336952076340241 -0.0057609175419899815 -0.010089202533663447 -0.018462964281979032 0.0055780719007558375 -0.0010399734284194195 0.00095079163484539878 0.0082366055296951447 0.0012572922748383577 0.011500959610017887 0.011553211731242753 -0.0011087406086334457
leaf_weight=117.65569011494517 2184.9859446007758 272.71151965111494 1121.589699016884 90.091245070099831 184.11931035108864 831.59360300377011 704.71097789518535 108.03132551163435 39.259847210720181 125.72588326968253 1126.8113316055387 1592.4069112706929 479.57424166053534 323.34449809603393 4166.7614672370255 167.63163813948631 268.75697378441691 331.67347666993737 468.00709752552211 1961.442973209545 3247.6524720042944 5964.637428637594 610.7261958476156 223.71635231748223 169.1202607806772 117.04197802022099 712.26211245730519 773.57806216180325 98.776486260816455 399.41025602258742
leaf_count=1959 74906 6210 33804 938 3478 9108 17771 1284 1200 2305 36289 36129 7615 11613 84011 4117 5656 9176 12164 55158 117184 250109 17200 6521 5425 2393 17402 20515 2362 11032
internal_value=0.00105091 0.0147674 -0.00927534 0.0336801 0.0414299 0.0491417 0.0092404 0.00576007 -0.00212345 0.0554971 -0.00617308 0.00334343 -0.00470371 -0.0156134 0.015006 0.0157386 0.0164991 0.00336684 -0.00116226 -0.00350439 -0.00761453 -0.0178221 -0.000180153 0.00771427 -0.00941454 0.0035841 0.00869262 0.00944512 0.00958875 0.00324375
internal_weight=28983.8 12368.5 16615.3 2208.89 1531.19 1141.44 10159.6 677.697 8142.31 957.319 4681.62 5438.83 587.606 8472.97 4720.81 4603.15 4435.52 3460.69 3134.16 2429.45 4543.58 6287.98 2131.73 1328.97 3416.77 389.753 2304.67 1105.25 138.036 1010.14
internal_count=865034 267698 597336 33331 23494 14891 234367 9837 260708 11413 162460 138624 8899 336628 95743 93784 89667 98248 85093 67322 158898 261722 62036 36212 122609 8603 53531 29691 3562 28232
is_linear=0
shrinkage=0.03


Tree=23
num_leaves=31
num_cat=0
split_feature=7 16 37 37 49 55 49 73 43 53 73 53 67 19 66 17 18 18 8 52 44 44 53 19 74 8 60 43 1 53
split_gain=4356.7 1484.85 725.205 547.842 208.975 196.383 193.512 234.301 185.582 175.775 143.425 132.617 168.651 124.815 117.28 96.8842 59.2494 58.4732 50.6251 47.8559 45.1939 32.7675 31.2116 30.3768 24.337 22.8604 23.041 21.7106 20.8116 17.5745
threshold=-0.02846108470112085 -0.2504261434078216 0.048381226137280471 0.030130406841635708 0.86465212702751171 0.18150694668293002 0.11457947269082071 1.1591198444366457 0.0067031101789325484 0.023126668296754364 0.71804314851760875 0.011325605679303409 0.24340887367725375 -0.50384649634361256 0.57809215784072887 0.11581310257315637 -0.55123251676559437 -0.55536764860153187 -0.74504369497299183 0.72914144396781932 0.39852941036224371 0.19876543432474139 0.028397936373949054 -0.15476269274950025 0.19703165441751483 -1.5816700458526609 -1.5154805183410642 0.0044955224730074414 -0.14837944507598874 0.087049212306737914
decision_type=10 10 8 8 2 2 2 2 2 2 2 2 2 10 2 10 10 10 10 2 2 2 2 10 2 10 2 2 8 2
left_child=1 4 9 16 6 8 19 14 13 15 -10 12 27 -4 -8 17 -2 -3 23 -1 21 -11 28 24 -13 -14 -27 -5 -18 -7
right_child=3 2 5 11 -6 29 7 -9 10 20 -12 18 25 -15 -16 -17 22 -19 -20 -21 -22 -23 -24 -25 -26 26 -28 -29 -30 -31
leaf_value=0.0099475914471397441 -0.0018859763523676144 0.0027913428630993607 0.013421929443177567 -0.00086126434494288094 0.0016331339781427172 -0.0061028978612086898 0.051148519505760132 0 -0.0018251295992766556 0 0.024670791282578073 0.00011118836379562148 -0.00035708938897710519 0.0025251420569897404 0.0010684873125984225 0.0047097191405652775 -0.00026158509401788213 -0.0054635393896927259 -0.0039159896279990112 -0.0024673603019283318 -0.00094013008978012871 0.012787887381955279 0 -0.0016053173277239153 0.0075956658737872784 0.00046391344910135749 -0.010307564171922617 0.01082650978582737 -0.016867883705028709 0.0017038791870790811
leaf_weight=121.68876337632537 450.91182235442102 574.53740929253399 3194.9237016830593 42.043843409046531 198.61092304997146 222.75923577323556 756.49125879071653 91.616032356396317 105.32756693661213 221.97193850018084 1916.0009474493563 686.31132323108613 358.09304846636951 1742.9619884248823 78.775447001680732 1012.3104180376977 121.64793637208641 3557.4204340372235 702.81385307759047 171.41162455268204 211.72977615892887 761.50352582335472 96.111280512064695 458.86815843172371 864.47994720190763 89.134823841974139 2690.2468144744635 81.452727504074574 7336.8917487654835 60.078032482415438
leaf_count=1418 15757 15906 65741 1269 3675 4035 10128 1459 1655 5010 35572 20479 11478 39377 1660 26711 4242 104474 23202 2596 5321 18096 3149 14946 25003 3120 95408 1993 302103 742
internal_value=0.000937112 0.0119846 0.00812271 -0.0109012 0.0370495 0.0142856 0.04049 0.045634 0.0152907 0.000508828 0.023083 -0.00352857 -0.00720253 0.0102166 0.0488188 -0.00202788 -0.0158362 -0.00407354 0.00122851 0.00533059 0.00898182 0.010917 -0.0164629 0.00356891 0.00526433 -0.00904935 -0.00985258 0.00886655 -0.0166682 -0.00403228
internal_weight=28979.1 15000.1 13581.5 13979 1418.59 7242.05 1219.98 926.883 6959.21 6339.47 2021.33 5973.44 3260.97 4937.89 835.267 5144.27 8005.56 4131.96 2712.47 293.1 1195.21 983.475 7554.65 2009.66 1550.79 3137.47 2779.38 123.497 7458.54 282.837
internal_count=865725 343576 322640 522149 20936 147122 17261 13247 142345 175518 37227 196898 113268 105118 11788 147091 325251 120380 83630 4014 28427 23106 309494 60428 45482 110006 98528 3262 306345 4777
is_linear=0
shrinkage=0.03


Tree=24
num_leaves=31
num_cat=0
split_feature=7 55 37 55 56 49 7 43 48 37 56 53 65 56 56 71 42 69 8 1 60 71 20 8 8 18 9 13 49 65
split_gain=4294.86 1373.3 575.263 451.105 475.876 583.096 422.878 305.64 262.906 180.737 153.606 132.523 125.67 142.194 188.677 142.148 117.658 106.043 82.4809 47.7199 36.3878 33.6523 33.2121 30.6609 30.5624 29.9776 26.9077 23.8702 23.4907 22.7899
threshold=-0.029495694674551483 0.05191656947135926 0.033060861751437194 0.18150694668293002 -0.33550544083118433 0.048681849613785751 -0.041388709098100655 0.0032688986975699667 -0.023343019187450405 0.030672800727188591 -0.37920556962490076 0.011325605679303409 0.0042212110711261639 -0.36882336437702173 -0.2944303005933761 0.0049246521666646012 0.013401472941040994 -0.019718507304787632 -0.99298197031021107 0.0035673081874847416 -1.2775667309761045 0.0044726869091391572 0.30890619754791265 -1.2259116172790525 -1.7031949758529661 -0.61339628696441639 -0.3833115547895431 -12.09368324279785 0.96284538507461559 0.017420139163732532
decision_type=10 2 8 2 2 2 10 2 2 10 2 2 2 2 2 2 2 2 10 10 2 2 10 10 10 10 8 10 2 2
left_child=1 6 16 4 28 -6 12 -7 -5 -8 -10 17 -1 15 -15 -14 25 -4 21 -13 -19 -11 23 -18 -22 -2 -20 -25 -3 -21
right_child=2 3 11 8 5 7 9 -9 10 18 -12 19 13 14 -16 -17 22 20 26 29 24 -23 -24 27 -26 -27 -28 -29 -30 -31
leaf_value=-0.0036584857524601445 -0.00019172766700808488 -0.0037957479861128493 0.0062918673634499572 0.020423498437412795 -0.00053351273181024466 -0.00045307023141757241 -0.0053824140962169999 0.054101528330639491 0.0085817517716854919 0.0011116177559947855 -0.011013441635829709 0.0051273596811349624 0.0014318322414577978 -0.0056809092253843523 0.011261135541355074 0.025840426163840045 0 0.00074110560877127573 -0.0019853384542103773 0.0030061575377672866 0 0.0096335997299587025 0.0013105815638382358 0 -0.0097913549218974771 -0.017244745761933383 0.0033828307490737335 -0.010088444855902238 0.0043992395570938442 -0.003803750716289021
leaf_weight=145.07398667745292 141.62213250249624 139.27333158440888 150.48899887874722 94.131704404950142 200.60615662485361 78.14678274653852 1548.8792656846344 995.33178992383182 109.16454739496112 762.98944336362183 479.15889995731413 1558.9416941683739 347.50829683989286 362.53768030740321 3217.817422663793 1170.3134367447346 441.43186265230179 255.89450768381357 1313.928363898769 169.77020158991218 257.75615349970758 2182.4738504067063 209.50043807551265 211.83907293900847 2248.9679537937045 6512.5131994504482 1045.140229575336 1577.9656976424158 116.49398178607225 894.62656743451953
leaf_count=2604 4804 3272 4193 948 3871 1892 49117 11969 1277 19076 7692 44568 7609 8030 66214 21721 15939 8487 34753 5195 7967 50807 7331 7319 77837 272098 26081 62555 2009 28103
internal_value=0.000962895 0.012442 -0.0102837 0.0320125 0.0393869 0.0449043 0.00771042 0.0510574 0.00556303 0.00242658 -0.00482964 -0.00228971 0.0137521 0.0145837 0.00898619 0.0221403 -0.0147457 -0.00626622 0.00502565 0.00232622 -0.00790165 0.00799481 -0.00674372 -0.0077113 -0.00886024 -0.0169625 0.000463678 -0.00910927 0 -0.00191216
internal_weight=28940.3 14309 14631.3 2212.31 1529.85 1274.08 12096.7 1073.48 682.455 6853.41 588.323 5536.45 5243.25 5098.18 3580.36 1517.82 9094.87 2913.11 5304.53 2623.34 2762.62 2945.46 2440.74 2231.24 2506.72 6654.14 2359.07 1789.8 255.767 1064.4
internal_count=865338 318942 546396 32930 23013 17732 286012 13861 9917 179834 8969 176350 106178 103574 74244 29330 370046 98484 130717 77866 94291 69883 93144 85813 85804 276902 60834 69874 5281 33298
is_linear=0
shrinkage=0.03


Tree=25
num_leaves=31
num_cat=0
split_feature=37 4 43 55 55 72 73 16 42 16 37 17 65 37 71 55 65 73 3 57 74 62 58 48 48 55 62 48 54 69
split_gain=3753.46 914.298 881.098 574.038 691.928 716.816 621.408 461.207 315.551 208.736 137.875 105.05 104.789 83.7697 63.519 105.542 63.7084 63.2169 55.9283 43.6903 38.4764 36.9785 31.5188 30.6712 28.0513 26.8076 26.6017 26.4095 26.2594 26.1898
threshold=0.048381226137280471 -0.040628740563988679 0.007056490285322071 0.01476452359929681 0.18150694668293002 2.5812101364135747 0.71804314851760875 -0.20655945688486096 0.012643621303141119 0.094581425189971938 0.030130406841635708 -0.33726815879344935 0.013508850242942573 0.031396750360727317 0.024033700115978721 0.0021347984438762073 0.023228501901030544 0.99824771285057079 -0.0078435451723635179 0.27312158048152929 -0.57518425583839405 -0.84817710518836964 -0.62284108996391285 0.051611851900815971 0.037026826292276389 1.0000000180025095e-35 1.290630638599396 0.035860389471054084 0.11808194592595102 -0.018147548660635945
decision_type=8 10 2 2 2 2 2 10 2 8 10 10 2 10 2 2 2 2 10 2 2 2 2 2 2 2 2 2 2 2
left_child=1 7 9 17 5 6 -5 20 13 14 -10 -3 -6 -9 15 -2 -17 -4 -13 -11 22 -15 -1 -21 -19 -20 -12 -14 -16 -27
right_child=2 11 3 4 12 -7 -8 8 10 19 26 18 27 21 28 16 -18 24 25 23 -22 -23 -24 -25 -26 29 -28 -29 -30 -31
leaf_value=0.00019422965338096346 -0.0011571792825547812 -0.0009545107321942745 0 -0.0023840095564946016 0.010174866829664866 0 0.053765435844401389 -0.011120341990870058 -0.0034536008705752194 0.0016713034487517329 0.0071833606663144443 0.0010218744853599041 -0.0081105001314152204 0.0017864414246841532 -0.0055267346224925898 0.01142758205794021 0.00021511366981143636 0.012544229993178007 0.00044940316171742864 0.016303309648737344 0.0016665501567381658 -0.0048240530902379109 0.02262950193000815 -4.8979175678723156e-05 -0.00073944804260743491 0 0 0.0016957756280294931 0.0015884120216710788 -0.016189101521641599
leaf_weight=99.891557389870286 1423.7673894744366 588.25636367313564 681.7688224799931 140.32325272262096 145.01403334364295 302.68031813390553 1251.6125568915159 2781.7906443160027 1800.7353383246809 411.80665921978652 2421.3746242951602 86.668915055692196 277.76854458451271 714.60670806281269 523.20766893401742 1362.3739341199398 703.40626877918839 716.20560991764069 27.171118786558509 1853.7635051868856 261.00188029929996 1952.5845255237073 259.09677771106362 66.758081989362836 55.053238689899445 79.980578692629933 481.77791005186737 86.553193844854832 451.33105511032045 6917.0018386114389
leaf_count=1966 36595 19909 16155 1987 2111 6758 15455 104849 58768 8265 62723 2572 3642 21321 11610 32370 16416 15630 856 38379 6813 59172 4055 1568 1321 2524 12792 1338 10540 287204
internal_value=0.00101389 -0.00706593 0.0149897 0.026112 0.0346236 0.0419531 0.0488123 -0.00123003 -0.00312861 0.00758476 0.00240734 -0.0146222 0.00123795 -0.00775867 0.0030562 0.00484144 0.00851254 0.00748919 -0.0155765 0.0140769 0.0171097 -0.0029558 0.0204828 0.0157183 0.0114421 -0.0158754 0.00610414 -0.00580042 -0.00260684 -0.0160046
internal_weight=28925.3 18471.9 10453.4 3656.98 2203.95 1694.62 1391.94 10772.9 10152.9 6796.41 4703.89 7699.08 509.336 5448.98 4464.09 3489.55 2065.78 1453.03 7110.82 2332.33 619.99 2667.19 358.988 1920.52 771.259 7024.15 2903.15 364.322 974.539 6996.98
internal_count=865664 645524 220140 64397 31291 24200 17442 332459 319625 155743 134283 313065 7091 185342 107531 85381 48786 33106 293156 48212 12834 80493 6021 39947 16951 290584 75515 4980 22150 289728
is_linear=0
shrinkage=0.03


Tree=26
num_leaves=31
num_cat=0
split_feature=11 24 37 67 67 37 60 65 55 42 11 53 55 74 52 1 60 69 42 4 58 20 74 24 43 73 68 39 16 44
split_gain=3860.26 1111.71 881.19 360.755 265.805 229.715 178.965 158.788 255.246 155.778 130.208 127.384 73.5339 70.8451 169.233 68.3119 64.3615 58.4329 53.5594 40.2318 39.6213 37.9369 35.4655 33.441 31.7004 27.0813 24.6124 22.6183 22.444 20.057
threshold=-0.011769616510719059 -10.499999999999998 0.03703566454350949 0.24340887367725375 0.66589400172233593 0.062662702053785338 0.74340707063674938 0.0042212110711261639 0.18150694668293002 0.012794546317309143 -0.0082586887292563898 0.011325605679303409 0.21083009243011477 -0.80145967006683339 0.99361073970794689 1.0000000180025095e-35 -1.2775667309761045 -0.010832953266799448 0.012643621303141119 -0.085269588977098451 -0.030205145478248593 0.38955637812614446 1.4064419865608218 -4.4999999999999991 0.18988425284624103 1.1061795949935915 1.591891944408417 0.017871797084808353 -0.20222463458776471 0.3394541740417481
decision_type=10 2 8 2 2 8 2 2 2 2 10 2 2 2 2 10 2 2 2 10 2 10 2 2 2 2 2 10 10 2
left_child=1 4 10 -4 6 9 7 -1 -9 16 18 19 24 17 -15 -13 20 -11 28 -5 -3 27 -6 -18 26 -20 -7 -12 -2 -17
right_child=2 5 3 11 22 12 -8 8 -10 13 21 15 -14 14 -16 29 23 -19 25 -21 -22 -23 -24 -25 -26 -27 -28 -29 -30 -31
leaf_value=0.0015733117438459778 3.9023539505832257e-05 -0.0017466430839423704 0.020847283355404506 0.00076803346271124031 -0.0040882699719642515 0.01513844154337054 0.002149013189932937 0.038635408060715262 0.004981841140200163 -0.0013099773511843315 -0.017550027453464293 0.0060478093228101297 -0.0024750867432051095 -0.0040490147188319957 0.008848244783345104 0.00089581230625607037 0.0014946764606550385 0.01693748443996352 -0.0045892327099341101 -0.0078036065859886667 0.009830493075188752 0 0.0057394173087447885 -0.004299106114462806 -0.00011496356675650223 0.0018694656588437901 0.00029683986226317869 0 -0.011164433703745431 -0.0049990357740587075
leaf_weight=212.8616665750742 110.34447701089084 158.74164640158415 215.63515536300838 436.11174730211496 224.55962618626654 2819.6718944031745 291.59987093694508 1750.5519910920411 426.34822330996394 72.665413983166218 5955.1224854402244 1476.2633029539138 80.215263284742832 1074.6011922489852 1882.0777823589742 656.77962926402688 931.22792345285416 508.0816165022552 1170.3947538267821 1937.9215965159237 229.18905832245946 131.6512926183641 102.76978294923902 2247.0003481861204 87.705764345824718 480.42078829370439 167.39482529647648 40.190017655491829 2470.1905619185418 530.15988860093057
leaf_count=2903 3594 4336 4319 11393 5140 54671 5708 25200 5580 1495 262144 39179 1544 26070 45269 18718 21521 11780 40046 65234 5861 4533 2016 64098 1722 15302 3534 1591 95674 15159
internal_value=0.00084038 0.0125013 -0.00913149 0.000826013 0.0272996 0.0070662 0.0299522 0.0322821 0.034318 0.00356057 -0.0140142 -0.00178195 0.0133103 0.00761025 0.00416632 0.00247803 -0.000824543 0.014827 -0.00817307 -0.00626493 0.00643936 -0.0170819 0.000238541 -0.00254754 0.0140947 -0.0025725 0.0145546 -0.0174059 -0.0106594 -0.00226063
internal_weight=28878.4 13267.3 15611.2 5252.87 3008.69 10258.6 2681.36 2389.76 2176.9 7103.58 10358.3 5037.24 3154.99 3537.43 2956.68 2663.2 3566.16 580.747 4231.35 2374.03 387.931 6126.96 327.329 3178.23 3074.77 1650.82 2987.07 5995.31 2580.54 1186.94
internal_count=865334 288448 576886 154002 46547 241901 39391 33683 30780 180430 422884 149683 61471 84614 71339 73056 95816 13275 154616 76627 10197 268268 7156 85619 59927 55348 58205 263735 99268 33877
is_linear=0
shrinkage=0.03


Tree=27
num_leaves=31
num_cat=0
split_feature=11 16 37 37 11 74 69 49 49 53 53 71 54 73 17 18 18 53 71 65 50 44 24 51 74 44 2 53 49 17
split_gain=3789.27 1024.16 917.239 318.42 285.037 222.308 186.379 174.434 129.377 116.45 115.117 100.086 83.5433 80.4382 74.2216 68.6043 64.12 63.8779 58.9893 58.95 46.6057 45.2328 35.5523 34.0024 33.0833 33.9372 22.2242 21.1564 18.5233 18.1201
threshold=-0.012265378143638371 -0.20222463458776471 0.048758182674646385 0.061944099143147476 -0.0074840986635535947 -0.53440165519714344 -0.026119482703506943 0.85787397623062145 0.11457947269082071 0.021265507675707344 0.023126668296754364 0.30872301757335668 0.19827234745025638 0.83086112141609203 0.095505114644765868 -0.52392193675041188 -0.47455230355262751 0.011325605679303409 0.0047395729925483474 0.010540201794356109 0.014379888772964479 0.41523785889148718 -4.4999999999999991 0.003449019393883646 -1.1935694217681883 0.11844342574477197 -0.003106296062469482 0.027021207846701149 0.92974135279655468 -0.40015965700149531
decision_type=10 10 8 8 10 2 2 2 2 2 2 2 2 2 10 10 10 2 2 2 2 2 2 2 2 2 10 2 2 10
left_child=1 5 4 10 9 7 13 8 19 15 14 24 -7 -4 16 -2 -3 -8 -12 -1 -17 -20 -6 -16 -5 -26 -19 29 -9 -24
right_child=2 3 6 11 22 12 17 28 -10 -11 18 -13 -14 -15 23 20 -18 26 21 -21 -22 -23 27 -25 25 -27 -28 -29 -30 -31
leaf_value=0.010375548582005994 -0.0003224976954363463 0.0045390630544311552 -0.0014740055130344539 0.0020870787159081054 0 -0.0015199802661984177 -0.002631804041762074 -0.0021210842681780302 0.046290508551372095 0.0023698373100562806 0 -0.002633456647282071 0.013615319840813052 0.022404853315283871 0 -0.010115742168679718 -0.003092436743651992 0.0074652201202391709 0.015080089761472799 -0.0036240589542821874 0.000414627396967618 -0.0001206927332859806 -0.0002620400301627067 0.008456601712410361 0 0.017290678014010238 0.00055855279590423263 0 0.0055457661794461738 -0.017808063379850914
leaf_weight=192.67249720357358 936.70233272388577 923.35274206288159 57.929034098982811 351.10528931953013 103.43312741816044 401.23047501966357 1383.1558053083718 87.352985579520464 771.37595297582448 758.91353920288384 328.64244668185711 110.83697984740138 187.18101883307099 157.2263656668365 651.61263490654528 5623.9552132040262 2730.3929525259882 802.87245235219598 832.19199677370489 85.235619474202394 304.2515278775245 149.32547962293029 103.80549225583673 1057.2345430050045 108.64226355776191 3324.0292854979634 899.26225477829576 95.497506860643625 122.88612731546164 5203.482823446393
leaf_count=2103 30855 23224 1295 6557 3852 7722 40644 1560 8725 22345 7671 2058 3182 2567 16140 211267 71780 18967 16250 1157 10508 3133 3383 24894 1984 61290 23450 3203 1871 231197
internal_value=0.000978195 0.0132105 -0.00836429 0.00869258 -0.011839 0.0315654 0.00511897 0.0375824 0.0412568 -0.00723733 0.00412468 0.0150909 0.00706198 0.0190206 0.00167626 -0.00842892 -0.000777394 0.00154846 0.0107494 0.0061266 -0.00953841 0.0133047 -0.0170275 0.00604674 0.0159269 0.0168209 0.00490787 -0.0173332 0.0026872 -0.0175686
internal_weight=28845.8 12415.3 16430.5 10567.4 13130 1847.93 3300.45 1259.52 1049.28 7623.82 6672.75 3894.61 588.411 215.155 5362.59 6864.91 3653.75 3085.29 1310.16 277.908 5928.21 981.517 5506.22 1708.85 3783.78 3432.67 1702.13 5402.79 210.239 5307.29
internal_count=864834 261301 603533 234981 516610 26320 86923 15416 11985 274975 163092 71889 10904 3862 136038 252630 95004 83061 27054 3260 221775 19383 241635 41034 69831 63274 42417 237783 3431 234580
is_linear=0
shrinkage=0.03


Tree=28
num_leaves=31
num_cat=0
split_feature=7 16 11 11 41 49 49 73 71 41 41 19 69 55 55 41 17 17 56 73 20 53 56 8 60 42 49 11 71 56
split_gain=3568.28 1231.42 496.696 471.932 339.532 175.633 177.617 163.958 145.381 122.989 110.579 89.813 75.9093 71.2513 87.7023 67.232 53.0235 52.7561 43.8641 76.4131 41.5691 37.0215 35.8637 35.3778 28.7386 27.4406 26.8103 20.7191 20.5313 20.5178
threshold=-0.02817587740719318 -0.24198340624570844 -0.016004529781639572 -0.0087983817793428881 1.0135362744331362 0.86465212702751171 0.11457947269082071 1.1591198444366457 0.010585257317870857 1.042589068412781 0.54177969694137584 -0.56051942706108082 -0.019718507304787632 0.18150694668293002 0.0022338088601827626 1.752827048301697 -0.35767956078052515 -0.28891186416149134 -0.13084658980369565 1.0386103391647341 0.34523987770080572 0.011325605679303409 -0.18788040429353711 -1.5327383875846861 -1.4528114795684812 0.010777194984257223 0.060668891295790679 -0.014420848339796065 0.0053360958117991695 -0.25531600415706629
decision_type=10 10 10 10 8 2 2 2 2 10 8 10 2 2 2 8 10 8 2 2 8 2 2 10 2 2 2 10 2 2
left_child=1 5 10 9 11 6 26 8 -8 17 22 25 -5 14 -12 16 -14 -2 23 -20 -13 28 -3 -6 -19 -4 -1 -26 -11 -23
right_child=3 2 4 12 18 -7 7 -9 -10 21 13 20 15 -15 -16 -17 -18 24 19 -21 -22 29 -24 -25 27 -27 -28 -29 -30 -31
leaf_value=0.0072776222565851655 0.0014217979847696229 0.0059549430967394904 -0.0015856216441681975 0.0015203126356356639 0.0076075887009889615 0.001534244159683175 0.0015456390059904184 0 0.044700204943554228 -0.0045021698287613489 0.0053052634447018346 -0.0066358922379145136 -0.00094758503277924441 -0.00047617191714089617 0.019081101442521741 -0.0034443002812136539 -0.016963407896119009 0.0012453037530334875 0.0023219812570089856 0.017225192212308411 0.0010735233995154403 -0.00015598620467651358 -0.0024421047865115513 0.00046014087984520521 -6.7954499098481097e-05 0.0047282727584078681 -0.0021224959589391801 -0.0089765876847307403 0.0018005776529225889 0.006848913209371167
leaf_weight=236.64959185943007 461.49329904839396 435.75478333048522 621.72827771864831 124.56630351953208 932.13069125823677 226.36162025295198 128.16374293714762 100.54965828359127 886.34738762676716 469.87025557458401 1107.7613752577454 2815.021335227415 295.1356151457876 170.74746093899012 3026.641754662618 766.19343559257686 6374.0121651832014 125.21123215556145 727.16268376633525 722.10619407705963 542.92960487306118 387.9966109264642 436.67096061818302 1399.0913161635399 336.3221769426018 1034.3851563893259 90.101079776883125 2619.2703823950142 421.23779855296016 775.29834651574492
leaf_count=3098 15515 8705 17564 3766 21833 4159 2967 1632 10349 16279 23006 83206 10402 2557 53794 27737 285340 4448 16838 15039 15110 11371 8960 34371 9840 24964 1280 95173 13519 21856
internal_value=0.00096044 0.0105037 0.00692742 -0.0103316 0.00227738 0.0318142 0.0347944 0.0392899 0.0417567 -0.00323511 0.0138769 -0.00273884 -0.0150215 0.0157128 0.0164254 -0.0154147 -0.016412 -0.0063359 0.00854327 0.0124151 -0.00533405 0.00218765 0.00217492 0.00426279 -0.00761803 0.00240078 0.00460667 -0.00820619 -0.00173082 0.00498763
internal_weight=28796.9 15640.3 13972.1 13156.6 8794.56 1668.17 1441.81 1115.06 1014.51 5596.7 5177.58 5014.06 7559.91 4305.15 4134.4 7435.34 6669.15 3542.3 3780.49 1449.27 3357.95 2054.4 872.426 2331.22 3080.8 1656.11 326.751 2955.59 891.108 1163.29
internal_count=864678 349432 325947 515246 228925 23485 19326 14948 13316 188001 97022 140844 327245 79357 76800 323479 295742 124976 88081 31877 98316 63025 17665 56204 109461 42528 4378 105013 29798 33227
is_linear=0
shrinkage=0.03


Tree=29
num_leaves=31
num_cat=0
split_feature=7 55 37 55 57 72 16 68 48 18 37 53 67 72 65 71 45 73 55 58 65 17 70 18 62 64 53 43 53 24
split_gain=3363.82 1218.1 451.426 354.992 402.028 419.807 352.196 268.389 265.196 226.896 184.123 169.368 151.183 127.922 102.707 91.7521 57.4251 55.8707 55.4951 40.3742 39.7354 38.0101 33.3323 27.8775 28.0351 27.7185 27.0838 24.4127 23.6821 19.2235
threshold=-0.02846108470112085 0.05191656947135926 0.02695508394390345 0.18150694668293002 0.44773073494434362 -0.38881509006023401 0.12929907441139224 -1.4160828590393064 -0.023343019187450405 -0.55536764860153187 0.0348569042980671 0.011325605679303409 0.24340887367725375 -0.42614851891994471 0.0093713700771331804 0.01001398963853717 11.500000000000002 1.0488090515136721 0.002912446623668075 -0.52209231257438649 0.017468046396970752 -0.34202830493450159 1.4889116883277895 -0.085040949285030351 -1.3364152312278745 -1.2113111615180967 0.027021207846701149 0.0044955224730074414 0.028397936373949054 -5.4999999999999991
decision_type=10 2 8 2 2 2 8 2 2 10 8 2 2 2 2 2 2 2 2 2 2 10 2 8 2 2 2 2 2 2
left_child=1 6 21 4 5 -3 9 -7 -5 14 26 12 27 -10 -1 -12 22 20 -16 -19 -13 -2 -8 24 -14 -21 -11 -4 29 -23
right_child=2 3 11 8 -6 7 16 -9 13 10 15 17 23 -15 18 -17 -18 19 -20 25 -22 28 -24 -25 -26 -27 -28 -29 -30 -31
leaf_value=-0.0022122800461600632 -0.0014636228825365065 -2.3336231414329562e-06 -0.0012957082034133701 0.019800360228330684 -0.002138677422767645 0.00072036821406199305 0.016997776822133104 0.04652209785133183 0.0072031390565602867 -0.0058691751323288648 3.4111464260418174e-05 0.0034430292340253375 0.00050023956693884513 -0.010824161512459195 0.001972257143680435 0.0070527191563081321 0 -0.0012938402220402899 0.017771271412502055 -0.00092476881493613178 -0.0048731768933744776 0 0 0 -0.010626307430826419 0.0083487884360359706 0.0013341099620539512 0.0098270261473036493 0 -0.016392771017041334
leaf_weight=211.94155306555331 321.52829469740391 215.60337043367326 48.003990912809968 98.612475447356701 177.24367581866682 155.36101427301764 2216.3107481431216 1141.0123097058386 115.18371308967471 2330.0842275898904 3184.471385512501 285.09204373694956 115.3450576942414 477.40895408391953 446.52021459676325 3268.6387083176523 198.48141182400286 555.58436935953796 928.93342662975192 180.73263296484947 1227.8631130773574 73.097345907241106 74.072255423292518 258.89389569312334 3272.2960760220885 903.26378260925412 292.06214504502714 91.019959492608905 73.3303612023592 5855.6621213518083
leaf_count=4447 11659 4662 1525 935 3277 2910 43422 12673 1284 74215 74681 9229 4273 7659 11248 68998 3862 17289 19715 5887 40109 2773 1504 9176 123953 28463 7415 2160 2486 263507
internal_value=0.000955543 0.0102888 -0.00993031 0.0281451 0.0342886 0.0381783 0.00612237 0.0429284 0.00478873 0.00335377 0.00119592 -0.00412384 -0.00802152 -0.00535275 0.0123052 0.00388385 0.0153378 0.000931733 0.0146955 0.00426265 -0.00269111 -0.0154881 0.016447 -0.0095199 -0.0101547 0.00680938 -0.0048856 0.00750819 -0.0160229 -0.0162165
internal_weight=28793.7 15531.9 13261.7 2380.43 1689.22 1511.98 13151.5 1296.37 691.205 10662.7 9075.26 6938.09 3785.56 592.593 1587.4 6453.11 2488.86 3152.54 1375.45 1639.58 1512.96 6323.62 2290.38 3646.54 3387.64 1084 2622.15 139.024 6002.09 5928.76
internal_count=865396 342907 522489 33400 23522 20245 309507 15583 9878 260719 225309 242064 141087 8943 35410 143679 48788 100977 30963 51639 49338 280425 44926 137402 128226 34350 81630 3685 268766 266280
is_linear=0
shrinkage=0.03


Tree=30
num_leaves=31
num_cat=0
split_feature=7 53 67 67 7 7 71 61 51 55 41 41 46 9 73 9 8 17 56 52 55 54 34 74 49 71 46 62 67 16
split_gain=3256.54 1220.34 656.253 494.368 377.865 317.691 316.202 256.087 247.19 210.931 160.876 149.644 74.6007 65.1169 62.3532 43.2646 39.8553 38.0203 34.7568 33.3769 31.6548 27.9142 27.4801 25.7598 23.8666 23.3413 23.1906 20.7857 14.7694 14.0525
threshold=-0.02817587740719318 0.072124548256397261 0.24340887367725375 0.65717908740043651 -0.019589108414947983 -0.042482079938054078 0.30872301757335668 0.014111662749201061 0.037742983549833305 0.18150694668293002 0.77698147296905529 1.042589068412781 0.0046920836903154859 -0.46405796706676478 1.0715442299842837 -0.37191453576087946 -0.99298197031021107 -0.34202830493450159 1.4088402390480044 1.2090774178504946 0.00272955175023526 -0.14226647466421125 0.055419504642486579 0.21992833167314532 0.77043926715850841 0.011715142987668516 0.0055413253139704475 -1.1802505254745481 0.48341873288154608 0.06527950614690782
decision_type=10 2 2 2 10 10 2 2 2 2 8 10 2 10 2 10 8 10 2 2 2 2 10 2 2 2 2 2 2 10
left_child=1 2 8 6 11 7 19 9 -1 -4 13 15 17 -7 -12 27 23 -6 22 -3 -17 -14 -19 -13 -25 -18 -9 -2 -22 -29
right_child=4 3 5 -5 12 10 -8 26 -10 -11 14 16 21 -15 -16 20 25 18 -20 -21 28 -23 -24 24 -26 -27 -28 29 -30 -31
leaf_value=-0.0020834943554689234 0 0.05070085481933323 0.013612020471431736 -0.0032471156216209523 -0.00081055933158735748 -0.006827600406689574 0 0.0016392448062228927 0.037292736792961204 -0.0065309685974006574 0.0015612052704864932 -0.00015926924068771802 0.0040900728743550781 0.00057255052718732972 0.0084270971595958068 -0.0055552260881024653 -0.0049823399374695218 -0.017318491389407543 -0.001183061677673214 0.0034508793769098371 0.0033258996671160501 -0.0043753793161528534 0 0.0079810580012243462 -0.00092263777613354027 0.0020935377599938872 -0.0075697839466165812 -0.010934391948462362 -0.0020783717479914156 -0.00041317479898788869
leaf_weight=95.434615664184093 209.79538188502192 547.88355613872409 5181.5815785080194 155.84954772144556 237.89180401712656 1608.6808396801353 142.71937304362655 66.589241430163383 341.91136346198618 200.28478004224598 3209.7867891993374 757.26305986195803 66.849779510870576 1893.0040126871318 1906.8398986812681 712.25305398926139 651.91637101210654 5075.4162988793105 248.9425842538476 106.26496410556138 580.15625109709799 423.85149282775819 104.82083678990602 654.30505392886698 157.21076182834804 241.69611039757729 411.57929276302457 2294.4415640570223 282.62807372398674 223.78126933425665
leaf_count=2115 8070 5000 95588 3511 8664 48678 1581 863 4337 3516 79222 24187 2643 51746 45159 27402 22975 230446 10371 1888 20660 16700 3778 19678 4623 7647 6673 89719 10279 7694
internal_value=0.00103217 0.0100069 0.00715482 0.0366211 -0.00992777 0.00535038 0.0428955 0.0104548 0.0318523 0.0123199 0.00146379 -0.00446179 -0.015102 -0.00318044 0.00469577 -0.00756527 0.00122182 -0.0160241 -0.0165156 0.0481054 -0.002298 -0.00143711 -0.0170306 0.00377322 0.00633329 -0.00278877 -0.00579826 -0.00968643 0.00122242 -0.0103222
internal_weight=28791.6 15868.4 14915.7 952.717 12923.2 14478.3 796.868 5860.03 437.346 5381.87 8618.31 6765.45 6157.77 3501.68 5116.63 4303.06 2462.39 5667.07 5429.18 654.149 1575.04 490.701 5180.24 1568.78 811.516 893.612 478.169 2728.02 862.784 2518.22
internal_count=865413 349877 337897 11980 515536 331445 8469 106640 6452 99104 224805 242934 272602 100424 124381 163824 79110 253259 244595 6888 58341 19343 234224 48488 24301 30622 7536 105483 30939 97413
is_linear=0
shrinkage=0.03


Tree=31
num_leaves=31
num_cat=0
split_feature=11 53 37 68 52 60 74 71 69 11 47 37 8 8 58 42 71 62 53 61 16 8 20 0 50 42 64 20 48 19
split_gain=3096.35 947.069 739.021 342.157 303.424 353.271 340.817 210.039 187.653 161.778 135.547 131.462 116.935 114.233 103.979 89.7075 78.5025 53.7106 45.3445 40.0665 33.3464 31.5498 26.149 25.2387 22.7882 22.5837 21.3998 15.6807 15.5261 15.4698
threshold=-0.01165376231074333 0.072124548256397261 0.039968054741621024 -1.0706101059913633 0.72651216387748729 -0.81430447101593006 0.093084286898374571 0.041654884815216071 -0.026119482703506943 -0.0073579130694270125 0.0064522309694439181 0.038664015009999282 -0.8017895221710204 -1.2874878048896787 -0.89979621767997731 0.013353541027754547 0.0060254158452153215 1.8553273081779482 0.015797991305589679 0.0018820620607584717 -0.20222463458776471 -0.97841808199882496 0.38955637812614446 -0.096317708492279039 0.014379888772964479 0.012468365952372553 -0.41991648077964777 0.3748950064182282 0.012123495806008579 -0.32058598101139063
decision_type=10 2 8 2 2 2 2 2 2 10 2 8 10 10 2 2 2 2 2 2 10 10 10 10 2 2 2 10 2 10
left_child=1 4 9 -3 5 10 12 -5 -4 15 -1 25 16 29 -13 20 -6 -9 22 -14 -2 -17 -15 -11 -22 -8 -7 -25 -28 -10
right_child=2 3 8 7 6 26 11 17 13 23 -12 14 19 18 -16 21 -18 -19 -20 -21 24 -23 -24 27 -26 -27 28 -29 -30 -31
leaf_value=0.035215314417051891 0.00031959510908178537 -0.0037330044296212091 0.015927806156226292 0.00046065213110055552 -0.0017786547729765215 -0.0034033923118049793 -0.0017876938069162646 0.045192503852426173 0.0071770506412862055 0 0.0013918263373488898 0.00017044057556559451 0.0012252368118301836 -0.0068607909568022627 0.015959479219538102 0.0017979703870490899 0.0061840119478163676 0.0023399879485079588 0.0015667708820772369 -0.0059039989272123422 -0.011313928809709481 -0.0044680674366077274 0.0015084830107191742 -0.01743397456331083 0.00074343064062234641 0.0043313980011921889 -0.0012572129145433397 -0.00045796639777057432 0.0056083788738422553 0.00062534756278569777
leaf_weight=420.92314200103283 163.31427795626223 87.409188337624073 214.81608565896749 143.33176311478019 1232.7056140359491 170.94365570135415 479.98070643655956 600.98005058988929 752.21232309937477 45.311624268069863 190.41516507603228 473.4514473117888 771.66132494620979 1908.6528197806329 3158.5173403471708 809.58007668145001 3356.3826696760952 100.87375004589558 674.29069287888706 1529.3094818145037 3532.8751117028296 1192.3076805677265 141.21638438850641 4519.0061019212008 36.722608163952827 800.01323986984789 139.60078847780824 113.94467823207378 294.28286037780344 727.94817034527659
leaf_count=5705 5501 1235 3740 3086 31073 4177 14782 5408 18547 1655 2954 9942 21335 62275 61341 26956 69179 1657 18110 34493 145843 43635 4076 214369 1484 20804 2849 4163 5600 19918
internal_value=0.000976545 0.0109337 -0.00842045 0.0345985 0.00799919 0.0202536 0.00594016 0.0386998 0.00169184 -0.0126203 0.0303162 0.0115915 0.001359 -0.000587347 0.0142436 -0.0079591 0.00402155 0.0428189 -0.0040687 -0.00361409 -0.0104932 -0.00196122 -0.00598384 -0.0169561 -0.0110401 0.00201066 0.000694263 -0.0171602 0.00358773 0.00507791
internal_weight=28783 13950.8 14832.2 932.595 13018.2 1216.17 11802 845.186 4419.14 10413.1 611.338 4911.96 6890.06 4204.32 3631.97 5734.8 4589.09 701.854 2724.16 2300.97 3732.91 2001.89 2049.87 4678.26 3569.6 1279.99 604.827 4632.95 433.884 1480.16
internal_count=865892 295620 570272 11386 284234 21285 262949 10151 126666 443606 8659 106869 156080 122926 71283 223419 100252 7065 84461 55828 152828 70591 66351 220187 147327 35586 12626 218532 8449 38465
is_linear=0
shrinkage=0.03


Tree=32
num_leaves=31
num_cat=0
split_feature=7 16 37 37 2 53 67 48 73 49 65 8 53 71 65 71 65 8 9 55 58 42 58 67 8 42 16 56 43 42
split_gain=2954.73 1121.27 456.144 422.792 154.557 134.465 142.174 117.553 119.423 133.111 283.148 101.695 97.5338 64.5353 79.0419 63.2518 54.7385 45.0573 44.1698 40.7198 36.1753 36.156 32.3387 30.707 29.0649 34.4216 29.0462 27.5927 22.8025 19.3976
threshold=-0.02817587740719318 -0.2504261434078216 0.042991755530238158 0.02743557840585709 -0.0053090006113052359 0.011325605679303409 0.24340887367725375 0.035766299813985832 1.1613202691078188 0.10587957873940469 0.0042212110711261639 -0.99298197031021107 0.023126668296754364 0.0050930639263242492 0.033607510849833495 0.0049246521666646012 0.010847798082977535 -0.80890333652496327 -0.4622297585010528 0.0019757540430873637 0.25687596201896673 0.014884972944855692 0.35862320661544805 0.52570980787277233 -1.5816700458526609 0.0095803169533610361 0.084157459437847151 -0.20903026312589643 0.0044955224730074414 0.01558221783488989
decision_type=10 8 8 8 10 2 2 2 2 2 2 10 2 2 2 2 2 10 10 2 2 2 2 2 10 2 10 2 2 2
left_child=1 7 12 21 13 6 28 8 9 16 -11 19 18 -4 -15 -14 -1 23 26 -6 -17 -2 -20 -7 -8 -26 -3 -13 -5 -23
right_child=3 2 4 5 11 17 24 -9 -10 10 -12 27 15 14 -16 20 -18 -19 22 -21 -22 29 -24 -25 25 -27 -28 -29 -30 -31
leaf_value=0.0093640065948478041 -0.016257554278452682 -0.006389418384243159 0.0045600133658925254 -0.0011661234419163848 0 0.0057397766898645373 0 0.00068427485057415659 0 -0.0018550062506746364 0.041519304038598076 0.003467801626284019 -0.0024058628251104061 0.017233368283002801 0.00036553051037799543 0.011476104389450355 -0.0035439642963394974 -0.0032475379868840892 -0.0020073447382597557 0.010889674583286931 -0.00094485056673559661 0.00083423931925254212 0.0043048878039851288 -0.00067722633468705255 -0.011257612040519737 -0.0018116429658989815 0.0014766741347960143 -0.0020053271141112095 0.0098245463811788766 -0.0069402605718746537
leaf_weight=178.42696560919285 4963.6732701156288 1948.4577842466533 1168.500571206212 45.637008285149932 417.86889233998954 1178.3426753710955 370.36267008259892 155.00130857713521 92.07920896075666 89.377000009641051 946.29694893211126 982.89020955562592 302.52002242952585 3223.4616699106991 330.79150231182575 553.1102163400501 128.76936035789549 970.62555640563369 1435.1533473096788 1691.3965650200844 122.13099993020296 153.03807143121958 663.91898806765676 835.04621591977775 2295.7200649641454 738.7348278593272 242.55958638340235 1352.4142158664763 88.83916056714952 1083.3287044353783
leaf_count=1783 233168 60638 23752 1462 9413 36697 12571 2596 1419 1319 11323 20886 7909 56360 6121 12031 2052 33968 41445 32550 3108 6665 19489 25174 90237 28229 6687 28855 2095 45610
internal_value=0.00112014 0.0095689 0.00631975 -0.00945788 0.0101932 -0.00363005 -0.00721617 0.0303551 0.0324 0.0340666 0.0381956 0.00516959 -0.0006683 0.013916 0.0159762 0.00606798 0.00473795 0.000962473 -0.00273934 0.00924925 0.00952807 -0.0148163 0.000317814 0.00335371 -0.00878326 -0.00962448 -0.00529454 0.000397725 0.00764221 -0.00584204
internal_weight=28748.5 16025.1 14435.2 12723.3 9167.32 6523.31 3539.29 1589.95 1434.95 1342.87 1035.67 4444.57 5267.85 4722.75 3554.25 977.761 307.196 2984.01 4290.09 2109.27 675.241 6200.04 2099.07 2013.39 3404.82 3034.45 2191.02 2335.3 134.476 1236.37
internal_count=865612 349736 329244 515876 177937 230433 134594 20492 17896 16477 12642 91704 151307 86233 62481 23048 3835 95839 128259 41963 15139 285443 60934 61871 131037 118466 67325 49741 3557 52275
is_linear=0
shrinkage=0.03


Tree=33
num_leaves=31
num_cat=0
split_feature=11 53 37 67 52 60 41 71 11 67 37 61 58 42 51 52 67 52 60 1 73 35 63 66 50 58 17 67 71 45
split_gain=2810.07 883.196 698.913 417.532 303.794 337.995 328.199 277.141 266.218 141.216 126.7 109.641 106.431 82.8505 64.9217 57.1015 54.5809 77.4606 59.0282 51.5503 46.3002 40.092 36.8415 33.5114 32.9616 25.7266 25.5894 16.9934 14.1929 13.1553
threshold=-0.01165376231074333 0.072124548256397261 0.05458988435566426 0.65717908740043651 0.72651216387748729 -0.81430447101593006 0.82612374424934398 0.30872301757335668 -0.0074840986635535947 0.24340887367725375 0.084651198238134398 0.011437317822128536 0.1844754442572594 0.012210481334477665 0.039562338963150985 1.0104979276657107 0.43903183937072759 1.0104979276657107 -0.30519442260265345 -0.016318380832672116 1.0850303173065188 0.076403498649597182 0.015749081969261173 -0.37864868342876429 0.014379888772964479 0.37571558356285101 -0.39110727608203882 0.24340887367725375 0.0042125303298234948 4.5000000000000009
decision_type=10 2 8 2 2 2 8 2 10 2 10 2 2 2 2 2 2 2 2 10 2 8 2 2 2 2 10 2 2 2
left_child=1 4 8 7 5 12 16 -3 13 -4 15 -12 -1 14 24 -8 18 -18 -6 -11 22 26 -15 -7 -2 -22 -10 -28 -25 -21
right_child=2 3 9 -5 6 23 10 -9 21 19 11 -13 -14 20 -16 -17 17 -19 -20 29 25 -23 -24 28 -26 -27 27 -29 -30 -31
leaf_value=0.002074645225705342 -0.010018084225898977 0.043405328763629632 0.01827327656385043 -0.0032256923516279408 -0.0012789224709602585 -0.0036818745929350994 0.0015459534557862877 0 -0.00018713935101636551 0.0054324616033423947 0.018467998123444587 -0.0012269580298849166 0.034102253375518005 0.0015782990049625055 0.0023044515200260681 0.0085481012111024088 -0.0061130838854599459 0.0024297287517127853 0.0069813973219721957 -0.0040791729328824265 -0.00044798654419153682 0 -0.0060987354319332792 -0.0010625709819062957 0.0017235533801079239 0.0069762648017832711 0 -0.016745871435284398 0.0065089395743060099 0.0010636792522802597
leaf_weight=203.51464387215674 3952.0585754066706 671.87399365007877 179.09753138944507 154.28131755068898 1217.3710130210966 300.07946794293821 2065.5333983097225 139.02410012483597 136.37992124259472 1028.1026288084686 1495.4779948890209 191.30325353518128 418.9596856944263 466.08945093490183 218.39067770913243 2912.0283285286278 1749.2151921652257 1230.8084798268974 1038.1425186060369 682.72332330793142 812.13165782764554 138.16339489817619 1497.3725556731224 59.308098448440433 39.848921103402972 167.71947623044252 49.885351831093431 4925.8015381749719 255.22450204379857 328.95532398670912
leaf_count=3381 158720 6458 2977 3471 28003 6695 46605 1518 4494 25558 25521 3062 5185 16237 6978 63083 42434 30578 23572 19568 26086 4924 51735 1617 1530 5247 1738 235545 4426 8698
internal_value=0.000992679 0.0103729 -0.0080776 0.0329364 0.00754628 0.019673 0.00551897 0.0386516 -0.0108125 0.00627755 0.009692 0.0163273 0.0294868 -0.00627174 -0.00879247 0.00610355 -0.000122438 -0.00265637 0.00299109 0.00171612 -0.00182565 -0.015864 -0.00420411 0.00069586 -0.00965528 0.0025478 -0.0162571 -0.0165854 0.00493707 -0.00240977
internal_weight=28724.9 14102.1 14622.7 965.179 13137 1237.09 11899.9 810.898 12403.8 2218.88 6664.34 1686.78 622.474 7153.61 4210.3 4977.56 5235.54 2980.02 2255.51 2039.78 2943.31 5250.23 1963.46 614.612 3991.91 979.851 5112.07 4975.69 314.533 1011.68
internal_count=865644 295609 570035 11447 284162 21304 262858 7976 513234 56801 138271 28583 8566 266533 167228 109688 124587 73012 51575 53824 99305 246701 67972 12738 160250 31333 241777 237283 6043 28266
is_linear=0
shrinkage=0.03


Tree=34
num_leaves=31
num_cat=0
split_feature=7 55 55 57 56 7 7 48 56 41 56 41 61 53 62 19 9 55 62 73 69 45 41 20 73 18 57 55 23 68
split_gain=2696.12 1091.99 309.421 362.695 325.208 304.015 244.559 242.338 211.568 140.029 132.129 125.892 100.051 143.506 179.704 92.329 84.7649 81.1116 61.9322 53.8942 52.6092 41.7121 38.1971 35.2603 32.2033 32.0976 26.2845 23.2096 22.7443 22.3555
threshold=-0.026240500621497628 0.05191656947135926 0.18150694668293002 0.44773073494434362 -0.33550544083118433 -0.042482079938054078 -0.017561333253979679 -0.023343019187450405 2.298236727714539 0.77698147296905529 -0.37920556962490076 1.1439164280891421 0.011437317822128536 0.027021207846701149 -0.52490234374999989 -0.62197011709213246 -0.4622297585010528 0.0021220698254182939 0.4809968918561936 1.1668795347213747 -0.010832953266799448 8.5000000000000018 2.0638477802276616 0.31277105212211614 1.0184445381164553 -0.11022535711526869 0.28482079505920416 0.0022145491093397145 -0.58775964379310597 1.3225365281105044
decision_type=10 2 2 2 2 10 10 2 2 10 2 10 2 2 2 10 10 2 2 2 2 2 8 10 2 10 2 2 10 2
left_child=1 5 3 4 29 12 11 -4 -6 16 -9 20 13 15 -15 -1 -7 19 -19 -11 -2 -14 -8 25 -13 -22 -23 -18 -26 -3
right_child=6 2 7 -5 8 9 22 10 -10 17 -12 24 21 14 -16 -17 27 18 -20 -21 23 26 -24 -25 28 -27 -28 -29 -30 -31
leaf_value=0.010829685034130105 0.00084068819361008751 -0.0039293808153797183 0.018197554661915583 -0.0024622618774701793 0.04052056228948793 -0.0066681343915412127 -0.016267737317024505 0.00710270351413461 0.00071276888347688856 -0.0031814879158982914 -0.011120788855457872 -0.0030024945013364932 -0.0057642169449842462 -0.0031938179642222357 0.023268301972489195 0.0011315377090503334 -0.0023201345936150362 0.0085398894300829174 0 0.0052789433814514689 -0.010732793227097859 0.0069889883285645816 -0.0011421724195727493 -0.00023811990603754367 0.0051272876559576869 0 -0.0023403205613086999 0.0030827629524002882 -0.0016377841937065916 0.0041855562988639926
leaf_weight=1824.9968391936272 374.97144952788949 147.30184037052095 109.69126945734024 192.97369832918048 1296.5746375136077 1822.6276375297457 4097.9526718314737 128.18909989669919 164.77844150736928 1568.0075664091855 480.21506966650486 880.40481439232826 259.2153211273253 121.24999261274934 954.04263979196548 1758.2093708645552 607.62093519605696 2868.9479169845581 970.07384068332613 502.96375786140561 3525.0569326989353 188.51269614696503 281.57064222544432 454.34468775056303 835.74786894023418 303.20677670091391 75.155853312462568 1525.8676160704345 299.36046065762639 77.979466002434492
leaf_count=32531 13720 3296 936 3697 13505 58161 198202 1313 3146 42719 7754 31032 4944 2279 15750 36700 18912 68362 23439 12859 147877 2943 10650 17075 26464 11636 1393 42327 10800 1356
internal_value=0.00111705 0.00832081 0.0246626 0.0300224 0.0335894 0.00477796 -0.01022 0.00382233 0.0375109 0.00147717 -0.00553852 -0.00582405 0.0103272 0.0116086 0.0200274 0.00686574 -0.00265077 0.00427842 0.00661656 -0.000383027 -0.00831231 -0.000889958 -0.0155734 -0.00918055 0.000316009 -0.0100224 0.00414572 0.00128174 0.00320443 0
internal_weight=28697.8 17645.2 2597.7 1879.61 1686.63 15047.5 11052.6 718.095 1461.35 9866.11 608.404 6673.09 5181.38 4658.5 1075.29 3583.21 3956.12 5909.99 3839.02 2070.97 4657.58 522.884 4379.52 4282.61 2015.51 3828.26 263.669 2133.49 1135.11 225.281
internal_count=865778 398322 35003 25000 21303 363319 467456 10003 16651 266779 9067 258604 96540 87260 18029 69231 119400 147379 91801 55578 190308 9280 208852 176588 68296 159513 4336 61239 37264 4652
is_linear=0
shrinkage=0.03


Tree=35
num_leaves=31
num_cat=0
split_feature=11 16 37 37 67 53 49 52 49 42 8 18 16 48 1 65 55 71 18 19 70 55 53 60 1 58 67 57 72 52
split_gain=2601 805.357 662.312 273.35 240.479 205.782 144.034 121.925 137.556 110.971 85.7112 82.2937 76.1479 75.0303 59.7739 58.5729 53.2708 51.3026 44.0384 39.9458 37.95 35.3643 28.3901 28.3177 27.366 25.624 24.9122 23.1327 20.9684 20.102
threshold=-0.01165376231074333 -0.22209585458040235 0.044557208195328719 0.052137056365609176 0.24340887367725375 0.011325605679303409 0.86465212702751171 1.1936777830123904 0.11457947269082071 0.012468365952372553 -0.77302727103233326 -0.54063272476196278 0.011224001180380585 0.040603285655379302 -0.016318380832672116 0.010847798082977535 0.18150694668293002 0.0050930639263242492 -0.48716253042221064 -0.50986206531524647 -0.40503697097301478 0.0022145491093397145 0.011325605679303409 -1.2775667309761045 -0.1696282625198364 -0.030205145478248593 0.24340887367725375 0.32160395383834844 -0.38881509006023401 1.0880720019340517
decision_type=10 10 8 8 2 2 2 2 2 2 10 10 10 2 10 2 2 2 10 10 2 2 2 2 8 2 2 2 2 2
left_child=1 6 5 9 -4 11 7 8 15 23 16 -2 18 -10 22 -1 17 -5 -7 -20 -11 -22 -6 25 -13 -3 -26 -12 -25 -14
right_child=2 3 4 10 14 12 -8 -9 13 20 27 24 29 -15 -16 -17 -18 -19 19 -21 21 -23 -24 28 26 -27 -28 -29 -30 -31
leaf_value=0.0090735739480796492 -0.0014525971001744262 -0.0023855030715881588 0.018850465804521922 0.0039248539828247806 -0.0010194788569729972 -0.00020767370180928778 0.0011614200014773484 -0.000184807982788183 0.036275008621477998 -0.0016313849904851651 0.0048068905518624978 0 -0.0019200272559723444 0.00093811837627172823 -0.0036133260086876843 -0.0039461074872776903 -0.0011457273275003817 0.014406328631541659 0.00031313651774009173 -0.010233625180277831 0.00075323726471749448 0.0081948476799114552 0.0057303474223893156 0.0016835684164191258 0 0.0062304235673836042 -0.016136194395195296 -0.0016979927102637063 -0.0043367600190518307 0.0037798557170396624
leaf_weight=204.33254518173635 549.38559931330383 140.19704566337168 215.89931926876307 1078.033867251128 586.40811815112829 709.04535371996462 253.35845628939569 96.146978249773383 1055.1861676778644 370.9288045167923 409.64895487576723 66.70295026153326 735.5306021310389 102.32417001947761 1763.5885439887643 137.26895397342741 136.01690452173352 3948.3670531902462 271.77496125921607 2234.282787244767 1009.4450267534703 2012.2006495334208 986.69029131159186 281.54960656538606 69.078674042597413 189.37328797765076 5746.4433930590749 585.05167946778238 2251.174274854362 495.61481159180403
leaf_count=2019 20288 3953 3669 21513 17375 24726 4293 1593 11900 8780 7740 2451 27982 1382 52423 2120 2191 67786 10066 95672 25656 45523 23899 8472 2586 5008 271371 11648 64080 17329
internal_value=0.00104005 0.00996272 -0.00779586 0.00657028 0.00306659 -0.0113486 0.0263646 0.0289918 0.0305913 0.00184397 0.0108275 -0.0147474 -0.00537782 0.0345575 -0.000200017 0.00424914 0.0122826 0.0127711 -0.00753439 -0.00912822 0.00521589 0.00625391 0.00343046 -0.00224475 -0.015731 0.00297491 -0.0159367 0.00149205 -0.00340136 0.000630235
internal_weight=28691 14260.6 14430.4 12412 3552.59 10877.9 1848.62 1595.26 1499.11 6254.87 6157.12 6431.61 4446.25 1157.51 3336.69 341.601 5162.42 5026.4 3215.1 2506.06 3392.57 3021.65 1573.1 2862.29 5882.23 329.57 5815.52 994.701 2532.72 1231.15
internal_count=865494 295657 569837 272350 97366 472471 23307 19014 17421 161472 110878 296696 175775 13282 93697 4139 91490 89299 130464 105738 79959 71179 41274 81513 276408 8961 273957 19388 72552 45311
is_linear=0
shrinkage=0.03


Tree=36
num_leaves=31
num_cat=0
split_feature=7 16 11 11 37 42 49 65 44 72 19 37 55 55 58 64 74 18 71 65 52 68 46 20 47 53 62 71 47 48
split_gain=2484.4 1043.13 420.759 393.252 192.867 121.356 98.6963 190.217 125.036 97.1012 82.0878 79.3307 74.1656 87.5318 60.5466 76.4309 57.9306 56.4367 54.5604 46.8566 39.5264 29.7731 29.1674 31.1757 28.9653 28.6082 25.7268 23.9264 21.273 20.1567
threshold=-0.02817587740719318 -0.2504261434078216 -0.0082586887292563898 -0.016004529781639572 0.069427255541086211 0.0097039570100605505 0.10587957873940469 0.0042212110711261639 0.24544852972030642 0.68042150139808666 -0.68675893545150746 0.045210730284452445 0.0021105654304847126 0.18150694668293002 -0.55175867676734913 0.023777342401444915 -1.0058630704879759 -0.45136344432830805 0.010585257317870857 0.010847798082977535 1.0104979276657107 1.591891944408417 0.0046920836903154859 0.38955637812614446 0.041108338162302978 0.011325605679303409 0.040985381230711944 0.18864688277244571 0.041460476815700538 0.021578940562903885
decision_type=10 10 10 10 10 2 2 2 2 2 10 8 2 2 2 2 2 10 2 2 2 2 2 10 2 2 2 2 2 2
left_child=1 6 5 12 10 9 19 -8 -9 -2 25 22 28 16 -7 -16 -14 -12 -10 -1 27 -22 23 -4 -17 -5 -24 -6 -3 -11
right_child=2 3 11 4 20 14 7 8 18 29 17 -13 13 -15 15 24 -18 -19 -20 -21 21 -23 26 -25 -26 -27 -28 -29 -30 -31
leaf_value=0.0081776430311909804 -0.0088988918169230803 0.0046318044496637964 -0.016528667389233219 -0.00099923900548992846 0.0039704222660926231 -0.0032539664287267924 -0.0015214879878585564 0.005902398742682371 0.0017684470623115754 0.0066269241333329378 0.00098585050064769596 -0.0022093395312014624 0.003264949310465344 -0.0013739283170312571 -0.0018554603956382105 0.0097437479585618519 0.015731763871931113 -0.0050028277679311957 0.039928148312422203 -0.0035242092251331473 0.012779071933431441 -0.00051567999832782525 0.0033214646803908154 0 -0.00032247347298151549 0.005777264447665768 -0.0052252176543868311 -0.0032431965775615566 -0.00185271995330172 -0.0016136250393105839
leaf_weight=187.37695893086493 2563.1275080349296 994.8291937019676 4866.1253272332251 541.29822575859725 810.57496938109398 1389.9561667088419 90.638122381642461 372.72307062335312 101.04899705201387 178.32295904867351 1871.284485494718 691.24566989205778 776.31928825192153 228.40490707755089 921.49826277047396 836.26847684942186 3322.3101617619395 3448.974650779739 816.5944125726819 132.67024741880596 955.96330979466438 79.846774386242032 31.383436905220151 103.72123655118048 210.5383596457541 1214.6378587037325 434.28201236203313 127.30743036977947 258.68983131460845 105.12818914838135
leaf_count=1855 100512 20353 246420 15184 16130 46879 1320 4894 2213 5387 50629 23528 13294 3370 30465 27408 55793 99159 8603 2141 17480 1750 1351 3865 6976 27734 19438 2747 5426 3589
internal_value=0.000958185 0.00853253 -0.00899121 0.0054023 0.0013218 -0.00303303 0.0279757 0.0309327 0.0331682 -0.00709372 -0.00108932 -0.0142959 0.0113174 0.0131132 0.000804442 0.00387051 0.0140474 -0.00294116 0.0380435 0.00376986 0.00856044 0.0117247 -0.0154669 -0.0162138 0.00807543 0.00379683 -0.00291701 0.00199533 0.0029758 0.00410842
internal_weight=28663.1 16331.5 12331.6 14630.4 9049.89 6204.84 1701.05 1381 1290.37 2846.58 7076.2 6126.76 5580.55 4327.03 3358.26 1968.31 4098.63 5320.26 917.643 320.047 1973.69 1035.81 5435.51 4969.85 1046.81 1755.94 465.665 937.882 1253.52 283.451
internal_count=865893 350075 515818 329049 230813 221216 21026 17030 15710 109488 192706 294602 98236 72457 111728 64849 69087 149788 10816 3996 38107 19230 271074 250285 34384 42918 20789 18877 25779 8976
is_linear=0
shrinkage=0.03


Tree=37
num_leaves=31
num_cat=0
split_feature=11 53 37 67 18 71 37 74 60 67 53 53 53 55 62 8 20 18 72 34 47 1 67 51 55 69 23 3 72 57
split_gain=2333.42 743.635 638.52 382.47 312.264 233.137 232.916 158.74 131.418 123.838 92.2824 85.4661 76.912 74.0555 77.4153 65.0043 61.3968 60.3243 56.7488 44.572 42.7651 38.93 29.4377 25.7781 22.4825 18.5938 16.6748 16.4201 15.4435 9.86594
threshold=-0.01165376231074333 0.072124548256397261 0.057403996586799629 0.65717908740043651 -0.55123251676559437 0.30872301757335668 0.026475309394299987 0.093084286898374571 -0.81430447101593006 0.24340887367725375 0.015797991305589679 0.035010060295462615 0.060551172122359283 0.002912446623668075 0.53035116195678722 -1.1186331510543821 0.30890619754791265 -0.52392193675041188 -0.35327687859535212 0.053969740867614753 0.053887473419308669 0.0046113133430480966 0.24340887367725375 0.0016869643586687746 0.002912446623668075 -0.0026592254871502514 -1.0628621578216551 -0.0068439617753028861 -0.27761350572109217 0.41270652413368231
decision_type=10 2 8 2 10 2 10 2 2 2 2 2 2 2 2 10 10 10 2 8 2 10 2 2 2 2 10 10 2 2
left_child=1 4 6 5 12 -3 16 8 11 -4 17 -6 20 15 -15 -9 19 29 -10 27 24 26 -19 28 -1 -25 -11 -2 -12 -8
right_child=2 3 9 -5 7 -7 10 13 18 21 23 -13 -14 14 -16 -17 -18 22 -20 -21 -22 -23 -24 25 -26 -27 -28 -29 -30 -31
leaf_value=0.0038098618323060413 0 0.039304564408688729 0.018080977510802228 -0.0035605896921580278 0.0093764970528240794 0 -0.0012123716069525931 0.006968809146816109 0.0035830777548602859 0.0074639054345700872 -0.00037136388923082357 -0.0042870397365311185 -0.0014255946413646785 0.014561830106685818 0.00091401637028866206 -0.0019458504899330822 -0.0013650398601502019 0.0014800929191465914 -0.0028607713998294601 0.00030098585743489829 0.00035376543501569656 -0.002094786335751202 -0.0088302837753127285 0.0019992367270020074 0.02100947155626615 -0.0036968447114395283 0.00017775169906426749 -0.015539072418541291 0.0067516206533329353 0.0035371316098604332
leaf_weight=387.33515052869916 55.637328209355474 723.41493968293071 181.14291344583035 157.46321575343609 1667.9923823140562 138.14029555395246 517.53603740781546 1124.2406807374209 1198.0516534820199 472.38941119238734 242.50835850648582 169.15633755549788 94.852098997682333 1747.0702647548169 591.35876326262951 959.08415200933814 475.28467981889844 72.779557662084699 3945.132622083649 109.79874098114669 171.57003083638847 782.71709460951388 3967.728398354724 376.52347282879055 1330.1866353414953 796.8700263146311 558.29447651281953 5262.4625822193921 230.75847278721631 121.02332230471075
leaf_count=9223 1970 6432 2791 3451 36596 1510 17876 24272 26926 10579 7607 2740 1110 33260 11960 24245 19207 2139 89578 4382 3357 21612 159622 11324 20885 25698 14812 259372 6797 3789
internal_value=0.00107602 0.00943545 -0.00740268 0.0297484 0.00685203 0.0351284 -0.00995118 0.0044804 0.00140732 0.00696506 -0.00523379 0.00734205 0.0167159 0.0086349 0.0119851 0.00316641 -0.014156 -0.0072099 -0.00112211 -0.0150158 0.0178601 0.00205711 -0.00843596 0.000613098 0.0189995 -0.00163856 0.00506044 -0.0153823 0.00447777 0.000582323
internal_weight=28628.5 14405 14223.5 1019.02 13386 861.555 12228.9 11402.1 6980.33 1994.54 6325.73 1837.15 1983.94 4421.75 2338.43 2083.32 5903.18 4679.07 5143.18 5427.9 1889.09 1813.4 4040.51 1646.66 1717.52 1173.39 1030.68 5318.1 473.267 638.559
internal_count=865122 295545 569577 11393 284152 7942 519783 249577 155840 49794 234852 39336 34575 93737 45220 48517 284931 183426 116504 265724 33465 47003 161761 51426 30108 37022 25391 261342 14404 21665
is_linear=0
shrinkage=0.03


Tree=38
num_leaves=31
num_cat=0
split_feature=7 16 37 37 49 49 53 73 71 8 53 67 19 71 18 43 43 71 70 65 20 19 53 18 69 8 46 71 43 8
split_gain=2259.14 1011.52 421.208 307.157 142.263 163.113 140.68 130 141.571 115.028 92.4249 93.4844 76.4079 66.4122 58.3294 49.8446 86.663 73.6904 46.2066 43.3941 37.9735 28.4569 23.9324 23.6301 23.262 23.0579 24.8272 19.0624 18.7502 17.166
threshold=-0.026113469153642651 -0.23447291553020475 0.052137056365609176 0.02743557840585709 0.86465212702751171 0.11457947269082071 0.023126668296754364 1.08650279045105 0.01040134020149708 -0.80890333652496327 0.011325605679303409 0.24340887367725375 -0.88300740718841542 0.0049246521666646012 -0.5764884054660796 0.0067031101789325484 0.004110415931791068 0.24369075149297717 -0.40503697097301478 0.010847798082977535 0.30890619754791265 -0.32058598101139063 0.028397936373949054 -0.50313076376914967 -0.014302345924079416 -1.5327383875846861 0.0028395652770996098 0.01001398963853717 0.00079617847222834836 -1.4418953657150266
decision_type=10 10 8 8 2 2 2 2 2 10 2 2 10 2 10 2 2 2 2 2 10 8 2 8 2 10 2 2 2 8
left_child=1 4 6 20 5 19 12 8 -7 15 11 -5 28 -8 -14 16 -4 -17 -15 -1 22 -12 -2 -23 -11 -13 -27 -26 -3 -25
right_child=3 2 9 10 -6 7 13 -9 -10 24 21 25 14 18 -16 17 -18 -19 -20 -21 -22 23 -24 29 27 26 -28 -29 -30 -31
leaf_value=0.007543402437559913 -0.015215479671729705 -0.0011268126698906406 0.009523072459612229 0.0057041118102773821 0.0010222178678553383 0.00070850675493035003 -0.0015237449981448103 0.00038235918686215062 0.035960029563453247 -0.0030084219173038508 0.0038067989539635424 0 0.003412775736982775 -0.0013884131824936083 -0.0045394360700884975 0.017392570931239033 -0.00033628730043452296 -0.00030526215824533854 0.011430574993419082 -0.0033963113273481785 -0.00154893531376024 0.0029333762599937844 5.7095613481636112e-05 0.0010707040842123498 -0.00076523486081824551 -0.0097806578188077038 0.00032756446952642986 0.0053149142670815726 0.0054104312825835957 -0.0050911068438343147
leaf_weight=209.0306214671582 4971.5922036264092 253.10168951191008 3332.5123897753656 112.58779509924352 267.28419044613838 149.75076134130359 438.90816997364163 146.2747505158186 1151.4359697811306 339.64917503483593 932.31808891892433 321.11409370787442 554.57227282971144 137.5864976439625 5171.5093693509698 1682.7219067290425 899.63007777743042 179.05765355378389 975.34432175941765 163.70573359914124 374.45290557295084 243.93986291624606 50.409025739878416 266.91843073815107 467.65611526928842 2311.6486824862659 141.22719672508538 650.97035848908126 864.78360696136951 867.21020577289164
leaf_count=2093 251831 6690 63477 3013 4634 3444 11037 2503 11968 6411 28872 11528 15229 2996 157700 25984 17005 2627 20461 2839 15799 7946 1786 8224 10266 96805 5764 12781 21590 32353
internal_value=0.00114519 0.00754457 0.00453979 -0.00957181 0.0250714 0.0274923 -0.000119475 0.0311653 0.0333925 0.00944255 -0.00374027 -0.00691067 -0.00208484 0.00679787 -0.00350886 0.011144 0.00754978 0.0158592 0.00972069 0.00320183 -0.0143435 0.00063882 -0.0150166 -0.00178759 0.00114938 -0.00830723 -0.00914015 0.0031365 0.00385408 -0.00357345
internal_weight=28628.9 18035.5 15948 10593.4 2087.48 1820.2 8395.81 1447.46 1301.19 7552.2 5196.96 2886.58 6843.97 1551.84 5726.08 6093.92 4232.14 1861.78 1112.93 372.736 5396.45 2310.39 5022 1378.07 1458.28 2773.99 2452.88 1118.63 1117.89 1134.13
internal_count=865656 401735 374254 463921 27481 22847 235703 17915 15412 138551 194505 117110 201209 34494 172929 109093 80482 28611 23457 4932 269416 77395 253617 48523 29458 114097 102569 23047 28280 40577
is_linear=0
shrinkage=0.03


Tree=39
num_leaves=31
num_cat=0
split_feature=11 37 53 67 67 52 60 53 74 71 53 1 47 55 17 34 65 70 18 61 55 35 56 61 11 64 41 48 55 42
split_gain=2160 742.365 527.375 428.233 356.026 271.113 244.59 226.179 220.798 205.244 123.962 113.331 93.5089 81.8013 80.8391 63.294 61.7369 58.5985 54.4047 53.727 70.6006 41.0766 40.0257 38.96 38.714 16.0128 11.6033 9.99325 8.86631 6.6921
threshold=-0.013551344629377125 0.02743557840585709 0.072124548256397261 0.24340887367725375 0.65717908740043651 0.72651216387748729 -0.81430447101593006 0.011325605679303409 0.093084286898374571 0.30872301757335668 0.019213802181184295 -0.029588997364044186 0.0064522309694439181 0.0053260566201061019 -0.34202830493450159 0.056930065155029304 0.023782382719218734 -1.5977824926376341 -0.55123251676559437 0.015148374717682602 0.0023560246918350462 0.13181167840957644 -0.22311353683471677 0.0018724529654718938 -0.009895524010062216 -0.41991648077964777 1.0191883444786074 0.012123495806008579 1.0000000180025095e-35 0.0085293166339397448
decision_type=10 8 2 2 2 2 2 2 2 2 2 10 2 2 10 8 2 2 8 2 2 10 2 2 10 2 10 2 2 2
left_child=2 14 5 13 9 6 12 18 10 -4 16 22 -1 -3 -2 24 -7 -12 29 20 -10 -20 -9 -13 26 -8 -16 -27 -26 -5
right_child=1 3 4 7 -6 8 25 11 19 -11 17 23 -14 -15 15 -17 -18 -19 21 -21 -22 -23 -24 -25 28 27 -28 -29 -30 -31
leaf_value=0.031909242100068472 0 -0.0014120327710973781 0.037317991281709532 -0.00087913297855109955 -0.0036897683721470154 0.006477908099708855 -0.0028714324233695861 0.00076093904545474281 0.0035170940400730561 0 0.0044257092766848008 0.004348527061463105 0.0014607855869841983 0.022805540821686614 -0.0065460336018263914 0.0012563145742319288 -0.0018678709370126636 -0.0061403422268374412 -0.0083214481949411018 -0.0013737907269563982 0.014487332653965181 0.0020689280403513024 0.0083178671092766117 -0.0032402265323617564 0 -0.00083338466379047089 0.00016253426323018714 0.0049667899901775173 -0.015890209407483018 0.003076580725186088
leaf_weight=413.98377795144916 428.07753840461373 57.078643066808581 724.28321662545204 328.64112137258053 152.89635441452265 2580.2638000864536 134.94701178558171 1208.7001013681293 1265.1643307711929 136.37214537337422 184.07615926861763 261.49128060229123 180.10578588955104 289.55678087845445 1219.8067608829588 128.80159746855497 756.19264119490981 1663.5079227052629 4087.3359607812017 162.83951068669558 2198.0045469738543 131.1724901702255 1543.8047990500927 2863.3673704788089 21.688523123040795 108.74775228649378 142.08733046799898 243.19352109730244 4778.49804052338 196.79515071026981
leaf_count=4465 15554 1730 6096 10226 3335 55313 3128 31949 27292 1464 1663 7858 2449 4749 46090 4879 16783 30319 153207 2672 39246 3154 39865 85369 781 1990 5018 3846 248801 5876
internal_value=0.000872634 -0.00555012 0.0111031 -0.000577166 0.0282595 0.00804092 0.0199363 -0.0021435 0.00555686 0.033426 0.00124033 0.00172698 0.0278387 0.0199846 -0.0130241 -0.0138215 0.00451126 -0.00424145 -0.00670338 0.0107573 0.0115047 -0.00774979 0.00571877 -0.0020102 -0.0142523 0.000770865 -0.00582931 0.00338517 -0.0158101 0.0010876
internal_weight=28591.5 17686.9 10904.6 10967.9 1013.55 9891.03 1080.98 10621.3 8810.05 860.655 5184.04 5877.36 594.09 346.635 6718.96 6290.88 3336.46 1847.58 4743.94 3626.01 3463.17 4218.51 2752.5 3124.86 6162.08 486.888 1361.89 351.941 4800.19 525.436
internal_count=865167 665106 200061 343983 10895 189166 15878 337504 173288 7560 104078 165041 6914 6479 321123 305569 72096 31982 172463 69210 66538 156361 71814 93227 300690 8964 51108 5836 249582 16102
is_linear=0
shrinkage=0.03


Tree=40
num_leaves=31
num_cat=0
split_feature=7 16 37 37 11 49 55 8 49 66 53 67 8 24 68 71 45 48 20 46 8 71 8 42 43 18 19 16 50 67
split_gain=2095.52 861.393 366.798 280.469 212.366 127.56 104.967 95.6481 90.2797 83.6102 76.3291 100.732 57.6331 55.4323 53.6792 50.3375 47.8516 47.3443 33.6799 32.8639 27.9257 26.9445 22.6974 30.0647 16.349 16.2782 17.5126 14.1188 15.584 12.1047
threshold=-0.026240500621497628 -0.2504261434078216 0.069427255541086211 0.02743557840585709 -0.015252019744366406 0.86465212702751171 0.18150694668293002 -1.2514566779136655 0.10587957873940469 0.47564709186553961 0.011325605679303409 0.24340887367725375 -0.81256026029586781 -5.4999999999999991 -0.95098397135734547 0.0085798730142414587 11.500000000000002 0.0029605536255985503 0.30890619754791265 0.0046920836903154859 -1.0265535116195676 0.0055532555561512717 -1.5816700458526609 0.0095803169533610361 0.0044955224730074414 -0.49230159819126124 -0.50986206531524647 0.10952311754226686 0.014379888772964479 0.51136657595634472
decision_type=10 8 8 8 10 2 2 10 2 2 2 2 10 2 2 2 2 2 10 2 10 2 10 2 2 8 8 10 2 2
left_child=1 5 4 18 14 8 12 21 17 -10 11 24 16 -9 -3 -16 -4 -1 19 27 29 -6 -13 -24 -5 -22 -27 28 -2 -12
right_child=3 2 6 10 7 -7 -8 13 9 -11 20 22 -14 -15 15 -17 -18 -19 -20 -21 25 -23 23 -25 -26 26 -28 -29 -30 -31
leaf_value=0.0085298375648288939 -0.015801899452345804 -0.00068114847317939185 0.014635243258964301 -0.00101127668709499 -0.00047458397832216763 0.00038286509225412982 -0.0027578659926823547 0.0015338458316543533 0.032456996028001263 0.001634190017027386 0.0050531874451730397 0 0.0020383835426664573 -0.0050603265016613578 0.0025401987431808997 0.01091124670305251 0 -0.0031962280853998271 -0.0015750010667045546 -0.002258789395832933 0.0019182730986086996 0.0053267194425338201 -0.010501960154124046 -0.0011539618109777335 0.0081069719608885642 0.0010387898512003726 -0.0053459637699929761 0 -0.00019624858303946219 0
leaf_weight=167.51330222375691 4327.6727717630565 602.85488628782332 3398.9956252984703 40.813128380104899 906.00580031052232 216.66566476412117 236.85284569300711 1184.0819402337074 1056.4908012654632 163.55112296901643 544.30417315848172 291.46746319159865 690.93221934139729 4119.0527664907277 1571.8195243701339 1900.3824392165989 250.0333829075098 166.57950646989048 373.25760175846517 431.76110862195492 213.39175288565457 1372.730577159673 1879.0823110453784 598.29343828558922 74.849879553541541 253.98687313310802 776.67723695002496 47.270122596994042 110.64463457651436 561.13628467917442
leaf_count=1670 227944 11735 56976 1306 25498 3673 3923 29584 10829 2726 16991 10443 13044 130262 33478 33532 4299 2514 15901 19530 7193 33962 80332 24519 1715 8102 29262 2020 5590 16897
internal_value=0.00105824 0.00721892 0.00461593 -0.0093031 0.00158101 0.024679 0.0113696 -0.00138366 0.0270024 0.0301757 -0.00375351 -0.0066424 0.0124079 -0.00353099 0.00671091 0.00799405 0.0138168 0.00391232 -0.0139433 -0.0145948 0.000231128 0.00324185 -0.00813579 -0.00891806 0.00619394 -0.00233557 -0.00375121 -0.0153764 -0.0155329 0.00313431
internal_weight=28529.2 18004.5 16233.7 10524.6 11656.9 1770.8 4576.81 7581.87 1554.13 1220.04 5234 2884.51 4339.96 5303.13 4075.06 3472.2 3649.03 334.093 5290.61 4917.35 2349.5 2278.74 2768.84 2477.38 115.663 1244.06 1030.66 4485.59 4438.32 1105.44
internal_count=865450 397705 376293 467745 298051 21412 78242 219306 17739 13555 196760 118315 74319 159846 78745 67010 61275 4184 270985 255084 78445 59460 115294 104851 3021 44557 37364 235554 233534 33888
is_linear=0
shrinkage=0.03


Tree=41
num_leaves=31
num_cat=0
split_feature=11 24 37 58 11 58 71 57 8 71 65 59 42 71 43 56 59 8 69 40 8 74 63 16 35 24 44 41 61 20
split_gain=2022.61 661.924 539.127 208.165 172.521 165.409 164.536 195.795 147.107 111.523 97.7418 85.7485 84.1421 77.5298 122.552 75.9291 68.0957 61.3624 52.8875 43.9887 40.011 39.357 37.5609 29.3087 29.0969 28.6126 26.0698 24.9369 22.9195 22.6416
threshold=-0.01165376231074333 -10.499999999999998 0.04210654832422734 -0.4387297630310058 -0.0072739298921078435 1.0398141741752627 0.0082262880168855208 0.37624971568584448 -1.2021020054817197 0.010585257317870857 0.011810371652245523 5.7000000476837167 0.012643621303141119 0.024033700115978721 0.0019447697559371593 -0.037508085370063775 2.6999999284744267 -1.2514566779136655 -0.002228721976280212 0.62339511513710033 -0.98316410183906544 0.85342490673065197 0.028200482018291954 -0.18982808291912076 0.09081584215164186 -5.4999999999999991 0.1132478639483452 1.2261314988136294 0.0049507885705679664 0.38221350312232977
decision_type=10 2 8 2 10 2 2 2 10 2 2 2 2 2 2 2 2 10 2 8 10 2 2 10 8 2 2 10 2 10
left_child=1 3 4 11 12 17 -5 -8 19 21 -9 26 23 14 -11 -15 -7 -4 -18 -3 -14 25 -13 -2 29 -10 -1 -25 -19 -6
right_child=2 8 5 6 24 16 7 10 9 13 -12 22 20 15 -16 -17 18 28 -20 -21 -22 -23 -24 27 -26 -27 -28 -29 -30 -31
leaf_value=-0.00037308714168016876 0.00017182313615631819 0.00096279979893717658 0.0031612776412047339 0.002503695348308643 -0.015881365865285518 -0.0015631387258850081 0.034244423513749525 0.012350043553305228 0.00074220334252982404 0.016799384704803091 -0.0032627398555165202 0.0038363713897103633 0.002634390383459776 -0.0046860457076411 0.0010544925378194818 0.0054384573616467627 0.017690622564687356 -0.0052057735624952608 0 0.009889701701045599 -0.004049961545649565 0.0032414592373170973 -0.0059364653910484056 -0.010441355802479377 0.00025453904690818325 -0.0049649810908154145 0.011501412649936335 -0.00072337294008961532 0.0015690745997778363 0
leaf_weight=101.28269702382386 216.58537440560758 783.77304995246232 1284.286334304139 407.42561584711075 3961.353690257296 147.96603346802294 1091.6053598653525 392.4455508030951 846.61465213820338 495.94442493468523 285.47768479771912 137.77144818380475 927.00891235284507 850.40770153515041 1016.618464615196 811.87943397462368 364.43586603924632 1758.6746359895915 183.43537709675729 3620.5946421865374 1350.8459037076682 582.0409258659929 335.9922372829169 2897.818479064852 52.74744357354939 2108.6385931689292 770.67795623466372 412.28464196622372 240.90989186055958 99.440390674397349
leaf_count=1473 7712 17940 32174 7593 212793 4594 11406 4308 19005 10985 3582 1969 31438 16037 23886 14817 8171 55874 5026 71015 51968 14177 6430 132034 1998 60304 10030 17329 5736 3675
internal_value=0.00104377 0.00869189 -0.00701359 0.0192431 -0.0106158 0.00207967 0.024481 0.0277426 0.00463818 0.0015657 0.00692654 0.00627079 -0.00630516 0.00528921 0.00925711 0.000234256 0.0116833 -0.00115093 0.0145859 0.00862241 -0.00123713 -0.00194313 -0.00227582 -0.00894398 -0.0152909 -0.00337237 0.0102702 -0.00956346 -0.00411893 -0.0155644
internal_weight=28537 14639.2 13897.8 3522.68 9918.08 3979.71 2176.95 1769.53 11116.5 6712.14 677.923 1345.72 5804.54 3174.85 1512.56 1662.29 695.837 3283.87 547.871 4404.37 2277.85 3537.29 473.764 3526.69 4113.54 2955.25 871.961 3310.1 1999.58 4060.79
internal_count=865479 294957 570522 46791 458947 111575 26889 19296 248166 159211 7890 19902 240481 65725 34871 30854 17791 93784 13197 88955 83406 93486 8399 157075 218466 79309 11503 149363 61610 216468
is_linear=0
shrinkage=0.03


Tree=42
num_leaves=31
num_cat=0
split_feature=7 16 1 11 41 11 73 49 49 59 74 43 65 9 71 41 55 16 23 56 65 59 43 8 8 69 54 59 56 20
split_gain=1865.02 900.637 347.886 221.514 170.424 140.994 109.469 119.234 153.011 197.323 77.0828 74.9713 73.3862 66.3109 58.2808 55.2791 54.0771 52.5189 44.0613 42.1784 39.1263 38.5522 36.8661 30.5779 26.9584 20.5453 19.8242 16.5408 18.0073 15.7589
threshold=-0.025343636982142922 -0.24198340624570844 -0.15211737155914304 -0.0085922172293066961 1.1293125748634341 -0.016415082849562165 1.0873772501945498 0.86465212702751171 0.10587957873940469 2.6999999284744267 0.46537685394287115 0.0067031101789325484 0.033607510849833495 -0.44516207277774805 0.0055532555561512717 1.4576730728149416 0.0043012148234993228 -0.18982808291912076 -1.1333522796630857 -0.18508192151784894 0.010847798082977535 2.6999999284744267 0.0045338626950979241 -0.80890333652496327 -0.80890333652496327 -0.019718507304787632 0.088957376778125777 3.1000000238418584 -0.25531600415706629 0.38955637812614446
decision_type=10 8 10 10 10 10 2 2 2 2 2 2 2 10 2 8 2 10 10 2 2 2 2 10 8 2 2 2 2 10
left_child=1 6 11 10 5 19 7 8 20 -10 16 18 21 -7 26 17 -2 -5 22 -4 -1 -13 -3 -16 27 -19 -6 -12 -29 -27
right_child=3 2 4 15 14 13 -8 -9 9 -11 24 12 -14 -15 23 -17 -18 25 -20 -21 -22 -23 -24 -25 -26 29 -28 28 -30 -31
leaf_value=0.0072903553755961107 -0.0077120635007072074 0.0096250554297129583 0.0072467519855583225 0.0001941478060254225 -0.0023134506335620434 -0.0064474802442528959 0 0.00092248998956059891 -0.0010520118827777385 0.033854343003038849 -0.00077801836473687189 0 -0.00073952995898429914 -0.0003424058741858287 0.0097090716851994351 -0.0034021384743433162 0.00064384603432171604 0 0.00049007491820151033 0 -0.0031706915903578566 0.020569448939507986 0 0 -0.0022067789200037368 -0.015187134775945393 0.0033119271686518357 -0.00028045625340121792 0.0080191127227498635 0
leaf_weight=206.34661697410047 2057.8764816559851 2284.5637932997197 1289.6149906478822 165.47459746897221 643.13416987098753 2911.6945115365088 145.85206599347293 229.96741612814367 109.46334969252348 1150.9952203352004 174.11952051892877 70.191635731607676 112.51374787278473 3337.8812946733087 2026.8327158149332 957.08262872695923 771.74183547310531 47.29401090927422 959.65397779457271 1186.3341509830207 155.30546327680349 799.99744623526931 347.11788987182081 297.02892291173339 349.28637068718672 4448.1223052032292 592.70143693499267 180.4814212564379 449.14741647802293 81.501632932573557
leaf_count=1912 82294 44260 23302 7259 16797 91028 2481 3858 1854 11997 6359 1238 1921 95721 41173 40814 27846 1596 21114 21392 2656 11430 6316 7151 13263 241482 14487 6225 13435 3126
internal_value=0.0011377 0.00659568 0.00395371 -0.00926485 0.00114712 -0.0011272 0.0235156 0.0250831 0.0273426 0.0312147 -0.00316462 0.0105768 0.0174139 -0.00349814 0.00624807 -0.0128801 -0.00558854 -0.0142288 0.00673316 0.00433876 0.00321678 0.0193934 0.00847222 0.00863742 0.00249348 -0.0147771 0.000388495 0.00482915 0.00630338 -0.0149697
internal_weight=28539.3 18857.2 16859.3 9682.13 12285.2 8725.52 1997.93 1852.08 1622.11 1260.46 3982.65 4574.04 982.703 6249.58 3559.7 5699.48 2829.62 4742.39 3591.34 2475.95 361.652 870.189 2631.68 2323.86 1153.03 4576.92 1235.84 803.748 629.629 4529.62
internal_count=865787 422088 397330 443699 311051 231443 24758 22277 18419 13851 149422 86279 14589 186749 79608 294277 110140 253463 71690 44694 4568 12668 50576 48324 39282 246204 31284 26019 19660 244608
is_linear=0
shrinkage=0.03


Tree=43
num_leaves=31
num_cat=0
split_feature=11 37 16 37 1 49 71 49 73 42 41 71 65 71 60 20 61 58 65 34 8 51 58 72 59 8 71 60 19 49
split_gain=1835.24 539.965 503.714 240.271 169.484 130.468 109.291 99.5036 141.94 95.0576 84.0421 63.0867 55.7355 55.6637 55.4488 52.3435 51.1419 49.6477 46.3072 45.7278 40.2 37.2573 36.5808 31.5846 31.5723 31.4234 26.1276 22.708 19.3059 17.4195
threshold=-0.012328334152698515 0.026475309394299987 -0.20222463458776471 0.068458352237939848 -0.15211737155914304 0.86465212702751171 0.010585257317870857 0.11457947269082071 1.1009337902069094 0.0094695864245295542 0.59634104371070873 0.0086167552508413809 0.033607510849833495 0.010205611586570741 -1.0345525145530698 0.32108485698699957 0.0053504465613514194 1.0398141741752627 0.010540201794356109 0.053969740867614753 -1.5816700458526609 0.00154599582310766 1.8234468102455141 -0.43060073256492609 2.6999999284744267 -0.97841808199882496 0.18864688277244571 0.98800230026245128 -0.68675893545150746 0.96284538507461559
decision_type=10 8 8 8 10 2 2 2 2 2 10 2 2 2 2 10 2 2 2 8 10 2 2 2 2 10 2 2 10 2
left_child=2 15 5 9 11 6 -1 18 -9 20 23 -4 27 21 -11 19 -16 25 -8 -2 -3 -12 -22 -6 -19 -5 -15 -13 -25 -7
right_child=1 3 4 17 10 29 7 8 -10 14 13 12 -14 26 16 -17 -18 24 -20 -21 22 -23 -24 28 -26 -27 -28 -29 -30 -31
leaf_value=0.00013540264593097227 -0.013944477522853908 0.00058802870894089469 0.0044847479201871989 0.0051021173470165446 0.0031978544206769564 -0.003026092274417727 0.0079348165855430784 0.03097351918929047 -0.00017018975921502156 0.0067617119406268647 0.0055622234676109272 0.017288624646714542 1.5981953390171411e-06 0.0083792087771448025 -0.0034334289330924688 -0.00076512043963897127 0.0032925102254882043 -0.00040835873799881174 -0.0035085670822428234 0.0006109628262972555 -0.0090667843700277615 -0.00077422789165572652 0.00031940226674181715 0.00053667612269088624 0.015854090945211147 -0.0023407875453313564 -0.00032959233457974848 0.0021379506267346199 -0.0052787518235000415 0.003903766900323759
leaf_weight=196.56892465800047 5197.1069617141038 413.55386357568204 1788.8257204033434 841.74346674606204 363.76875949837267 138.0893601346761 224.36735539883375 1167.0699294544756 116.39154450409114 317.2563146892935 724.26409927196801 1427.482780219987 262.03232194110751 2373.8027617055923 3242.4030762109905 421.6022715959698 912.53641838021576 55.928856918588281 141.04618342407048 118.05262866802514 2612.9960273634642 2140.0052003432065 317.684171192348 497.66440274007618 261.06926396861672 388.99671716801822 233.02802177891135 306.13966951146722 1143.3400465045124 153.90417087450624
leaf_count=4130 271380 13693 35643 18897 7811 2628 2136 10696 1577 10401 17009 21803 4489 44861 111756 16905 24788 1474 2147 4733 107479 50336 11679 11078 4398 10455 3663 5341 30074 2091
internal_value=0.00113174 -0.00593976 0.00905071 -0.00127685 0.00593011 0.021136 0.0235022 0.0254685 0.0287251 -0.00351099 0.00291217 0.0107861 0.0142841 0.00474021 -0.000416804 -0.0127904 -0.0016968 0.00796187 0.003696 -0.0135449 -0.00697837 0.00132738 -0.00806362 -0.00190722 0.0141237 0.00257969 0.0075764 0.015825 -0.00366153 0.000406281
internal_weight=28498.7 15100.9 13397.8 9364.17 11260.4 2137.44 1845.44 1648.88 1283.46 7816.43 7475.87 3784.48 1995.65 5471.1 4472.2 5736.76 4154.94 1547.74 365.414 5315.16 3344.23 2864.27 2930.68 2004.77 316.998 1230.74 2606.83 1733.62 1641 291.994
internal_count=865551 608038 257513 315020 232108 25405 20686 16556 12273 279796 164832 67276 31633 115869 146945 293018 136544 35224 4283 276113 132851 67345 119158 48963 5872 29352 48524 27144 41152 4719
is_linear=0
shrinkage=0.03


Tree=44
num_leaves=31
num_cat=0
split_feature=7 16 7 37 41 57 58 55 41 48 53 67 55 9 73 54 18 61 52 49 46 19 46 34 8 16 1 18 53 43
split_gain=1770.31 731.759 300.516 248.54 205.443 147.244 128.462 110.207 96.034 88.2403 78.8515 100.951 74.4438 71.2307 71.2098 54.3429 49.6843 44.6127 43.5877 38.1651 37.2313 29.7903 26.5443 23.9191 23.5834 23.3152 17.5973 16.6709 16.6224 14.9956
threshold=-0.026240500621497628 -0.28654326498508448 -0.045883784070610993 0.02743557840585709 0.78770264983177196 0.32302469015121466 -0.63670581579208363 0.0028997600311413412 1.042589068412781 0.035766299813985832 0.011325605679303409 0.24340887367725375 0.0038445594254881148 -0.4622297585010528 1.248821556568146 0.46127204596996313 -0.50043332576751698 0.0021093896357342605 1.0440095067024233 0.10587957873940469 0.0047124433331191548 -0.32058598101139063 0.0028395652770996098 -0.15499255061149594 -1.5482757091522215 0.012328787706792356 -0.1409955024719238 -0.50313076376914967 0.022869676351547245 0.0044955224730074414
decision_type=10 10 10 8 10 2 2 2 8 2 2 2 2 8 2 2 10 2 2 2 2 10 2 10 10 10 8 10 2 2
left_child=1 9 5 16 13 6 15 14 17 19 11 29 -8 26 -6 -3 -2 -7 -9 23 28 -12 24 -1 -13 -15 -4 -23 -18 -5
right_child=3 2 4 10 7 8 12 18 -10 -11 21 22 -14 25 -16 -17 20 -19 -20 -21 -22 27 -24 -25 -26 -27 -28 -29 -30 -31
leaf_value=0.0071990093839034109 -0.0017280464118014079 -0.0019273720166526401 0.00038215130580534888 -0.0008576436635880266 -0.0016762204828539397 0.0043682686210234226 0.0046890783125765056 0.0033473402800015236 0.0098359567955214351 0 0.0038127231382777405 0 0.024049537050953855 -0.001419682478138477 0.0079067617120821988 0.0082438428802696934 -0.015010907550398757 -0.0034307441310222975 0.01092721867103166 0.029667510031804005 -0.0016793161974750226 0.0021610969287625373 0.00072246024608956872 -0.0016540009191872756 -0.0094353379416807163 0.0035542229998193858 -0.0071384883355190033 -0.0033386325741003543 6.5476731360437348e-05 0.0081114509711906514
leaf_weight=103.45751501433551 535.50171168334782 548.96573957055807 177.53649369627237 40.07589216157794 2726.4268104303628 575.84590854868293 591.56186400726438 2059.0596803277731 940.64924796111882 114.89769146963954 963.42487310990691 292.60620513558388 922.23275047726929 1729.7241286430508 387.74502003379166 484.43258845992386 4094.6781721673906 1191.3109998740256 1915.3931402061135 899.3751298096031 398.91780539043248 245.81185125559568 158.86444556713104 155.64110835827887 2246.5646016467363 851.28073580376804 1911.8724563606083 1127.9272265061736 22.285712262615561 76.993874177336693
leaf_count=924 23930 9143 4756 1313 69703 10885 10749 45950 14851 1788 29613 10597 12294 49355 9102 7326 227301 19490 39590 8718 18535 7983 6501 1986 97925 21190 60736 40800 956 1745
internal_value=0.00116765 0.00670594 0.00462104 -0.00857986 0.00175785 0.0102665 0.0150027 0.00485866 0.00407359 0.0252368 -0.00336163 -0.00635189 0.0196755 -0.00290517 0.000362735 0.00377838 -0.0130661 -0.000354131 0.0078802 0.0269982 -0.0140445 0.000619053 -0.00790305 0.00389918 -0.0085715 0.000434031 -0.00643321 -0.00188035 -0.0148661 0.00634785
internal_weight=28491.1 18287.4 17014 10203.7 11759 5255 2547.19 7088.62 2707.81 1273.37 5152.27 2815.11 1513.79 4670.41 3114.17 1033.4 5051.38 1767.16 3974.45 1158.47 4515.88 2337.16 2698.04 259.099 2539.17 2581 2089.41 1373.74 4116.96 117.07
internal_count=865735 398536 385120 467199 300382 84738 39512 164345 45226 13416 196477 118081 23043 136037 78805 16469 270722 30375 85540 11628 246792 78396 115023 2910 108522 70545 65492 48783 228257 3058
is_linear=0
shrinkage=0.03


Tree=45
num_leaves=31
num_cat=0
split_feature=11 7 37 73 56 72 58 73 11 57 42 67 55 55 60 71 71 51 49 17 52 67 66 63 4 72 59 34 56 1
split_gain=1679.27 681.039 408.175 201.508 219.837 175.039 154.582 191.48 142.222 131.963 127.325 84.1075 76.0265 74.4936 72.2409 72.177 71.9261 66.5797 82.7884 65.9013 64.5111 58.5592 55.1027 51.2538 55.498 45.5654 32.8077 32.7598 29.6319 27.8121
threshold=-0.010516670066863297 -0.054012982174754136 0.056841328740119941 1.0822877287864687 -0.22311353683471677 -0.43060073256492609 -0.51512968540191639 0.88916784524917614 -0.0070254262536764136 0.41205300390720373 0.010543244890868666 0.24340887367725375 0.0016684668371453883 0.18150694668293002 -0.74726548790931691 0.022581209428608421 0.010585257317870857 0.0069819644559174785 0.11457947269082071 0.088146261870861067 1.2011632323265078 0.53702622652053844 1.6984907388687136 0.046968182548880584 -0.099798724055290208 1.1547274589538576 9.4000000953674334 0.076960563659667983 -0.21091198921203611 -0.015162408351898192
decision_type=10 10 8 2 2 2 2 2 10 2 2 2 2 2 2 2 2 2 2 10 2 2 2 2 10 2 2 8 2 10
left_child=1 6 8 5 21 12 23 17 16 19 25 -4 -3 -9 -11 -14 20 -8 -19 -7 -2 -5 -12 24 26 -6 -1 -10 -22 -13
right_child=2 3 11 4 10 9 7 13 27 14 22 29 15 -15 -16 -17 -18 18 -20 -21 28 -23 -24 -25 -26 -27 -28 -29 -30 -31
leaf_value=0.011228809192735192 -0.0093453835271685749 -0.0006870958462597452 0.014199206918393135 0.004844814625757388 -0.0033947146775720337 -0.0043275497964686558 0.00054212378085215641 0.0098214349469230005 -0.014582803276208714 0.012484654999435393 0.018951050227343332 0.0038339508617129831 0.014559783114090324 -0.0038225873992070686 -0.00066784949772157281 -0.0011139375255558653 -0.00046721922699812131 0.0049652226790387471 0.034352443227894928 0.0013937012122629479 -0.0031937348297003455 -0.0038817054301807058 -0.00063718749792504104 -0.0034848803566326259 -0.0020230244369366887 0.006773043167665368 -0.001046259432950811 0.00056791551104898601 0.0049867033712787208 -0.0026575112212800307
leaf_weight=911.26693916879594 3461.2708742059767 449.91045818850398 159.2385762296617 851.7371432762593 439.92302857153118 4801.6390397865325 111.49167970754206 912.42756092920899 3886.2492096051574 428.95621819421649 1466.0995479151607 689.56656304374337 880.31096724793315 149.8462742343545 482.74018943868577 201.93408264219761 1755.8702280297875 325.33466579765081 839.2378654871136 2353.2569457348436 382.02997023612261 909.75871675461531 72.974992033094168 116.22219320386648 210.75528017617762 182.77989930100739 85.122513189911842 55.538130782544613 218.60715087130666 669.55479434132576
leaf_count=11889 155585 12087 2319 20168 11686 125713 1992 14332 212061 9483 28694 16912 19340 1894 11272 3789 66784 3876 6450 52246 15247 20670 1483 2280 3245 3267 1370 1831 8050 19256
internal_value=0.0011316 0.00696771 -0.00765348 0.00352604 0.00884072 0.000993915 0.0176545 0.021993 -0.00986936 -0.000901776 0.0142868 0.00535747 0.00888831 0.00709733 0.00753801 0.0120178 -0.00595258 0.0287352 0.0302805 -0.00243851 -0.00794691 0.000343422 0.0179467 0.00589531 0.00773032 0.00100982 0.00998046 -0.0142619 0.000423855 0.000619989
internal_weight=28461.7 17183.7 11277.9 13522 3923.27 9598.75 3661.7 2338.34 9759.57 8066.59 2161.78 1518.36 1532.16 1062.27 911.696 1082.25 5817.78 1276.06 1164.57 7154.9 4061.91 1761.5 1539.07 1323.37 1207.14 622.703 996.389 3941.79 600.637 1359.12
internal_count=865271 367226 498045 319898 85968 233930 47328 28544 459558 198714 45130 38487 35216 16226 20755 23129 245666 12318 10326 177959 178882 40838 30177 18784 16504 14953 13259 213892 23297 36168
is_linear=0
shrinkage=0.03


Tree=46
num_leaves=31
num_cat=0
split_feature=7 16 11 11 52 61 72 42 49 62 51 32 49 63 69 66 57 67 69 58 64 58 34 47 16 7 51 71 54 11
split_gain=1601.87 735.541 318.979 227.786 176.375 106.602 103.629 91.733 79.5017 79.0879 77.658 74.4769 70.2414 66.746 74.1541 60.6067 59.2205 59.1452 58.0092 56.1205 65.0124 55.6093 42.7206 34.053 31.7027 22.2206 21.9393 19.0213 18.2233 17.7681
threshold=-0.026240500621497628 -0.26017908751964564 -0.017361221835017201 -0.0072739298921078435 1.0440095067024233 0.0049507885705679664 -0.27761350572109217 0.0097039570100605505 0.86465212702751171 0.50019720196723949 0.051205737516283996 1.0000000180025095e-35 0.10587957873940469 0.031074767000973228 0.0065979391802102336 0.34457840025424963 0.22530420124530795 0.60930132865905773 -0.030383523553609845 -0.48809416592121119 0.023777342401444915 1.122850298881531 0.053969740867614753 0.041187833994627006 -0.18982808291912076 -0.043291017413139336 0.080531179904937758 0.038190448656678207 0.44826281070709234 -0.011250442825257776
decision_type=10 8 10 10 2 2 2 2 2 2 2 2 2 2 2 2 2 2 2 2 2 2 8 2 10 10 2 2 2 10
left_child=1 8 13 7 11 9 -7 10 12 -6 28 21 -1 17 -15 -14 -16 18 -3 29 -21 -4 24 -22 -5 -13 -12 -26 -2 -9
right_child=3 2 4 22 5 6 -8 19 -10 -11 26 25 15 14 16 -17 -18 -19 -20 20 23 -23 -24 -25 27 -27 -28 -29 -30 -31
leaf_value=0.0034082301206567428 -0.0092048609501961462 -0.0007815822549212091 -0.0042748361230520726 0 0.0044357814878616978 -0.00030341918739915834 0.014726018850147625 0.00030483169369883875 0.00072923145436592075 -0.0043271415596196679 0.0067214824493151736 0.0061352718825368338 0.029353428413988646 -0.0043117674308923333 -0.0031124389383407058 0.001739074053777098 0.010281786663181566 -0.00024072887496314865 0.013789617846612949 -0.0023023283208889684 0.0090374751873603665 0.003217714033745002 4.0912431780205202e-05 -0.0012204322368881747 -0.014967829676733751 0 -0.0018534756666338853 -0.00060956260072779868 0.00028428599362068915 -0.0056325275518250154
leaf_weight=319.82659074477851 2617.6429351046681 166.54665851220489 5110.2900147419423 120.34387282468379 2313.8480631187558 483.71396292187274 1048.0089075025171 454.38120898976922 196.44677912816405 891.52225251309574 98.880434343591332 670.97656846232712 1033.1726744025946 480.64253406226635 117.86436721682549 169.01195747032762 468.45009962283075 262.73323549330235 3205.9026646055281 828.09437615796924 738.42810030654073 635.48408170044422 154.57612348906696 178.09069912880659 3525.4412768762559 809.8648657053709 113.00714487396181 174.10279083624482 97.780637226998806 965.31514692492783
leaf_count=3809 118375 2656 142452 5358 58141 9537 20669 13661 3199 23381 3041 11885 9286 8165 2601 2636 6840 4430 50793 30637 26829 17250 5938 6598 201053 20276 3746 7879 4237 40210
internal_value=0.00111971 0.00634434 0.00402771 -0.00824265 0.00124639 0.00547209 0.0109255 -0.00398898 0.0227047 0.00166253 -0.00739307 -0.00165961 0.024511 0.0102466 0.00204602 0.0272986 0.00711979 0.0120426 0.0129846 -0.000178891 0.00298804 -0.00320687 -0.0135209 0.00710524 -0.0140803 0.00348653 0.00363705 -0.0145166 -0.00877879 -0.00399152
internal_weight=28450.4 18384.3 16665.8 10066.1 11963.7 4737.09 1531.72 6091.62 1718.46 3205.37 2927.31 7226.62 1522.01 4702.14 1066.96 1202.18 586.314 3635.18 3372.45 3164.31 1744.61 5745.77 3974.46 916.519 3819.89 1480.84 211.888 3699.54 2715.42 1419.7
internal_count=865568 398006 379076 467562 303591 111728 30206 247334 18930 81522 129399 191863 15731 75485 17606 11922 9441 57879 53449 117935 64064 159702 220228 33427 214290 32161 6787 208932 122612 53871
is_linear=0
shrinkage=0.03


Tree=47
num_leaves=31
num_cat=0
split_feature=7 16 37 11 53 20 55 43 73 71 42 50 54 37 44 49 51 1 46 20 73 65 71 54 71 59 53 59 47 65
split_gain=1551.17 686.169 335.706 174.597 150.235 117.587 112.282 129.803 106.178 90.5261 87.4964 70.8517 68.3818 65.9594 65.5132 79.7138 79.7078 64.8198 49.9752 47.2761 45.6155 41.8328 35.6631 30.5905 23.5964 22.9084 18.787 18.3509 18.0318 15.3238
threshold=-0.024845303967595097 -0.27265512943267817 0.060560246929526336 -0.0093956310302019102 0.021265507675707344 -0.37293744087219233 0.18150694668293002 0.0067031101789325484 0.84257051348686229 0.024033700115978721 0.019469187594950203 0.014379888772964479 -0.49449034035205836 0.057403996586799629 0.24544852972030642 0.10587957873940469 0.0069819644559174785 -0.085409879684448228 0.0046920836903154859 0.35068196058273321 1.0488090515136721 0.010847798082977535 0.010205611586570741 -0.14226647466421125 0.038190448656678207 4.0999999046325692 0.01068758172914386 5.5000000000000009 0.061026629060506828 0.028702577576041225
decision_type=10 8 8 10 2 8 2 2 2 2 2 2 2 8 2 2 2 10 2 10 2 2 2 2 2 2 2 2 2 2
left_child=1 14 4 20 5 29 7 9 -9 -4 12 -7 -6 18 25 21 -17 -12 19 24 22 -16 -2 -20 -5 -1 -22 -28 -8 -3
right_child=3 2 6 13 10 11 28 8 -10 -11 17 -13 -14 -15 15 16 -18 -19 23 -21 26 -23 -24 -25 -26 -27 27 -29 -30 -31
leaf_value=-0.0020479479633626007 -0.0069437366537227494 0.0066361285178522878 0.0075404604684351671 -0.014151418995100295 -0.00094477967884478884 -0.0038461916442091822 -0.0058938829022331576 0.00045150357222453297 0.017991627261731858 -0.0019565262954798221 0.0065159325261100413 0.0044768032020549792 0.017004743662915552 0.00029393680612188302 0.0073865142722387422 0.00030028860704815242 0.030844239357255568 -0.0022677924870114301 0.0043796421306492965 0 -0.0019850768538657768 -0.00365975941450963 0.00067264294456705856 -0.004390003046061324 -0.00055005563259133915 0.006179745643048672 0.0060512741676132433 -0.00089526577649083952 0.0018293510089928149 -0.00058345431252823719
leaf_weight=134.37749665975571 1187.103450730443 1093.6154210865498 3253.909773375839 4852.3178439680487 142.36115965805948 6906.8698011189699 246.11806206591427 432.49133001640439 1735.6989707220346 897.3022488951683 915.85200437903404 595.26119486056268 360.8667178247124 320.31389997899532 180.22705828212202 113.70578993484378 766.79492657631636 1161.5439447145909 72.676913851872087 226.30904325842857 281.15104969777167 114.86724894121289 602.7694591190666 455.72133924439549 206.8216248024255 216.20542464591563 497.09558435715735 248.04589769616723 64.783452711999416 138.78471373952925
leaf_count=2173 47838 25288 59978 272340 3115 207228 4153 6646 24732 16168 17399 16580 6734 10817 1597 2251 6331 26716 3374 9543 11427 1857 20893 20735 9629 1981 15784 7512 766 3474
internal_value=0.00102813 0.00575911 0.00375486 -0.00899261 0.000491509 -0.00141666 0.00885697 0.00975412 0.0153456 0.0054335 0.00622909 -0.00290985 0.0136877 -0.0116855 0.0224357 0.0252638 0.0286545 0.00200107 -0.012364 -0.0132016 -0.00215902 0.00311188 -0.00466097 -0.00134919 -0.0137488 0.00332336 0.00210533 0.00406701 -0.00377894 0.00571619
internal_weight=28422 19471.6 17945.5 8950.33 11315.2 8734.53 6630.3 6319.4 2168.19 4151.21 2580.62 7502.13 503.228 6134.16 1526.18 1175.6 880.501 2077.4 5813.85 5285.45 2816.17 295.094 1789.87 528.398 5059.14 350.583 1026.29 745.141 310.902 1232.4
internal_count=865059 435167 418977 429892 306534 252570 112443 107524 31378 76146 53964 223808 9849 326438 16190 12036 8582 44115 315621 291512 103454 3454 68731 24109 281969 4154 34723 23296 4919 28762
is_linear=0
shrinkage=0.03


Tree=48
num_leaves=31
num_cat=0
split_feature=11 53 7 44 51 56 57 74 61 74 74 57 41 53 47 60 53 68 69 52 9 41 23 17 69 53 47 61 68 20
split_gain=1521.47 524.788 370.277 254.024 200.537 160.065 157.823 150.638 132.388 117.053 114.536 140.105 99.5498 98.5991 94.1142 74.9015 70.9282 67.7661 60.4453 52.3315 36.7984 34.1574 30.5388 28.1167 19.9272 19.8981 18.4783 17.6497 15.2019 14.6728
threshold=-0.01165376231074333 0.072124548256397261 -0.022879121825098988 0.58342602849006664 0.037742983549833305 -0.37920556962490076 0.20975620299577716 0.14657016098499301 0.011233447585254909 -0.85862159729003895 0.28827461600303655 0.4696770459413529 1.167373836040497 0.011325605679303409 -0.0049265082925558082 -1.2775667309761045 0.034126175567507751 -1.4380751848220823 -0.019718507304787632 0.84093570709228527 -0.34385076165199274 1.182600259780884 -0.94168323278427113 -0.33726815879344935 -0.0077753961086273185 0.023126668296754364 -0.033310472965240472 0.0018397659296169879 1.0714572668075564 0.23665529489517215
decision_type=10 2 10 2 2 2 2 2 2 2 2 2 8 2 2 2 2 2 2 2 10 10 10 10 2 2 2 2 2 8
left_child=1 3 4 5 12 8 -3 15 9 -1 11 -8 20 18 26 -7 -9 -6 -4 -19 25 27 -14 -20 -21 -2 -5 -15 -23 -22
right_child=2 6 13 14 17 7 10 16 -10 -11 -12 -13 22 21 -16 -17 -18 19 23 24 29 28 -24 -25 -26 -27 -28 -29 -30 -31
leaf_value=0.019805411601208356 -0.0077628544737127934 -0.00082147148724406058 0.0021242254196984461 0.0025605696753395455 -0.00027380854970370422 0.0066322901979954515 0.033135066352635037 0.0075303508897629585 -0.0040866675547017494 0.0056363780850102619 0.00011005897890255061 0 0.0048266758296881046 0.0008028244565858872 3.698875643282971e-05 -0.0024753186552992188 -0.0029779310404603465 -0.0011486308355865588 -0.00092216261349399044 0.018192126023522246 -0.0023535145383925256 0.0025076630544879838 -0.0012482130924194217 -0.014529910834645911 0 0 0.023369356110912141 -0.0072320784392471823 -0.0030650644703109266 0.002968663602523655
leaf_weight=602.1093177665025 2653.0782376248389 152.98989676684141 59.093539103865623 217.94062981382012 334.40843144059181 440.58048371039331 690.75244648754597 3140.0723686348647 332.37124798633158 2529.2721446603537 154.05827965959907 133.8937825858593 983.45553894340992 101.68481550365686 266.80705964751542 5504.4099346902221 365.629588868469 71.051043380051851 262.70539605803788 263.37120167724788 612.95063693076372 628.9072622153908 1058.4628035333008 4039.6006505647674 89.259137419983745 306.88715866208076 501.98876822926104 1407.399191739969 210.58809860423207 298.92127533815801
leaf_count=10155 104880 2778 1854 3235 9107 9309 5025 64800 5583 53294 2318 1272 25072 5147 4992 120283 6335 1633 11104 3837 22434 25528 31497 227200 2393 8738 5885 71509 8433 10293
internal_value=0.00110936 0.0075507 -0.00611643 0.00540868 -0.000902567 0.00385471 0.0239583 0.00159874 0.00895622 0.0107953 0.0270028 0.0298624 -0.0030302 -0.010837 0.017409 -0.00129164 0.00612458 0.0100644 -0.0134685 0.0142802 -0.00563832 -0.00433848 0.00193353 -0.013944 0.0165913 -0.00705273 0.0209473 -0.00647629 0.000263473 0
internal_weight=28414.7 15032.9 13381.8 13901.2 6671.85 12914.4 1131.69 9450.69 3463.75 3131.38 978.705 824.646 5913.76 6709.98 986.736 5944.99 3505.7 758.09 4361.4 423.681 3871.84 2348.58 2041.92 4302.31 352.63 2959.97 719.929 1509.08 839.495 911.872
internal_count=865923 295264 570659 283871 219884 269759 11393 200727 69032 63449 8615 6297 202914 350775 14112 129592 71135 16970 240158 7863 146345 110617 56569 238304 6230 113618 9120 76656 33961 32727
is_linear=0
shrinkage=0.03


Tree=49
num_leaves=31
num_cat=0
split_feature=7 16 1 11 41 44 51 11 71 66 71 60 73 9 69 67 74 74 61 59 72 18 16 72 16 66 8 0 18 42
split_gain=1444.32 653.984 277.106 215.259 169.448 111.527 106.578 102.152 95.6633 79.3854 64.1391 76.5384 61.6031 59.1396 58.6926 57.1128 53.6378 50.8892 40.9215 35.79 35.2613 31.8937 30.6292 26.2664 25.8234 20.6503 20.4403 19.1398 17.4144 16.7356
threshold=-0.025343636982142922 -0.23447291553020475 -0.16475623846054074 -0.0087983817793428881 0.82612374424934398 0.24544852972030642 0.0069819644559174785 -0.019030102528631684 0.010446998756378891 0.36693516373634344 0.0081467917189002054 0.74340707063674938 1.1753923892974856 -0.44349376857280726 -0.012939989566802977 0.24340887367725375 0.46537685394287115 0.85342490673065197 0.0024739869404584174 4.5000000000000009 -0.44723430275917048 -0.40973617136478419 -0.18982808291912076 0.23913818597793582 0.0050896853208541879 -1.223012328147888 -0.76227915287017811 -0.062139451503753655 -0.5337507128715514 0.01558221783488989
decision_type=10 8 10 10 10 2 2 10 2 2 2 2 2 10 2 2 2 2 2 2 2 10 10 2 8 2 8 10 10 2
left_child=1 5 10 16 7 19 -7 25 12 20 17 14 -6 -9 -12 -5 21 29 22 -1 -8 -2 -17 -10 28 -4 -18 -24 -20 -3
right_child=3 2 4 15 8 6 9 13 23 -11 11 -13 -14 -15 -16 18 26 -19 24 -21 -22 -23 27 -25 -26 -27 -28 -29 -30 -31
leaf_value=-0.0029100502607417901 0.00039624854450326304 0.0021711955235044437 -0.001159725291500749 0.0020273585549160198 -0.0013118126199292513 0.00051156804361199184 0.00095017323494744519 -0.007084811401829527 0.0037639622965932673 0 0 0.0017424020202194434 0.0068654453217734217 -0.00061215641635415025 0.016809350807778935 0 0.0043929342800238151 0.0085803622476925481 0.00064738287009617811 0.0065317428992513792 0.02736374647897321 -0.006128790108211408 -0.00034142046499906675 0.011451399411225492 0.00011532053773134041 0.0061325522905646941 -0.0019683562717372365 -0.015139031996640422 -0.0079837990589753452 -0.0029155013629786645
leaf_weight=203.40062479302287 751.86519026197493 835.33886355534196 202.18215920217335 86.89299525693059 2993.7473664432764 228.82380971126258 109.01918209344149 2533.9611384831369 1863.2953000888228 115.59447316080332 172.60580574907362 675.34800426103175 582.53112691640854 2554.7926273196936 1548.0098738279194 129.6221788842231 810.17569623701274 604.74625217542052 89.910884974524379 329.2135890442878 1269.3369253538549 1824.9899656604975 146.62766499537975 1019.2319193873554 475.42197021935135 824.5072622988373 267.62788798473775 3553.8069570446387 1051.5744960885495 531.4047504067421
leaf_count=3452 29180 18587 3100 2837 76718 4797 867 79556 38642 2058 2514 11842 14091 71550 23627 6015 26219 11487 3768 3472 12541 73239 6437 18269 21880 13886 10328 207723 56274 10560
internal_value=0.00107977 0.00573608 0.00339852 -0.00841142 0.000977863 0.0193832 0.0225119 -0.00247251 0.00423084 0.0247579 0.00948978 0.0126106 0.000625305 -0.00423441 0.0153884 -0.0119302 -0.00221649 0.00379178 -0.0123551 0.00297234 0.0262434 -0.00437243 -0.0142913 0.00786178 -0.0053347 0.0045905 0.00250003 -0.0147345 -0.00713108 0
internal_weight=28385.6 19197.1 16941.7 9188.52 12574.2 2255.39 1722.77 6115.44 6458.81 1493.95 4367.45 2395.96 3576.28 5088.75 1720.62 5533.86 3654.66 1971.49 5446.96 532.614 1378.36 2576.86 3830.06 2882.53 1616.91 1026.69 1077.8 3700.43 1141.49 1366.74
internal_count=865516 421616 394429 443900 315812 27187 20263 168092 147720 15466 78617 37983 90809 151106 26141 304934 138966 40634 302097 6924 13408 102419 220175 56911 81922 16986 36547 214160 60042 29147
is_linear=0
shrinkage=0.03


Tree=50
num_leaves=31
num_cat=0
split_feature=7 16 37 19 18 53 8 44 16 74 69 60 43 55 43 41 53 73 74 59 46 57 13 20 70 71 37 51 60 60
split_gain=1327.13 690.292 333.217 159.963 145.494 129.783 100.511 94.9529 85.1236 81.7013 72.4742 57.2662 53.1155 80.8715 59.3418 48.3464 46.2658 44.7877 38.7674 30.5221 26.8949 26.8922 25.4011 23.0118 19.4061 17.5806 16.939 15.9375 13.0908 12.9333
threshold=-0.022879121825098988 -0.2504261434078216 0.060560246929526336 -0.81854039430618275 -0.41966700553894037 0.011325605679303409 -0.81256026029586781 0.24544852972030642 0.043867124244570739 -0.43640290200710291 -0.011106071062386034 -0.74726548790931691 0.0068507841788232335 0.18150694668293002 0.004110415931791068 1.1592091321945193 0.011325605679303409 0.88723450899124157 -0.042615959420800202 4.7000000476837167 0.0031031812541186814 0.32160395383834844 -12.09368324279785 0.30485752224922186 0.88650643825531017 0.0030067026382312183 0.068458352237939848 0.0035260047297924761 -0.90981575846672047 -1.0345525145530698
decision_type=10 8 8 10 10 2 10 2 10 2 2 2 2 2 2 8 2 2 2 2 2 2 10 10 2 2 8 2 2 2
left_child=1 7 3 16 11 10 12 19 -6 17 28 -5 14 -14 -4 22 27 -9 -11 -1 26 -8 -7 29 -17 -18 -12 -3 -2 -24
right_child=5 2 6 4 8 15 21 9 -10 18 20 -13 13 -15 -16 24 25 -19 -20 -21 -22 -23 23 -25 -26 -27 -28 -29 -30 -31
leaf_value=-0.0025850226791450351 0.0035927874502974327 -0.0032419806799102303 0.0078064479582844477 0.0071638029359392796 -0.0067817424549878307 0.0014247478722302673 0.0039613694752939866 0.027830628804337232 0.00056414895468957782 -0.0028701824005166947 -0.014009194456587642 0 0.015691786046501587 -0.0015371289030457851 -0.0005926568228155389 0.0034048410705009506 0 0.00095140571411897554 0.0075550751508962717 0.0063452498383923641 -0.00026990624319971491 -0.0027302956290537147 0 0.00083982527881750033 -0.0027280121219486618 0.0089456448435543071 0 0.002488437701823663 -0.0023653622412236545 -0.0084516246790705754
leaf_weight=191.84753257781267 108.66382302250713 329.34614151716232 2868.965944217518 1039.3358007613569 4143.7185339573771 151.63999549206346 439.12118084542453 1007.9252723604441 1837.1337151257321 154.02315746806562 3991.1831062380224 2738.0714121321216 1644.4366620127112 147.37722409144044 807.32679037190974 787.89913630858064 238.50364420190454 120.0317388381809 261.87351657636464 268.36581063829362 205.1461792839691 769.81818756088614 112.90564846713096 147.78602789994329 229.4105497058481 1589.2981928307563 92.283491479232907 410.66073192190379 210.75717321690172 1282.9153543943539
leaf_count=3307 4344 9933 51744 27810 136558 5961 7860 8051 49070 2729 224255 79699 22754 2124 14425 30424 5641 1856 4507 2483 11055 15680 5694 6006 8882 32233 3348 11173 9623 64968
internal_value=0.00117701 0.00501543 0.00296083 -6.82726e-06 -0.00182647 -0.0094158 0.00809985 0.0198965 -0.00460958 0.0228662 -0.0123323 0.00253369 0.00969818 0.0141176 0.00604001 -0.00321972 0.00598108 0.0263253 0.00390748 0.00290251 -0.0132605 0 -0.00580289 -0.00683458 0.0013809 0.008064 -0.013747 -9.88718e-05 0.000250911 -0.00781256
internal_weight=28327.8 21007.2 19003.1 12326.1 9758.26 7320.59 6677.05 2004.07 5980.85 1543.85 4608.03 3777.41 5468.11 1791.81 3676.29 2712.56 2567.81 1127.96 415.897 460.213 4288.61 1208.94 1695.25 1543.61 1017.31 1827.8 4083.47 740.007 319.421 1395.82
internal_count=864197 489637 466704 352117 293137 374560 114587 22933 185628 17143 252625 107509 91047 24878 66169 121935 58980 9907 7236 5790 238658 23540 82629 76668 39306 37874 227603 21106 13967 70662
is_linear=0
shrinkage=0.03


Tree=51
num_leaves=31
num_cat=0
split_feature=7 53 67 67 11 51 61 41 11 71 42 71 52 42 51 73 58 64 41 46 51 16 69 51 59 54 11 20 57 50
split_gain=1296.6 642.4 578.676 294.664 238.747 208.182 173.613 167.088 166.689 149.925 95.0615 89.749 80.1345 71.852 59.5181 49.7056 44.3373 40.2736 28.2791 21.0257 19.5953 19.4276 14.2154 13.083 11.3323 9.8527 9.71898 7.28498 5.65034 5.26294
threshold=-0.023971958085894581 0.072124548256397261 0.24340887367725375 0.65717908740043651 -0.016415082849562165 0.037742983549833305 0.01172779453918338 1.1592091321945193 -0.0071079486515372983 0.30872301757335668 0.0097039570100605505 0.30872301757335668 1.2090774178504946 0.012794546317309143 0.041580228134989745 1.2529957294464114 -0.51512968540191639 0.023777342401444915 2.0638477802276616 0.0065086062531918296 0.00044712722592521464 -0.18982808291912076 -0.019718507304787632 0.080531179904937758 6.5000000000000009 0.71036744117736828 -0.011250442825257776 0.38955637812614446 0.40702193975448614 -0.01702967286109924
decision_type=10 2 2 2 10 2 2 8 10 2 2 2 2 2 2 2 2 2 8 2 2 10 2 2 2 2 10 10 2 2
left_child=1 2 5 9 6 -1 11 13 10 12 14 -4 -3 -6 24 -9 26 29 21 -8 -19 -10 -23 -16 25 -2 -12 -24 -28 -18
right_child=8 3 4 -5 7 -7 19 15 18 -11 16 -13 -14 -15 23 -17 17 20 -20 -21 -22 22 27 -25 -26 -27 28 -29 -30 -31
leaf_value=-0.0023254403240507314 -0.0098844013929307081 0.03294381916384409 0.0093915187994456622 -0.0038729264221351581 -0.0051054493768595156 0.029415757472701594 0.0014856512563936356 0.0021116858231659016 0 0 0.00020074643689753312 -0.0046412110624885804 0.0010462135447577038 0.00023666611955579898 0.005057979936859372 0.0099221248245903396 0.0011317742986890406 -0.00083932730832218859 -0.0006023309365944823 -0.0071174913390561045 0.0078762132290171195 0 -0.014918972212764928 -0.0015618401911374315 0 4.6832794776261061e-05 -0.0053222536728791637 0 0.00019162505309896886 -0.0025474041696852078
leaf_weight=123.91430086828768 2040.684609903954 748.08002967387438 5062.7415017224848 172.67964711040258 4433.4103202736005 485.76753498613834 78.59497444331646 3780.8642012812197 83.966837283223867 144.39466335624456 272.06678759679198 122.33426123298705 131.78806997463107 3923.3253640774637 91.946969891898334 642.41972483508289 49.593472540378571 107.586047639139 237.47856694832444 461.05975889414549 626.7854599300772 30.924059312790632 2967.3978161392733 78.584692561998963 87.523831552825868 26.427038404159248 713.26352261845022 39.336417207494378 37.654833491891623 564.30703630391508
leaf_count=2817 100716 4976 82303 3560 142232 5105 910 87770 3984 1499 8489 1909 1922 104916 3192 12637 1713 3951 9984 6855 24640 1069 182949 2768 3769 1101 31610 1621 1724 22788
internal_value=0.00109297 0.00512621 0.00343902 0.0229408 0.0020999 0.0245532 0.00691973 -0.000215764 -0.00874674 0.0274457 -0.00427176 0.00862859 0.0304939 -0.00269178 -0.00799041 0.00419945 2.65933e-05 0.00323309 -0.0135615 -0.00546407 0.00653356 -0.0142452 -0.0145837 0.00267012 -0.00929116 -0.00965618 -0.00367652 -0.0147719 -0.00483986 -0.00160625
internal_weight=28366.9 20311.4 19114.4 1196.94 18504.8 609.682 5724.73 12780 8055.53 1024.26 4696.42 5185.08 879.868 8356.74 2325.17 4423.28 2371.26 1348.27 3359.1 539.655 734.372 3121.63 3037.66 170.532 2154.64 2067.11 1022.99 3006.73 750.918 613.901
internal_count=865479 459411 447454 11957 439532 7922 91977 347555 406068 8397 206461 84212 6898 247148 111546 100407 94915 53092 199607 7765 28591 189623 185639 5960 105586 101817 41823 184570 33334 24501
is_linear=0
shrinkage=0.03


Tree=52
num_leaves=31
num_cat=0
split_feature=7 53 67 67 11 51 61 11 41 55 55 74 73 11 55 56 41 16 51 59 67 61 64 8 67 18 24 72 1 73
split_gain=1233.18 630.626 523.533 300.362 213.113 202.396 182.564 161.805 150.05 124.355 92.1004 82.9424 72.9639 45.6031 37.8575 34.8165 33.6416 25.7166 24.2296 18.4619 17.0684 16.6241 14.8756 14.3997 13.1365 12.8762 9.45229 4.30905 3.49786 2.77779
threshold=-0.023855142295360562 0.072124548256397261 0.24340887367725375 0.65717908740043651 -0.015252019744366406 0.037742983549833305 0.01172779453918338 -0.0072343016508966676 0.95471084117889415 0.21083009243011477 0.13243844360113147 0.67595201730728161 1.2011044621467593 -0.01170967426151037 0.0042773082386702308 -0.21091198921203611 2.0638477802276616 -0.18982808291912076 0.0024681268259882931 3.1000000238418584 0.42211051285266882 0.0012832589563913646 -1.1341129541397093 -1.5816700458526609 0.24340887367725375 -0.48716253042221064 -3.4999999999999996 -0.24558629095554349 -0.067586898803710924 1.0836762785911562
decision_type=10 2 2 2 10 2 2 10 8 2 2 2 2 10 2 2 8 10 2 2 2 2 2 8 2 8 2 2 10 2
left_child=1 2 5 9 6 -1 10 11 13 -3 -4 14 -10 -6 23 27 17 -9 -8 -17 21 -16 -21 -2 -19 -25 -26 -13 -18 -22
right_child=7 3 4 -5 8 -7 18 16 12 -11 -12 15 -14 -15 20 19 28 24 -20 22 29 -23 -24 25 26 -27 -28 -29 -30 -31
leaf_value=-0.0025911086776988792 0 0.030749674876428705 0.0081797013145338878 -0.0041605083723288503 -0.00059272935269722999 0.028112750262251403 0.0011504034874470438 0 0.00087542089758604631 0.0013835277673353203 -0.0043651707967529464 0 0.0088511157785770653 -0.0058789624007387492 -0.0019484155793829073 -0.00099597563242253997 0.001218606425596088 0 -0.0081164556907192837 -0.00042646717352829263 -0.0039879799970263165 0.0044739237295986552 0.0086562777382826004 -0.00057627638795078415 0 -0.0091526287967922965 -0.014696716689458142 -0.0034262068511116813 -0.0018867189350330069 0
leaf_weight=121.39045748859644 220.28011593967676 811.83143674023449 6380.7386429049075 171.09244088828564 2904.6698492933065 496.22593100182712 124.676418941468 88.377941744402051 4406.5896069249138 222.6463043615222 234.35965597629547 329.06341343000531 955.2717179749161 3138.1942799044773 170.35254052840173 95.347543687559664 79.085625354200602 40.692908760160208 469.39492384344339 70.772323859855533 309.49818034376949 375.20049143210053 365.92230125702918 325.53923386707902 49.383788249455392 1940.1565582128242 3025.6928132558241 198.21581592224538 166.76479289680719 64.765024719759822
leaf_count=2780 8517 6209 107968 3550 74376 5132 2183 4182 110255 2168 3637 13246 20373 117252 7686 4322 2936 1495 6564 2511 13342 14445 13088 14026 2828 94256 188346 8230 7388 2407
internal_value=0.00110815 0.0049978 0.00333442 0.0226001 0.00206115 0.0233502 0.00591858 -0.00859962 -0.000498184 0.0271351 0.00741758 -0.00401633 0.00298132 -0.00362331 -0.00611775 0.00234277 -0.0131963 -0.013923 -0.00626049 0.00587117 -0.000283246 0.00220884 0.00742211 -0.00776714 -0.0143175 -0.00835579 -0.0145131 -0.00205024 -0.000338299 -0.00344474
internal_weight=28352.2 20437.1 19231.5 1205.57 18613.9 617.616 7209.17 7915.11 11404.7 1034.48 6615.1 4465.11 5361.86 6042.86 3405.79 1059.32 3450 3204.15 594.071 532.042 919.816 545.553 436.695 2485.98 3115.77 2265.7 3075.08 527.279 245.85 374.263
internal_count=865698 462447 450520 11927 442608 7912 120352 403251 322256 8377 111605 196076 130628 191628 154679 41397 207175 196851 8747 19921 37880 22131 15599 116799 192669 108282 191174 21476 10324 15749
is_linear=0
shrinkage=0.03


Tree=53
num_leaves=31
num_cat=0
split_feature=11 7 67 52 52 60 71 60 53 53 43 57 64 53 60 43 58 68 8 16 18 43 18 18 8 67 43 3 60 55
split_gain=1260.18 593.175 231.24 196.023 181.671 222.345 163.023 141.213 138.092 111.507 98.542 115.81 89.0304 86.9186 78.2869 97.5702 68.2953 66.1555 59.9284 57.9312 54.1163 52.5719 41.1672 38.0949 38.0812 33.009 31.7644 23.2438 21.8425 21.665
threshold=-0.0093956310302019102 -0.050697209313511842 0.24340887367725375 1.0440095067024233 0.72651216387748729 -0.90981575846672047 0.0096849845722317713 -0.71608269214630116 0.011325605679303409 0.011325605679303409 0.0062706908211112031 0.32185150682926184 -0.34241853654384607 0.025577380321919922 -1.2775667309761045 0.0018395057995803656 -0.030205145478248593 1.591891944408417 -0.7377602458000182 0.015432550571858885 -0.55123251676559437 0.0041344331111758956 -0.46995235979557032 -0.088991783559322343 -1.5648891329765318 0.42211051285266882 0.0044955224730074414 -0.0087031093426048738 -0.86253410577774037 0.0021105654304847126
decision_type=10 10 2 2 2 2 2 2 2 2 2 2 2 2 2 2 2 2 8 10 10 2 8 10 10 2 2 10 2 2
left_child=1 4 26 6 7 13 22 12 20 28 21 -12 -1 -6 16 -16 -8 18 -11 25 -4 -7 -3 -24 -22 -10 -2 -27 -5 -21
right_child=2 3 8 9 5 10 14 -9 19 17 11 -13 -14 -15 15 -17 -18 -19 -20 29 24 -23 23 -25 -26 27 -28 -29 -30 -31
leaf_value=0.032313691578013004 -0.0013432752311247635 0.00076310364654836942 -0.00043824108291261961 0.0033403280877122871 0.0039067622348977595 0.0069854771717281954 -0.0015197259522470607 0.00014557092117727826 0.00020281265550186109 0.010507287496894608 0.0217190036116452 0.0015090394597214204 0.0027134322889676406 -0.010037334256864891 0.0070690171954259466 -0.0017038290531799676 0.014230050391609609 -0.0018736515987681243 6.5676345018939728e-05 -0.0021031212293871789 -0.0013737051982178172 -0.0026600806594727655 -0.0069044051992077715 0.00092653323426813603 -0.014091003008195198 0.0013662680572724304 0.011854760414230708 -0.007972770046364026 -0.0029683820905718758 0.0043786070746898694
leaf_weight=515.94039778225124 47.11267751455307 846.93850721232593 403.73976860940456 216.49539673887193 346.6944846753031 1431.6576671954244 180.67272840626538 218.34044967405498 537.65886660758406 3602.8798549957573 872.27563217282295 452.2866754680872 235.09883176349103 347.94392051547766 1146.5738319028169 3203.0304639805108 359.04403663799167 325.03807253204286 635.79844579286873 348.32084370963275 398.88701533805579 339.66981333866715 3086.9729377403855 455.98237073980272 4053.7616645731032 60.832097956910729 166.54634547047317 1854.7309735557064 1068.8035065531731 570.29060608986765
leaf_count=3767 1912 25466 15507 5925 5374 23252 4294 2891 23322 75126 7548 5831 2615 4650 27312 75298 7664 7490 16827 13329 16231 5926 97501 12074 234506 1705 2725 86935 31873 20231
internal_value=0.00114268 0.00525156 -0.00825619 0.00213353 0.0139596 0.00876307 -0.00058616 0.0241789 -0.0092794 0.00620182 0.0119029 0.0172872 0.0280754 -0.00410439 0.00300968 0.00103727 0.0104738 0.00822299 0.00917655 -0.00369199 -0.012396 0.00482535 -0.00455067 -0.00583241 -0.013266 -0.00582314 0.009622 -0.00733058 -0.0010998 0.00183437
internal_weight=28330 19888.1 8441.88 15128.2 4759.91 3790.53 9279.21 969.38 8228.22 5849.02 3095.89 1324.56 751.039 694.638 4889.32 4349.6 539.717 4563.72 4238.68 3371.83 4856.39 1771.33 4389.89 3542.96 4452.65 2453.22 213.659 1915.56 1285.3 918.611
internal_count=865107 448704 416403 386850 61854 52581 249609 9273 411766 137241 42557 13379 6382 10024 114568 102610 11958 99443 91953 145522 266244 29178 135041 109575 250737 111962 4637 88640 37798 33560
is_linear=0
shrinkage=0.03


Tree=54
num_leaves=31
num_cat=0
split_feature=11 16 37 37 52 49 65 44 64 49 19 68 18 71 18 16 67 72 73 65 0 53 62 55 41 71 46 55 43 49
split_gain=1177.46 579.62 259.056 229.221 137.971 104.139 144.05 224.267 197.804 107.526 102.38 82.2846 76.1223 74.3276 71.2241 57.9604 52.2483 33.0946 31.7648 30.241 20.9935 19.1907 17.4605 16.3841 14.6918 14.5209 15.6064 14.0617 13.0305 12.8318
threshold=-0.0093956310302019102 -0.20222463458776471 0.033252302557230003 0.049555154517292983 1.5028496980667116 0.86465212702751171 0.01776830013841391 0.33243590593338018 0.6978375017642976 0.054192420095205314 -0.76523649692535389 0.67490404844284069 -0.42360909283161158 0.18864688277244571 -0.51761794090270985 0.02563515026122332 0.24340887367725375 -0.38881509006023401 1.1009337902069094 0.012697650585323574 -0.10281330347061156 0.01535470597445965 -1.2049973011016843 0.010071685072034599 0.83039548993110668 0.038190448656678207 0.0046920836903154859 0.0030139944283291702 0.00039487118192482745 0.96284538507461559
decision_type=10 10 8 8 2 2 2 2 2 2 10 2 10 2 10 10 2 2 2 2 10 2 2 2 10 2 2 2 2 2
left_child=1 5 17 12 10 6 7 19 23 -9 13 -6 24 -4 -12 25 -5 28 22 -1 -18 -20 -19 -8 -2 26 -14 -17 -3 -7
right_child=3 2 4 16 11 29 8 9 -10 -11 14 -13 15 -15 -16 27 20 18 21 -21 -22 -23 -24 -25 -26 -27 -28 -29 -30 -31
leaf_value=-0.0039088535051422868 -0.0051920479373181363 -0.0021144688935646971 0.0079110608640365621 0.0092604120024551134 0.019662915419619498 -0.0025548602661700053 0.00026829972941278739 0.001716048542764984 0.015650679560265484 0.031096651402060624 0.00658078010289582 -0.00035988635470427449 -0.014588796558887429 -0.0033310662978383483 -6.4253486966392648e-05 -0.0044944418463770779 0.0033250672938009125 0.00065812355543246157 -0.0031363949618335614 0.0049326990109756193 -0.002751851122463476 0.0031519666228215014 -0.0067800781379991808 -0.0064832261510672394 0 -0.00078991516617577949 -0.0023439177721845208 0.0010488741814451226 0.0030971391623354455 0.0032356185031083141
leaf_weight=160.30303663387895 1028.1526994202286 219.84458242170513 4559.1469592899084 143.34210001304746 351.80685774609447 179.00346033647656 338.85431217961013 211.60779157467186 295.13737401738763 956.74420977197587 1341.0210443083197 176.59468769095838 3538.1790468040854 277.70448858104646 6417.8947536572814 673.73287167213857 256.47339400462806 143.60630327276886 288.58199436590075 226.9587123002857 1038.6992171108723 463.22109207510948 2303.1756893824786 325.02028309553862 852.64995463937521 191.23236771021038 376.69951963890344 278.4313043365255 562.30214380659163 183.17708621546626
leaf_count=2385 50755 8006 81682 2038 5219 3526 7621 2488 3410 8638 28149 3533 212976 4586 149116 34378 5713 5485 10714 2543 32155 13287 84622 4606 39261 8842 18035 12331 17394 2501
internal_value=0.00119497 0.00514019 0.00278659 -0.00794066 0.00479361 0.0165607 0.0183925 0.023266 0.00501758 0.0280642 0.00372666 0.015758 -0.0100863 0.00695778 0.0013768 -0.0119771 0.00218655 -0.00356001 -0.00479087 0.0007944 -0.000790423 0.000209886 -0.00620412 -0.00414454 -0.0034277 -0.0134849 -0.0138774 -0.00286386 0.00114496 0.000203834
internal_weight=28359.3 19981.7 17104.9 8377.59 13124.2 2876.81 2514.63 1555.61 959.012 1168.35 12595.8 528.402 6939.08 4836.85 7758.92 5058.28 1438.51 3980.73 3198.59 387.262 1295.17 751.803 2446.78 663.875 1880.8 4106.11 3914.88 952.164 782.147 362.181
internal_count=865995 449511 411793 416484 272285 37718 31691 16054 15637 11126 263533 8752 376578 86268 177265 286562 39906 139508 114108 4928 37868 24001 90107 12227 90016 239853 231011 46709 25400 6027
is_linear=0
shrinkage=0.03


Tree=55
num_leaves=31
num_cat=0
split_feature=7 53 67 67 52 51 56 52 8 37 59 57 53 58 67 52 17 51 48 50 17 48 46 52 20 43 45 43 35 69
split_gain=1116.44 629 529.984 277.397 196.307 190.321 171.133 170.594 147.401 146.896 103.634 92.9751 69.2739 67.2104 58.6902 53.4085 27.7995 25.1186 20.3955 18.6141 13.4425 13.6587 11.5557 11.0256 10.7655 9.29926 7.78275 6.99012 4.74626 4.5823
threshold=-0.023971958085894581 0.072124548256397261 0.24340887367725375 0.65717908740043651 1.5028496980667116 0.037742983549833305 -0.37920556962490076 0.72448897361755382 -1.2514566779136655 0.023992957547307018 3.3000000715255742 0.4696770459413529 0.011325605679303409 -0.86180907487869252 0.24340887367725375 1.2090774178504946 -0.28891186416149134 0.0039610280655324468 0.014286308549344541 0.016628921031951908 -0.34202830493450159 -0.0099622933194041235 0.0046920836903154859 1.0260126590728762 -0.33881962299346918 0.0044955224730074414 8.5000000000000018 0.0028893676353618507 0.058403909206390388 -0.0025479019386693831
decision_type=10 2 2 2 2 2 2 2 10 8 2 2 2 2 2 2 10 2 2 2 8 2 2 2 8 2 2 2 10 2
left_child=1 2 5 11 6 -1 7 -4 -8 16 -6 15 14 -12 25 -3 -2 19 29 23 -16 -22 24 -14 -18 -11 -20 -24 -26 -19
right_child=9 3 4 -5 10 -7 8 -9 -10 12 13 -13 17 -15 20 -17 22 18 26 -21 21 -23 27 -25 28 -27 -28 -29 -30 -31
leaf_value=-0.0023938249135171492 -0.0011289783966041179 0.030808094765562441 0.018232954548793805 -0.0037734733906431284 -0.0017196908357832278 0.0275758222884591 0.0034454704864114298 0.0027958586750119149 -0.002844311273058077 -0.00084665297319862665 -0.0010079827760207678 0.00011319432766523651 0 0.020452548153108076 0 0.0014979834663042687 0 0.0034404666681158006 -0.0046462265691766874 -0.0017070733158484563 0.0006059044354302885 -0.0085720822987954137 -0.0032559497852319699 0.0067543081658675997 -0.014493930080829408 0.0055692334877568252 0.00057977577497925409 0.0012635079841286799 0 -0.0003461683043304223
leaf_weight=121.33605388738215 330.03493953123689 794.45892269164324 365.96168196201324 173.37503491342068 176.26783279608935 518.66217300854623 4681.9963896842673 3938.7444104170427 8965.7979832459241 36.012129858136177 71.021378319710493 137.05055644363165 223.09302615653723 394.26075814571232 175.68414472602308 137.04561154916883 46.821721687912941 161.17978842463344 800.97696149442345 137.81855964008719 23.907117242924869 2274.4067340213805 185.38498739805073 399.31929164752364 2633.4636163786054 60.001124788075686 75.35184087138623 77.105042647570372 52.696443647146225 149.08169264625758
leaf_count=2792 16801 5238 5187 3548 4201 5136 98464 89794 233974 1324 1419 1287 8826 6034 7169 1927 2598 6057 31579 4918 1224 115888 9442 14176 169519 1423 2624 4068 2949 5842
internal_value=0.00114436 0.00482693 0.00315619 0.0221968 0.00186871 0.0230729 0.00105297 0.00593151 -0.000619832 -0.00814773 0.0139734 0.0264614 -0.00384539 0.0180407 -0.0066614 0.0287349 -0.0126465 0.000351011 -0.00199277 0.00358652 -0.00777254 -0.0082782 -0.0134867 0.00526424 -0.014117 0.00396797 -0.00393152 -0.00157694 -0.0143269 0.00215989
internal_weight=28318.3 20476 19234 1241.93 18594.1 639.998 17952.5 4304.71 13647.8 7842.34 641.55 1068.56 4516.83 465.282 2570.01 931.505 3325.51 1946.82 1186.59 760.231 2474 2298.31 2995.47 622.412 2732.98 96.0133 876.329 262.49 2686.16 310.261
internal_count=865428 459001 447001 12000 439073 7928 427419 94981 332438 406427 11654 8452 201050 7453 127028 7165 205377 74022 46102 27920 124281 117112 188576 23002 175066 2747 34203 13510 172468 11899
is_linear=0
shrinkage=0.03


Tree=56
num_leaves=31
num_cat=0
split_feature=11 53 67 67 37 52 44 56 57 57 68 41 53 59 67 18 60 0 41 67 18 57 18 1 48 67 64 64 44 5
split_gain=1077.37 527.84 365.929 254.225 222.526 202.646 164.227 156.543 144.533 116.107 111.161 105.67 88.4251 66.9192 64.9769 41.6031 31.1029 24.8108 19.6618 18.3278 15.0485 12.0031 11.874 9.67708 6.55416 6.1118 4.09622 3.92446 2.07208 1.89672
threshold=-0.0093508060090243799 0.072124548256397261 0.24340887367725375 0.65717908740043651 0.045545894652605064 1.5028496980667116 0.49561403691768652 -0.37920556962490076 0.34481064975261694 0.4696770459413529 0.67490404844284069 0.82612374424934398 0.011325605679303409 3.3000000715255742 0.24340887367725375 -0.55123251676559437 -1.0345525145530698 -0.10281330347061156 1.7291235327720644 0.24340887367725375 -0.39643703401088709 0.34713867306709295 -0.51151266694068898 -0.17959529161453244 -0.0013380736927501855 0.49366970360279089 -1.2113111615180967 1.1905025243759157 0.34131994843482977 0.40863785147666937
decision_type=10 2 2 2 8 2 2 2 2 2 2 8 2 2 2 10 2 10 10 2 10 2 10 8 2 2 2 2 2 10
left_child=1 2 6 9 12 7 21 8 -4 -3 13 -9 15 -7 -6 28 25 -16 20 -17 -18 -1 29 -21 -24 26 -14 -12 -2 -19
right_child=4 3 5 -5 14 10 -8 11 -10 -11 27 -13 16 -15 17 19 18 22 -20 23 -22 -23 24 -25 -26 -27 -28 -29 -30 -31
leaf_value=0.0025602277414829054 -0.0016209567426778578 0.027395518505973247 0.0091395394806479801 -0.003808111681500451 0.009535469734452337 -0.00086702162698444401 0.026530092753891926 -0.0031023757681759344 -0.0017149767488094556 0 -0.0025750784109917543 0.0020763458880887898 -2.0079473954554492e-05 0.021662838430183261 0.0033189278198808123 0 -0.0010816040599128903 0.0017446559666141144 0.00086082200735588426 0 -0.0076138174498921836 -0.0033734040945152728 0.0003457342789513427 -0.013982723473746872 -0.0047879033619916116 -0.00072357839828621152 0.0048178279190625615 0.00076752714608077177 0.00066338433646068314 -0.0004900762674951753
leaf_weight=71.694047247990966 141.91564037464559 933.97171765193343 3069.1485596057028 171.15729994699359 154.4652968775481 65.852133065462112 343.88723110593855 6064.1050851605833 1336.5590277705342 134.80302426964045 104.39400254748762 7188.7466508187354 51.167492414824665 352.18005528301001 267.7910391241312 52.53478817269206 753.75983412470669 187.61217779107392 214.37593824788928 19.597408743575215 1350.7096495358273 138.99073956720531 66.123923389241099 3606.9480812381953 962.22852457128465 64.175175822339952 72.336566831916571 119.98898273147643 161.88080576993525 61.37800296023488
leaf_count=1323 5951 7002 66610 3540 2212 1661 2863 161534 32936 1264 2370 160720 2501 5027 6017 2161 34472 5357 8549 810 70779 2902 2222 224819 32022 3309 3467 2424 6673 1735
internal_value=0.00113413 0.00486246 0.00328882 0.0207984 -0.00773384 0.00221587 0.0205737 0.00136414 0.00594628 0.024888 0.0145215 -0.000298107 -0.0101164 0.0192477 0.0014585 -0.0128519 -0.0042554 -0.0013361 -0.00526176 -0.0136422 -0.00604616 -0.00055145 -0.00313994 -0.0138736 -0.0042564 0.00252753 0.00392355 -0.00107747 -0.000375016 0.000833828
internal_weight=28284.5 20095.5 18855.5 1239.93 8189 18301 554.572 17658.6 4405.71 1068.77 642.415 13252.9 6489.4 418.032 1699.6 3982.88 2506.52 1545.13 2318.85 3679.08 2104.47 210.685 1277.34 3626.55 1028.35 187.679 123.504 224.383 303.796 248.99
internal_count=865232 452176 440370 11806 413056 433282 7088 421800 99546 8266 11482 322254 363491 6688 49565 240414 123077 47353 113800 227790 105251 4225 41336 225629 34244 9277 5968 4794 12624 7092
is_linear=0
shrinkage=0.03


Tree=57
num_leaves=31
num_cat=0
split_feature=37 53 67 11 67 44 2 16 71 61 71 24 53 47 42 60 51 18 16 74 44 60 57 49 69 44 19 65 41 74
split_gain=1044.43 478.907 404.788 295.663 234.141 168.188 155.432 145.741 128.252 116.41 92.941 145.116 81.1028 74.625 47.4631 41.7476 39.5624 32.6429 27.2926 26.5303 25.1198 24.047 23.705 23.407 18.2972 12.4501 12.1594 11.1191 9.27277 6.44544
threshold=0.0348569042980671 0.072124548256397261 0.24340887367725375 -0.0085106189362704737 0.65717908740043651 0.49561403691768652 -0.0059221968986093989 -0.20222463458776471 0.30872301757335668 0.011437317822128536 0.030219870619475845 -5.4999999999999991 0.023126668296754364 -0.024397869594395157 0.012643621303141119 -0.53483778238296498 0.00062827352667227398 -0.44023476541042322 0.071160297840833678 -0.53440165519714344 0.45119047164916998 -1.4528114795684812 0.34713867306709295 0.83791697025299083 -0.0036577372811734672 0.29361055791378027 -1.081934332847595 0.013371314387768509 1.2261314988136294 2.8288404941558842
decision_type=8 2 2 10 2 2 10 10 2 2 2 2 2 2 2 2 2 10 10 2 2 2 2 2 2 2 10 2 10 2
left_child=3 2 5 7 8 22 9 19 -3 12 11 -8 -4 -12 20 23 -11 28 26 25 21 -9 -2 -16 -17 -1 -19 -22 -5 -28
right_child=1 4 6 17 -6 -7 10 14 -10 16 13 -13 -14 -15 15 24 -18 18 -20 -21 27 -23 -24 -25 -26 -27 29 -29 -30 -31
leaf_value=0 0.0044440687211279887 0.02697007576187023 0.0040142094213150041 -0.0045098647693436345 -0.0036211906291935972 0.027416985886027818 0.008222672653478794 0.0011532595613488199 -0.0002725325631922105 0.003091142141140763 0.0034005372290917498 -0.00076084120012083272 0.012521276405140093 -0.0067190057149322351 0.006942692356636403 0.0020179912386346136 -0.0071666837565090265 0 0 0 0.002917770416772051 -0.0077331385003566637 -0.0037043805959559996 -0.001641374863050991 -0.0034518311709852488 0.013018991188519667 -0.014093217369586349 -0.0021003303685366631 0.00074283240407375484 0
leaf_weight=66.479633925482631 113.83001008629799 932.90283365175128 4146.2031969279051 829.40100186970085 163.54108546674252 369.2379217389971 1694.6317618712783 110.41094027180225 139.07052577659488 132.37142555601895 488.73561771959066 5722.7616725191474 1481.1459019575268 2114.3995844200253 415.60051403194666 295.19955957122147 441.81544379517436 29.027441744692624 116.85483815521002 172.25616741552949 128.74995255284011 2044.8195918947458 171.27711603976786 114.88905980624259 1691.431416740641 195.86314067803323 3276.2289538811892 556.44374502915889 113.27183653414249 34.414849399589002
leaf_count=1498 1914 6769 80830 44632 3399 3423 32892 4476 1451 2420 7150 172107 21652 41716 12618 9429 7676 1642 6085 4800 5068 86621 3614 3431 53009 2603 212645 22954 5739 1790
internal_value=0.000991067 0.00527679 0.00359354 -0.00648799 0.0204369 0.0208544 0.00227661 -0.00168018 0.0242824 0.00581395 -5.63402e-05 0.00164337 0.00714131 -0.00448061 -0.00335842 -0.000103501 -0.00418451 -0.0119394 -0.0133838 0.00941599 -0.00570581 -0.00703347 0 0.00489813 -0.00227607 0.0118328 -0.0138194 -7.11553e-05 -0.00363205 -0.0139751
internal_weight=28303.3 18111.9 16876.4 10191.3 1235.51 654.345 16222.1 5792.14 1071.97 6201.54 10020.5 7417.39 5627.35 2603.14 5357.54 2517.12 574.187 4399.2 3456.53 434.599 2840.42 2155.23 285.107 530.49 1986.63 262.343 3339.67 685.194 942.673 3310.64
internal_count=866053 387013 375394 479040 11619 8951 366443 206507 8220 112578 253865 204999 102482 48866 197606 78487 10096 272533 222162 8901 119119 91097 5528 16049 62438 4101 216077 28022 50371 214435
is_linear=0
shrinkage=0.03


Tree=58
num_leaves=31
num_cat=0
split_feature=37 53 67 67 16 52 51 42 61 42 45 55 52 56 60 73 63 49 1 17 52 1 50 55 72 58 51 56 58 16
split_gain=969.221 471.147 402.263 225.296 223.897 184.698 156.586 139.037 140.569 133.831 105.173 95.919 78.8764 60.0656 57.0332 42.1845 39.2595 31.7424 29.5359 28.496 26.2844 25.8542 21.4704 19.4141 10.1831 6.96168 4.43704 4.27819 3.64162 2.89717
threshold=0.031211432069540027 0.072124548256397261 0.24340887367725375 0.65717908740043651 -0.20222463458776471 1.4806046485900881 0.037742983549833305 0.0057316706515848645 0.01172779453918338 0.012210481334477665 4.5000000000000009 0.21083009243011477 1.2090774178504946 -0.2127953693270683 -0.53483778238296498 1.6997306346893313 0.01303666038438678 0.75761449337005626 -0.15211737155914304 -0.33726815879344935 0.82791686058044445 -0.16475623846054074 0.014133274555206301 0.0014361349167302253 -0.23705311864614484 -0.44608558714389795 0.014874622691422703 -0.44373179972171778 0.033642398193478591 -0.13796419650316236
decision_type=8 2 2 2 10 2 2 2 2 2 2 2 2 2 2 2 2 2 10 10 2 8 2 2 2 2 2 2 2 10
left_child=4 2 6 11 20 7 26 13 -9 19 24 12 -3 -4 17 -12 25 23 -18 29 28 -21 -23 -11 -7 -16 -2 -19 -1 -6
right_child=1 3 5 -5 9 10 -8 8 -10 14 15 -13 -14 -15 16 -17 18 27 -20 21 -22 22 -24 -25 -26 -27 -28 -29 -30 -31
leaf_value=0 0.00083995636232969445 0.028981432100941739 0.001424364703507715 -0.003675431789596454 0.00089644245949629128 -0.0029018674871903816 0.024752300231415517 0.0030171237870287872 -0.0072309039801409444 -0.0010809380698928097 0.020187486106022418 0.0010909098181829883 0.00060260395178675093 -0.0075182772692327865 -0.00075539935955149049 0 0.0014771897910012734 0.00045509846530560603 -0.0070154093348443174 0 -1.0031206380510987e-07 -0.012594121308674504 0.00042469150553418563 0.0077958203855339565 0.0022970802351373106 0.0040371890708862995 -0.0029080366062624466 -0.0035877451807501091 0.011512231161141223 -0.0018334593193987687
leaf_weight=65.655985079705715 49.487354250624776 722.00025485828519 706.38206140045077 164.86526620015502 105.99494748003781 177.15900270454586 511.53499497845769 14040.521928992122 825.65178742818534 80.61705362983048 355.29079046845436 225.92752592638135 141.87635648623109 1671.4874555217102 100.37604660913348 74.889123917557299 186.21582070086151 38.507852638140321 2046.8327182326466 111.20980739314109 212.10229434631765 4329.8001788612455 38.583939678035676 362.21869786363095 161.06145329400897 146.68868066836149 110.59640843980014 160.29397252947092 135.83835199661553 204.71714038215578
leaf_count=1875 1353 4249 22634 3438 4317 4178 5493 329137 13510 3437 5309 2157 1915 49497 4521 1659 5285 1511 89094 3894 7169 252596 2147 15246 3791 6156 2553 7095 1813 8697
internal_value=0.00106866 0.00464815 0.00314073 0.0196335 -0.00724739 0.00195696 0.0202487 0.00109205 0.00221167 -0.00849975 0.0130486 0.0233954 0.0264702 -0.00497157 -0.0028787 0.0182732 -0.00483073 0.00321485 -0.00605675 -0.0114879 0.00792197 -0.0120543 -0.0123857 0.00614539 -0.000174792 0.0024861 -0.00153631 -0.00261003 0.010745 -0.000553625
internal_weight=28264.4 19938.7 18684.1 1254.67 8325.65 18012.4 671.619 17244 14866.2 7912.06 768.4 1089.8 863.877 2377.87 3121.75 430.18 2480.11 641.638 2233.05 4790.31 413.597 4479.59 4368.38 442.836 338.22 247.065 160.084 198.802 201.494 310.712
internal_count=865726 450873 439114 11759 414853 429715 9399 414778 342647 403996 14937 8321 6164 72131 132345 6968 105056 27289 94379 271651 10857 258637 254743 18683 7969 10677 3906 8606 3688 13014
is_linear=0
shrinkage=0.03


Tree=59
num_leaves=31
num_cat=0
split_feature=11 16 37 37 42 74 58 54 65 60 73 65 53 71 67 67 67 62 18 58 54 20 16 1 44 66 59 35 67 64
split_gain=945.467 486.013 204.044 184.088 126.824 117.758 129.484 126.131 100.019 72.1254 76.7636 63.2266 59.3117 58.0352 57.3229 53.7325 48.9685 46.8147 37.7101 35.5132 37.3522 33.4078 30.1032 25.7725 21.7821 21.6063 18.8809 16.696 15.9614 15.9377
threshold=-0.0093508060090243799 -0.20222463458776471 0.062662702053785338 0.045545894652605064 0.012794546317309143 -0.43640290200710291 -0.4387297630310058 0.16661001741886142 0.0042212110711261639 -0.82471337914466847 1.1130001544952395 0.017653307877480987 0.011325605679303409 0.18864688277244571 0.37678934633731848 0.24340887367725375 0.613153636455536 -0.83645135164260853 -0.55123251676559437 0.16431949287652972 -0.25780408084392542 -0.57283002138137806 0.011224001180380585 -0.016318380832672116 0.34351679682731634 0.48678788542747503 4.5000000000000009 -0.045404314994812005 0.24340887367725375 1.2021706104278567
decision_type=10 10 8 8 2 2 2 2 2 2 2 2 2 2 2 2 2 2 10 2 2 8 10 10 2 2 2 10 2 2
left_child=1 5 4 12 14 6 26 -7 -8 16 -11 -10 18 19 17 -5 -6 -3 -2 24 -21 -16 27 -17 -4 -9 -1 -14 -20 -15
right_child=3 2 13 15 9 7 8 25 11 10 -12 -13 22 29 21 23 -18 -19 28 20 -22 -23 -24 -25 -26 -27 -28 -29 -30 -31
leaf_value=-0.0021545367649921589 -0.00028422148387002882 0.0065746041189359639 0.0049329639639924365 0.0083096926661243541 0.011474068619781289 -0.00402601026041686 0 0.013121143473125001 0.026999543366582598 -0.0012283014115208536 0.0058529567959016123 0.0032214018507901176 5.269123507256079e-05 -0.0042792895964314515 0.0019481122426083838 0.0018501922378221657 -0.0018031099401876651 -0.002195237478377274 0 0.013133875585479848 0.0021322579871192585 -0.0054783422856169023 0.00059550243070080383 -0.0042264229140188238 -0.0015635189425816391 0 0.0046723013997556559 -0.0069317598916754097 -0.013086098958583535 0.0023253992103500062
leaf_weight=219.55128876306117 302.41794336400926 453.139393562451 2995.5912498962134 157.82476899027824 651.26101619191468 618.52235432714224 176.6424661912024 266.43926640227437 987.1281472761184 3784.0273392163217 1527.8287064041942 301.22945235483348 253.44022880867124 302.32825628295541 304.52750184573233 700.72000724077225 118.88359048776329 812.47066983580589 52.324925631284714 1315.3763432353735 678.76303053461015 4030.6979826446623 613.1013020677492 838.0738778617233 223.57408515736461 93.027723833918571 261.64235228858888 1606.0745289251208 3510.1879596831277 86.657838616520166
leaf_count=4029 12622 13313 49563 2188 14300 11843 1833 3664 8201 94194 33668 3631 11100 5113 7161 19194 2379 24874 2163 20964 10907 133492 27499 28065 3989 1831 2672 84602 225276 1111
internal_value=0.0009017 0.00435907 0.00222275 -0.00750575 -7.1217e-05 0.0147309 0.0184414 0.00340346 0.0219353 0.00279557 0.00108515 0.0240628 -0.00970932 0.00666954 -0.00320744 0.00092534 0.00928535 0.00174746 -0.0120945 0.0074858 0.0106876 -0.00474712 -0.00447291 -0.00153704 0.00425157 0.0114413 0.00174107 -0.00604324 -0.0128648 -0.00199011
internal_weight=28243.5 20209.3 17285.1 8034.17 11682.8 2924.18 1946.19 977.989 1465 6082 5311.86 1288.36 6337.55 5602.29 5600.84 1696.62 770.145 1265.61 3864.93 5213.3 1994.14 4335.23 2472.62 1538.79 3219.17 359.467 481.194 1859.51 3562.51 388.986
internal_count=865441 452732 415028 412709 323381 37704 20366 17338 13665 144541 127862 11832 363262 91647 178840 49447 16679 38187 240061 85423 31871 140653 123201 47259 53552 5495 6701 95702 227439 6224
is_linear=0
shrinkage=0.03


Tree=60
num_leaves=31
num_cat=0
split_feature=11 44 46 37 42 74 48 52 57 18 37 69 8 72 48 67 20 20 47 17 20 39 55 41 61 57 43 52 20 18
split_gain=899.497 415.349 282.372 184.468 155.428 181.639 225.507 221.983 96.9282 80.5781 77.9194 70.3068 63.7489 59.1936 33.5557 28.6416 26.8131 24.527 21.4208 16.0205 12.8687 11.2876 10.4928 9.71521 9.38632 9.10932 8.62552 5.01789 4.69748 5.16276
threshold=-0.0093956310302019102 0.63869464397430431 0.020930033177137378 0.057403996586799629 0.0095320697873830813 -0.85862159729003895 0.003563405829481781 0.987042397260666 0.22530420124530795 -0.44239293038845057 0.059249650686979301 -0.0035465866094455119 -1.3372249603271482 -0.38881509006023401 0.016217915341258052 0.24340887367725375 -0.30177927017211909 -0.4000136256217956 0.0040164487436413774 0.55421069264411937 0.38955637812614446 0.019036769866943363 0.002912446623668075 3.2357009649276738 0.0054120752029120931 0.41270652413368231 0.041196534410119064 1.7018284797668459 0.4168215692043305 -0.14781803637742993
decision_type=10 2 2 8 2 2 2 2 2 10 8 2 10 2 2 2 8 8 2 8 10 10 2 8 2 2 2 2 10 10
left_child=1 2 4 9 10 6 -6 -7 -4 20 16 18 22 -10 -12 -5 -1 -14 -3 -15 24 -19 27 28 25 -2 -13 -11 29 -17
right_child=3 11 8 15 5 7 -8 -9 13 12 14 26 17 19 -16 23 -18 21 -20 -21 -22 -23 -24 -25 -26 -27 -28 -29 -30 -31
leaf_value=0.00053136247342164484 -0.0046156942437699279 0.023495231178164863 -0.0019175926582036817 0.0081633569110381686 -0.0053348436805859892 -0.0037351855001252301 0.013935340039841235 0.004927279331632394 0 -0.0039486110948420876 0.0055573497565076704 -0.0020578917976391453 9.0901490029148989e-05 0.02290827494522104 -0.0013233657755129576 -0.0034144602525888988 -0.005483639081808908 -0.012316698493492964 0.00080855706388141145 0.0010677255250801049 0.0015813610197317209 0 0.0013060936691997073 0.0025624553972201777 0.001090096883739436 0.00035389271272907408 0.0029601355219279059 0.00041819193558118186 0.00094723680550049298 0.00055946537163196488
leaf_weight=614.41777619160712 1158.1227174522355 715.9198058154434 107.39953459426761 134.4748423807323 383.18273570016026 3699.8610288314521 2071.1780215930194 6826.7822945788503 157.49997929111123 506.36138550192118 890.99827204458416 83.161396386101842 93.795015627518296 488.1908064186573 789.94186810031533 529.16821797937155 2972.6883625127375 4327.9924093307927 105.29532561823726 114.39177959412336 262.4628174174577 45.233870830386877 308.43125320505351 254.91282764263451 93.058743276633322 197.58809882681817 123.3278541136533 46.735315278172493 36.14683511480689 79.414633793756366
leaf_count=17603 58219 7730 2232 1698 6027 85911 36238 148427 2478 25079 15320 2337 4354 3822 15512 15600 100851 264487 1744 1482 9092 2019 12500 6243 3085 9429 1396 1520 882 2067
internal_value=0.0010625 0.00444665 0.00313485 -0.00711284 0.0020697 0.00380034 0.0104316 0.00182411 0.0163732 -0.00879556 -0.00210255 0.0196391 -0.0105279 0.0189312 0.00262419 0.00327996 -0.00444099 -0.0118729 0.0222203 0.0213986 -0.00210484 -0.0121741 -0.00153445 0 -0.00316098 -0.00382954 0.000488404 -0.00327139 -0.0018188 -0.00260683
internal_weight=28218.1 20144.2 19116.5 8073.9 18249.1 12981 2454.36 10526.6 867.482 7039.78 5268.05 1027.7 5328.55 760.083 1680.94 1034.12 3587.11 4467.02 821.215 602.583 1711.23 4373.23 861.528 899.643 1448.77 1355.71 206.489 553.097 644.73 608.583
internal_count=865384 449110 435903 416274 425889 276603 42265 234338 10014 389784 149286 13207 309959 7782 30832 26490 118454 270860 9474 5304 79825 266506 39099 24792 70733 67648 3733 26599 18549 17667
is_linear=0
shrinkage=0.03


Tree=61
num_leaves=31
num_cat=0
split_feature=7 37 52 67 73 47 73 43 71 71 43 18 71 43 71 43 57 51 69 56 18 68 18 64 54 17 69 73 14 34
split_gain=875.623 509.448 270.528 234.256 225.358 195.759 152.384 136.056 164.68 206.788 88.8854 73.0049 69.9868 67.4179 66.5775 125.168 63.5031 51.3358 126.608 91.8928 49.3566 44.5612 43.913 39.3395 36.0452 27.0579 22.6998 16.1241 15.8586 13.39
threshold=-0.041388709098100655 0.026475309394299987 0.72651216387748729 0.24340887367725375 0.83812204003334057 0.0064522309694439181 1.0715442299842837 0.007056490285322071 0.038190448656678207 0.24369075149297717 0.0044955224730074414 -0.38557726144790644 0.030219870619475845 0.0052950447425246247 0.0081467917189002054 0.0019447697559371593 0.24349156767129901 0.00154599582310766 -0.0020174473756924267 -0.21782621741294858 -0.40394406020641321 1.360472619533539 -0.48210075497627253 -2.0284888744354244 1.1555703282356264 0.18533099442720416 -0.0024214773438870902 0.99824771285057079 -2.6658383607864375 0.050032675266265876
decision_type=10 8 2 2 2 2 2 2 2 2 2 10 2 2 2 2 2 2 2 2 10 2 8 2 2 10 2 2 10 8
left_child=2 20 5 10 13 11 14 12 27 -10 -3 -1 16 26 22 -16 -6 19 -19 -8 -2 23 -5 -15 -14 29 -4 -9 -7 -22
right_child=1 3 4 6 7 28 17 8 9 -11 -12 -13 24 21 15 -17 -18 18 -20 -21 25 -23 -24 -25 -26 -27 -28 -29 -30 -31
leaf_value=0.028974243667614339 -0.0037139769448456261 -0.0021442190833966856 0.0057374272175467972 0.00097913217767448468 -0.0039027133061863713 0.0052168270013407949 8.1617097157555711e-05 -0.0020894424436498685 0.023473986481866632 -0.0016256775340340688 0.018525843620208191 0.0003246691201098571 -0.0064116726953347639 0.0012407141554245673 0.0066314193561442976 -0.0029111422505695207 0.0066443092187982488 0.007466913729241958 -0.003203610979939828 0.01445021724773727 -0.01250970686039558 0.0020651000795308735 -0.0063637669697689759 -0.012519925110018145 0.0028464663356210138 0 -0.0016333828358550341 0.0036154559368181804 -0.00098156068687739613 0
leaf_weight=602.22539510764182 1708.5765693821013 88.398555995896459 196.87170213274658 666.77576187346131 223.42040833830833 293.08887855708599 775.29845004994422 331.30462037399411 948.15262919478118 266.85294038429856 349.84254154190421 121.73683964647353 434.3779931217432 80.5785450655967 1248.0756037905812 3725.3991677667946 3333.5116138830781 1211.8134263977408 1911.4781247088686 452.02248591557145 3507.6323809353635 88.36343983374536 3479.0158615447581 542.0730991307646 211.23919974640012 160.97552411910146 372.0917371828109 448.29769741371274 331.80921989679337 97.357719359919429
leaf_count=4050 85415 2556 3502 22228 4628 4014 23548 5880 6949 2509 4606 2197 7990 913 35243 112596 59294 34641 53092 10988 213878 754 123909 7903 3118 6995 6379 7008 4214 4430
internal_value=0.0010711 -0.00249421 0.00864697 0.000611622 0.0055888 0.0193411 -0.000362929 0.00788695 0.013685 0.0189196 0.0151159 0.0265025 0.0039088 -0.00445934 -0.00255608 -7.46355e-05 0.00550853 0.00396188 0.00131276 0.00819826 -0.00982568 -0.00867976 -0.00513994 -0.0107124 -0.00320038 -0.0117679 0.0021271 0.0010875 0.00268552 -0.0122411
internal_weight=28208.7 19382.7 8826 13908.1 7477.14 1348.86 13469.9 6197.16 1994.61 1215.01 438.241 723.962 4202.55 1279.98 9119.27 4973.47 3556.93 4350.61 3123.29 1227.32 5474.54 711.015 4145.79 622.652 645.617 3765.97 568.963 779.602 624.898 3604.99
internal_count=865427 734125 131302 423407 116827 14475 416245 97376 22346 9458 7162 6247 75030 19451 293976 147839 63922 122269 87733 34536 310718 9570 146137 8816 11108 225303 9881 12888 8228 218308
is_linear=0
shrinkage=0.03


Tree=62
num_leaves=31
num_cat=0
split_feature=7 16 37 19 42 18 71 58 42 51 48 65 42 73 64 41 71 71 56 74 71 46 20 54 44 67 24 34 51 11
split_gain=856.202 453.441 226.74 140.856 108.828 108.019 80.01 75.3788 63.2711 58.603 56.3406 65.1896 96.3013 74.9196 54.4027 45.4581 30.236 34.6735 28.0672 26.2839 24.1513 23.9762 21.3299 18.0321 17.0843 16.3645 15.3572 12.5457 12.5135 11.0751
threshold=-0.022879121825098988 -0.24198340624570844 0.084651198238134398 -0.81854039430618275 0.0095803169533610361 -0.5764884054660796 0.010585257317870857 -0.47197841107845301 0.073599830269813551 0.043138274922966964 0.035766299813985832 0.0042212110711261639 0.0080986893735826033 1.1591198444366457 0.37190929055213934 0.83843314647674572 0.0060254158452153215 0.18864688277244571 -0.21091198921203611 0.020669354125857357 0.050889605656266219 0.0031421958701685075 -0.63341414928436268 0.71036744117736828 0.14160401374101642 0.42211051285266882 -5.4999999999999991 -0.060311228036880486 0.080531179904937758 -0.012672024313360451
decision_type=10 8 8 10 2 10 2 2 2 2 2 2 2 2 2 10 2 2 2 2 2 2 8 2 2 2 2 8 2 10
left_child=1 10 3 16 9 20 -7 29 15 21 11 27 -13 -14 25 -4 22 -18 -16 -20 -5 23 -3 26 -17 -9 -2 -1 -11 -6
right_child=4 2 8 5 7 6 -8 14 -10 28 -12 12 13 -15 18 24 17 -19 19 -21 -22 -23 -24 -25 -26 -27 -28 -29 -30 -31
leaf_value=0.0031662801312248049 0.00011529685699874545 0.0045241663279219288 0.00027403991565073558 0.00736044725042215 0 -0.0041222241346979228 0.00092223785398764407 0.001643640508338775 -0.0015830522592336776 0.0036929289382237811 0 0.0014189828571552234 0.022168929096014745 -0.00019212961525457667 0 0 0.0076263873119871298 -0.001943216318967384 -0.00058552838289154712 0.011475954915230039 -0.0010016516482116817 0.00014507982792822419 -0.0014017510546634145 4.8689509374881719e-05 0.011875601198376783 -0.004165114235087362 -0.012966960195239305 -0.0029479542669392737 -0.0023162395194934165 -0.0076507650224136694
leaf_weight=97.922995181754231 27.334469257853925 355.62464565504342 452.8833560179919 1050.5534567981958 111.89754517935216 6167.5981016904116 4510.0516597144306 235.71642437949777 280.32625306770205 122.54080766253173 201.96572376787663 388.99255791027099 1375.508248350583 107.61390542797744 376.49544498883188 68.701979249715805 2567.2408960098401 129.95944320969284 94.473000138066709 181.93234827462584 178.62483086623251 79.474140436388552 979.12342498451471 49.813862085342407 2416.2638478316367 846.79376285336912 3165.8529629679397 109.48769923299551 106.76024381350726 1355.6092887539417
leaf_count=798 1314 7327 6921 25994 3315 192991 112187 11286 4038 5192 3176 5944 12934 1510 18162 1047 47035 2209 4876 7878 3718 4298 24201 2467 37396 42668 196772 1462 4368 72163
internal_value=0.00108271 0.00402876 0.00230128 0.000701609 -0.00785952 -0.000953657 -0.00201875 -0.00301078 0.0089836 -0.0112469 0.0154049 0.0165996 0.0180104 0.0207558 0.00111077 0.0101627 0.00522191 0.00683968 0.00597045 0.00924484 0.00603351 -0.0121553 0.000816257 -0.012516 0.0115166 -0.00259101 -0.0127733 0 0.000813926 -0.0070809
internal_weight=28193.1 21438.4 19157 15938.8 6754.69 11906.8 10677.6 3202.92 3218.18 3551.78 2281.49 2079.53 1872.11 1483.12 1735.41 2937.85 4031.95 2697.2 652.901 276.405 1229.18 3322.48 1334.75 3243 2484.97 1082.51 3193.19 207.411 229.301 1467.51
internal_count=865647 490888 465064 415662 374759 334890 305178 160348 49402 214411 25824 22648 20388 14444 84870 45364 80772 49244 30916 12754 29712 204851 31528 200553 38443 53954 198086 2260 9560 75478
is_linear=0
shrinkage=0.03


Tree=63
num_leaves=31
num_cat=0
split_feature=11 18 67 41 11 19 52 47 73 43 71 55 60 43 57 71 23 48 60 18 17 73 64 18 41 61 56 47 52 71
split_gain=812.971 328.844 318.97 194.176 107.249 106.989 92.6724 151.064 144.956 59.4279 54.0092 66.4671 49.1732 49.1015 47.2419 56.9714 44.0337 39.1552 34.612 33.2308 31.1756 27.2824 25.8965 25.5998 25.1891 24.955 23.024 18.201 16.1582 14.9322
threshold=-0.01165376231074333 -0.49771969020366663 0.24340887367725375 1.2080531716346743 -0.0082586887292563898 -0.54062640666961659 0.72651216387748729 0.0064522309694439181 0.84257051348686229 0.0044955224730074414 0.18864688277244571 0.0021347984438762073 0.74340707063674938 0.0082295509055256861 0.4425522387027741 0.142631970345974 -1.1256626248359678 0.0050933775492012509 0.37927569448947912 -0.46512320637702936 -0.36331897974014277 1.0356581807136538 0.60997986793518078 -0.48210075497627253 0.72594097256660473 0.002707779523916543 -0.36086665093898768 0.041187833994627006 1.7018284797668459 0.019541597925126556
decision_type=10 10 2 8 10 10 2 2 2 2 2 2 2 2 2 2 10 2 2 10 10 2 2 10 8 2 2 2 2 2
left_child=1 6 9 4 19 10 7 -1 17 -2 11 18 -13 22 15 -10 -5 -8 -3 -4 -6 -21 26 -18 -15 -12 -7 -24 -25 -26
right_child=2 5 3 16 20 13 8 -9 14 -11 25 12 -14 24 -16 -17 23 -19 -20 21 -22 -23 27 28 29 -27 -28 -29 -30 -31
leaf_value=0.026226461968463947 -0.0016223463039066119 -0.0019494472129827252 0 0.0044820395407662722 -4.70563289825421e-05 0.00071609268845776084 -0.0074203779908441174 0.0013956109518162339 0.0057695915565109807 0.016259753293684197 0.0029362009572943175 0.0087927124416466093 0.0007440074101519354 -0.0009870897683293947 -0.00089221399595355009 0.01871385676808231 0.0024197732217438308 0.002137424319982365 0.0047509538330908294 -0.0072206909639645333 -0.01215659245731132 -0.00089029921604098349 0.0038133035719763171 -0.0038081278718906405 -0.00027752078115302596 -0.0054964136872750115 -0.0051048255356824545 -0.0017803741052122449 0.0021690649651464272 0.0079868769703627714
leaf_weight=540.72312230430543 70.572549247182906 1350.6783934645355 1262.3178801350296 935.39255785383284 256.99598617479205 548.2816676851362 261.75618647225201 388.85024302452803 1738.2826646063477 291.53808148577809 67.890179201960564 3741.5208166874945 1031.8565862067044 356.09299286454916 178.6470159329474 476.6811140589416 539.61111928336322 373.73417498171329 599.88410814851522 2091.599190948531 3653.3344425354153 1161.7950879978016 499.42490759119391 2227.9974062750116 123.45786437951028 327.97355947643518 2019.3980274256319 582.83269328065217 80.796726790256798 419.90043303743005
leaf_count=3658 2695 30148 43507 24751 9653 13910 3422 4564 34957 3927 757 62385 17835 6682 3030 3573 16949 5937 12788 91460 235981 45984 11878 92976 2524 5129 52496 13700 2505 6053
internal_value=0.00105115 0.00554979 -0.00451643 -0.00558489 -0.00799945 0.00273398 0.0125454 0.0201703 0.00759428 0.013507 0.00491724 0.00558586 0.00734523 -0.000771992 0.0105702 0.0115992 2.80901e-05 -0.00306914 0.000537713 -0.00404278 -0.0115243 -0.00545976 -0.00239212 -0.00179583 0.0040938 -0.00288375 -0.00384995 0.00100064 -0.00314326 0.00658845
internal_weight=28199.8 15627.9 12572 12209.8 8426.04 11669.2 3958.67 929.573 3029.1 362.111 7119.8 6723.94 4773.38 4549.39 2393.61 2214.96 3783.8 635.49 1950.56 4515.71 3910.33 3253.39 3649.94 2848.41 899.451 395.864 2567.68 1082.26 2308.79 543.358
internal_count=865814 295426 570388 563766 426585 236285 59141 8222 50919 6622 129042 123156 80220 107243 41560 38530 137181 9359 42936 180951 245634 137444 91984 112430 15259 5886 66406 25578 95481 8577
is_linear=0
shrinkage=0.03


Tree=64
num_leaves=31
num_cat=0
split_feature=7 16 1 53 37 49 59 74 44 8 49 71 61 61 74 69 19 24 65 60 47 59 20 17 20 39 47 56 45 24
split_gain=791.497 457.086 210.154 127.119 120.742 96.2207 138.578 111.941 93.8321 78.5649 62.1199 54.2395 69.8478 57.6372 54.7167 53.394 47.0777 42.6628 36.5887 34.1174 30.5644 28.5395 27.4249 21.6751 21.1085 20.2238 17.5579 16.5004 15.1003 14.8013
threshold=-0.022879121825098988 -0.22209585458040235 -0.14459675550460813 0.011325605679303409 0.031938709318637855 0.11457947269082071 2.6999999284744267 -0.43640290200710291 0.24544852972030642 -0.8705124258995055 0.64032775163650524 0.0081467917189002054 0.01172779453918338 0.019599878229200843 0.85342490673065197 -0.011106071062386034 -0.3526166826486587 -7.4999999999999991 0.015497704502195122 -0.82471337914466847 -0.033310472965240472 3.8999999761581425 0.24785774946212771 -0.24983777850866315 -0.57283002138137806 -0.014511436223983763 0.027162352576851848 -0.5668559968471526 8.5000000000000018 -5.4999999999999991
decision_type=10 10 10 2 10 2 2 2 2 10 2 2 2 2 2 2 10 2 2 2 2 2 10 10 8 10 2 2 2 2
left_child=1 5 11 15 22 20 -7 8 -8 19 -9 14 18 -14 24 -2 -5 -11 -13 -6 -1 26 27 -23 -3 -17 -18 -4 29 -27
right_child=3 2 4 16 9 6 7 10 -10 17 -12 12 13 -15 -16 25 21 -19 -20 -21 -22 23 -24 -25 -26 28 -28 -29 -30 -31
leaf_value=-0.004165664712440416 0.00019695038476245341 0.0033103957557288673 0 0.0035911581651632682 0.0072888927085540895 -0.00060315935478940535 0.0021485922067892233 -0.0023670345728216509 0.026180449352849654 0.0024098009411977223 0.0095898060254229305 0.00084554142635112292 -0.005365898509580279 0.006065305433946718 0.0072245943823084939 0.00010572995105686571 -0.0022002350116938673 -0.0035632897940413803 0.012754820307442728 0.0019175280375195516 0.0044438780030013614 0.0004248588360423281 0.00012718185497944667 -0.0071116297678568106 -0.0024501966816126227 0.00010754271134895787 0.0041137122394462634 -0.0066253591273135936 0 -0.01224343850497419
leaf_weight=167.80317474156618 306.16838766261935 315.21773060411215 317.94712785631418 594.57430260721594 1271.5930567774922 318.20830838568509 299.28514127247036 422.77749799657613 1006.4228876549751 1138.0374963227659 271.79581475630403 401.57299889717251 348.20120938867331 246.20387713983655 766.22396645694971 71.370739886537194 330.47225290164351 2715.2110159331933 1870.436077170074 4893.2936803605407 323.08680301532149 275.63950988743454 720.59257926233113 1125.9711030572653 1364.7841549338773 31.365156285464764 244.20560708269477 2322.9401911282912 64.768005296587944 3628.2469913940877
leaf_count=1997 14053 5574 12477 23127 26612 6115 3227 7558 8218 19750 3874 6336 6152 2703 14290 3580 17440 77134 28938 105396 4115 12057 26582 56916 31081 1512 12213 92463 3977 230249
internal_value=0.000998873 0.00381321 0.00191959 -0.00766157 -0.000123036 0.0141282 0.0162781 0.0186672 0.0229584 0.00152549 0.00411622 0.00668353 0.00928923 0 0.00247013 -0.0106882 -0.00178086 -0.00165609 0.0112903 0.00353416 0.000581147 -0.00391697 -0.00467516 -0.00574974 -0.000720364 -0.0115567 0.000869296 -0.00589269 -0.0118373 -0.0120653
internal_weight=28174.4 21501.6 18692.3 6672.78 13379.6 2809.38 2318.49 2000.28 1305.71 10018.1 694.573 5312.64 2866.41 594.405 2446.23 4101.92 2570.86 3853.25 2272.01 6164.89 490.89 1976.29 3361.48 1401.61 1680 3795.75 574.678 2640.89 3724.38 3659.61
internal_count=865716 490592 455488 375124 360414 35104 28992 22877 11445 228892 11432 95074 44129 8855 50945 253371 121753 96884 35274 132008 6112 98626 131522 68973 36655 239318 29653 104940 235738 231761
is_linear=0
shrinkage=0.03


Tree=65
num_leaves=31
num_cat=0
split_feature=11 37 67 52 73 60 46 61 71 74 43 56 61 18 55 43 41 48 42 16 67 8 16 57 46 60 19 8 55 3
split_gain=759.337 455.667 282.927 184.819 164.701 158.408 135.563 142.468 108.002 96.1292 89.7796 89.4826 116.674 73.0773 69.4398 112.927 45.4651 45.1152 43.6729 40.6786 39.3679 25.9894 21.652 21.0237 22.4796 17.2198 15.3748 14.3012 11.8976 8.72403
threshold=-0.016004529781639572 0.026475309394299987 0.24340887367725375 0.72651216387748729 1.0715442299842837 -0.71608269214630116 0.020930033177137378 0.011437317822128536 0.15213204920291903 -0.14509269595146176 0.0044955224730074414 -0.22311353683471677 0.0038006803952157502 -0.40394406020641321 0.0019757540430873637 0.0019447697559371593 0.52258661389350902 0.024913582019507888 0.067184064537286772 0.037010958418250091 0.5513879954814912 -1.9444056153297422 -0.18982808291912076 0.22530420124530795 0.0065086062531918296 0.47708456218242651 -1.0548689961433408 -0.86268174648284901 0.002912446623668075 -0.007127864519134163
decision_type=10 8 2 2 2 2 2 2 2 2 2 2 2 10 2 2 8 2 2 10 2 8 10 2 2 2 10 10 2 10
left_child=3 13 10 5 14 18 7 9 25 17 -3 20 -13 22 21 -16 -11 -5 -1 26 -6 -4 -2 -9 -25 -8 -15 -24 -21 -28
right_child=1 2 4 6 11 -7 8 23 -10 16 -12 12 -14 19 15 -17 -18 -19 -20 28 -22 -23 27 24 -26 -27 29 -29 -30 -31
leaf_value=0.024682326330722721 0.002455951055517993 -0.0019953170742482451 0.00059315244229505226 0.0033524999574784187 0.0023378442286771366 0 -0.0037087916212468946 0.0011130259284122214 0.020815813954894662 -0.0011853001679278665 0.019234187360774389 1.0129179632074266e-05 0.012002907447333795 0 0.0047481639502434921 -0.0030520697674027105 0.0098230385612381073 -0.0034517929327491583 0.00059421601350799404 -0.0035156651406906964 -0.0045722338358283885 -0.007283429931116526 0 0.00081145838962726885 -0.0094889089880041463 0.0032121022973106914 0 -0.0054640137426483458 0.0017934750753328429 -0.012960132704244913
leaf_weight=705.23537583462894 195.22913319338113 85.411380944773555 275.02965608797967 1862.7772832270712 1240.5538033200428 341.91792439669371 104.033069152385 84.351220227777958 379.89732423424721 214.08138069696724 422.4719046484679 1279.9882284803316 1374.246395252645 65.894918633624911 1855.2638071328402 5213.0809520408511 2520.5430106315762 886.59988637268543 125.9194461889565 402.63744233176112 782.03250686638057 2231.825189108029 570.22134700510651 83.621168721467257 455.66987580060959 196.79429657384753 43.807136829942465 986.32975741662085 170.15546285547316 3005.6050620926544
leaf_count=5519 6537 2503 7387 29800 37289 5083 2021 979 1779 4308 5070 39988 29652 3021 53599 154878 39911 15653 1411 20856 20506 84828 27132 952 6360 2720 1582 53398 7457 193792
internal_value=0.00110417 -0.00199945 0.000780205 0.00866698 -0.000275831 0.0181739 0.0058489 0.00363445 0.0155106 0.00529068 0.0161476 0.00406076 0.00723295 -0.00902274 -0.00252014 -0.000786637 0.00881849 0.000872461 0.0228523 -0.0112825 -0.000591698 -0.00636457 -0.0026831 -0.00653614 -0.00798109 0 -0.0125247 -0.00391393 -0.00155805 -0.0127937
internal_weight=28161.2 20199.8 14759.9 7961.44 14252 1173.07 6788.37 6107.64 680.725 5484 507.883 4676.82 2654.23 5439.88 9575.2 7068.34 2734.62 2749.38 831.155 3688.1 2022.59 2506.85 1751.78 623.642 539.291 300.827 3115.31 1556.55 572.793 3049.41
internal_count=865971 749475 435700 116496 428127 12013 104483 97963 6520 89672 7573 127435 69640 313775 300692 208477 44219 45453 6930 226708 57795 92215 87067 8291 7312 4741 198395 80530 28313 195374
is_linear=0
shrinkage=0.03


Tree=66
num_leaves=31
num_cat=0
split_feature=11 11 41 37 51 73 58 48 69 18 65 53 55 51 61 65 17 67 62 63 71 18 62 58 16 0 71 63 63 18
split_gain=733.635 383.405 177.991 158.794 115.413 103.159 121.115 90.9616 82.5133 70.7091 70.5935 67.7431 63.8262 54.0488 117.131 52.4023 48.3411 46.9313 36.6958 29.6815 31.9907 26.1455 22.7613 22.5626 20.8427 17.6711 16.5442 14.2546 18.4033 14.1169
threshold=-0.0093956310302019102 -0.018780004233121868 0.86723554134368908 0.045545894652605064 0.037742983549833305 0.88916784524917614 -0.4387297630310058 0.02828063536435366 -0.0078729959204792959 -0.5764884054660796 0.0042212110711261639 0.011325605679303409 0.13922602683305743 0.0021988997468724851 0.0038518211804330353 0.024077415466308597 0.1437029838562012 0.26157814264297491 -0.90110513567924488 0.046968182548880584 0.0050930639263242492 -0.41966700553894037 -0.59282606840133656 1.2294968366622927 0.011224001180380585 -0.10281330347061156 0.038190448656678207 0.02585670538246632 0.010716202668845655 -0.46054364740848536
decision_type=10 10 10 8 2 2 2 2 2 8 2 2 2 2 2 2 10 2 2 2 2 10 2 2 10 10 2 2 2 10
left_child=1 5 9 11 13 6 27 10 -6 22 -8 21 19 14 -4 -15 18 -5 -11 20 -7 -2 23 -3 29 -19 -23 28 -1 -13
right_child=3 2 4 17 8 12 7 -9 -10 16 -12 24 -14 15 -16 -17 -18 25 -20 -21 -22 26 -24 -25 -26 -27 -28 -29 -30 -31
leaf_value=-0.0013140173802211697 -0.003686814989562753 -0.0037570333300061282 -1.6885274203420053e-05 0.007737301222552586 0.015922345718026126 0 0 -0.00074295083150680648 -0.0003082673340611696 0.00092253835034133481 0.023327389350693086 0 -0.0041676575603150322 0.0029156396009051518 0.01162429802382489 -0.0028630690840078963 0.0017997840951121064 0.0026355238970670793 -0.005200183956995741 -0.0015528641939917193 0.0089464132648968756 -0.013157962799944143 0.007015778328780386 0.0038205935444512004 0.00061610510961811811 -0.002803829610060492 0 -0.0023464424778291354 0.0059934996874159195 -0.0060096766913385249
leaf_weight=183.18271235004067 1009.665938206017 300.12545726634562 1461.0948204966262 204.74323754757643 680.23666951060295 474.397505749017 147.00398873910308 117.82641851902008 299.16671415232122 816.02428538631648 1127.6188267413527 482.21423615328968 173.18168162927032 2997.4763160562143 1045.1310601867735 1853.7758861081675 1170.2600277038291 277.5507996622473 4295.2547484608367 126.64178272336721 2075.5895897429436 2573.4300764938816 480.32452427968383 124.92608282156289 612.47554817516357 1238.0654957313091 98.989058229140937 106.87062801606953 265.67407715879381 1330.2208240544423
leaf_count=3010 56449 6199 38021 3424 9385 8352 1380 1885 4860 26265 9609 20794 2378 70799 19926 41736 28371 6151 129501 2725 27710 180251 10073 1790 27936 40533 5368 1674 3463 75583
internal_value=0.00106423 0.00406594 0.00160856 -0.00646913 0.00448485 0.0110579 0.0160959 0.0197829 0.0123332 -0.00176362 0.0215241 -0.00859688 0.00563589 0.0026836 0.00586381 0.000590209 -0.00296629 0.00118396 -0.00417411 0.00692079 0.00762556 -0.0110885 0.00445378 -0.000344315 -0.00346214 -0.00125222 -0.0127686 0.00157935 0.00357415 -0.00480527
internal_weight=28149.1 20321.8 15523.8 7827.36 8336.88 4797.99 1948.18 1392.45 979.403 7186.92 1274.62 6107 2849.81 7357.48 2506.23 4851.25 6281.54 1720.36 5111.28 2676.63 2549.99 3682.09 905.376 425.052 2424.91 1515.62 2672.42 555.727 448.857 1812.44
internal_count=865601 449112 386926 416489 184727 62186 21021 12874 14245 202199 10989 366381 41165 170482 57947 112535 184137 50108 155766 38787 36062 242068 18062 7989 124313 46684 185619 8147 6473 96377
is_linear=0
shrinkage=0.03


Tree=67
num_leaves=31
num_cat=0
split_feature=11 7 73 57 52 73 47 63 37 55 55 71 47 69 43 53 68 61 59 44 8 44 71 59 47 17 19 58 34 62
split_gain=709.512 422.941 183.081 154.071 151.94 185.299 129.49 115.704 110.571 109.762 114.916 102.3 137.234 101.56 72.2283 69.5701 56.2602 55.2941 53.1756 52.3769 48.2942 46.332 36.7999 29.9734 24.6037 21.3756 18.481 12.0085 9.91508 9.42517
threshold=-0.0082586887292563898 -0.050697209313511842 1.0822877287864687 0.41205300390720373 0.72651216387748729 0.83812204003334057 0.0064522309694439181 0.010384381748735906 0.049555154517292983 0.13922602683305743 0.061570081859827049 0.0097139216959476488 0.0028147569391876463 -0.0039777935016900292 1.0000000180025095e-35 0.01116123888641596 1.3225365281105044 0.0054120752029120931 6.9000000953674325 0.29679679870605474 -1.2178086042404173 0.32305502891540533 0.033868191763758666 1.6999999880790713 0.037488505244255073 -0.28891186416149134 -0.77815338969230641 1.0060126781463625 0.061859905719757087 -0.6980018913745879
decision_type=10 10 2 2 2 2 2 2 8 2 2 2 2 2 2 2 2 2 2 2 10 2 2 2 2 10 10 2 8 2
left_child=1 4 3 11 6 16 -1 19 20 10 -7 18 -13 15 17 -4 22 -15 -3 -5 -2 -16 -6 -9 -17 -22 -27 -10 -28 -8
right_child=8 2 13 7 5 9 29 23 27 -11 -12 12 -14 14 21 24 -18 -19 -20 -21 25 -23 -24 -25 -26 26 28 -29 -30 -31
leaf_value=0.025119217734707263 -0.00149895040917948 -0.0056445599094000209 -0.00083433960683772723 -0.00074875055245664744 0.0014198692296343771 0.0054365359787922687 -0.0013732232049228209 0.0040665627307012991 -0.00095756940332725443 -0.0043427017265248299 0.019521556340835151 -0.0057040227631772892 0.0038785416210019713 0 -0.0031675784108580241 0.015941746506268055 0.0036092790208590254 0.013178670589500239 0.0026088436650484469 0.015021272768919994 -0.0021967534972920579 0.003076245516481905 -0.0099297475238647528 -0.0044478430634038151 0.00033796963827440645 0 -0.012552543507795009 0.003993461122718223 0 0.0037515948647840196
leaf_weight=599.2825572360307 807.94192519504577 5337.5299346223474 220.67402724083513 132.5068948334083 140.90562715008855 2348.322250334546 87.514849605038762 88.851360472850502 708.9439687486738 186.11407178267837 634.77054653316736 1483.8761020889506 3660.171058033593 428.88097006268799 1519.887417932041 763.13237749971449 222.7102769818157 326.00463918037713 453.42445668391883 569.72818417288363 562.37110232375562 1766.8802301026881 475.94206090271473 535.64969398081303 164.84857686422765 104.44363086298108 3167.7143205199391 179.35630156286061 45.374472501687706 365.3497577868402
leaf_count=4134 42885 176494 6604 3955 2362 36454 1380 2538 21297 2624 3744 37805 89368 12637 37358 12470 2522 6676 11521 12667 28011 46644 6128 16875 3381 6100 219296 4323 2078 3818
internal_value=0.00101779 0.00341792 0.00107053 -0.000937204 0.0106346 0.00638435 0.0193621 0.00716211 -0.0081069 0.00944561 0.0108919 -0.00221632 0.000800724 0.00553194 0.00251418 0.0119855 -0.00415987 0.00864078 -0.00479465 0.0127222 -0.00979482 7.2708e-05 -0.00759357 -0.00170014 0.0144688 -0.0110855 -0.0120286 0.000904225 -0.0123789 0.00224549
internal_weight=28089.1 22513 17452 12261.7 5060.91 4008.76 1052.15 1326.74 5576.15 3169.21 2983.09 10935 5144.05 5190.31 4041.65 1148.65 839.558 754.886 5790.95 702.235 4687.85 3286.77 616.848 624.501 927.981 3879.9 3317.53 888.3 3213.09 452.865
internal_count=864149 540159 476993 351223 63166 53834 9332 36035 323990 42822 40198 315188 127173 125770 103315 22455 11012 19313 188015 16622 298370 84002 8490 19413 15851 255485 227474 25620 221374 5198
is_linear=0
shrinkage=0.03


Tree=68
num_leaves=31
num_cat=0
split_feature=11 16 41 41 56 72 49 59 73 51 68 23 16 62 52 55 64 20 47 62 56 0 7 66 51 51 18 70 43 24
split_gain=714.741 418.32 194.358 115.769 111.858 94.866 93.6591 130.223 87.4751 95.6187 85.3907 102.617 63.5037 57.9854 53.1257 41.2874 37.5483 36.2881 32.7725 28.8737 26.0934 24.2883 21.4127 16.3512 12.8531 11.6054 11.3373 9.94339 8.79239 8.34027
threshold=-0.0082586887292563898 -0.21655384451150891 0.79145881533622753 1.2640191316604616 0.95914658904075634 -0.30113743245601649 0.11457947269082071 2.6999999284744267 1.0873772501945498 0.0067247892729938039 -0.95098397135734547 -1.1640835404396055 0.12929907441139224 0.39663635194301611 0.87856146693229686 0.0022145491093397145 0.60997986793518078 0.38955637812614446 -0.033310472965240472 -0.91916343569755543 6.5999212265014657 0.12728813290596011 -0.022879121825098988 -0.59651404619216908 0.016811338253319267 0.0046884159091860065 -0.65356725454330433 -2.1080734729766841 0.0030119407456368212 -7.4999999999999991
decision_type=10 10 8 8 2 2 2 2 2 2 2 10 10 2 2 2 2 10 2 2 2 8 10 2 2 2 10 2 2 2
left_child=1 6 5 17 10 14 18 24 9 -9 19 -12 16 20 15 -3 -7 21 -1 -4 -6 26 -5 -16 -8 -14 -2 -20 -24 -28
right_child=3 2 4 22 13 12 7 8 -10 -11 11 -13 25 -15 23 -17 -18 -19 27 -21 -22 -23 28 -25 -26 -27 29 -29 -30 -31
leaf_value=-0.0045665363957442659 0 -0.0012299614562969639 0.0025609095626526242 0.0023772803637228707 0.014674186360116168 -0.0062789995678649612 0.0019355506574306439 0.0024091321923937147 -0.00014497823200863716 0.022219030857992133 0.0068597787330299696 0.00065729807404919251 -0.00063353791340983148 -0.0014736836152816901 0.0027981750857088874 0.0097298234937481416 0 0.00040187632246749803 -0.00051507177983675342 -0.0046117709677925469 -4.311367135461935e-05 0.00024767568536387019 -0.0043591880168530397 -0.0025366222271863497 -0.0039850220519593001 0.005790245688656174 0 0.0058176126185414253 0.00027998957658576927 -0.011829612660595278
leaf_weight=168.7398648634553 34.074060273356736 229.49590203631669 273.79394983965904 624.75600751210004 822.6825845092535 3948.0357352467254 216.24518751725554 438.08914480078965 190.06590333394706 1411.3529666205868 4488.3474677708 5084.3317461153492 138.41922274138778 122.79883008170873 250.14952359627932 582.35473420098424 1033.1854258086532 167.55447021126747 101.97066961787641 1335.270789434202 71.038625743240118 89.666155816055834 652.18883705511689 1113.4992216080427 96.385710379108787 230.43664716836065 20.746157861314714 220.70622772164643 290.58122578077018 3671.1271765176207
leaf_count=1998 1400 8102 6827 17726 13905 127001 4384 7402 3260 12531 84170 138063 3045 3041 6666 11312 32532 5884 1931 33063 1638 2413 36974 32701 1474 4058 797 1925 14385 245402
internal_value=0.000965458 0.0033662 0.00164076 -0.00821721 0.00392764 -0.00204244 0.0132096 0.0153001 0.0175736 0.0191656 0.00271426 0.0037914 -0.00410795 0.0117815 0.00274344 0.00711504 -0.00508222 -0.0106827 0.000230888 -0.00293127 0.0136933 -0.0112292 -0.000738754 -0.000908856 -0.00084944 0.004057 -0.011573 0.00435497 -0.00311987 -0.0117242
internal_weight=28118.1 22567.4 19723.8 5550.69 12198.3 7525.58 2843.56 2352.14 2039.51 1849.44 11181.7 9572.68 5350.08 1016.52 2175.5 811.851 4981.22 3983.17 491.417 1609.06 893.721 3815.61 1567.53 1363.65 312.631 368.856 3725.95 322.677 942.77 3691.87
internal_count=866010 541029 506124 324981 280707 225417 34905 29051 23193 19933 262123 222233 166636 18584 58781 19414 159533 255896 5854 39890 15543 250012 69085 39367 5858 7103 247599 3856 51359 246199
is_linear=0
shrinkage=0.03


Tree=69
num_leaves=31
num_cat=0
split_feature=71 60 57 37 18 54 73 64 44 66 46 60 66 52 45 16 18 59 59 45 55 68 57 49 41 20 54 55 52 66
split_gain=671.269 334.482 291.014 290.475 237.742 157.587 155.97 152.262 117.959 116.138 110.18 108.559 104.207 107.737 98.0971 98.3144 96.4977 92.6438 85.694 71.571 69.058 61.6852 64.9747 57.511 51.1132 44.9304 32.8143 32.4463 29.8392 29.2007
threshold=0.010585257317870857 -1.2422723770141599 0.34713867306709295 0.02695508394390345 -0.44905549287796015 0.34037712216377264 1.2529957294464114 -2.3588857650756831 0.28708791732788091 0.39959990978240972 0.0019475462613627317 0.17833617329597476 -0.035239960998296731 1.0196273326873782 8.5000000000000018 0.12929907441139224 -0.55123251676559437 4.2999999523162851 3.8999999761581425 6.5000000000000009 0.0033312080195173626 1.519447982311249 0.35230356454849249 0.84930127859115612 0.48835329711437231 0.30890619754791265 0.28628985583782202 0.0040150943677872428 1.2011632323265078 0.84187352657318126
decision_type=2 2 2 8 10 2 2 2 2 2 2 2 2 2 2 8 10 2 2 2 2 2 2 2 10 10 2 2 2 2
left_child=3 7 4 25 9 11 14 -2 -9 10 -3 20 24 -14 15 16 -5 27 -8 23 -4 22 -7 -20 -6 28 -13 -10 -1 -16
right_child=1 2 5 6 12 21 18 8 17 -11 -12 26 13 -15 29 -17 -18 -19 19 -21 -22 -23 -24 -25 -26 -27 -28 -29 -30 -31
leaf_value=-0.011109327490128999 -0.0027336024125672025 0.0002000140970320928 0.0046040630503349465 0.0036264292636010165 -0.0018264737425144394 -0.0025976360690940763 -0.0024563770693985022 0 0 0.00072096257665978786 0.021823959282800214 0.0057462062273833485 -0.0066825021981623163 0.0042308645316636289 0.0094656871686896668 0.0033217742355042146 -0.0053116444909317153 -0.00043467848737413056 0.018686594251801854 0 -0.0077911345551246146 -0.0024100340081414091 0.011073598037299858 -0.00053235780077163326 0.0092252057705258083 0 -0.0030706268816927487 0.025666831769974165 -0.0013361588630038613 -0.0008214251726351066
leaf_weight=3485.3682453511283 157.90179016254842 286.44714609440416 97.659125482663512 875.60003683529794 230.62723402027041 151.58793037198484 280.48948491923511 251.21209737192839 66.621736389584839 472.75182424206287 1149.6948893116787 719.36996991280466 1096.4390041856095 1160.6031120708212 361.57660055253655 1561.0230205301195 6770.2372398488224 100.31395353190601 351.86975492257625 340.18104839976877 3039.4268594859168 325.23398794047534 908.67437526024878 100.09078499022871 1544.9493897613138 405.1034415056929 134.78873082902282 951.02748511452228 539.97223558835685 175.83450953103602
leaf_count=216815 4502 7332 3921 22734 6911 3758 7640 5342 2375 10211 14274 18502 27365 24519 7904 29586 223598 1884 7490 6874 74837 9900 21320 2264 35919 17478 3162 13100 29968 3969
internal_value=0.000940298 0.00588408 0.0036554 -0.00326019 0.00797168 -0.00133565 -0.000458305 0.0172784 0.0198606 0.0155513 0.0188314 -0.00433442 0.00299787 -0.00121232 -0.00181388 -0.00269728 -0.00409146 0.0228321 0.00832699 0.0118505 -0.0067429 0.00600249 0.00872065 0.0160711 0.00757197 -0.00929992 0.00351329 0.0247108 -0.0101571 0.007037
internal_weight=28092.7 12845.3 11318.3 15247.3 5941.51 5376.74 10816.9 1527.08 1369.18 1908.89 1436.14 3991.24 4032.62 2257.04 9744.27 9206.86 7645.84 1117.96 1072.63 792.142 3137.09 1385.5 1060.26 451.961 1775.58 4430.44 854.159 1017.65 4025.34 537.411
internal_count=865454 289134 261931 576320 126531 135400 312059 27203 22701 31817 21606 100422 94714 51884 287791 275918 246332 17359 24268 16628 78758 34978 25078 9754 42830 264261 21664 15475 246783 11873
is_linear=0
shrinkage=0.03


Tree=70
num_leaves=31
num_cat=0
split_feature=37 18 19 16 58 59 71 67 61 53 43 8 72 71 71 74 67 62 65 49 60 50 71 61 63 20 18 61 52 16
split_gain=653.958 323.838 176.417 155.853 126.674 132.406 121.718 85.0162 83.0393 79.8551 73.2848 68.9612 65.1305 59.4236 68.7243 74.2968 59.3269 49.569 42.178 40.8031 36.4348 30.3372 26.2923 25.2861 23.3589 21.0491 20.9538 20.757 19.1727 18.7791
threshold=0.02977757062762976 -0.48210075497627253 -0.52149447798728932 -0.20222463458776471 1.1460682153701784 4.0999999046325692 0.050889605656266219 0.24340887367725375 0.0036549614742398266 0.011325605679303409 0.0036840994143858556 -1.2970237135887144 -0.54151421785354603 0.18864688277244571 0.01001398963853717 0.85342490673065197 0.46194587647914892 -0.22009134292602536 0.0093713700771331804 0.048681849613785751 -0.53483778238296498 0.014379888772964479 0.0097139216959476488 0.0029982879059389238 0.012840251903980972 0.32562297582626348 -0.61339628696441639 0.002707779523916543 0.82791686058044445 0.11701720207929613
decision_type=8 8 10 10 2 2 2 2 2 2 2 10 2 2 2 2 2 2 2 2 2 2 2 2 2 8 10 2 2 10
left_child=3 4 13 28 5 6 18 -4 -7 21 -6 -9 -10 14 15 -3 -16 19 -2 -12 23 26 -13 -11 -22 -26 -5 -15 -1 -28
right_child=1 2 7 9 10 8 -8 11 12 20 17 22 -14 27 16 -17 -18 -19 -20 -21 24 -23 -24 -25 25 -27 29 -29 -30 -31
leaf_value=0.0088536440396886924 -0.0029824582502655113 -0.00064988256036148493 0.0074808698324603891 2.6922205539697893e-05 -0.00040060772611721294 9.4987302432695969e-05 -0.0076877251076111087 0.00080915261458617172 0 -0.0021087488835993692 0.0017842619921431639 -0.0072466858479233983 0.015162100560942814 0.0022494607372588187 0.010828849138116424 0.0074695693543265973 0.0024840425758147796 0 0.0064632095087689221 0.023078162326378316 0.0013625399277186626 0.0007648716438308198 -0.0018881089092830251 0.005236553453226175 -0.0065572954385427328 0.00068924897296975571 -0.011516626360803249 -0.0056673189034845218 -0.00019741066323707599 0.00019210720421909049
leaf_weight=192.85261509474367 187.83034099731594 3122.0446801055223 295.60587066039443 96.727210043929517 135.40792016405612 620.11770603060722 621.91258023586124 2595.9323764722794 264.19107793644071 397.67775901872665 216.80951837264001 2081.932902703993 1345.203397189267 65.265787186101079 1960.1968308631331 921.04840528219938 1837.7941198414192 95.51074321847409 1298.4799036150798 721.72698469460011 229.66942966077477 94.738649966195226 2199.2249409435317 312.35060346592218 1892.4937333669513 235.24029982555658 3433.9537471877411 356.72093661315739 183.13666034024209 58.752393483184278
leaf_count=3334 4654 72709 4634 3854 3487 15253 9530 64975 4611 19334 2755 80049 19364 757 33936 18932 29147 1515 32371 8111 10648 5259 66212 13854 88241 8396 225606 5745 6281 2426
internal_value=0.00108162 0.00375681 0.00138526 -0.00647053 0.00968535 0.00595804 0.00013326 -0.0019615 0.0103227 -0.00763334 0.0174059 -0.00288756 0.0131647 0.00427079 0.00491651 0.00175227 0.00761944 0.0193038 0.00466822 0.0206976 -0.00314691 -0.0104746 -0.00504206 0.00170322 -0.00475513 -0.00566325 -0.0109019 -0.00356162 0.00650626 -0.0112451
internal_weight=28070.6 20943 15435.8 7127.59 5507.19 4337.74 2108.22 7172.7 2229.51 6751.6 1169.46 6877.09 1609.39 8263.07 7841.08 4043.09 3797.99 1034.05 1486.31 938.537 3067.43 3684.17 4281.16 710.028 2357.4 2127.73 3589.43 421.987 375.989 3492.71
internal_count=865980 478747 377096 387233 101651 85783 46555 215870 39228 377618 15868 211236 23975 161226 154724 91641 63083 12381 37025 10866 140473 237145 146261 33188 107285 96637 231886 6502 9615 228032
is_linear=0
shrinkage=0.03


Tree=71
num_leaves=31
num_cat=0
split_feature=7 37 67 52 71 71 42 60 43 43 18 54 42 61 60 18 45 68 57 20 42 70 8 42 61 60 52 58 9 65
split_gain=628.381 418.921 227.797 178.543 148.454 158.927 129.779 107.446 89.0766 85.8504 78.5575 86.2249 76.8394 66.6661 56.41 53.0441 49.1939 44.57 38.9605 34.0733 33.4445 31.5091 29.1375 20.594 18.7891 16.7281 11.7088 9.98721 3.70624 3.35262
threshold=-0.047484649345278733 0.026475309394299987 0.24340887367725375 0.72651216387748729 0.18864688277244571 0.10904159396886827 0.0095320697873830813 -0.71608269214630116 0.007056490285322071 0.0044955224730074414 -0.12888736277818677 -0.42417393624782557 0.067184064537286772 0.015148374717682602 1.070651173591614 -0.51761794090270985 1.5000000000000002 1.3225365281105044 0.28989449143409735 -0.27698385715484614 0.0066467500291764745 -0.75931289792060841 -0.59466585516929615 0.014708852395415308 0.019599878229200843 -0.53483778238296498 0.67881634831428539 -1.011211037635803 -0.33109858632087702 0.017238482832908634
decision_type=10 10 2 2 2 2 2 2 2 2 10 2 2 2 2 10 2 2 2 8 2 2 10 2 2 2 2 2 10 2
left_child=3 15 9 7 5 13 14 12 27 -3 11 -8 -1 22 16 28 -4 18 -6 -17 -16 -12 -5 26 -15 -25 -21 -7 -2 -9
right_child=1 2 6 4 17 8 10 29 -10 -11 21 -13 -14 24 20 19 -18 -19 -20 23 -22 -23 -24 25 -26 -27 -28 -29 -30 -31
leaf_value=0.023600927533927663 -0.0013212762134742178 -0.0020719210625928437 0.0017503754065760588 0.0056660598405381696 0.0015925165396558079 0.0027449355998128348 0.0063706550479990087 -0.0010332651450810609 0.019666970396825873 0.017716807893061785 -0.0012667840763840245 -0.00079503985894738868 0 -0.0068149741488933522 -0.0023850958572080557 0 -0.0056699684558458923 0.0032286589525258791 -0.010226722982326096 0 0.0066459898317996176 0.0080219052091124263 -0.0020266122800657702 0.001236823374561425 0.001001447940889591 -0.0049567817709637828 -0.011699816388333367 -0.0026429129142508264 0.0015383792821649165 0.0019806940086879803
leaf_weight=775.37814287468791 508.89860125444829 97.022600209340453 657.21626593824476 2978.2458084132522 127.89630217850208 90.144633464515209 1375.8025006437674 218.40417799912393 655.25630353391171 441.02603289857507 179.26403550896794 7186.2613084511831 136.59986661374569 231.13154001161456 248.70562934689224 278.8075461210683 4251.8160921493545 116.80088010430336 419.67129708267748 113.58053879905492 337.52692178171128 1660.2398919090629 192.97587342560291 217.95775732398033 174.76383770629764 902.49820643570274 3111.3851408259943 150.24346606992185 165.25185414403677 76.830030620098114
leaf_count=5642 20610 2733 22289 47543 663 946 34268 2505 3952 5046 3685 192060 1510 3713 8764 12651 150341 1125 5924 7415 11821 35559 3885 11137 2495 44306 212084 2514 6901 1441
internal_value=0.00101477 -0.00143906 0.000962885 0.00895555 0.00541137 0.0073638 5.31408e-05 0.0178597 0.0162088 0.0145802 0.00201879 0.000611252 0.0213105 0.0033594 -0.00347551 -0.00838188 -0.00455111 -0.00499313 -0.00773725 -0.00942419 0.00320416 0.00691119 0.00490397 -0.0100127 -0.00442314 -0.00355696 -0.0113966 0 -8.19661e-06 0.000126028
internal_weight=28077.6 21733.3 16434.9 6344.34 5137.13 4472.76 15896.8 1207.21 895.644 538.049 10401.6 8562.06 911.978 3577.12 5495.26 5298.38 4909.03 664.368 547.568 4624.23 586.233 1839.5 3171.22 4345.42 405.895 1120.46 3224.97 240.388 674.15 295.234
internal_count=865528 781670 466566 83858 72760 65048 458787 11098 7412 7779 265572 226328 7152 57636 193215 315104 172630 7712 6587 287593 20585 39244 51428 274942 6208 55443 219499 3460 27511 3946
is_linear=0
shrinkage=0.03


Tree=72
num_leaves=31
num_cat=0
split_feature=7 44 53 18 18 70 42 71 60 58 47 66 53 56 64 64 47 69 52 46 51 8 62 72 73 11 13 71 51 69
split_gain=597.633 331.526 209.336 133.397 148.489 116.518 98.0886 79.6083 77.5021 73.429 67.2538 59.4655 51.6935 50.1836 43.1464 41.7398 39.5559 29.9214 29.8059 25.5635 23.5768 20.1211 16.1631 15.2435 12.9889 12.9679 12.1005 8.76702 19.7171 7.64222
threshold=-0.022879121825098988 0.63869464397430431 0.072124548256397261 -0.55536764860153187 -0.11022535711526869 -0.18958143889904019 0.0095803169533610361 0.041654884815216071 -0.82471337914466847 -0.50920230150222767 0.0090977516956627386 -1.7039973735809324 0.0068553430028259763 1.0028976500034334 -2.3588857650756831 0.37190929055213934 0.041187833994627006 -0.0042583197355270377 0.98168104887008678 0.0031421958701685075 0.00038277513522189116 -1.5816700458526609 -0.63040688633918751 -0.33426366746425623 0.86089330911636364 -0.011140239890664814 -12.524242877960203 0.01601426582783461 0.080531179904937758 -0.010463065002113579
decision_type=10 2 2 10 10 2 2 2 2 2 2 2 2 2 2 2 2 2 2 2 2 10 2 2 2 10 10 2 2 2
left_child=1 2 3 11 8 -4 13 -7 -5 25 14 -1 -13 19 -3 22 20 -16 -6 21 -17 -2 -11 -24 -9 -8 -23 -15 -29 -27
right_child=6 10 5 4 18 7 9 24 -10 15 -12 12 -14 27 17 16 -18 -19 -20 -21 -22 26 23 -25 -26 29 -28 28 -30 -31
leaf_value=-0.0030972126183715517 -4.1063360021398906e-05 0.0006651407469332063 -0.0034179401184820995 0.0031166891840199236 0.0012499782271404613 -0.00056767201523893617 0 0.0027132771779272966 -0.0019979704047563703 0.0020750053603310527 -0.00087627551943068155 -0.0017224017367487607 0.009423186228151385 -0.002011497708341884 0.021828504510241049 -0.00091529255050472585 -0.0019197231633382109 0.00067567567602070657 0.0088632707474033817 0.00053130251852558075 0.010195210616460743 0 0.0011513886327217575 -0.0050565226362882148 0.02009355401812386 1.5059901302001172e-05 -0.012129680590624701 0.0059126567999672371 -0.0021692596313546571 -0.007617227562819049
leaf_weight=177.39046757854521 192.5179121112451 181.87999175488949 141.41182480752468 2941.4789986154065 994.75179159641266 176.61685161292553 221.34502536989748 268.93713821843266 11226.049816591665 279.37022236082703 101.52704080473632 220.74944853875786 2353.7654073964804 132.97905136179179 713.82585087325424 60.366899771615863 182.23933971393853 129.2154924897477 1409.9077615644783 76.988237502984703 410.99650194961578 79.00483413785696 197.65314141660929 596.34964547958225 599.44334697909653 41.760856677778065 2671.2915715267882 86.046611813828349 79.519631000235677 1093.7229109071195
leaf_count=3288 9795 2441 1900 72275 21892 3161 7195 2583 289287 14541 1856 5652 44521 8351 7060 2598 9125 3196 27675 4007 20205 4349 10479 30343 3706 2103 182204 3106 3248 63747
internal_value=0.00116152 0.00355494 0.00243916 0.00149547 0.000374536 0.0126314 -0.00655547 0.0154007 -0.00084556 -0.00205756 0.0166913 0.00705805 0.00824525 -0.00984011 0.018345 0.00181499 0.00595109 0.0202683 0.00657441 -0.0108551 0.00872475 -0.011274 -0.00160372 -0.00343156 0.0178883 -0.0063096 -0.0118407 0.000419172 0.00286668 -0.00723431
internal_weight=28039.1 21637 20510.5 19324.1 16572.2 1186.41 6402.15 1045 14167.5 3083.8 1126.45 2751.91 2574.51 3318.35 1024.92 1726.98 653.603 843.041 2404.66 3019.8 471.363 2942.81 1073.37 794.003 868.38 1356.83 2750.3 298.545 165.566 1135.48
internal_count=865889 490493 475940 464590 411129 11350 375396 9450 361562 160336 14553 53461 50173 215060 12697 87291 31928 10256 49567 200355 22803 196348 55363 40822 6289 73045 186553 14705 6354 65850
is_linear=0
shrinkage=0.03


Tree=73
num_leaves=31
num_cat=0
split_feature=71 60 57 16 18 56 58 58 66 54 59 60 52 56 55 58 74 45 54 74 55 51 68 57 57 19 58 56 47 41
split_gain=598.87 284.954 293.462 227.94 216.897 210.589 457.272 157.297 155.213 152.42 152.194 109.634 100.242 123.421 99.3542 99.1947 80.0048 73.5145 73.4819 67.5012 67.4935 57.0264 55.8923 57.5519 54.1989 42.2645 41.1739 52.7749 36.3296 35.1375
threshold=0.010585257317870857 -1.2422723770141599 0.34713867306709295 0.1032390706241131 -0.44905549287796015 -0.17698917537927625 -0.63079082965850819 -0.030205145478248593 0.10685694962739946 0.34037712216377264 4.2999999523162851 0.17833617329597476 1.2011632323265078 -0.21091198921203611 0.0041037849150598058 -1.011211037635803 -1.0058630704879759 8.5000000000000018 4.3899624347686776 -0.40965931117534632 0.0033312080195173626 0.0038834967417642479 1.519447982311249 0.35230356454849249 0.3717633336782456 -0.50986206531524647 -0.89979621767997731 -0.22953299432992932 0.025318385101854805 0.77698147296905529
decision_type=2 2 2 10 10 2 2 2 2 2 2 2 2 2 2 2 2 2 2 2 2 2 2 2 2 10 2 2 2 8
left_child=3 7 5 4 24 6 15 -2 16 11 19 20 17 -14 -8 -3 -7 25 -10 -9 -4 -15 23 -11 28 -6 -5 -28 -1 -26
right_child=1 2 9 26 12 8 14 10 18 22 -12 -13 13 21 -16 -17 -18 -19 -20 -21 -22 -23 -24 -25 29 -27 27 -29 -30 -31
leaf_value=-0.0037712619800852921 -0.00010305840245765641 0.0060887004291188011 0.0044550973788601731 -0.0019519536309434171 -0.0040222789819960216 -0.00076487969418252363 0.00082165713587808499 0.025577791989716971 -0.0063643968421554266 -0.0024023057120055092 -0.0014242318623574285 0.0034822085328709475 -0.0055106406083401983 0.012525199946725891 0.025616465983083019 -0.0069051628787256819 0.010591246155576104 0.0028125186817812586 0.005526883951496561 0.00066894459285488832 -0.0078485547946830665 -0.0012432114410130814 -0.0022529369711590422 0.010495923731331966 -0.00048876069383669597 -0.010549786262172484 0.00073814849859487827 0.009687338682582829 0.0025308070134564395 0.0086747099194937963
leaf_weight=1343.9327421132475 392.94459782075137 508.79797759652138 99.242228280752897 461.72491196822375 2358.0264574103057 646.37053987011313 224.88642332702875 832.58843404240906 1385.9606933929026 149.389040639624 172.68217636924237 861.65979207120836 898.34501381404698 257.48050973005593 1130.5377127397805 606.66778549365699 1319.5868542101234 252.5044554984197 174.57171155512333 162.4084920976311 3024.0154462661594 238.5947664026171 326.87729926593602 927.1503682276234 397.62355610076338 5005.8982036830857 1273.0728955436498 980.16225711535662 979.00672210939229 650.61828599777073
leaf_count=47849 9189 9497 3943 9825 76962 15430 6323 10920 35066 3765 3326 21764 35018 9096 18660 13620 25609 8773 2200 3775 74902 9494 9954 21380 16005 266851 26047 19573 29812 20372
internal_value=0.00102553 0.00565743 0.00358364 -0.00298133 -0.00470191 0.00789317 0.013856 0.0161008 0.00243888 -0.00142499 0.0201296 -0.00438072 -0.00703426 0.000139139 0.0229943 -0.000742481 0.00733786 -0.0083122 -0.00387022 0.0232962 -0.00681396 0.00830195 0.00575614 0.00832154 0.0015581 -0.00888638 0.00428322 0.00579232 -0.00103115 0.00596971
internal_weight=28043.3 12946.3 11385.7 15097 12382 5997.38 2470.89 1560.62 3526.49 5388.33 1167.68 3984.92 9010.85 1394.42 1355.42 1115.47 1965.96 7616.43 1560.53 994.997 3123.26 496.075 1403.42 1076.54 3371.18 7363.92 2714.96 2253.24 2322.94 1048.24
internal_count=865000 289323 262113 575677 520232 126405 48100 27210 78305 135708 18021 100609 406194 53608 24983 23117 41039 352586 37266 14695 78845 18590 35099 25145 114038 343813 55445 45620 77661 36377
is_linear=0
shrinkage=0.03


Tree=74
num_leaves=31
num_cat=0
split_feature=11 16 1 8 41 9 74 56 43 67 48 49 58 59 60 65 23 18 66 11 70 59 67 8 24 53 8 7 53 8
split_gain=545.831 338.664 159.597 116.825 113.41 87.2391 63.8849 70.3078 60.4591 58.7654 51.0794 61.8449 48.0417 46.0034 44.0993 41.5762 26.2192 24.8428 23.0705 20.2535 19.2627 16.9845 10.8636 9.16403 9.15908 8.16099 6.51989 4.9095 4.21004 2.66606
threshold=-0.0081376451998949034 -0.28654326498508448 -0.19665539264678952 -0.86268174648284901 1.4576730728149416 -0.37312081456184382 0.093084286898374571 -0.13969921320676801 0.0067031101789325484 0.24340887367725375 0.035766299813985832 0.10587957873940469 0.033642398193478591 6.5000000000000009 -0.71608269214630116 0.033607510849833495 -0.87156018614768971 -0.44239293038845057 -1.223012328147888 -0.021310867741703984 0.92303767800331127 3.1000000238418584 0.53001621365547191 -0.85491904616355885 -4.4999999999999991 0.011195509694516661 -2.0237989425659175 -0.021976401098072525 0.015463158022612335 -0.74504369497299183
decision_type=10 8 10 10 8 10 2 2 2 2 2 2 2 2 2 2 10 10 2 10 2 2 2 10 2 2 10 10 2 10
left_child=1 10 8 6 9 19 14 -8 13 -2 11 21 -7 16 -4 18 -3 23 -10 -5 -15 -1 25 -11 -19 27 -26 -6 -24 -27
right_child=4 2 3 5 22 12 7 -9 15 17 -12 -13 -14 20 -16 -17 -18 24 -20 -21 -22 -23 28 -25 26 29 -28 -29 -30 -31
leaf_value=0.0040466402950968617 0.0026737480749366663 0.0065044185273004495 0.0037208654408872987 0.00090512555753608805 0.0015438170677452478 -0.0017680235341072869 0.0012099504163110026 0.0086045879446625412 0 0.00018623360121303311 -0.00043009908830775849 0.018839034859719744 0.0047569415652666943 -0.003651243505056391 -0.0015477980411382334 -0.00077726622730103106 -0.0011739356491738094 0 0.015021569365881865 -0.0054791434402084215 0.0028273241425776055 -0.0027855871420747825 -0.0030963167233045278 -0.0044889155057538568 0 0.0047330903173816823 -0.012049115199597903 -0.0019321939630665614 0.00032127110565339937 0
leaf_weight=189.55086967162788 108.39180981274694 1975.9223523037508 1634.461896687746 266.64273572899401 176.37993017211556 1710.6248757718131 2748.5020386967808 1976.6640969831496 135.30499315727502 330.78864351380616 114.90463024005294 1016.4255310092121 1382.4390202406794 669.83278078585863 3800.221536424011 101.70087636820972 239.18673513270915 74.897956180386245 739.51979635190219 3882.3262018626556 149.68571278639138 113.1012241076678 214.17932882811874 656.72023444715887 50.701220903545618 257.56919058971107 2826.9464240372181 255.5770083675161 195.94189509842545 29.70648901630193
leaf_count=1418 2681 34769 39070 3550 5426 49842 69071 41141 1664 15981 1631 8172 38579 11444 101244 1553 5374 3627 8227 130931 1979 1377 10473 36216 2595 8394 206354 14881 6559 1309
internal_value=0.000938877 0.00296159 0.00181436 0.000477944 -0.00740831 -0.00232126 0.00251667 0.00488811 0.00685015 -0.00952996 0.0150395 0.0162998 0.00132094 0.00353706 0.000166171 0.0122584 0.00550132 -0.0101965 0.0137236 -0.00495109 -0.00161761 0.000974915 0.000603659 -0.00318499 -0.0116539 0.00243704 -0.0118855 -0.000124163 -0.00185441 0.00430221
internal_weight=28024.8 22847 21413 17401.9 5177.8 7242.03 10159.8 4725.17 4011.15 4048.45 1433.98 1319.08 3093.06 3034.63 5434.68 976.526 2215.11 3940.05 874.825 4148.97 819.518 302.652 1129.35 987.509 2952.55 719.233 2877.65 431.957 410.121 287.276
internal_count=865532 551036 538438 473428 314496 222902 250526 110212 65010 267454 12598 10967 88421 53566 140314 11444 40143 264773 9891 134481 13423 2795 47042 52197 212576 30010 208949 20307 17032 9703
is_linear=0
shrinkage=0.03


Tree=75
num_leaves=31
num_cat=0
split_feature=71 60 57 11 53 58 62 58 60 49 74 64 62 41 56 56 65 52 51 55 18 58 49 54 51 53 65 51 55 65
split_gain=565.678 298.928 242.79 241.773 213.814 251.508 183.64 151.537 134.249 120.899 118.263 109.01 99.3397 92.8265 89.8728 76.237 70.5726 73.6672 61.5169 58.1386 57.869 57.5328 55.0722 53.2615 52.276 51.2745 48.5075 43.6127 41.4904 40.2143
threshold=0.010585257317870857 -1.2775667309761045 0.33826300501823431 -0.010467060375958679 0.022667672485113147 -0.50241059064865101 0.4809968918561936 -0.030205145478248593 -0.024237834848463532 0.054192420095205314 0.46537685394287115 0.73803395032882702 0.23477792739868167 1.2640191316604616 -0.2944303005933761 -0.46281403303146357 0.028954616747796539 0.99620649218559276 0.00154599582310766 0.0040150943677872428 -0.42767512798309321 0.049835650250315673 0.07739791646599771 0.64090850949287426 0.0026768646202981476 0.018089505843818191 0.025056499056518081 0.0031362909357994799 0.0010655940859578552 0.021639136597514156
decision_type=2 2 2 10 2 2 2 2 2 2 2 2 2 8 2 2 2 2 2 2 10 2 2 2 2 2 2 2 2 2
left_child=3 7 4 10 16 23 -7 -2 11 -9 15 22 27 20 -12 -1 17 -3 25 -11 -5 28 -4 -6 -13 -16 -23 -10 -17 -14
right_child=1 2 8 13 5 6 -8 9 12 19 14 24 29 -15 18 21 -18 -19 -20 -21 -22 26 -24 -25 -26 -27 -28 -29 -30 -31
leaf_value=0.0034524999720775365 -0.00038483836962493404 -0.00054764639763625546 0.0016854644929437045 -0.0022580639120557086 -0.0017218523105056991 0.026090553015949799 -0.0017507228849812499 0 -0.0019482912018644546 0 -0.0013733310848050725 -0.0028702591941380945 0.0033027575765606412 -0.0010566101421466843 0 0.0011438526954518824 -0.0063062546146254233 0.0084252696231055819 0.0023338261993187206 0.025463440049928444 -0.011251444655858006 0.003107238351984243 -0.0074643073085267613 0.0073654253473356681 0.0072936029035002691 0.016943378163877386 -0.005181299631478003 0.010882941531081713 -0.0076913937198539416 -0.005822720677361397
leaf_weight=1249.325419228524 335.45395897515118 1589.6968778017908 463.76480714790523 1250.2133818268776 770.90761412121356 843.40549508947879 159.09367858618498 237.83504290692508 77.521544984541833 91.070487448014319 1114.8337182532996 355.18307970277965 305.46549902576953 1954.0277185551822 207.20666786842048 368.36044687498361 323.17592639755458 989.12339108716697 1253.474067138508 781.72453272994608 3207.8223837222904 1337.1086784545332 2784.0801660772413 672.89127359446138 642.76016240753233 375.8596572894603 467.99192727170885 1060.5156794870272 2238.7566473679617 483.44731345027685
leaf_count=31042 7737 45709 8791 65025 10614 7485 3046 2843 3090 3168 24205 10023 6999 81647 5238 10983 9236 26137 27986 11060 215113 35542 69797 9927 15800 6776 12600 24173 59935 13351
internal_value=0.0010231 0.00551469 0.00347229 -0.00288675 0.00785828 0.0135923 0.0223603 0.0165597 -0.000587017 0.0203945 0.000411143 -0.00352075 0.00514709 -0.00706929 0.00486353 -0.00206753 0.00164924 0.00360588 0.0082616 0.0238172 -0.00927191 -0.00388393 -0.00602719 0.00316418 0.00372527 0.0137676 0.000170439 0.00949784 -0.00636332 -0.00214606
internal_weight=27992.1 12967.1 11521 15025 5348.29 2446.3 1002.5 1446.08 6172.74 1110.63 8612.92 4245.79 1926.95 6412.06 2951.37 5661.54 2902 2578.82 1836.54 872.795 4458.04 4412.22 3247.84 1443.8 997.943 583.066 1805.1 1138.04 2607.12 788.913
internal_count=865078 288986 264178 576092 112154 31072 10531 24808 152024 17071 214307 104411 47613 361785 64205 150102 81082 71846 40000 14228 280138 119060 78588 20541 25823 12014 48142 27263 70918 20350
is_linear=0
shrinkage=0.03


Tree=76
num_leaves=31
num_cat=0
split_feature=71 53 67 11 71 43 47 74 44 57 56 67 73 55 62 41 59 20 18 18 59 58 56 58 44 47 61 52 20 57
split_gain=528.777 242.162 321.577 224.654 216.504 325.93 179.233 153.124 146.316 117.595 117.009 107.788 106.453 105.417 97.1149 81.3075 62.927 54.9971 59.3722 48.5321 41.5233 44.0587 34.3044 24.5856 24.8302 23.1282 19.9135 23.063 19.659 19.6448
threshold=0.010205611586570741 0.072124548256397261 0.24340887367725375 -0.010077704675495623 0.025148644112050537 0.0019447697559371593 -0.024397869594395157 -0.61310011148452748 0.49561403691768652 0.38978014886379247 -0.42773613333702082 0.65717908740043651 1.2529957294464114 0.21083009243011477 -0.90110513567924488 1.2640191316604616 3.8999999761581425 -0.54672491550445546 -0.4627974927425384 -0.48716253042221064 8.2999997138977069 -0.89979621767997731 -0.13568414747714994 0.29347819089889532 0.4660919606685639 0.025318385101854805 0.0032138011883944277 0.89251139760017406 -0.42910236120223993 0.3717633336782456
decision_type=2 2 2 10 2 2 2 2 2 2 2 2 2 2 2 8 2 8 10 10 2 2 2 2 2 2 2 2 8 2
left_child=3 2 8 12 5 7 9 -4 29 -6 -8 13 17 -3 -7 19 -14 26 25 -5 21 -18 -20 -17 -25 -19 27 -1 -21 -2
right_child=1 11 4 15 6 14 10 -9 -10 -11 -12 -13 16 -15 -16 23 20 18 22 28 -22 -23 -24 24 -26 -27 -28 -29 -30 -31
leaf_value=-0.0011690787352426973 0.0036056573692032886 0.021199125017173991 0.022955128268114577 -0.00089280059312698233 0.011536692839056778 0.0066687019860434214 0.0044890251949155592 0.004641164649724772 0.022889278728883092 -0.0046932592205762682 -0.0069272548799863684 -0.0023018075250643495 -0.0020448373977705156 0 -0.0026076352201351537 -0.0034320432490700021 -0.0011824606623852141 -0.00065701554881326713 -0.0050939927916434204 0.00017325805288050046 -0.0015565213036592229 0.014369652803564979 2.9497842255477025e-05 0.0054599642161052399 -0.0021786539045300893 0.0049959826454839514 -0.00058473552291604951 0.0078078857625100652 -0.01114429248119621 -0.0037482511069870973
leaf_weight=119.12638156488538 132.89502306841314 885.98308874480426 606.06435978878289 684.61530007794499 703.83005957026035 937.87885590642691 593.95592313725501 1277.0722688576207 522.03666715882719 241.29175422899425 3894.5928032426164 123.67086690105498 235.97200516518205 240.63156356476247 2952.6499822763726 1176.7993908328936 69.886996459215879 1046.5500471843407 3784.8906855788082 73.77533467579633 61.849131678231061 528.31348510459065 1454.2602319717407 330.56602434627712 263.8346515391022 693.11793905682862 379.5893131904304 524.15960925072432 3262.4780723582953 172.78297468274832
leaf_count=2643 2419 5630 14892 32915 7351 27439 9532 34416 4121 5996 88026 2305 5649 2184 91203 50136 1273 27347 107015 3466 1436 9388 40740 14033 11924 16198 6596 10012 225321 3544
internal_value=0.000881787 0.00513044 0.00341877 -0.00298331 0.00165713 0.00550285 -0.00249804 0.0142407 0.0174389 0.00699536 -0.00505792 0.0157519 4.85954e-05 0.0180165 6.50341e-05 -0.00732231 0.00775286 -0.00118406 -0.00220956 -0.00948675 0.0108858 0.0125684 -0.00374089 -0.00126987 0.00234898 0.00207383 0.00404392 0.00609884 -0.0108259 0
internal_weight=27975.1 13285.3 12035.1 14689.8 11207.3 5773.67 5433.67 1883.14 827.715 945.122 4488.55 1250.29 8897.72 1126.61 3890.53 5792.07 896.022 8001.69 6978.82 4020.87 660.05 598.2 5239.15 1771.2 594.401 1739.67 1022.88 643.286 3336.25 305.678
internal_count=865150 299058 288939 566092 278855 167950 110905 49308 10084 13347 97558 10119 228297 7814 118642 337795 17746 210551 191300 261702 12097 10661 147755 76093 25957 43545 19251 12655 228787 5963
is_linear=0
shrinkage=0.03


Tree=77
num_leaves=31
num_cat=0
split_feature=11 37 67 53 18 73 49 18 43 64 58 17 63 69 65 24 62 34 51 66 67 49 73 67 19 20 56 59 34 47
split_gain=510.094 322.704 209.495 120.552 110.601 93.5703 86.0746 84.5782 67.6212 61.6893 76.8032 53.4838 48.4348 51.0534 47.6791 38.1471 36.4286 33.6443 33.5498 53.7089 32.0713 43.1191 57.2086 29.0967 14.7779 11.1602 10.3075 8.78038 8.21693 7.84494
threshold=-0.016560327261686322 0.023540291003882888 0.24340887367725375 0.011325605679303409 -0.48716253042221064 1.4864858984947207 0.90336740016937267 -0.13703013956546781 0.0044955224730074414 -0.3507531583309173 0.033642398193478591 -0.28891186416149134 0.031179205514490608 0.0065979391802102336 0.0042212110711261639 -5.4999999999999991 0.50019720196723949 0.055419504642486579 0.0043243260588496932 -1.2640718817710874 0.64531016349792492 0.11457947269082071 1.0555370450019839 0.67101830244064342 -1.081934332847595 0.32108485698699957 -0.39770419895648951 5.7000000476837167 -0.06185787916183471 -0.033310472965240472
decision_type=10 8 2 2 10 2 2 10 2 2 2 10 2 2 2 2 2 8 2 2 2 2 2 2 10 10 2 2 8 2
left_child=4 11 8 9 14 7 -7 -5 -3 15 -11 -2 16 -14 28 -4 18 24 26 -20 21 29 -23 -15 -13 -26 -6 -10 -1 -16
right_child=1 2 3 5 12 6 -8 -9 27 10 -12 17 13 23 20 -17 -18 -19 19 -21 -22 22 -24 -25 25 -27 -28 -29 -30 -31
leaf_value=0.0023152321040555814 0 -0.0017670306960825522 0.0011746129058875796 -0.00063989029437169407 0.0034537703261822779 0.013912894149518101 -0.0027209787965142029 0.0062672338515553962 0.017385129206320644 -0.0037330589263317644 0.0041492217287234937 0 -0.0056253036133864977 0.0067672589408550657 -0.0017778470456313721 -0.0078322788699389748 -0.00023853160206994782 0.0013740695496033697 0 0.010493298375514536 0.00023855140486077418 0.018074534104695852 0.00077099051018698526 -0.0018371360169878261 -0.010750185547629368 0 -0.00084834112962580289 0.00076858047957794413 -0.0026085473212476237 0.0029034671758654236
leaf_weight=99.685505691915751 529.87214467395097 90.172193909995258 295.14040419273078 7860.8267794772983 383.92092418111861 448.13349721394479 160.90949316881597 1466.1652404638007 357.79978081770241 2317.6894366992638 1330.5664251297712 74.256420739926398 502.91581017896533 349.11126486770809 124.15114108845592 2198.2030220199376 653.3643598370254 74.220110677182674 476.41220076940954 1814.4265261162072 207.97024678811431 1387.2303946893662 280.49952024780214 244.44126633368433 3155.0999246640131 78.296214869245887 641.21634794585407 120.09006168879569 114.4067975319922 131.8339264690876
leaf_count=781 24713 2812 7104 211559 6408 8278 3520 32368 3669 95072 53957 3420 8401 3674 1277 91063 10987 3054 6751 26209 3296 12648 4166 4555 216561 4098 11297 1597 1424 1113
internal_value=0.00112964 -0.00131949 0.000559312 -0.000268851 0.00761478 0.00173106 0.0100023 0.000678988 0.0134325 -0.00343626 -0.000632356 -0.00853968 0.00430359 -0.00079124 0.0126475 -0.00664778 0.00570915 -0.00976118 0.00683737 0.00860191 0.0137578 0.0147449 0.0161517 0.0037296 -0.0102375 -0.0105096 0.0011702 0.0160443 0 0.000562
internal_weight=27969 20557.4 16645.7 16077.6 7411.59 9936.04 609.043 9326.99 568.062 6141.6 3648.26 3911.74 5065.81 1096.47 2345.78 2493.34 3969.34 3381.87 3315.98 2290.84 2131.69 1923.71 1667.73 593.553 3307.65 3233.4 1025.14 477.89 214.092 255.985
internal_count=865832 762845 510999 502921 102987 255725 11798 243927 8078 247196 149029 251846 78282 16630 24705 98167 61652 227133 50665 32960 22500 19204 16814 8229 224079 220659 17705 5266 2205 2390
is_linear=0
shrinkage=0.03


Tree=78
num_leaves=31
num_cat=0
split_feature=7 67 53 67 58 52 71 52 68 71 59 53 47 52 71 57 58 64 18 51 64 19 1 18 37 72 48 52 17 67
split_gain=490.63 314.498 333.377 161.162 141.027 137.799 148.528 181.794 102.383 70.7664 58.8294 55.181 46.8953 38.853 20.5307 17.0921 15.3803 24.7746 11.7377 9.00572 8.65639 8.39781 7.95391 7.65382 5.69071 5.54099 3.46498 2.8752 3.04496 1.43126
threshold=-0.019803781062364575 0.24340887367725375 0.072124548256397261 0.67101830244064342 1.2294968366622927 1.5028496980667116 0.050889605656266219 0.80540397763252269 0.67490404844284069 0.30872301757335668 3.3000000715255742 0.011566559784114363 -0.024397869594395157 1.1905330419540407 0.038190448656678207 0.34713867306709295 -0.47197841107845301 0.3903235942125321 -0.61339628696441639 0.0004532066523097456 0.91283905506134044 -1.1100139021873472 -0.089479267597198472 -0.39643703401088709 0.05037271976470948 -0.86962026357650746 0.03283119015395642 0.83093696832656871 -0.31637634336948389 0.24340887367725375
decision_type=10 2 2 2 2 2 2 2 2 2 2 2 2 2 2 2 2 2 10 2 2 10 8 8 10 2 2 2 8 2
left_child=1 4 5 9 15 6 7 -3 10 13 -7 14 -8 -4 18 -1 25 23 -2 -19 -21 -20 -23 -18 -25 -13 -10 -27 -29 -16
right_child=11 2 3 -5 -6 8 12 -9 26 -11 -12 16 -14 -15 29 -17 17 19 21 20 -22 22 -24 24 -26 27 -28 28 -30 -31
leaf_value=0.0032620240616390867 0 0.0077167694692032354 0.020683932811760265 -0.0044645890970889017 0.02234488672148922 -0.0011224977357042097 0.0011477151818206559 -0.00017674441114658656 0.00029429280554294033 -0.00018396679899039528 0.017125772663461096 0.00031532258373432784 -0.0074254510130676472 0.00086798438333256104 0.0013406114383288897 -0.0036069624440899866 0.00077457064725934522 -0.00055800088426613884 0 0.006914469950114739 -0.00022836779295791707 -0.00036964156219800113 -0.011404317272928051 -0.0043623651117084159 0.00044173602554108902 0 -0.0030276793192575897 0 -0.005763328422432934 -0.00074932745989754284
leaf_weight=130.12964264582843 49.090160674415529 2647.9178521968424 890.46381519734859 142.97755108401179 516.3616455886513 85.711513720452785 501.41553799062967 15316.077380189672 108.95824606809765 151.28173429146409 441.84774529188871 19.140898979268968 2228.3564186543226 178.1031089797616 34.297740112990141 167.25185875687748 179.25196413975209 62.805827911943197 32.810528385452926 160.67780470196158 58.915816551074386 152.91348086856306 2416.9139469610527 448.06517602968961 44.279567087069154 28.742061322554946 175.17514489963651 28.733397109434009 461.54592326842248 83.929080637171865
leaf_count=2232 2091 72644 4978 2926 3702 2537 4853 429650 2630 1528 5906 1086 42558 2536 824 3475 9166 2909 1907 7992 3066 8603 180698 26973 1316 1663 3839 1206 25543 4848
internal_value=0.000948988 0.00267601 0.00179954 0.0139886 0.0170195 0.000713179 9.84448e-05 0.00114798 0.0101452 0.0169951 0.0147655 -0.0078575 -0.00582392 0.0189019 -0.0101322 -6.42783e-05 -0.00200103 0.000314514 -0.0106007 0.00450736 0.00575408 -0.0108424 -0.0110126 -0.00236365 -0.00362311 -0.0045693 -0.00199584 -0.00511017 -0.00542999 0
internal_weight=27944.1 23682 22868.3 1362.83 813.743 21505.5 20693.8 17964 811.693 1219.85 527.559 4262.11 2729.77 1068.57 2769.95 297.382 1492.16 953.996 2651.73 282.399 219.594 2602.64 2569.83 671.597 492.345 538.162 284.133 519.021 490.279 118.227
internal_count=865885 585994 576585 11968 9409 564617 549705 502294 14912 9042 8443 279891 47411 7514 198971 5707 80920 51422 193299 13967 11058 191208 189301 37455 28289 29498 6469 28412 26749 5672
is_linear=0
shrinkage=0.03


Tree=79
num_leaves=31
num_cat=0
split_feature=11 37 67 42 8 18 43 65 59 73 17 57 52 69 67 34 67 69 67 64 42 61 51 73 19 11 56 42 13 59
split_gain=474.777 310.408 224.191 137.606 103.541 88.9214 79.6201 66.1712 62.9784 51.8415 49.8419 48.0287 46.1548 41.1948 63.761 31.9 31.4639 24.387 35.904 22.7182 21.7059 19.9365 16.8267 15.5693 9.48147 6.70374 6.53533 4.63877 4.31676 3.30268
threshold=-0.017732455395162102 0.022320375777781013 0.24340887367725375 0.0066467500291764745 -0.8827533721923827 -0.50313076376914967 0.0044955224730074414 0.0042212110711261639 1.3000000119209292 1.1753923892974856 -0.28891186416149134 0.32912750542163854 1.0440095067024233 -0.012939989566802977 0.43903183937072759 0.058509349822998054 0.6762775480747224 0.0060663700569421062 0.67101830244064342 1.2883231043815615 0.019902057945728305 0.002707779523916543 0.0030610302928835158 0.71086722612380993 -1.081934332847595 -0.018549069762229916 -0.16072766482830045 0.012064521666616203 -11.443622589111326 5.7000000476837167
decision_type=10 8 2 2 8 10 2 2 2 2 10 2 2 2 2 8 2 2 2 2 2 2 2 2 10 10 2 2 10 2
left_child=5 10 6 8 12 7 -3 -1 -4 -10 27 -6 -5 21 22 23 19 20 -19 -9 -16 -7 -15 -12 -25 -24 -23 28 -2 -8
right_child=1 2 3 4 11 13 29 16 9 -11 15 -13 -14 14 17 -17 -18 18 -20 -21 -22 26 25 24 -26 -27 -28 -29 -30 -31
leaf_value=-0.00061536183212912172 0.00094049392961171382 -0.0021077235434736157 0.0055481379822709649 0.00079510787266131244 0.0010237875578548868 0.0028361553111257865 0.017752515991437196 0.016766189465234001 -0.0070760503670464171 0.002065544813586472 0 -0.0042042193649224919 0.0052243152264186982 0 0.0023266211139549987 0.0014554207872334657 0 0.0084583106212180216 -0.001355497075690468 0.00018279086259067004 -0.0029746690770967392 0.00030530006282705177 0.012769404635741154 0 -0.010804288447022026 0.0006577644303678114 -0.0049767647532138887 0.002068878515567097 -0.0025440458553843796 0.0011668200972208412
leaf_weight=190.3002648614347 62.881697741337121 95.992800521664321 66.677520751021802 4367.8592353602871 2525.3233636189252 161.28028504177928 400.42437436245382 1403.0473734587431 3125.8157330127433 374.83544965554029 89.551861735992134 2899.7605612324551 4486.7361008021981 110.11492861434817 1167.6244936026633 53.941883378662169 121.83668274432421 481.07302988879383 256.93237094208598 127.30789734236896 687.65012821182609 76.983718633651733 761.84798806533217 58.378883188590407 2745.8589456463233 156.9111856315285 325.51720505766571 169.0058970907703 226.64396412856877 127.74767431803048
leaf_count=1922 2558 3004 2094 118706 83486 1783 3961 12529 124418 11820 5889 100891 109628 1910 18817 2090 1951 5181 4714 1531 10424 899 10589 2722 193129 2630 4358 6739 12314 1711
internal_value=0.0012559 -0.000832212 0.000758116 -4.24447e-05 0.00128736 0.00836308 0.0137534 0.0135 -0.00494316 -0.0058864 -0.00852608 -0.00183897 0.00323079 0.00483875 0.00592672 -0.00976583 0.0150305 0.00236618 0.0056318 0.0159191 1.99825e-05 -0.00136942 0.010996 -0.010247 -0.0105871 0.0118731 -0.00402465 6.76693e-05 -0.00129094 0.016551
internal_weight=27905.9 21877.4 18471.2 17847 14279.7 6028.43 624.165 1842.49 3567.33 3500.65 3406.26 5425.08 8854.6 4185.94 3622.15 2947.73 1652.19 2593.28 738.005 1530.36 1855.27 563.781 1028.87 2893.79 2804.24 918.759 402.501 458.532 289.526 528.172
internal_count=864398 785160 559719 551043 412711 79238 8676 17933 138332 136238 225441 184377 228334 61305 54265 203830 16011 39136 9895 14060 29241 7040 15129 201740 195851 13219 5257 21611 14872 5672
is_linear=0
shrinkage=0.03


Tree=80
num_leaves=31
num_cat=0
split_feature=7 16 55 69 69 43 67 55 73 68 60 67 46 51 18 67 45 58 64 59 71 59 0 17 56 72 34 18 74 43
split_gain=473.898 313.424 171.191 191.504 226.181 185.107 138.399 133.249 91.7421 85.818 77.9958 68.0114 60.7954 51.5611 42.8526 32.8328 31.7168 20.3132 21.0296 19.7712 17.7724 17.462 15.0962 13.6937 11.5467 8.83993 6.2418 5.42748 5.33329 3.79284
threshold=-0.019589108414947983 -0.30442163348197931 0.0021220698254182939 0.0051145553588867196 -0.0035465866094455119 0.0038860169006511573 0.64866551756858837 0.10144788771867753 1.1753923892974856 0.58611112833023082 0.40111199021339422 0.48635932803153997 0.0030487844487652187 0.0024681268259882931 -0.13439945131540296 0.56576722860336315 8.5000000000000018 -0.47197841107845301 0.37190929055213934 2.6999999284744267 0.038190448656678207 4.0999999046325692 -0.066911995410919176 -0.34202830493450159 -0.21091198921203611 -0.70584511756896962 -0.15499255061149594 -0.48210075497627253 0.020669354125857357 0.0074781277216970929
decision_type=10 8 2 2 2 2 2 2 2 2 2 2 2 2 8 2 2 2 2 2 2 2 8 8 2 2 10 8 2 2
left_child=1 19 8 4 7 6 -5 -4 14 -7 15 -6 20 -12 16 -10 -3 27 29 26 22 -16 -2 -24 -20 -25 -1 -14 -26 -19
right_child=12 2 3 5 11 9 -8 -9 10 -11 13 -13 17 -15 21 -17 -18 18 24 -21 -22 -23 23 25 28 -27 -28 -29 -30 -31
leaf_value=0.0034866898571439559 0 -0.0059803585769091627 0.0064870992469695877 0.022530724800552508 0.0020587855689809375 -0.0059373364142699669 0.0011418439822722319 -0.0033431308138464743 0.0028976290160942484 0.006447775312912604 0.012166598870300567 -0.0042981312397592621 0.00031922354287949032 -0.0019094160334400816 0.0034549463600915334 -0.0055729071641863956 0.0023859479981884662 -0.0028551534329563362 -0.00014310101245390572 0.016818913406427199 0 -0.0021603099017567756 0 0 0 -0.011010863361182722 -0.00081013638343053389 -0.004659754517854487 0.0077874055930718163 0.00058818989801861805
leaf_weight=130.66924990899861 80.415793525055051 3913.9156441902742 6984.8522472223267 673.43507957551628 1769.2467267261818 495.43237542826682 467.73558639269322 1121.5963887572289 272.42817499674857 515.56242652051151 404.87371909245849 4367.177910159342 43.09621415566653 109.98677388299257 548.36288684140891 429.75284705217928 133.42138050124049 227.19391416665167 152.64684797264636 934.39551831409335 141.93091823440045 432.98411830980331 155.22500763926655 70.343891207128763 40.954541678540409 2683.4191899076104 140.48443290777504 334.47099314071238 105.88017438352108 51.786471799947321
leaf_count=872 3682 139885 165744 11218 49810 9980 10452 15305 8487 6941 9333 110966 1968 2890 16253 11313 3678 12587 8125 7316 6688 10204 7251 4638 2547 198768 2002 19401 5064 2392
internal_value=0.00101446 0.00267369 0.00168488 0.00327712 0.0018033 0.0107389 0.0169655 0.00497694 -0.00238339 0.000223628 0.00384458 -0.00240308 -0.0078367 0.00940476 -0.00415632 -0.00219868 -0.00540657 -0.000490809 0.00222579 0.01513 -0.00962048 0.000881969 -0.010045 -0.010357 0.00519352 -0.0107784 0.00178962 -0.00389151 0.00702733 -0.00186358
internal_weight=27933.7 23846.3 22640.8 16395 14242.9 2152.17 1141.17 8106.45 6245.73 1010.99 1217.04 6136.42 4087.36 514.86 5028.68 702.181 4047.34 956.029 578.462 1205.55 3131.33 981.347 2989.4 2908.99 299.482 2753.76 271.154 377.567 146.835 278.98
internal_count=865760 592649 582459 380416 341825 38591 21670 181049 202043 16921 32023 160776 273111 12223 170020 19800 143563 52084 30715 10190 221027 26457 214339 210657 15736 203406 2874 21369 7611 14979
is_linear=0
shrinkage=0.03


Tree=81
num_leaves=31
num_cat=0
split_feature=7 16 41 72 43 71 74 18 48 59 60 62 64 46 48 71 58 23 52 51 59 73 8 56 2 20 34 61 54 43
split_gain=457.2 295.807 179.705 140.025 120.78 107.022 106.777 89.061 83.6749 74.9833 70.7734 62.9239 59.9623 51.0753 30.8478 27.1961 26.8823 25.119 21.2203 21.1902 20.2807 15.2068 14.7156 9.93288 9.3878 8.65413 7.57812 6.74134 5.66061 4.84265
threshold=-0.019589108414947983 -0.30442163348197931 0.81076970696449291 -0.30113743245601649 0.007056490285322071 0.022145701572299007 -0.4174597412347793 -0.11334754154086112 0.015570994932204487 2.5000000000000004 -0.82471337914466847 -1.1802505254745481 0.53883641958236705 0.0030487844487652187 0.020187425427138809 0.015766358468681577 -0.47197841107845301 -1.0969757437705991 1.0260126590728762 0.0058396055828779945 2.6999999284744267 1.0548253059387209 -1.5648891329765318 -0.21091198921203611 -0.0059221968986093989 -0.27698385715484614 -0.13910913467407224 0.0011077532544732096 -0.75298032164573658 0.005502088926732541
decision_type=10 8 8 2 2 2 2 8 2 2 2 2 2 2 2 2 2 10 2 2 2 2 10 2 10 8 10 2 2 2
left_child=1 20 3 6 7 14 8 10 -3 -7 -4 19 -13 15 -6 22 -15 -9 -8 -5 26 29 -2 -23 -24 -26 -1 -17 -29 -18
right_child=13 2 4 11 5 9 18 17 -10 -11 -12 12 -14 16 -16 27 21 -19 -20 -21 -22 23 24 -25 25 -27 -28 28 -30 -31
leaf_value=0.003498089887667765 -6.6004773099960352e-05 -0.00032426514063454536 0.0055357379771895331 -0.0019012827238856821 0.0041243570908890328 -0.0015597127996662915 -0.0048642482637957247 0.0084397043335515745 0.012302265233533503 0.01352943907711298 -0.00090256481418524647 -0.0063468838741820698 0.00029267308972548753 -0.004602364967238916 -0.0030753930139691163 -0.0028857848838183086 -0.0026873660821291083 7.5600746330674312e-05 0.0010152762071200499 0.0058970232682076561 0.016331101138084513 -0.0001099292572700922 0 0.0064357534541945984 0 -0.011436086051118928 -0.0011884529580022329 -0.0011162939695726626 0.002833343395674559 0.0010653021545406207
leaf_weight=143.52710280381143 182.4859112771228 614.61092516873032 1438.4332503061742 121.45631001424044 545.10623968206346 189.45260925218463 603.28232054691762 1528.3455816879869 867.9332703538239 1859.3201294979081 6820.2226760461926 4480.3493784470484 1454.5683917338029 373.96553839184344 585.1491646785289 141.13213291298598 201.78868208639324 482.44483010657132 696.89336575660855 369.86725467257202 950.88772947434336 154.81950312852859 82.621137491427362 170.48156493995339 77.754064115695655 2330.768802289851 120.14514808170497 111.62049042340368 179.63110536988825 49.341634550131857
leaf_count=1004 9982 14152 37890 5064 11599 4067 19217 28070 18579 23232 177454 141738 46706 21325 12875 9088 11830 12084 19210 10798 7374 8231 4506 7947 4948 177297 1831 5509 9904 2582
internal_value=0.00100948 0.00263292 0.00166948 -0.00149077 0.00383086 0.00856695 0.00366031 0.00200721 0.0081548 0.0119842 0.00043656 -0.00386784 -0.0047767 -0.00771917 0.000412899 -0.00937093 -0.000744614 0.00696709 -0.00213949 0.00367999 0.0147027 0.00245471 -0.0103618 0.00477774 -0.0108786 -0.0111629 0.00158982 -0.00065133 0.00119163 -0.00133232
internal_weight=27928.4 23872 22657.4 9208.96 13448.5 3179.03 2782.72 10269.4 1482.54 2048.77 8258.66 6426.24 5934.92 4056.41 1130.26 3106.01 950.397 2010.79 1300.18 491.324 1214.56 576.431 2673.63 325.301 2491.14 2408.52 263.672 432.384 291.252 251.13
internal_count=866093 592944 582735 275464 307271 51773 71158 255498 32731 27299 215344 204306 188444 273149 24474 221234 51915 40154 38427 15862 10209 30590 196733 16178 186751 182245 2835 24501 15413 14412
is_linear=0
shrinkage=0.03


Tree=82
num_leaves=31
num_cat=0
split_feature=11 44 42 63 69 67 71 47 55 43 58 42 71 1 61 66 67 43 63 68 20 20 16 60 24 0 47 39 61 40
split_gain=434.76 289.927 234.768 146.342 133.5 211.798 131.217 156.632 99.9989 68.3392 65.0452 57.7911 59.8152 49.9226 46.0982 44.323 40.0547 37.2079 36.487 34.441 28.1095 25.8062 18.5431 17.5891 12.0898 3.84911 2.30452 1.97652 1.45968 0.896494
threshold=-0.0072343016508966676 0.63869464397430431 0.0095320697873830813 0.017720161937177185 0.0065979391802102336 0.64866551756858837 0.0083084711804986017 0.006037789164111019 0.0038172922795638446 0.0046994367148727187 0.35862320661544805 0.0057316706515848645 0.0060254158452153215 -0.067586898803710924 0.014111662749201061 0.38194230198860174 0.24340887367725375 0.0077779428102076062 -0.0022818207507953043 0.010705253574997188 -0.46305304765701288 0.36252129077911383 0.023386034183204178 -0.24236539751291272 -3.4999999999999996 -0.066911995410919176 -0.02192049007862806 0.0032462477684021 0.0024739869404584174 1.8257073163986208
decision_type=10 2 2 2 2 2 2 2 2 2 2 2 2 10 2 2 2 2 2 2 8 10 10 2 2 10 2 10 2 10
left_child=1 2 10 6 8 -6 19 -8 -5 -3 17 18 -13 25 15 -11 -15 20 -12 -4 -1 22 24 -19 -18 -2 -17 29 -24 -27
right_child=13 9 3 4 5 -7 7 -9 -10 14 11 12 -14 16 -16 26 21 23 -20 -21 -22 -23 28 -25 -26 27 -28 -29 -30 -31
leaf_value=0.00048246474888412859 0.0021316303815212263 -0.0016972728435574122 0.003073487743796894 0.0021770444169788537 0.013610235664005823 -0.0010270003226147491 0.00041936097737533845 0.012762872333048495 -0.0041961112253413174 0.019433879246461727 0.0035031554800234823 -0.002847094945471502 0.0061847614097345913 0.0016865002110114616 0 0.0018162363013541378 0 -0.0024030765875716312 -0.0053714686783638927 -0.0043353667068326126 -0.0077132249784394894 4.6201273193475546e-05 -0.0013545495416570842 0.0040415176285880216 -0.011469098612671279 -0.0021597178426567823 -0.00072402674262580624 0.00047966575199371773 0.00057633810132346917 0
leaf_weight=287.83963698055595 173.85305820498616 88.027155390940607 558.72766356542706 4208.719031104818 1224.9696682980284 1633.0058857938275 1374.252746719867 3004.0371035002172 3671.6483789589256 812.71740907523781 122.25907669775188 624.98921986948699 1285.67932404764 99.787241447716951 124.04566077142954 68.686276411637664 112.1739767305553 285.00906182266772 1358.543821208179 698.82486970722675 2575.3397043654695 158.91014150809497 151.92686804570258 225.22501567564905 2536.4427449125797 161.15417461935431 112.50105316378176 57.659056737087667 91.455259528942406 25.342202851548791
leaf_count=6908 4976 3381 16982 118083 18187 35401 28103 58764 76608 8833 2431 24104 31289 2290 1270 817 5827 7844 49375 22199 107191 6435 11094 6083 189505 10130 2144 3104 4866 1072
internal_value=0.000954309 0.00243664 0.00150763 0.00343111 0.00122198 0.00624979 0.00714885 0.00939009 -0.00082975 0.0144196 -0.00302253 0 0.0031282 -0.0081409 0.0160064 0.0174714 -0.00927947 -0.00567874 -0.00378798 -0.000935027 -0.00685086 -0.0099096 -0.0104713 0.00073703 -0.0111085 0.000494142 0.000424849 -0.000917522 -0.000325793 -0.00182123
internal_weight=27913.8 24345 23139.1 16374.2 10738.3 2857.98 5635.84 4378.29 7880.37 1205.98 6764.88 3391.47 1910.67 3568.7 1117.95 993.905 3150.7 3373.41 1480.8 1257.55 2863.18 3050.91 2892 510.234 2648.62 418.008 181.187 244.155 243.382 186.496
internal_count=865296 625997 609552 374327 248279 53588 126048 86867 194691 16445 235225 107199 55393 239299 13064 11794 220017 128026 51806 39181 114099 217727 211292 13927 195332 19282 2961 14306 15960 11202
is_linear=0
shrinkage=0.03


Tree=83
num_leaves=31
num_cat=0
split_feature=11 44 42 16 71 73 60 43 16 41 58 42 71 47 60 67 43 8 60 64 56 56 49 17 71 19 8 1 68 40
split_gain=423.231 271.352 166.141 130.893 169.241 162.462 86.0517 125.75 93.3149 80.6464 61.2683 77.5393 70.7455 55.0449 39.4845 37.2592 36.3526 37.4823 30.5485 30.2805 32.8716 41.3888 23.2691 20.9239 15.6122 11.8707 11.4428 9.93435 6.09331 5.4008
threshold=-0.008098303806036709 0.63869464397430431 0.0094695864245295542 -0.19792752712965009 0.2152170464396477 0.74840745329856884 -0.82471337914466847 0.0034537621540948753 0.12929907441139224 1.2640191316604616 0.16431949287652972 0.0057316706515848645 0.0060254158452153215 0.0090977516956627386 -0.96469798684120167 0.24340887367725375 0.0077779428102076062 -1.8428204655647276 -0.72994983196258534 -2.3588857650756831 0.28277373313903814 -0.21747897565364835 0.021210764534771446 -0.36331897974014277 0.0042125303298234948 -1.081934332847595 -0.95041263103485096 -0.10043632984161376 -0.7356119155883788 0.96000647544860851
decision_type=10 2 2 8 2 2 2 2 10 8 2 2 2 2 2 2 2 10 2 2 2 2 2 10 2 10 10 8 2 8
left_child=1 2 10 4 5 -4 7 -5 -8 15 16 14 -13 19 -12 -2 17 -1 -6 -3 21 -21 -22 -17 28 -25 29 -27 -11 -26
right_child=9 13 3 6 18 -7 8 -9 -10 24 11 12 -14 -15 -16 23 -18 -19 -20 20 22 -23 -24 25 26 27 -28 -29 -30 -31
leaf_value=0.0011566753758480439 0.0017202416826008662 0.00067362590960601135 -0.0045284509153151672 0.012623811574416778 -0.0068825348554267972 0.016149632867745199 -0.00072701182810975271 -0.00031357812375325988 0.0052220507331308145 0.00050046055966891732 0.0017311871495046289 -0.0028232312090926376 0.0069037666021470011 -0.00098560114555037168 -0.0065666458627334596 0 0.0015354534333363603 -0.0080435353163365707 0.0020018130562339722 0.0070772533733366319 0.001237927965809713 -0.0038635221543440808 0.021820069081409332 1.8962634639249389e-05 -0.00037075526330437479 0 -0.0014417407868795233 -0.01049292967669818 -0.0040127360309958338 0.0040817227431418964
leaf_weight=274.39200621377677 89.763276738114655 191.25702027324587 163.23330050520599 989.84106871392578 228.38872631080449 1454.8147640768439 8877.6459772409871 1114.8574949046597 2668.6026498861611 88.192145616747439 438.29655006341636 654.00043091643602 1369.6519287936389 98.833128908649087 1076.2007057182491 241.37926373258233 310.47499912977219 1924.4397777579725 269.29807428270578 93.994398866780102 152.61947525665164 162.435780396685 476.52638609986752 42.577031007036567 70.606385262683034 81.913387235254049 269.85308744572103 3009.035029059276 465.35533367563039 551.29750264063478
leaf_count=6900 2281 2530 2292 23474 2943 20234 227359 21736 42640 4981 13124 23881 32873 1979 36524 9342 7875 75249 1961 1829 1359 3823 3549 2310 2933 4790 13908 226534 24112 20253
internal_value=0.000856005 0.00259353 0.00164406 0.00324731 0.00947839 0.0133454 0.00195959 0.00691101 0.000782729 -0.00671188 -0.00241884 0.000154438 0.0037048 0.0142843 -0.00418267 -0.00892921 -0.00556969 -0.00678269 -0.00318053 0.0157442 0.0173648 0.00177745 0.019852 -0.00947531 -0.000313436 -0.0100463 0.00170261 -0.0102518 -0.00311267 0.00336887
internal_weight=27899.8 22989.8 21814.1 15766.7 2115.73 1618.05 13650.9 2104.7 11546.2 4909.97 6047.46 3538.15 2023.65 1175.67 1514.5 3464.67 2509.31 2198.83 497.687 1076.83 885.576 256.43 629.146 3374.9 1445.3 3133.53 891.757 3090.95 553.547 621.904
internal_count=865578 554134 539065 342639 27430 22526 315209 45210 269999 311444 196426 106402 56754 15069 49648 245257 90024 82149 4904 13090 10560 5652 4908 242976 66187 233634 37094 231324 29093 23186
is_linear=0
shrinkage=0.03


Tree=84
num_leaves=31
num_cat=0
split_feature=11 8 18 18 69 19 19 65 18 9 18 44 69 51 55 56 51 52 73 68 74 71 67 68 71 58 46 49 71 55
split_gain=407.435 257.581 139 126.407 105.118 75.4851 60.7915 55.5681 53.4201 43.6168 41.739 39.2838 60.5205 37.5664 38.3856 37.5485 36.2504 34.9373 31.6664 29.3337 25.007 24.752 24.4097 23.5964 22.7416 19.7728 20.4867 19.7616 19.4899 18.0401
threshold=-0.015252019744366406 -0.99298197031021107 -0.41560058295726771 -0.49771969020366663 -0.0097161978483200056 -0.47043831646442408 -0.32058598101139063 0.0042212110711261639 -0.44023476541042322 -0.3400482684373855 -0.14254844188690183 0.20084033906459811 -0.014302345924079416 0.015323453582823278 0.18150694668293002 -0.36882336437702173 0.015654755756258968 1.0465533733367922 1.0488090515136721 1.591891944408417 0.16267263889312747 0.0060254158452153215 0.40628890693187719 -1.5563655495643614 0.038190448656678207 1.1460682153701784 0.0036255604354664688 0.054192420095205314 0.0059473654255270967 0.0020917386282235388
decision_type=10 10 8 10 2 8 8 2 10 10 10 2 2 2 2 2 2 2 2 2 2 2 2 2 2 2 2 2 2 2
left_child=3 4 9 7 16 18 17 -1 -8 25 13 -9 22 15 23 21 -2 28 -4 -19 -17 -5 -13 -15 -7 26 -3 -18 -6 -11
right_child=1 2 5 10 6 24 8 11 -10 29 -12 12 -14 14 -16 20 27 19 -20 -21 -22 -23 -24 -25 -26 -27 -28 -29 -30 -31
leaf_value=-0.00076597202015292508 0 -0.0048537231349907563 -0.0040848878822034732 -0.0015577399855089718 -0.0029033459186477537 -0.010251573220274902 0.0022416040449474623 0.0019721027781918793 -0.0045807549189277597 -0.0010401994991171785 0.0066916966426122772 0.0051573697766192327 0.016688159103137121 -0.00072094664070821064 -0.0028944933019985635 -0.0045806071051708837 0 0.0062418991990075877 0.0022220699699284046 -0.0021613544529809148 0.0010647006572376567 0.0051368792007162236 -0.0024982689170018296 0.0075385472043525536 -0.0001869125561567621 0.0019479257907639136 0.00068122552966077632 0.012479739340843565 0.00208834791354023 0.004976422705571951
leaf_weight=224.18703987821937 308.33936838433146 1605.882759812288 1590.8886091616005 403.8471568338573 747.68382275570184 3678.6252108030021 1209.1510095838457 552.87985083833337 2231.3609823901206 322.7765220683068 1744.0973157677799 355.77579998970032 1350.8848720025271 205.23529106006026 161.82371742650867 1389.9224466346204 107.31341941468418 1922.5657813409343 635.27019149437547 130.80885115917772 759.75284918211401 858.09365458786488 206.01127730682492 1155.5055962055922 296.30227940063924 363.74431570991874 564.61763427592814 687.03510713763535 1110.4978118380532 1014.8813336724415
leaf_count=2356 8944 67218 59282 8071 26304 227635 37645 6515 99773 15753 27146 2723 16169 3355 2383 27168 2406 46418 22454 3163 12406 12748 1887 14648 10517 11344 16820 12029 27441 33190
internal_value=0.000977176 -0.00159436 -0.00474185 0.00591657 0.00217743 -0.00735772 0.000575438 0.0109913 -0.00212674 -0.000121407 0.00320767 0.0121104 0.0139006 0.00141856 0.00467527 -0.000370008 0.0091596 0.00299188 -0.0020976 0.00527068 -0.00264777 0.00299011 0.00221301 0.00627259 -0.00967308 -0.0023774 -0.0034436 0.0113618 0 0.00347336
internal_weight=27895.8 18527.7 10073 9368.02 8454.76 6201.09 7352.07 2689.74 3440.51 3871.9 6678.28 2465.55 1912.67 4934.18 1522.56 3411.62 1102.69 3911.56 2226.16 2053.37 2149.68 1261.94 561.787 1360.74 3974.93 2534.24 2170.5 794.349 1858.18 1337.66
internal_count=865911 728336 464213 137575 264123 319888 240744 29650 137418 144325 107925 27294 20779 80779 20386 60393 23379 103326 81736 49581 39574 20819 4610 18003 238152 95382 84038 14435 53745 48943
is_linear=0
shrinkage=0.03


Tree=85
num_leaves=31
num_cat=0
split_feature=11 44 42 67 44 69 67 63 41 65 58 51 68 69 67 48 52 49 54 8 17 24 71 53 48 8 7 1 63 42
split_gain=405.77 238.846 170.654 135.492 143.217 140.807 273.782 151.322 89.5345 67.3221 62.2521 54.8074 54.8275 50.3078 42.5713 32.3885 30.3402 25.7401 22.6906 21.6116 17.7668 14.7104 13.8049 9.70801 9.20018 8.85496 8.37045 7.26551 6.98359 6.6801
threshold=-0.008098303806036709 0.63869464397430431 0.0095320697873830813 0.37875562906265264 0.29679679870605474 0.0065979391802102336 0.64866551756858837 0.029300849884748462 1.2843996882438662 0.019790522754192356 0.16431949287652972 0.0036961609730497007 -1.4380751848220823 -0.0035465866094455119 0.24340887367725375 0.028557782061398033 1.0440095067024233 0.048681849613785751 -1.2085362672805784 -2.1710613965988155 -0.34695717692375178 -4.4999999999999991 0.0070151358377188453 0.017370265908539299 0.011942370329052212 -1.7274784445762632 -0.044971177354454987 -0.11863338947296141 0.023204354569315914 0.005680742673575879
decision_type=10 2 2 2 2 2 2 2 8 2 2 2 2 2 2 2 2 2 2 10 10 2 2 2 2 10 8 10 2 2
left_child=1 2 10 4 16 7 -7 -5 14 -6 18 24 -13 15 -2 17 -4 -3 -1 -20 -16 -22 23 27 -12 -23 -15 -10 29 -24
right_child=8 13 3 5 9 6 -8 -9 22 -11 11 12 -14 26 20 -17 -18 -19 19 -21 21 25 28 -25 -26 -27 -28 -29 -30 -31
leaf_value=0.00088331340486145311 0.0021049377733720863 0.0016410714359863503 -0.0033231252480533206 0.0022906389841112346 0.019098387032753919 0.015625338365958232 -0.0010121841108168379 -0.0057644172930130834 0.00060218245631825016 2.0406723039842741e-05 0.00022163751489744649 -0.0035795346039931603 0.0046008844228691073 0.0025931735432633491 -0.00039991294389283666 0 0.004567936909222128 0.019002951254467611 0.00070742123320977296 -0.0071080107460296804 0 0 -0.00028826146442124966 0.0013214611904781362 -0.0054990697619323424 -0.010600109650942723 -0.0023406276880158267 -0.0043152739136786168 -0.00057656017630955728 0.0048146699269311392
leaf_weight=242.80411875993013 91.262627848424017 234.98776117898524 516.62222181726247 8969.7566148471087 672.59465996362269 1290.927631915547 1595.0018614092842 2192.2468286240473 86.8479158366099 232.22398424055427 148.14626989979297 570.06861574016511 2088.2182755293325 117.91333431378007 295.69239194877446 90.843495104461908 270.60256490949541 627.60661795549095 188.85686948243529 2096.2403883002698 115.43405861314386 78.286689586937428 105.46597938425839 160.37796353083104 777.089942808263 2878.6564731001854 116.62655960209668 549.58764941431582 186.03426015377045 311.37717963010073
leaf_count=7086 2331 2468 10101 210671 8486 18638 33497 49399 2858 5649 5936 13847 57998 1225 12170 1525 3842 6578 4402 79717 5356 4501 4085 5826 29568 223571 3336 32424 6916 11521
internal_value=0.000957272 0.00264699 0.00174822 0.00337976 0.0104247 0.00218147 0.00754987 0.000503564 -0.0064981 0.0161655 -0.00234625 0.000220053 0.00246265 0.0135863 -0.00880369 0.0156693 0 0.0168311 -0.00551889 -0.00634333 -0.00941071 -0.0100166 0 -0.0020845 -0.00461618 -0.0103688 0 -0.00341055 0.00248118 0.00374326
internal_weight=27898.4 23039.4 21851.4 15740 1692.04 14047.9 2885.93 11162 4859.02 904.819 6111.42 3583.52 2658.29 1187.98 3459.33 953.438 787.225 862.594 2527.9 2285.1 3368.07 3072.38 1399.69 796.814 925.236 2956.94 234.54 636.436 602.877 416.843
internal_count=865528 553969 538837 340283 28078 312205 52135 260070 311559 14135 198554 107349 71845 15132 247929 10571 13943 9046 91205 84119 245598 233428 63630 41108 35504 228072 4561 35282 22522 15606
is_linear=0
shrinkage=0.03


Tree=86
num_leaves=31
num_cat=0
split_feature=37 37 46 60 53 55 42 55 16 67 44 57 42 42 42 35 8 52 24 50 62 64 51 59 10 48 62 19 65 69
split_gain=383.268 222.018 117.002 141.04 127.437 151.251 112.639 111.123 96.3578 81.1419 79.6541 54.6104 50.6539 29.4442 28.359 27.224 21.6537 15.7775 15.2981 12.2902 11.5295 11.1788 10.2494 9.90989 9.41445 7.6224 6.68697 6.23633 5.1589 4.95546
threshold=0.026475309394299987 0.098322797566652312 0.027424328960478309 -0.82471337914466847 0.035010060295462615 0.0036942420993000273 0.0064565367065370092 0.18150694668293002 -0.17021474987268445 0.52144229412078869 0.24037037044763568 0.26744054257869726 0.012064521666616203 0.051005637273192413 0.0049038105644285688 0.028692841529846195 -0.85491904616355885 0.82791686058044445 -5.4999999999999991 0.014379888772964479 0.50019720196723949 -0.048382654786109917 0.02571932785212994 6.0999999046325692 -0.32826805114746088 0.0031718786340206866 0.4274087548255921 -0.68675893545150746 0.0093713700771331804 -0.030383523553609845
decision_type=8 10 2 2 2 2 2 2 10 2 2 2 2 2 2 10 10 2 2 2 2 2 2 2 10 2 2 10 2 2
left_child=8 2 3 4 5 -2 15 10 17 -8 23 -4 18 -6 -12 -5 20 28 -10 22 21 -14 -20 -3 -18 -9 -16 -26 -1 -27
right_child=1 7 11 6 13 -7 9 25 12 -11 14 -13 16 -15 26 -17 24 -19 19 -21 -22 -23 -24 -25 27 29 -28 -29 -30 -31
leaf_value=0 0 0.0026379647177236462 -0.0016505543615283722 -0.007860242288735832 -0.0084783182843567919 0.011014952764147832 0.0025409343924216602 0.00078773260007417966 0 -0.0020901237542958399 4.8886883939578494e-05 0.013931834517054358 -0.00094148176830876154 0.0015611730525786447 0.016638489043048134 0 0.00013750375830523718 -0.00062179304688356673 -0.010414313491186284 0.00024269726508590521 -0.0016469610233373747 0.0047572303943800437 0 -0.0021929925197204936 0 -0.0052849914424572689 0.0027616895102915112 -0.0060867006992613264 0.0071072621881435828 0
leaf_weight=43.834044576622546 1717.0302273370326 336.74510963447392 94.554142080247402 1510.6392336208373 278.81549336016178 2487.4987558908761 7637.5821415949613 77.700832905247808 99.295268435031176 5330.2958380710334 159.15670148655772 440.24821520596743 162.47600737214088 132.14912510290742 1371.2872355822474 447.79781757295132 176.612344824709 240.4403305221349 2627.9715602938086 24.318418613635004 433.61317292973399 299.64086993038654 79.075768439099193 179.42579913139343 78.595457145944238 136.05428576283157 319.95535983890295 722.67347199562937 158.03074990026653 68.9793466553092
leaf_count=812 56334 4476 1695 57362 3823 49905 196984 821 3817 126134 2620 4148 8150 1408 14903 14290 9324 10419 196964 1614 20318 13624 5055 3052 2933 2364 4885 42131 3905 622
internal_value=0.00106419 0.00276023 0.00153899 0.000975421 0.00528117 0.00693629 -0.000464571 0.0102059 -0.0059532 0.00060819 0.0121223 0.0114206 -0.00723152 -0.00583574 0.0144793 -0.00636894 -0.00229623 0.00394737 -0.00957301 -0.00993576 0.000747095 0.00299378 -0.0101443 0.000410687 -0.00459652 -0.00294835 0.0153793 -0.00552241 0.00638304 -0.00434426
internal_weight=27872.5 22725.9 20076.6 19541.8 4615.49 4204.53 14926.3 2649.3 5146.58 12967.9 2366.57 534.802 4704.27 410.965 1850.4 1958.44 1873.61 442.305 2830.66 2731.37 895.73 462.117 2707.05 516.171 977.881 282.734 1691.24 801.269 201.865 205.034
internal_count=864892 545826 512083 506240 111470 106239 394770 33743 319066 323118 29936 5843 303930 5231 22408 71652 96480 15136 207450 203633 42092 21774 202019 7528 54388 3807 19788 45064 4717 2986
is_linear=0
shrinkage=0.03


Tree=87
num_leaves=31
num_cat=0
split_feature=7 44 6 41 18 18 68 47 46 57 57 47 74 64 74 74 60 59 1 69 59 56 39 44 11 55 18 46 8 8
split_gain=374.423 262.487 185.333 143.528 90.9924 77.6391 68.9347 58.9033 56.2302 56.2217 46.1981 44.8907 43.0546 35.3069 47.9315 88.6433 30.9297 24.8519 22.4501 15.1297 14.4499 12.8131 10.3994 8.85687 6.44804 6.30624 4.30351 4.24416 4.2013 1.73883
threshold=-0.018951688893139359 0.63869464397430431 -2.4999999999999996 0.58908700942993175 -0.55536764860153187 -0.13166094571352002 -0.96495205163955677 0.0090977516956627386 0.0030487844487652187 0.30226717889308935 0.20975620299577716 0.0028147569391876463 -0.74839678406715382 -2.3588857650756831 -0.42577789723873133 1.4064419865608218 -1.421817362308502 7.2999999523162851 -0.091595828533172594 -0.018147548660635945 3.6999999284744267 -0.14458015561103818 -0.014511436223983763 0.39262187480926519 -0.014619332272559403 0.0062960414215922364 -0.45584762096405024 0.0065086062531918296 -1.0877269506454466 -0.77302727103233326
decision_type=10 2 2 8 8 8 2 2 2 2 2 2 2 2 2 2 2 2 10 2 2 2 8 2 10 2 8 2 8 10
left_child=1 2 6 9 11 -6 27 13 18 12 -8 -5 -4 28 -15 -16 -11 -12 -2 -20 21 -10 -21 25 -24 26 -22 -1 -3 -25
right_child=8 7 3 4 5 -7 10 -9 20 16 17 -13 -14 14 15 -17 -18 -19 19 22 23 -23 24 29 -26 -27 -28 -29 -30 -31
leaf_value=0.00062531513419757827 0 0.0022587677117152471 0.0062663312751086693 -0.00054633401734300799 -0.00035965004168125837 0.0047412368248257696 -0.0013689084831078797 -0.0011346358082667634 -0.00096795833591782599 0.001941296592511286 0.013529174566263413 0.0087249136412378501 -0.0027463275045245959 0.021507747939779488 -0.0045713635147046853 0.01035673671826918 -0.0063761995099276738 0.00066851052582326295 0.00044750997861912526 0 0 0.0055814229851454183 0 0.0019310945435005872 -0.010529571300214372 0.0005635170336056297 -0.0051391773370566838 -0.0026673202446533539 -0.0012241542546151821 -0.00033462884199487531
leaf_weight=264.50632077455521 183.06797529198229 79.442148218862712 376.00335511565208 452.45577544812113 11616.619620860554 2939.7755613634363 103.66112618520856 113.78180267009884 165.35192545130849 166.87305204756558 1320.4115540292114 1678.60099977348 558.44176111835986 442.63538569118828 277.20982525404543 205.55046161822975 3269.1876825587824 258.73458036221564 26.96437322255224 38.682809882797301 65.254288325086236 63.693467662669718 13.751222763210533 100.41397076845169 2466.8061903007329 32.201283977366984 370.31644091196358 111.79472979158163 114.04522250127047 32.30722539499402
leaf_count=2881 9764 1026 7826 9072 325801 63758 1545 2326 10523 5817 15049 34490 18466 3445 6416 1828 107389 3434 866 2253 3188 3515 522 4404 191681 1688 21884 1611 1544 1950
internal_value=0.000933149 0.00230697 0.00141586 0.000463068 0.00175353 0.000773827 0.00904836 0.0136143 -0.00751898 -0.00407678 0.0111368 0.00691272 0.00159121 0.0151866 0.0168573 0.00351489 -0.00570075 0.0122338 -0.00931259 -0.0099282 -0.000109236 0.00302063 -0.0101943 -0.00240566 -0.0104122 -0.00374958 -0.00451986 -0.000974317 0.000370791 0.00107683
internal_weight=27908.5 24349.7 23117.1 21058 16687.5 14556.4 2059.11 1232.66 3558.81 4370.51 1682.81 2131.06 934.445 1118.88 925.396 482.76 3436.06 1579.15 2729.27 2546.2 829.539 229.045 2519.24 600.493 2480.56 467.772 435.571 376.301 193.487 132.721
internal_count=865962 613724 597139 572619 433121 389559 24520 16585 252238 139498 20028 43562 26292 14259 11689 8244 113206 18483 205086 195322 47152 14038 194456 33114 192203 26760 25072 4492 2570 6354
is_linear=0
shrinkage=0.03


Tree=88
num_leaves=31
num_cat=0
split_feature=37 53 67 67 69 67 74 56 44 57 18 52 55 43 16 52 57 17 43 9 3 41 10 37 43 55 42 20 44 63
split_gain=353.092 208.062 210.14 132.594 128.76 167.173 119.03 143.485 100.556 94.5024 86.4106 86.287 59.5783 42.2105 40.7698 29.8902 23.6047 14.732 11.5736 8.90723 6.66403 6.3511 6.11045 6.21291 5.83951 5.11164 4.79493 2.42643 2.40344 2.20956
threshold=0.026475309394299987 0.072124548256397261 0.24340887367725375 0.65717908740043651 0.0065979391802102336 0.61593210697174083 1.7524296045303347 -0.39770419895648951 0.49561403691768652 0.34481064975261694 -0.40394406020641321 1.3355644941329958 0.21083009243011477 0.0041698280256241569 0.042293567210435874 0.71776500344276439 0.34713867306709295 0.18533099442720416 0.007056490285322071 -0.33109858632087702 -0.0068439617753028861 1.705624043941498 -0.45247413218021387 1.0000000180025095e-35 0.005098003428429366 0.002912446623668075 0.006873760838061572 -0.41373485326766962 0.32866927981376654 0.012016552034765484
decision_type=8 2 2 2 2 2 2 2 2 2 10 2 2 2 10 2 2 10 2 10 10 10 10 10 2 2 2 8 2 2
left_child=10 2 8 12 6 13 7 -4 16 -7 15 -8 18 -6 17 26 -2 20 24 22 -12 -22 -17 -24 -3 27 -1 -16 -21 -29
right_child=1 3 4 -5 5 9 11 -9 -10 -11 14 -13 -14 -15 25 19 -18 -19 -20 28 21 -23 23 -25 -26 -27 -28 29 -30 -31
leaf_value=0 0.0037945909764699457 0.0039793267522037724 0.0041991264306406517 -0.0039420707204721843 0.019909894821856573 0.0051268117824481707 -0.0011378353191092356 -0.0022095540193191139 0.017927519991571463 -0.0063524164054710791 0 0.013297915287961339 2.6429895032081843e-05 -0.00012356853189672757 0.00031291324805839528 0.00038655059507915272 -0.0041886263884796668 0.00013214305165175157 0.019258340531304468 -0.00053317630494897396 -0.010455080935279415 0 0.00063472214613738865 -0.0042303475225794794 -0.00052525308251069819 0.001732329981369429 0.005905672976137883 3.8448142587075558e-05 0.0018566512691559449 -0.0029561779745719023
leaf_weight=51.311015011742711 142.43182067293674 190.66296498477459 3511.5854108007625 167.84006415680051 285.25444327108562 1349.670706727542 430.17642888240516 13961.346508230083 488.81042483262718 491.13021989632398 62.281978009268641 471.75771380774677 249.09599774330854 67.285900514572859 40.125321332365274 136.6064597889781 184.79892536811531 58.926768316887319 682.57168789580464 188.52713117469102 2615.2632935317233 55.456330047920346 20.969314693473279 1049.8720039762557 91.319624485448003 164.41616328526288 131.31292074359953 36.65661339648068 203.58124245144427 269.70981252938509
leaf_count=3064 2510 1847 85494 3479 4155 27606 10779 375935 3601 10287 2186 8372 2177 1464 1613 6409 3967 2842 3066 10299 194721 3884 379 54307 1293 6993 2992 2417 11657 14626
internal_value=0.000771515 0.00239419 0.00149895 0.0120114 0.000721802 0.00685063 -0.000155975 -0.000823904 0.0131427 0.00123327 -0.0060035 0.00824858 0.0148992 0.0179044 -0.00856343 -0.000291076 -0.000157877 -0.00979079 0.0172149 -0.00211499 -0.0100849 -0.0102759 -0.00315075 -0.00377239 0.0027338 -3.43902e-05 0.0050925 -0.00175519 0.000716503 -0.00242417
internal_weight=27850.8 22765.7 21384.2 1381.49 20568.2 2193.34 18374.9 17472.9 816.041 1840.8 5085.02 901.934 1213.65 352.54 3302.84 1782.18 327.231 2791.93 964.554 1599.56 2733 2670.72 1207.45 1070.84 281.983 510.908 182.624 346.492 392.108 306.366
internal_count=864421 546032 534170 11862 524092 43512 480580 461429 10078 37893 318389 19151 8383 5619 229282 89107 6477 203633 6206 83051 200791 198605 61095 54686 3140 25649 6056 18656 21956 17043
is_linear=0
shrinkage=0.03


Tree=89
num_leaves=31
num_cat=0
split_feature=11 8 24 51 42 69 58 56 51 74 55 57 62 69 48 50 56 9 35 55 20 52 64 47 55 60 47 74 62 56
split_gain=359.204 239.681 123.515 116.673 133.174 86.3707 82.5033 63.4396 117.686 61.8305 60.8767 95.7449 90.4937 85.1345 79.6903 60.5382 52.9778 47.5107 41.8509 39.3264 37.8388 34.5266 34.2853 28.4943 27.8908 27.1845 24.3173 21.5699 21.094 21.6063
threshold=-0.017732455395162102 -0.82759392261505116 -2.4999999999999996 0.037742983549833305 0.011951002757996322 -0.0078729959204792959 -0.51512968540191639 -0.22311353683471677 0.0016869643586687746 -0.68676057457923878 0.0039273570291697988 0.38827413320541387 -0.01486239582300186 -0.014302345924079416 -0.023343019187450405 -0.014804646372795103 6.5999212265014657 -0.3400482684373855 0.13181167840957644 0.0075084452982991942 0.34523987770080572 0.8687269687652589 0.61511036753654491 0.072269521653652205 0.002912446623668075 -1.4528114795684812 0.017041265033185485 1.121305048465729 -1.2482134103775022 -0.72651699185371388
decision_type=10 10 2 2 2 2 2 2 2 2 2 2 2 2 2 2 2 10 10 2 10 2 2 2 2 2 2 2 2 2
left_child=6 3 17 4 18 16 22 9 -9 -6 -8 12 13 -12 -13 -16 21 -3 25 24 28 -5 26 -24 -19 -2 -1 -28 -4 -30
right_child=1 2 20 5 7 -7 10 8 -10 -11 11 14 -14 -15 15 -17 -18 19 -20 -21 -22 -23 23 -25 -26 -27 27 -29 29 -31
leaf_value=0.002297646686704445 0.0023221455561507789 -0.002848562226205672 0 4.017640965878502e-05 0.0072410470647064447 -0.0017629176250269127 0.0022062896143574067 0.012615544386586413 0.0013372017480911291 -0.0017842686149781631 0 0.0098704178310580828 0.00021348120062667864 0.019525808676379139 -0.007938359577195327 0.0035172271752130398 -0.0016481292384556956 0 0.0038059812700429086 -0.0020728467737772998 0.00043390002736600446 0.014749158878917933 0.0065624578339868655 -0.0021515540241063506 0.0089466454093207436 -0.0043291006048791613 -0.0056783014815805733 0.0021826129587454841 0 -0.0096225402643418684
leaf_weight=472.86576832458377 246.08158940356225 2723.0670019751415 186.7188249565661 210.21590357273817 355.89100991096348 403.17377281095833 1190.8024968802929 939.12292326614261 2481.9698149142787 2883.1612631659955 225.67446241155267 156.03293633460999 376.78130306489766 1308.0420752540231 388.4948350507766 336.53922786563635 99.491721346974373 386.16430911794305 304.00508655887097 476.4941662736237 326.26005769707263 837.10168328136206 832.60133712552488 123.99289474263787 437.04075729101896 4685.5112499026582 645.14457045122981 70.182620603591204 163.80621172022074 3569.103423666209
leaf_count=6116 8974 82379 11612 3999 8536 8328 20137 21854 63100 80067 2566 897 5539 11350 4957 3516 2802 13783 6118 8723 12858 11106 10794 2187 12522 199582 10125 953 10272 219283
internal_value=0.000994596 -0.000840595 -0.00472028 0.00160746 0.000423358 0.00822904 0.00711643 0.0031569 0.00572361 0 0.00947753 0.0116818 0.0148463 0.0173573 0.00171203 -0.00311085 0.0113927 -0.000680858 -0.00297372 0.00322373 -0.00800928 0.0129577 0.00165605 0.00487616 0.00614105 -0.00375877 -0.00143508 -0.00407955 -0.00874953 -0.00918783
internal_weight=27841.5 21714.4 8268.65 13445.7 11895.7 1549.98 6127.15 6660.15 3421.09 3239.05 3982.37 2791.56 1910.5 1533.72 881.067 725.034 1146.81 4022.77 5235.6 1299.7 4245.89 1047.32 2144.79 956.594 823.205 4931.59 1188.19 715.327 3919.63 3732.91
internal_count=865035 785898 371432 414466 388231 26235 79137 173557 84954 88603 48962 28825 19455 13916 9370 8473 17907 117407 214674 35028 254025 15105 30175 12981 26305 208556 17194 11078 241167 229555
is_linear=0
shrinkage=0.03


Tree=90
num_leaves=31
num_cat=0
split_feature=37 18 19 18 44 73 69 65 52 8 18 69 57 16 16 69 7 62 62 71 19 53 60 73 68 19 54 8 74 8
split_gain=331.291 208.027 157.185 91.6489 77.6077 63.8419 84.7304 131.784 65.6873 63.5927 53.7901 53.3616 44.3422 43.3774 36.7422 35.4311 33.546 31.7955 29.7474 28.9128 22.4824 17.4153 18.9714 16.9538 20.081 16.4419 13.5336 10.3271 9.52779 9.08555
threshold=0.026475309394299987 -0.48210075497627253 -0.47043831646442408 -0.41560058295726771 0.20084033906459811 0.90254780650138866 -0.014302345924079416 0.0042212110711261639 0.99361073970794689 -1.0265535116195676 -0.10348687320947646 -0.033753622323274605 0.4425522387027741 0.039532329887151725 -0.17311145365238187 -0.009948960039764641 -0.071394599974155412 -0.80737078189849842 -0.6980018913745879 0.0057183692697435626 -0.32058598101139063 0.027021207846701149 -1.2775667309761045 0.9548519253730775 1.591891944408417 -0.6971115469932555 -0.62190675735473622 -0.85491904616355885 -0.51701286435127247 -1.1519461870193479
decision_type=8 8 10 10 2 2 2 2 2 10 10 2 2 10 10 2 8 2 2 2 10 2 2 2 2 10 2 10 2 10
left_child=3 4 10 14 16 6 11 -8 26 15 17 -6 -10 25 28 -4 -2 19 -19 -3 -17 22 -11 29 -25 -5 -7 -16 -1 -12
right_child=1 2 9 13 5 8 7 -9 12 21 23 -13 -14 -15 27 20 -18 18 -20 -21 -22 -23 -24 24 -26 -27 -28 -29 -30 -31
leaf_value=0.0068632390376567737 0.0047797051214402879 -0.00085685416414133105 0.0049884381591126245 0 0.0080786438572933213 0.0019201136855628428 -0.0034656964153232245 0.018380689571155052 0.0082649117235256229 0.00051859506028926756 0.0030964801031548995 -0.0024929644633082328 -0.0022902296366515635 0 0.00050561915364701776 0.0013948785651344765 -0.0032121812413843298 -0.0045198476226732563 0.0012493865499280778 0.0071609275319731887 -0.0029982626325693643 0.00073596094100845391 -0.0063649554518130768 0.0088052050068144396 -0.00074959676143317102 -0.0099510583466586242 -0.0031274923625684925 -0.0037154115232060905 0 -0.0012897719516985588
leaf_weight=196.56566869001836 245.83576366864145 343.93521406408399 571.28974632173777 204.9927702723071 230.35864099860191 286.82738229818642 100.02517149783671 1202.8563790591434 1784.57887338195 234.78710054978728 358.52820623852313 584.52226925455034 155.23965977411717 548.38299827743322 513.40287384111434 1331.1733563244343 778.39769630692899 422.23298953380436 5490.3947949344292 920.38729039300233 1944.5181219885126 207.28400377556682 2891.8242084356025 1593.1162504032254 74.425290824845433 2635.5251370118931 724.16621212661266 795.96203245315701 147.69265036936849 322.96552614681423
leaf_count=4005 2262 10114 11444 10598 1788 7657 1529 21564 37544 8582 6656 6005 3001 27912 24962 32868 15095 9669 109408 18582 63198 3493 120116 29027 1424 199280 17583 46204 5607 7877
internal_value=0.000991785 0.00255288 0.000728932 -0.00560609 0.00707417 0.00847259 0.0122688 0.0160411 0.00427825 -0.00250208 0.00319777 0.00220296 0.00700101 -0.00812382 0.000102526 0.0001309 -0.000158486 0.00162358 0.000470317 0.00518508 -0.00118522 -0.00523938 -0.00576509 0.00677307 0.00816581 -0.00940836 -0.00133539 -0.00221218 0.00535788 0.00109774
internal_weight=27842.2 22799.7 16706.9 5042.52 6092.81 5068.57 2117.76 1302.88 2950.81 7180.88 9525.99 814.881 1939.82 3388.9 1653.62 3846.98 1024.23 7176.95 5912.63 1264.32 3275.69 3333.9 3126.61 2349.04 1667.54 2840.52 1010.99 1309.36 344.258 681.494
internal_count=865054 546486 432458 318568 114028 96671 30886 23093 65785 239701 192757 7793 40545 237790 80778 107510 17357 147773 119077 28696 96066 132191 128698 44984 30451 209878 25240 71166 9612 14533
is_linear=0
shrinkage=0.03


Tree=91
num_leaves=31
num_cat=0
split_feature=18 19 58 57 55 54 44 43 18 71 56 71 56 44 72 49 62 74 56 48 71 23 67 67 18 41 58 54 63 56
split_gain=337.62 302.654 125.86 173.439 175.044 128.687 108.696 95.7056 91.3904 83.953 72.5986 64.9533 62.749 92.8011 61.9467 58.9581 54.9759 51.884 54.4986 46.0885 39.5242 33.9849 33.8208 28.9985 27.3984 28.256 26.5983 22.6562 16.3259 16.1685
threshold=-0.46512320637702936 -0.30139684677124018 1.122850298881531 0.34170475602149969 0.0039273570291697988 0.0092788040637969988 0.2043135464191437 0.0036840994143858556 -0.10348687320947646 0.038190448656678207 -0.18640854954719541 0.0086167552508413809 -0.1893433406949043 0.19876543432474139 -0.1667593717575073 0.041663754731416709 -0.22009134292602536 0.85342490673065197 -0.21091198921203611 0.023860861547291282 0.024889901280403141 -1.0058130025863645 0.60930132865905773 0.39768144488334661 -0.40394406020641321 1.4728629589080813 1.0883659124374392 -0.64063981175422657 0.022236961871385578 3.9482336044311528
decision_type=10 10 2 2 2 2 2 2 10 2 2 2 2 2 2 2 2 2 2 2 2 10 2 2 10 8 2 2 2 2
left_child=2 8 3 4 -1 19 -6 -4 11 24 -8 17 13 -13 -14 -9 -17 26 -19 27 22 -10 -7 29 -3 -26 -2 -5 -21 -11
right_child=1 9 7 5 6 20 10 15 21 23 -12 12 14 -15 -16 16 -18 18 -20 28 -22 -23 -24 -25 25 -27 -28 -29 -30 -31
leaf_value=-0.00053984719345021373 -0.004863701367735499 -0.0021493864375632483 -0.00159817205651723 -0.00025123960222214043 0.0010867013673538104 0.010057420085983667 0.021233306932507592 0.0003165961343820034 0.0070649088100356097 0.0061708472982916927 0.0026355902199396955 -0.0026496129886874127 -0.0060887285970696627 0.0085906128527240503 0.0017720588365843809 0.018672126014556228 0 -0.0024844678626697227 0.0071417325914142956 0.003526026943249314 -0.00083349598276995609 -0.0002393289678226026 -0.00093088733444010498 -0.0029848603693094582 -0.0098417153139934641 -0.0019052659928274855 0.0014394125198375813 -0.0093257384547642663 -0.0026519179835171303 -0.0012966877558387086
leaf_weight=1272.6660751849413 3396.5671428348869 1260.2579847741872 238.79888274427503 408.86549175344408 650.47885795962065 577.99975782260299 696.5887106070295 278.95170614216477 2238.0604233304039 440.83009147085249 462.48597900010645 629.05362997297198 774.67708096839488 1632.3487159181386 2554.5907737314701 971.29843517392874 123.34633618406951 686.1947968415916 488.01470752619207 375.25438440963626 500.1175857167691 586.2631078902632 165.44142749533057 298.96174095012248 3530.432743512094 869.81716223340482 400.33111548423767 1099.7759582819417 175.70473752915859 76.800645258277655
leaf_count=41334 120030 61354 8075 14883 9661 16908 8309 3145 44132 9494 11099 11458 18442 32583 53511 11469 2321 19685 12635 10230 9471 19736 4364 9151 219327 35183 14703 24854 5635 2561
internal_value=0.000834053 -0.00126556 0.00585158 0.00336556 0.00796643 -0.00133161 0.0129005 0.0124277 0.0013118 -0.00634744 0.0170241 -2.42581e-05 0.00208161 0.00544167 -0.000534893 0.014802 0.0170485 -0.00242121 0.00227515 -0.00552945 0.00504075 0.00565052 0.00797983 0.00157452 -0.007574 -0.00868858 -0.00403914 -0.00769049 0.000946047 0.00467536
internal_weight=27861 19863.2 7997.77 6385.38 3082.22 3303.16 1809.55 1612.4 13386.1 6477.1 1159.07 10561.8 5590.67 2261.4 3329.27 1373.6 1094.64 4971.11 1174.21 2059.6 1243.56 2824.32 743.441 816.592 5660.51 4400.25 3796.9 1508.64 550.959 517.631
internal_count=865743 683985 181758 156748 70403 86345 29069 25010 346915 337070 19408 283047 115994 44041 71953 16935 13790 167053 32320 55602 30743 63868 21272 21206 315864 254510 134733 39737 15865 12055
is_linear=0
shrinkage=0.03


Tree=92
num_leaves=31
num_cat=0
split_feature=11 18 19 67 55 69 67 67 60 74 59 34 55 47 60 44 71 53 49 61 16 52 67 68 46 39 0 69 46 66
split_gain=337.38 230.112 145.617 95.5583 80.7798 97.5625 125.162 97.3172 63.5117 56.9776 55.8025 48.263 46.3763 45.7993 46.8739 35.6964 31.0049 27.0711 25.3841 20.2232 16.6958 15.3984 15.1207 23.6738 13.1347 8.39192 10.0005 7.6736 7.30327 6.31874
threshold=-0.0068123899400234214 -0.55536764860153187 -0.30139684677124018 0.24340887367725375 0.0021347984438762073 0.0051145553588867196 0.48341873288154608 0.64866551756858837 0.37927569448947912 -0.14509269595146176 2.6999999284744267 0.053969740867614753 0.0036942420993000273 0.029489948414266113 -0.35119132697582239 0.20084033906459811 0.0053360958117991695 0.027021207846701149 0.048681849613785751 0.00060511525953188549 -0.18982808291912076 0.72651216387748729 0.550335854291916 -0.76070353388786305 0.0046920836903154859 0.010017573833465578 0.077161431312561049 -0.024581494741141793 0.0054880445823073396 0.39959990978240972
decision_type=10 8 10 2 2 2 2 2 2 2 2 8 2 2 2 2 2 2 2 2 10 2 2 2 2 8 8 2 2 2
left_child=1 10 4 27 8 6 -6 -7 16 -10 19 20 22 17 -15 -14 -3 -5 -17 -1 -2 -21 23 -12 25 26 -22 -4 -26 -23
right_child=11 2 3 13 5 7 -8 -9 9 -11 12 -13 15 14 -16 18 -18 -19 -20 21 24 29 -24 -25 28 -27 -28 -29 -30 -31
leaf_value=0.0049288687445764858 0 -0.0047411447939888504 0.0081643336983709194 -0.0060453290291983663 0.0048661328186131924 0.013943180200299405 -0.0021724499735697156 -6.559650228810175e-05 -0.0023839930210573642 0.007180416362453295 -0.0016273272693060079 0.0015788684705728218 0.001113475094932656 0.005242968965678654 -0.0027367313473078405 0 0.001215711111505372 0.0012013421121383769 0.014528070798433941 0.0018098398562828219 -0.010872727867381228 -0.005013622323278461 -0.0014332455770135406 0.0065458416616668456 0.0019521587951877705 0 0 0 -0.0025989927993745115 0.0001614902880064466
leaf_weight=125.4746019653976 154.35434749908745 2241.2562771709636 227.72565784491599 3928.2299600187689 5599.6700869183987 987.54321950860322 3186.6872036140412 570.68570611253381 566.7952545247972 857.33143963105977 170.41745404712856 231.82535565085709 379.04744871146977 518.05951654538512 1396.1129882931709 104.96023583039641 761.33589199092239 277.07832263689488 1630.1809347812086 259.04000981803983 2018.0535655766726 315.50140918232501 309.09248543344438 379.94604516588151 76.103063314221799 71.680398266762495 111.32183431833982 107.44670269265771 167.08876010030508 103.37593570817262
leaf_count=3166 6249 74071 1805 167887 116991 12504 68163 10610 18874 21996 4781 7726 4936 19320 51831 1244 21986 4722 21369 3249 167616 7549 7359 10581 4792 4601 5425 2746 8861 2774
internal_value=0.000992004 0.00215771 0.00084183 -0.00275983 0.00247413 0.00387691 0.00230151 0.00989727 -0.000803841 0.00358759 0.00851954 -0.0079933 0.0101832 -0.00383536 0 0.0123035 -0.00318715 -0.00542718 0.0138178 0.000587273 -0.00906104 -0.00171271 0.0021401 0.00415951 -0.0095661 -0.0102019 -0.010478 0.00705774 -0.000415928 -0.00401705
internal_weight=27833.4 25003 21226 6454.65 14771.3 10344.6 8786.36 1558.23 4426.72 1424.13 3777.04 2830.43 2973.64 6119.48 1914.17 2114.19 3002.59 4205.31 1735.14 803.392 2598.6 677.917 859.456 550.363 2444.25 2201.06 2129.38 335.172 243.192 418.877
internal_count=865784 660514 593506 248311 345195 208268 185154 23114 136927 40870 67008 205270 50270 243760 71151 27549 96057 172609 22613 16738 197544 13572 22721 15362 191295 177642 173041 4551 13653 10323
is_linear=0
shrinkage=0.03


Tree=93
num_leaves=31
num_cat=0
split_feature=18 19 58 57 71 54 8 63 44 72 67 8 71 74 48 46 53 71 0 18 19 47 68 67 50 58 62 71 61 63
split_gain=305.517 280.338 129.52 158.683 158.704 128.755 112.395 72.4345 70.455 75.1571 69.9097 50.0422 48.1964 65.1728 46.5129 45.7597 44.9468 44.565 37.7241 31.5859 31.0732 29.7314 27.2716 24.7327 23.4852 20.8474 18.0317 17.5641 17.4497 16.4907
threshold=-0.47236029803752894 -0.28640669584274286 1.122850298881531 0.34170475602149969 0.010585257317870857 0.0092788040637969988 -0.8827533721923827 0.0062101869843900212 0.21322404593229297 -0.16401675343513486 0.24340887367725375 -1.3591356277465818 0.0055532555561512717 0.82149675488471996 0.023860861547291282 0.0070143223274499187 0.072124548256397261 0.024889901280403141 0.094965428113937392 -0.32612894475460047 -1.1747605204582212 -0.025894622318446633 1.591891944408417 0.60603389143943798 0.014133274555206301 0.033642398193478591 -0.24077358841896054 0.29352919757366186 0.00060511525953188549 0.022236961871385578
decision_type=10 10 2 2 2 2 10 2 2 2 2 10 2 2 2 2 2 2 10 10 10 2 2 2 2 2 2 2 2 2
left_child=2 6 3 4 26 14 12 -4 -6 -10 -3 -12 13 -2 28 18 -17 23 -14 25 -21 -9 -15 -7 -13 -8 -1 -27 -5 -16
right_child=1 10 7 5 8 17 19 21 9 -11 11 24 15 22 29 16 -18 -19 -20 20 -22 -23 -24 -25 -26 27 -28 -29 -30 -31
leaf_value=-0.0028742094808448062 -0.0028567209048159059 0.0037605181194012025 0.017112620914420812 0.00061586971226958935 0.0016276799530781413 0.01012573811859757 -0.0015659240830407592 0.0067865122624547304 0.020657131890251555 0.0010886736779404885 -0.00086022321673706115 -0.0086469188657003204 0.0069035848765576441 0.0064814921537994681 0.0036216777658334052 -0.0036275412611820215 0.0048507223628091803 -0.0010246362635652293 -0.00059919499407227344 0.00082271204684409161 -0.0051479531401605935 -0.0013535766478613123 -0.0021205266447744879 -0.0002130547149115542 -8.8963372385351432e-05 0.0052493876249874198 0.0023390961756177332 -0.0018745099151975793 -0.0083800132290598652 -0.0026311913264400128
leaf_weight=518.09919539373368 1975.1953365625814 277.34972708206624 821.81091278977692 76.44320625346154 533.71961708553135 546.85618984140456 886.32381612807512 216.50266150105745 626.68046243023127 318.73878539539874 1316.3648419557139 4270.6231898078695 4244.4327563690022 935.21346716489643 363.8015284081921 858.56933351047337 459.41883458383381 487.5411121873185 521.58667850121856 797.16427751351148 2391.4181906003505 525.05902107618749 109.33582464978099 165.66648958995938 394.1367502771318 637.06984967458993 930.20440827962011 70.160101216286421 1375.1116074211895 167.85952440369874
leaf_count=16977 61032 4680 7496 3149 7830 15559 26470 2065 7598 7342 48052 261079 86727 22994 9668 14839 4454 9104 8604 17047 98635 14025 2550 4433 16919 19080 26112 1175 34605 5325
internal_value=0.00102297 -0.000927714 0.00592371 0.0033319 0.0078388 -0.00123282 0.00144711 0.0126466 0.0133633 0.0169261 -0.00595844 -0.00671075 0.00335352 9.63904e-05 -0.00551193 0.00479451 0 0.00520363 0.00604659 -0.00209923 -0.00366474 0.00255731 0.00499188 0.00837788 -0.00806054 0.00101706 6.11585e-05 0.0038105 -0.00771613 0.00103827
internal_weight=27818.5 20144.4 7674.09 6110.72 2927.44 3183.28 13885.9 1563.37 1479.14 945.419 6258.47 5981.12 9103.75 3019.74 1983.22 6084.01 1317.99 1200.06 4766.02 4782.14 3188.58 741.562 1044.55 712.523 4664.76 1593.55 1448.3 707.23 1451.55 531.661
internal_count=865625 694337 171288 147702 65859 81843 363607 23586 22770 14940 330730 326050 201200 86576 52747 114624 19293 29096 95331 162407 115682 16090 25544 19992 277998 46725 43089 20255 37754 14993
is_linear=0
shrinkage=0.03


Tree=94
num_leaves=31
num_cat=0
split_feature=11 67 53 67 8 72 51 52 68 61 52 41 71 62 52 67 56 12 53 33 16 70 15 44 56 18 4 46 48 8
split_gain=315.705 224.227 194.483 117.401 112.309 128.149 111.798 77.0163 95.1797 81.993 75.8744 57.7016 53.1873 46.001 35.8249 19.8425 12.7795 10.2929 7.19241 5.74313 6.74417 5.34218 3.06726 2.86845 2.0752 2.00425 1.20846 1.13141 0.869519 0.730796
threshold=-0.0069821302313357583 0.24340887367725375 0.072124548256397261 0.67101830244064342 -0.82365071773529042 -0.43060073256492609 0.037742983549833305 1.5028496980667116 0.67490404844284069 0.010155537631362678 0.82791686058044445 1.4279816746711733 0.30872301757335668 -0.99541246891021717 1.1905330419540407 0.24340887367725375 3.2983021736145024 -14.281203746795653 0.011325605679303409 -0.040494084358215325 0.033067420125007636 0.73760324716568004 -0.018326342105865475 0.47673159837722784 -0.47035193443298334 -0.48972773551940912 -0.031298601999878876 0.0015093391994014385 0.020741866901516918 -0.78734651207923878
decision_type=10 2 2 2 10 2 2 2 2 2 2 8 2 2 2 2 2 10 2 10 10 2 10 2 2 10 10 2 2 10
left_child=1 6 4 12 7 10 27 9 -9 -3 -6 15 14 -7 -4 -2 -8 19 22 -17 -21 23 -13 29 -24 -26 -19 -1 -23 -20
right_child=11 2 3 -5 5 13 16 8 -10 -11 -12 18 -14 -15 -16 17 -18 26 21 20 -22 28 24 -25 25 -27 -28 -29 -30 -31
leaf_value=0 0.00054718816319176782 0.0019918965442971338 0.016514331029543798 -0.0043696210334135815 0.009784349193836344 0.0013124922196452195 0.019180122048850751 0.013774196463433544 -0.0023936958521316672 -0.0055863312640079326 -0.0010321484949219486 0.00045169657349587055 -0.00047530780757366208 -0.0052682569993314698 0.00016951998982536086 0 0.0015597322958531706 0.00032568110363893085 0.0040622305023690648 -0.011166698631184172 -0.00021231301871051553 0.00012876082632752115 0 0 0 -0.0035540683294845625 -0.0014019329987812377 -0.0027846619206637236 -0.0013488610035176823 0
leaf_weight=52.342083104886115 61.701036269776523 13159.881893956102 906.50944001227617 141.8110314104706 599.55976901482791 853.78403314296156 503.58155846223235 490.0792152248323 256.97775931563228 919.59595407731831 972.98482116591185 36.45393409114331 155.99429685249925 5286.3591968202963 184.4852382838726 49.085568730719388 178.09321006387472 95.160809887573123 172.05958656221628 1844.9049610439688 129.43259411677718 25.706388426013291 44.497456875629723 36.454949446953833 34.493346768431365 249.03297540452331 123.84876941051334 105.80517502781004 85.581629371270537 26.282099081203341
leaf_count=1626 1671 336109 4887 2905 9593 30907 3661 7035 5444 15430 30117 1172 1541 190083 2546 1989 1807 5586 6466 157062 9826 843 2904 1382 1329 14822 8903 2539 3483 1320
internal_value=0.000835654 0.00200306 0.00129206 0.0105503 0.000491998 -0.00233408 0.0139946 0.00200987 0.00924222 0.00130174 0.00431264 -0.00759056 0.0131837 -0.0042781 0.0148609 -0.00952555 0.0174384 -0.00996133 0 -0.0105561 -0.0107578 0.0019852 -0.00190546 0.00326869 -0.0026443 -0.0031262 -0.000529564 -0.00236442 -0.000690637 0.00386508
internal_weight=27782.5 24767.8 23928 1388.8 22539.2 7712.69 839.822 14826.5 747.057 14079.5 1572.54 3014.7 1246.99 6140.14 1090.99 2304.13 681.675 2242.43 710.562 2023.42 1974.34 346.085 364.478 234.797 328.024 283.526 219.01 158.147 111.288 198.342
internal_count=864988 646230 636597 11879 624718 260700 9633 364018 12479 351539 39710 218758 8974 220990 7433 185037 5468 183366 33721 168877 166888 13494 20227 9168 19055 16151 14489 4165 4326 7786
is_linear=0
shrinkage=0.03


Tree=95
num_leaves=31
num_cat=0
split_feature=7 16 41 72 56 73 57 23 50 62 64 62 18 49 56 46 67 48 64 44 41 34 45 58 56 20 56 48 52 73
split_gain=285.619 213.817 143.856 111.596 99.7711 82.6205 99.1265 60.3325 69.8705 59.7523 68.8379 51.1996 48.8865 45.0831 40.2798 35.3109 29.9784 23.0241 21.5164 18.1552 15.1256 9.38224 9.20397 8.9707 8.41706 4.54014 3.7139 1.70576 1.30617 0.519484
threshold=-0.01701265852898359 -0.30442163348197931 0.83843314647674572 -0.31197409331798548 0.91797423362731945 0.87481525540351879 0.35474874079227453 -1.1333522796630857 -0.01150354743003845 -1.1476953029632566 0.53883641958236705 0.39663635194301611 -0.36069676280021662 0.10587957873940469 6.5999212265014657 0.0046920836903154859 0.43903183937072759 0.028823044151067737 -1.1574330925941465 0.24544852972030642 2.2886720895767216 -0.15499255061149594 8.5000000000000018 -0.47197841107845301 1.4088402390480044 0.4168215692043305 -0.2127953693270683 0.033662894740700729 1.134449362754822 1.0172076821327212
decision_type=10 8 8 2 2 2 2 10 2 2 2 2 8 2 2 2 2 2 2 2 10 10 2 2 2 10 2 2 2 2
left_child=1 13 3 5 7 6 -3 8 -4 18 -11 14 -9 21 -6 20 -7 19 -5 -15 22 -1 24 -17 25 -2 -25 -13 -28 -26
right_child=15 2 4 9 11 16 -8 12 -10 10 -12 27 -14 17 -16 23 -18 -19 -20 -21 -22 -23 -24 26 29 -27 28 -29 -30 -31
leaf_value=0.0027660891482507209 -0.010274395273098017 0.012668865773740795 -0.0022944637017552026 -0.0013076375947452439 0.012556386666992856 0.0035056147081950232 -0.0016082061771601265 0.0022349909131100776 0.0054402721109287231 -0.0059886431747905294 0.00062731550625579969 9.2327863503279865e-05 -0.0025534661864350925 0.00078297265689703801 -0.00099857561640203513 -0.0019074350033900754 -0.0031146173551369616 0 0.0060868463838600522 0.016801484713125234 0 -0.0023722972008015366 0 -6.7581117199068324e-05 -0.00076086763646270462 0 0 -0.0021905231030378814 0.0044740564180245929 0.00051460947024944449
leaf_weight=132.06274155341089 1912.1280217515305 676.97030616365373 949.25569325126708 272.14243384450674 1103.6313206488267 405.6284765638411 483.52835112903267 3529.7727060783654 4838.8651850847527 5033.665950987488 1677.6389555567876 87.081311425194144 3160.7295226259157 164.04298762138933 100.21595664694905 93.622615388594568 1401.8835475081578 131.38760097790509 330.10656561143696 663.95921951159835 119.03657532203943 141.09419127367437 54.587184898555279 65.86633316706866 57.129724192433059 16.768850040622056 22.468965733423829 88.705415246076882 43.68617258220911 47.542955784127116
leaf_count=804 161714 14151 17231 8754 18049 12547 10311 98522 89779 172159 57728 2214 101675 1558 2732 5239 44084 1740 11633 4553 5740 1562 3989 3745 4120 746 1352 2420 1981 2919
internal_value=0.000830502 0.00183198 0.00106453 -0.00156283 0.00302123 0.00296432 0.00784654 0.0019323 0.00404248 -0.00351057 -0.00436441 0.00957691 -5.70804e-06 0.0120446 0.01129 -0.00804349 -0.00106125 0.0141431 0.00339583 0.0153435 -0.00903668 0 -0.00952246 0.000790756 -0.00979288 -0.0101564 0.00317411 -0.00138412 0.00414082 0
internal_weight=27805.2 25372.4 24139.8 10281.6 13858.3 2968.01 1160.5 12478.6 5788.12 7313.55 6711.3 1379.63 6690.5 1232.55 1203.85 2432.84 1807.51 959.39 602.249 828.002 2207.19 273.157 2088.16 225.644 2033.57 1928.9 132.021 175.787 66.1551 104.673
internal_count=865751 674206 663989 331367 332622 81093 24462 307207 107010 250274 229887 25415 200197 10217 20781 191545 56631 7851 20387 6111 179228 2366 173488 12317 169499 162460 7078 4634 3333 7039
is_linear=0
shrinkage=0.03


Tree=96
num_leaves=31
num_cat=0
split_feature=18 19 58 48 62 69 55 63 49 42 55 58 63 74 42 62 43 18 41 74 70 66 74 56 71 51 48 56 68 60
split_gain=281.591 275.867 100.748 122.505 118.877 85.8761 70.2883 62.5805 79.762 59.1005 53.7719 62.7763 55.1885 49.7464 49.1558 47.8975 45.2957 42.59 42.4729 39.0411 36.6002 32.8733 30.2206 29.759 36.593 29.4484 28.1437 21.9242 20.9087 17.4267
threshold=-0.49771969020366663 -0.33432044088840479 1.122850298881531 0.026637015864253048 -0.04146576672792434 -0.0090476721525192243 0.0021347984438762073 0.0062101869843900212 0.11457947269082071 0.013353541027754547 0.18150694668293002 -0.60676115751266468 0.027702216990292076 0.88344433903694164 0.0085293166339397448 0.38316084444522863 0.0076848191674798736 -0.40394406020641321 1.705624043941498 0.11752086132764818 0.77626794576644909 1.1448356509208681 0.95443177223205578 -0.3887904286384582 0.0056661905255168685 0.00154599582310766 0.023860861547291282 0.01367445942014456 1.591891944408417 -1.2775667309761045
decision_type=10 10 2 2 2 2 2 2 2 2 2 2 2 2 2 2 2 10 8 2 2 2 2 2 2 2 2 2 2 2
left_child=2 6 3 4 20 19 13 8 -4 -6 11 12 -8 23 -5 -13 21 -7 -19 29 22 -16 -1 24 -2 28 -11 -25 -15 -3
right_child=1 5 7 14 9 17 10 -9 -10 26 -12 15 -14 25 16 -17 -18 18 -20 -21 -22 -23 -24 27 -26 -27 -28 -29 -30 -31
leaf_value=-0.0061192463951880958 -0.0026696661924584925 0.0021220569072395398 0.00052317826565771871 -0.0017656092419241337 -0.0013782575560128628 -0.0018547914230289176 0.0028854971692230088 0.0020262033746083334 0.020478291806117158 0.011999317134442107 -0.0049560040053771614 0.0065183935459109058 -0.0043882366076338488 0.0083405032538380972 0.0140666253901288 -1.4950506813006097e-05 0 -0.0090507944321122982 -0.00051881972769277931 0.0057518778800795941 0.0021923339250137014 0.00072098832444670831 0.00210665048011743 -0.0058803325187600491 0.0051897968264876708 -0.0010969818663952792 -0.00086163163065553622 0.0010889180665241789 -0.0010578653196592989 -0.0041030771600060615
leaf_weight=1891.3532518390566 824.74022900499403 180.90054463688284 293.41760145872831 154.0960737215355 344.2096360437572 1950.6555148866028 1892.8988702846691 630.1730142859742 469.34649865049869 517.99199252482504 243.04850622080266 4845.0011088140309 1044.7231568899006 379.707005972974 946.39109463989735 1129.9637162890285 277.05319610238075 3943.8578556766734 753.40728697460145 473.60691995825619 450.58938276208937 306.73026042152196 167.4610375855118 1826.6317833457142 384.56325517781079 480.56054460816085 56.886804042384028 240.5328891351819 79.474358296953142 622.32259858213365
leaf_count=45272 28302 4671 2393 6059 10976 89067 42127 13011 4202 9163 3952 103523 17917 9935 19055 23731 4804 240160 27310 11082 9285 8058 3646 67327 10348 14544 1454 7680 2048 24577
internal_value=0.00082306 -0.000861995 0.0060498 0.00337221 -6.90657e-05 -0.00513679 0.00174365 0.0122326 0.0162862 0.00702693 0.00317535 0.00368045 0 -0.00130875 0.0089269 0.00533076 0.0103211 -0.0064377 -0.00792162 0.00137323 -0.00350341 0.0121084 -0.00505202 -0.00305071 0.000441168 0.00350656 0.0106388 -0.0048984 0.00669758 -0.00219461
internal_weight=27802.3 21296.6 6505.7 5112.76 3428.49 7924.75 13371.8 1392.94 762.764 919.088 9155.64 8912.59 2937.62 4216.21 1684.27 5974.96 1530.17 6647.92 4697.27 1276.83 2509.4 1253.12 2058.81 3276.47 1209.3 939.742 574.879 2067.16 459.181 803.223
internal_count=865679 728301 137378 117772 79796 396867 331434 19606 6595 21593 191250 187298 60044 140184 37976 127254 31917 356537 267470 40330 58203 27113 48918 113657 38650 26527 10617 75007 11983 29248
is_linear=0
shrinkage=0.03


Tree=97
num_leaves=31
num_cat=0
split_feature=11 44 47 16 49 67 52 42 57 44 41 54 47 54 61 69 49 74 55 67 52 20 16 49 1 42 58 7 70 10
split_gain=284.526 198.559 141.268 149.231 86.6681 78.693 151.948 71.7246 67.0235 57.2084 51.4981 46.2281 44.7049 34.5752 33.9041 33.6702 42.9623 31.8421 24.2552 19.0286 13.2443 10.0165 9.25784 7.54361 6.24174 5.68344 5.40743 4.43602 3.14944 2.95579
threshold=-0.006941392319276928 0.63869464397430431 0.0040164487436413774 -0.20655945688486096 0.86465212702751171 0.43853290379047399 1.0532488822937014 0.0095803169533610361 0.31390610337257391 0.24602774530649188 1.4279816746711733 -0.63530397415161122 0.0090977516956627386 -1.059726297855377 0.014111662749201061 -0.0035465866094455119 0.048681849613785751 -1.1061128377914426 0.0072344441432505855 0.24340887367725375 0.96790659427642833 0.3976335227489472 0.024541277438402179 0.96941563487052929 -0.03929775953292846 0.01063637435436249 -0.50241059064865101 -0.044971177354454987 0.74737843871116649 -0.5421481430530547
decision_type=10 2 2 8 2 2 2 2 2 2 8 2 2 2 2 2 2 2 2 2 2 10 10 2 10 2 2 8 2 10
left_child=1 2 8 4 7 9 -7 -4 18 -5 19 13 14 -10 15 16 -3 -13 20 -2 -1 22 24 -6 -21 29 -27 -17 -28 -12
right_child=10 12 3 5 23 6 -8 -9 11 -11 25 17 -14 -15 -16 27 -18 -19 -20 21 -22 -23 -24 -25 -26 26 28 -29 -30 -31
leaf_value=-0.0031132731137017752 0.0005882859286932264 0.00089537656630840027 -0.00010116698974806663 -0.0010122183509517612 -0.0031216871074769533 -0.0033099202976226531 0.00327308724631675 0.014114263960122941 -0.0054239278893051376 0.0060935065314899469 0.00041698121872480598 0.00011954423989893375 -0.0009871325761300852 0.0011379699065235769 0 0.0020372797126469613 0.018424809481974357 -0.0092358988198342016 0.0056628950764239508 -0.00033851188508943468 0.0019268272298367554 0 -0.00027194120292267074 0.0012994028272231895 -0.010796006225047595 -0.00069663720994354633 0.00391248690524151 -0.0016977184985003148 -5.723357539353374e-06 -0.0025587989942118961
leaf_weight=464.06235542986542 60.107053996995091 243.85122049599886 329.30166133400053 1101.4678978715092 261.17086836416274 5839.8189779557288 5781.8440777091309 1299.3457708014175 594.33961156196892 3551.2759244991466 60.256264176219702 303.12964861746877 111.40843662247062 1620.9677925249562 129.14662791788578 45.222124859690666 621.02615149132907 1453.1837332146242 443.37712777685374 147.86538466438651 388.60559261403978 68.146633098833263 177.37617653049529 141.36159230396152 1779.0318654682487 153.69619138352573 150.03623031266034 100.04286177642643 55.1310357414186 280.66240236070007
leaf_count=16271 1636 2559 6791 34100 4865 175933 145026 16134 20531 102876 2622 8286 2518 47737 1275 510 7095 37491 4519 12050 10110 2584 13925 1380 152818 6522 6050 2855 2166 15954
internal_value=0.000876345 0.00196984 0.00120464 0.00245204 0.00927227 0.00133192 -1.01695e-05 0.0117504 -0.00291494 0.00441812 -0.00723187 -0.00473328 0.011758 -0.00118661 0.0131082 0.014378 0.0158408 -0.00781957 0.00225665 -0.00909149 -0.000731295 -0.00953153 -0.00983305 -0.00137696 -0.0103522 0 0.00172867 0 0.00317667 -0.00174088
internal_weight=27756.3 24824 23573.3 18305.6 2031.18 16274.4 11621.7 1628.65 5267.67 4652.74 2932.31 3971.62 1250.7 2215.31 1139.29 1010.14 864.877 1756.31 1296.05 2232.53 852.668 2172.42 2104.27 402.532 1926.9 699.782 358.863 145.265 205.167 340.919
internal_count=865189 648862 632050 487105 29170 457935 320959 22925 144945 136976 216327 114045 16812 68268 14294 13019 9654 45777 30900 183013 26381 181377 178793 6245 164868 33314 14738 3365 8216 18576
is_linear=0
shrinkage=0.03


Tree=98
num_leaves=31
num_cat=0
split_feature=7 37 67 52 73 73 71 71 56 51 67 47 43 73 48 68 42 57 16 62 0 48 7 17 65 40 56 71 14 57
split_gain=274.691 207.552 155.999 118.82 125.271 93.281 105.469 120.364 84.8633 125.399 77.9847 66.661 61.483 61.377 37.7763 34.6207 36.084 29.6253 27.0141 25.4594 21.5622 15.2946 14.5239 11.1242 6.93995 6.3498 3.07284 2.38292 1.7607 1.55032
threshold=-0.050697209313511842 0.021883426234126094 0.24340887367725375 0.72651216387748729 0.84045875072479259 1.0715442299842837 0.030219870619475845 0.010585257317870857 -0.21091198921203611 0.0016037621535360815 0.5513879954814912 0.0064522309694439181 0.0044955224730074414 0.88916784524917614 -0.0079686632379889471 1.3225365281105044 0.010592483449727299 0.24349156767129901 -0.18628016859292981 0.23477792739868167 -0.093264818191528306 0.01636303681880236 -0.065999444574117647 -0.28891186416149134 0.010847798082977535 1.6016280055046084 -0.25350153446197504 0.038636976853013046 -2.9112631082534786 0.31326659023761755
decision_type=10 10 2 2 2 2 2 2 2 2 2 2 2 2 2 2 2 2 8 2 10 2 10 10 2 10 2 2 10 2
left_child=3 18 12 11 15 6 7 -4 10 -10 -7 -1 -3 21 -15 16 24 -16 -2 -8 -20 -6 -13 26 -5 -25 -22 -18 -24 -17
right_child=1 2 5 4 13 8 19 -9 9 -11 -12 22 -14 14 17 29 27 -19 20 -21 23 -23 28 25 -26 -27 -28 -29 -30 -31
leaf_value=0.01783257741426832 0.0011666863678836969 -0.0019125129028177222 -0.0025135333943484186 0.0029834160027474425 0.014350294944565535 0.0028826256333735843 -0.0084437388781614525 0.003859857329986865 0.014298349981082075 0.0017554972345282499 -0.0056088348171549878 0.0044806079282826081 0.013878517976370963 -0.0040618738049477167 -0.0020390398428251758 0 0 0.0051161375779426657 0.00097709546463357628 0 0.00083276088122209702 1.1209327888207544e-05 6.7908395087731073e-05 -0.0092253129008164521 -0.0014617549642834966 0 -0.001967093793204784 -0.010586939603136185 -0.0022137555077908606 0.0024866261461849171
leaf_weight=668.17159135825932 129.75901916995645 104.11569145135581 6859.437162226066 106.14848721958697 362.24523111246526 1773.2809983985499 1571.015622892417 3676.478327174671 631.16913903970271 2646.2055511940271 1195.1761397598311 193.44662939570844 544.12259537726641 155.81662975810468 282.64460305310786 105.25724545679986 77.853129612281919 2513.5541704418138 71.864767225459218 360.36466513108462 121.79631916340441 119.40911667048931 92.714123487472534 2366.5099029047415 124.84215287305415 45.825940677896142 203.75195566192269 328.49934692680836 192.55849643610418 146.55553133226931
leaf_count=4254 5235 3201 255308 1122 2277 53676 39214 102427 12982 70040 32365 2087 5376 2209 4747 1210 1269 34279 2248 8301 6335 1839 1155 186899 2148 3640 11253 4422 2056 1393
internal_value=0.000947308 -0.000558288 0.000618514 0.00666873 0.00347612 -2.3472e-05 -0.00152638 -0.000188256 0.00282279 0.00582336 -0.000765454 0.0138113 0.0113526 0.00598385 0.00305852 -0.0046602 -0.00718565 0.00410228 -0.00735977 -0.00716278 -0.00796094 0.0129174 0.00164925 -0.00840286 0.000814001 -0.00904461 -0.000686257 -0.0100045 -0.0015191 0.00186057
internal_weight=27770.6 22300.9 19361.4 5469.72 4322.83 18713.1 12467.3 10535.9 6245.83 3277.37 2968.46 1146.89 648.238 3433.67 2952.02 889.156 637.343 2796.2 2939.51 1931.38 2809.75 481.654 478.719 2737.88 230.991 2412.34 325.548 406.352 285.273 251.813
internal_count=864967 798500 582890 66467 56915 574313 405250 357735 169063 83022 86041 9552 8577 45351 41235 11564 8961 39026 215610 47515 210375 4116 5298 208127 3270 190539 17588 5691 3211 2603
is_linear=0
shrinkage=0.03


Tree=99
num_leaves=31
num_cat=0
split_feature=11 16 41 55 63 69 57 52 72 67 41 57 58 16 60 16 71 59 53 67 46 47 34 34 54 72 18 54 54 1
split_gain=244.931 186.784 137.661 96.6609 87.7329 128.034 94.0027 86.5024 62.9621 57.8665 56.1019 42.1503 26.5712 22.8528 21.7305 19.1949 14.9399 12.7182 9.85906 9.40807 7.29368 5.44393 5.05508 4.51317 4.38382 2.98789 2.26491 1.97952 2.07584 1.78372
threshold=-0.006941392319276928 -0.30442163348197931 0.59634104371070873 0.0028997600311413412 0.031074767000973228 0.0065979391802102336 0.33917611837387091 1.7018284797668459 -0.30113743245601649 0.53702622652053844 1.4279816746711733 0.34481064975261694 -0.59176093339920033 0.048423906788229949 -1.4528114795684812 -0.18982808291912076 0.0028067674720659856 2.6999999284744267 0.011195509694516661 0.24340887367725375 0.0053679270204156646 0.041108338162302978 0.076960563659667983 -0.15499255061149594 0.17915015667676928 -0.86962026357650746 -0.080846503376960741 1.5167147517204287 -0.68005189299583424 0.13662305474281314
decision_type=10 8 8 2 2 2 2 2 2 2 8 2 2 10 2 10 2 2 2 2 2 2 8 10 2 2 8 2 2 8
left_child=1 17 8 7 6 -6 -5 9 11 -4 15 12 -3 14 -10 -2 -13 23 26 -17 -9 27 25 -1 -15 -21 29 28 -20 -12
right_child=10 2 3 4 5 -7 -8 20 13 -11 18 16 -14 24 -16 19 -18 -19 21 22 -22 -23 -24 -25 -26 -27 -28 -29 -30 -31
leaf_value=0.0027382428597242745 5.9489442904855423e-05 -0.00074598203851096044 0.00087154807964164201 0.0085700801264217003 -0.0076280574340991591 0.0050218525680704087 0.0022822297710646967 0 0.0010210395845295719 -0.0042083470067118016 -0.0028988239564149438 0.0019039245894336533 0.0074605066999611242 0.00197429959200611 -0.0067398406059495002 0 -0.0045432101531422886 0.012831302012348481 0 0 0.010057653814245155 -0.00052419841400211766 0 -0.00080386788773812064 -0.0013177459457925412 -0.0097481457295302172 0.00025349376603548492 0 0.0045252951946913858 0
leaf_weight=136.58524187281728 139.55840826593339 328.05395267438143 4414.5153420753777 3785.2458844939247 949.25807226076722 934.86559231672436 5681.0024996725842 63.551300790160894 154.7539096083492 2926.8529632408172 287.74976908508688 68.842989061027765 504.35880551207811 255.29605040885508 2688.2822826337069 43.22474414203316 535.56327221915126 934.26493040192872 30.048810487613082 23.945913440547884 219.15837171860039 85.645902363583446 12.68055165093392 136.43359519448131 148.74149093776941 1980.5774716790766 25.768937726505101 30.521008340641856 200.93850954808295 35.644253977574408
leaf_count=870 6091 9063 153046 77635 19308 13623 131848 1712 4776 86027 17329 3049 12313 7305 98710 1369 14135 7011 1266 2098 3812 3124 485 1936 3802 172677 1199 1031 8135 1141
internal_value=0.000870394 0.00187837 0.00114706 0.0022923 0.00398992 -0.00148874 0.00513045 -0.000288128 -0.00320804 -0.00125465 -0.00669761 0.00152496 0.00493489 -0.00530646 -0.00613813 -0.00866543 -0.00300772 0.0115007 0.000292078 -0.00926977 0.00919546 0.00265366 -0.00952722 0.00120504 0.000372002 -0.00964594 -0.00188261 0.00374921 0.00413288 -0.00246774
internal_weight=27761.9 24865.6 23658.3 18974.5 11350.4 1884.12 9466.25 7624.08 4683.89 7341.37 2896.3 1436.82 832.413 3247.07 2843.04 2199.99 604.406 1207.28 696.317 2060.43 282.71 347.154 2017.2 273.019 404.038 2004.52 349.163 261.508 230.987 323.394
internal_count=865926 649981 640164 487011 242414 32931 209483 244597 153153 239073 215945 38560 21376 114593 103486 182720 17184 9817 33225 176629 5524 13556 175260 2806 11107 174775 19669 10432 9401 18470
is_linear=0
shrinkage=0.03


Tree=100
num_leaves=31
num_cat=0
split_feature=18 17 58 59 8 55 53 74 56 55 43 64 18 68 48 52 67 52 69 60 64 65 50 56 53 56 52 57 11 68
split_gain=248.781 222.957 111.572 110.435 96.823 81.5155 75.4639 81.0905 89.5037 57.6312 57.0796 54.7793 46.5994 39.6907 45.433 36.2049 35.0489 62.5117 37.1754 32.635 39.2072 32.2149 30.92 30.3442 27.5981 26.6434 24.4214 26.4752 24.2618 22.2331
threshold=-0.46512320637702936 0.11147990822792055 1.122850298881531 4.0999999046325692 -0.82013157010078419 0.023021961562335495 0.021265507675707344 -0.53440165519714344 -0.30348891019821161 0.0021220698254182939 0.0036840994143858556 0.60997986793518078 -0.33826568722724909 -1.3839752674102781 -0.023343019187450405 1.7018284797668459 0.46304497122764593 1.0260126590728762 -0.012939989566802977 -0.86910614371299733 0.60997986793518078 0.015019495971500875 -0.01021301746368408 -0.48645380139350886 0.01116123888641596 -0.40759423375129694 0.98168104887008678 0.30414563417434698 -0.017732455395162102 1.591891944408417
decision_type=10 10 2 2 10 2 2 2 2 2 2 2 10 2 2 2 2 2 2 2 2 2 2 2 2 2 2 2 10 2
left_child=2 4 3 5 9 11 26 21 -9 15 -4 25 28 14 -12 -2 18 23 -3 -11 -21 -8 -19 -18 -20 -1 -5 -28 -6 -24
right_child=1 16 10 6 12 -7 7 8 -10 19 13 -13 -14 -15 -16 -17 17 22 24 20 -22 -23 29 -25 -26 -27 27 -29 -30 -31
leaf_value=0.0035138896627489946 -0.0051143479874054482 -0.001219938175049921 -0.0005697017191403016 -0.0024157530561763271 0.0026208785199019814 -0.0077571417994598572 0.001402289389355987 -0.0044239755714991875 0.0085126522190468144 0.0045323994355466459 0.0088399607335348726 0.0068986917872376676 -0.0089339713009106633 0.016845583024466582 -0.0015013058018954191 0.0033828788798326566 0.0024309476100334844 -0.0022751859226774478 0.0013546546082757057 -0.0022115516686224356 0.0032380397783406158 0.017751531587197666 0.0061759805309571257 -0.0046139113001923207 0.0092520286541516103 -0.002802842170790468 -0.0020707950359966179 0.0059169118190882334 -0.0035494066179775521 -0.001519002885561554
leaf_weight=335.79169021826237 2755.5608053142205 362.72125109285116 233.58748199604452 710.07574124913663 293.13027822598815 660.84815200977027 273.47770513594151 557.71297083888203 390.36971293017268 1012.6676462329924 173.26191131956875 632.30807005148381 2600.7304710503668 696.64752490632236 528.44726703781635 128.91501407604665 366.20949018746614 236.34918502252549 885.85444367490709 3252.6863139821216 1226.1616904716939 487.88137808162719 1832.7778847971931 1282.8239142093807 1349.1953086070716 1614.6246693599969 201.58086544461548 541.30430236458778 1996.1445892294869 125.6371741052717
leaf_count=7300 128010 5742 7976 20735 4062 10423 1854 10072 6367 28748 859 19282 153305 8923 7087 3282 7512 4275 24745 97091 34369 4522 34794 29691 21735 54939 5797 15546 103578 2592
internal_value=0.000779117 -0.00103744 0.00506807 0.00276904 -0.00323692 -0.00103738 0.00636369 0.00987632 0.00179555 -0.00110144 0.011186 0.00156399 -0.00639758 0.0129406 0.00341813 -0.00420228 0.00335589 0.00116521 0.00578923 0.000692001 -0.000484024 0.0150005 0.00414935 -0.00270823 0.00705148 -0.00109781 0.000606889 0.00354697 -0.00232359 0.00535176
internal_weight=27745.5 19707.6 8037.92 6405.98 13266 3243.57 3162.4 1709.44 948.083 8375.99 1631.94 2582.72 4890.01 1398.36 701.709 2884.48 6441.57 3843.8 2597.77 5491.52 4478.85 761.359 2194.76 1649.03 2235.05 1950.42 1452.96 742.885 2289.27 1958.42
internal_count=865213 683531 181682 156837 552445 91944 64893 22815 16439 291500 24845 81521 260945 16869 7946 131292 131086 78864 52222 160208 131460 6376 41661 37203 46480 62239 42078 21343 107640 37386
is_linear=0
shrinkage=0.03


Tree=101
num_leaves=31
num_cat=0
split_feature=11 67 11 73 56 69 52 73 62 54 46 43 55 55 55 35 54 62 61 49 59 61 47 61 20 47 59 71 71 46
split_gain=268.269 194.541 149.209 91.8536 114.949 92.8309 78.6106 80.477 76.9659 74.3877 73.655 62.3327 61.3712 58.5587 51.828 46.2131 41.1278 33.5456 25.9522 22.7233 17.5076 15.9017 13.4344 8.13985 6.91719 6.05203 5.69927 2.68568 2.63371 0.978399
threshold=-0.017732455395162102 0.24340887367725375 -0.0067668531555682412 1.0488090515136721 -0.13969921320676801 0.0065979391802102336 0.72651216387748729 0.83812204003334057 -1.2049973011016843 0.0092788040637969988 0.0021344725973904137 0.0044955224730074414 0.002912446623668075 0.13922602683305743 0.061570081859827049 0.065748512744903578 -0.21089550852775571 -0.18909148126840589 0.0016735826502554121 0.97370710968971264 4.9000000953674325 0.0024519484722986822 -0.035642977803945534 0.0030296941986307506 0.47748270630836492 0.032127367332577712 5.7000000476837167 0.0028067674720659856 0.010674904100596906 0.0011551797506399455
decision_type=10 2 10 2 2 2 2 2 2 2 2 2 2 2 2 8 2 2 2 2 2 2 2 2 10 2 2 2 2 2
left_child=6 11 3 5 9 8 16 18 -3 -5 -6 -2 -7 14 17 21 20 -9 28 22 -1 24 -20 -23 -4 -22 -13 -17 -8 -29
right_child=1 2 15 4 10 12 7 13 -10 -11 -12 26 -14 -15 -16 27 -18 -19 19 -21 25 23 -24 -25 -26 -27 -28 29 -30 -31
leaf_value=0.01581845656903301 -0.0021170398982532307 0.0049633793446570576 -0.010390682481435711 -0.0044145169131413224 0 -0.0025603997707291338 0 0.0061586057744625099 -0.0035313474839585358 0.0025704785747243837 0.009830577358128827 0.014508917732781916 0.01002672077419715 -0.0040677148231016884 0.012405935899866032 -0.00029654873389216193 0 0.00033532020175582055 0.00031513414857351358 0.0010680008806075532 -0.0013843760821476969 0.0008133124378215112 -0.0083264612114229888 -0.0035450935652282462 0 0.0028435295765325444 0.00073577860038750488 0 0.0032951850556270043 0.0029375826551358715
leaf_weight=670.79107647947967 101.53247974812984 593.73171218577772 1623.2773951496929 2065.5724172256887 926.58247452229261 243.73940618149936 84.338346539065242 1678.6203733552247 9962.7093982296064 2433.3477353546768 1614.0386639535427 465.15215716697276 433.72608238179237 178.22480748966336 627.32243728637695 75.039592135697603 227.292505601421 1805.6784524861723 75.663722045719624 180.86263353377581 91.714768847450614 234.1160852489993 429.52983752079308 477.15536643564701 12.62212669290602 89.967462576925755 134.50559585541487 30.706709402613342 91.39246279746294 118.69552066083997
leaf_count=4154 3567 22164 142671 64913 28428 7075 1618 23933 342785 67742 36586 4123 7667 2505 3420 2781 2903 28509 691 1611 1578 17756 6315 31266 415 747 1711 1156 1298 3731
internal_value=0.000845624 -0.000758677 -0.00141591 -0.000360159 0.00221492 -0.00202498 0.00608169 0.0037406 -0.00282359 -0.000697282 0.00673716 0.0109864 0.00607911 0.00536908 0.00623987 -0.00754042 0.0123422 0.00363688 -0.00314042 -0.00525365 0.0143282 -0.00867257 -0.00722078 -0.00211929 -0.0102183 0.0008192 0.0134316 0.00169928 0.00244851 0.00262019
internal_weight=27777.6 21546.3 20845.1 18273.4 7039.54 11233.9 6231.4 5151.63 10556.4 4498.92 2540.62 701.19 677.465 4289.85 4111.62 2571.61 1079.77 3484.3 861.787 686.056 852.473 2347.17 505.194 711.271 1635.9 181.682 599.658 224.442 175.731 149.402
internal_count=865819 786537 777136 577360 197669 379691 79282 69900 364949 132655 65014 9401 14742 58367 55862 199776 9382 52442 11533 8617 6479 192108 7006 49022 143086 2325 5834 7668 2916 4887
is_linear=0
shrinkage=0.03


Tree=102
num_leaves=31
num_cat=0
split_feature=18 19 52 41 43 47 18 47 27 59 57 8 74 44 67 74 59 67 56 43 13 69 45 56 47 52 54 33 62 37
split_gain=258.909 241.899 115.923 116.381 93.5321 84.8489 84.0695 72.4698 65.9077 62.5621 53.6073 52.5753 51.6915 69.1013 38.4982 50.757 37.4446 31.7108 31.6315 30.4514 29.4719 28.9112 27.9139 27.0637 25.8048 24.6568 24.5738 20.2622 16.9392 14.7331
threshold=-0.41560058295726771 -0.38378290832042689 0.72651216387748729 0.82612374424934398 0.007056490285322071 0.0064522309694439181 -0.11022535711526869 0.006037789164111019 0.099417626857757582 2.6999999284744267 0.30926945805549627 -1.0527876019477842 -0.42577789723873133 0.24544852972030642 0.46304497122764593 0.85342490673065197 1.3000000119209292 0.6762775480747224 -0.48645380139350886 0.0023550209589302544 -12.19257593154907 -0.009948960039764641 5.5000000000000009 -0.22458038479089734 0.0014804844395257535 0.98940676450729381 0.50389480590820324 0.024263381958007816 -0.27884098887443537 0.081340245902538313
decision_type=10 10 2 10 2 2 10 2 8 2 2 10 2 2 2 2 2 2 2 2 10 2 2 2 2 2 2 8 2 10
left_child=2 6 5 7 10 8 14 16 -1 -6 -5 21 13 -9 24 18 -4 -11 -16 -12 -8 -3 -18 -17 -2 -14 -26 29 -7 -13
right_child=1 11 3 4 9 28 20 12 -10 17 19 27 25 -15 15 23 22 -19 -20 -21 -22 -23 -24 -25 26 -27 -28 -29 -30 -31
leaf_value=-0.00031344704680020944 -0.0014236684616523879 0.0030554581185834547 0.0032851010521785609 -0.0026294518153063317 -0.0016594554522912242 -0.0021921423020122713 0.0071205273569901108 -0.002848939947590791 0.018278944769156116 0.013451284287956094 0.0067909763570104592 -0.0088287069949400058 -0.0050139204190031549 0.0090188441085465865 0.00091670224817349329 -0.0014807622296858665 -0.0083375488737150224 0 -0.0051904443756949879 8.9722603965819908e-05 0.00038867997347117412 -0.0032093178289080431 0.00078305814987783486 0.0056470293510339905 0.0046618881568512814 0.0010987308673081958 -0.0015589648992751115 -0.00024120738908434101 0.0038608916380747163 0.00037910671784775957
leaf_weight=145.37381119467318 1020.8771411022171 376.86856734007597 44.020483751781285 1025.3439718103036 165.18113278318197 294.74405027739704 1954.9591696849093 325.53499942924827 654.2418898511678 1313.0513097792864 1296.9168916698545 3243.5109592797235 504.93411815352738 833.3525397349149 736.58982472028583 486.9582442138344 1082.3552490323782 140.52848565205932 2550.50538102258 1085.3903619786724 976.77040326781571 2516.5396399125457 203.3405005466193 551.44766455423087 2022.8336422340944 983.06507868412882 388.52299749292433 395.30117610655725 362.82485629245639 56.772001158446074
leaf_count=4397 24584 8441 1011 26570 4431 5551 33607 9774 3554 17566 39588 217474 18182 22207 18160 12363 32752 2046 69791 30413 29608 101141 3391 11648 53410 32136 8500 14924 6737 1243
internal_value=0.000906501 -0.00133394 0.00452673 0.00285475 0.00568534 0.0113352 0.00143363 -0.000891483 0.0158478 0.0107541 0.0021328 -0.0056506 0.00189528 0.00565041 -0.000243774 -0.00205653 -0.00560472 0.0123819 -0.00380236 0.00438713 0.0053485 -0.00197495 -0.00691171 0.00271457 0.00193548 -0.00156397 0.00346093 -0.00787858 0.00111361 -0.00856233
internal_weight=27738.7 17278.5 10460.2 9003.02 5026.41 1457.18 10689.5 3976.6 799.616 1618.76 3407.65 6588.99 2646.89 1158.89 7757.73 4325.5 1329.72 1453.58 3287.1 2382.31 2931.73 2893.41 1285.7 1038.41 3432.23 1488 2411.36 3695.58 657.569 3300.28
internal_count=865200 604894 260306 240067 120614 20239 261671 119453 7951 24043 96571 343223 82299 31981 198456 111962 37154 19612 87951 70001 63215 109582 36143 24011 86494 50318 61910 233641 12288 218717
is_linear=0
shrinkage=0.03


Tree=103
num_leaves=31
num_cat=0
split_feature=18 19 55 18 55 58 57 54 60 59 41 74 52 73 56 71 71 41 42 49 72 55 63 60 64 57 57 56 47 63
split_gain=247.974 207.6 80.7342 78.3738 73.7659 61.2547 62.2833 57.3723 55.0658 50.9027 45.2025 40.3188 39.7677 67.5986 35.8558 37.1891 32.8323 26.5708 25.7023 25.6745 21.9825 21.5699 20.6535 20.3699 19.9044 19.3717 17.4104 13.2386 13.0764 12.9323
threshold=-0.55123251676559437 -0.30139684677124018 0.0021347984438762073 -0.38188306987285608 0.18150694668293002 -0.60676115751266468 0.33826300501823431 0.34037712216377264 0.37927569448947912 2.6999999284744267 0.934962958097458 -0.14509269595146176 0.72448897361755382 0.84257051348686229 -0.3887904286384582 0.0056661905255168685 0.036357626318931587 1.4728629589080813 0.010777194984257223 0.89108911156654369 -0.12886846065521237 0.0056510884314775476 0.012607492506504061 -1.0345525145530698 -0.013002392835915087 0.40043962001800543 0.45415253937244421 -0.43521706759929651 0.0064522309694439181 0.0087711899541318434
decision_type=10 10 2 10 2 2 2 2 2 2 8 2 2 2 2 2 2 8 2 2 2 2 2 2 2 2 2 2 2 2
left_child=9 2 8 10 5 7 -7 -4 14 21 24 -10 28 27 15 -2 17 -5 -15 -20 -13 25 -12 -16 -3 -1 -6 -14 -11 -26
right_child=1 3 4 16 26 6 -8 -9 11 12 22 20 13 18 23 -17 -18 -19 19 -21 -22 -23 -24 -25 29 -27 -28 -29 -30 -31
leaf_value=-0.0011051031729558008 -0.0026003720589774285 -0.0054264386795144486 -0.0032190759812835124 -0.0087846378204424983 -0.0073940572401418577 0.0080215564087655067 0.0019979807096692248 0.0036799279377125621 -0.0022005319935295715 0.016894993064914817 0.0055823154935141341 0.0072413478835895578 0.0015972399366652533 0.00088194250962931871 6.794125865842338e-05 0.0055627702374457973 0 -0.001148266176520368 0.0099381753903042252 0 -0.00086282872059960337 -0.0024334482543188489 0 -0.0067055823898471683 0.0034118047593445122 0.0067324982122260778 0.00096473133408447246 -0.0046607949256417943 0.0013922734603462267 -0.001684528791908774
leaf_weight=195.81437961757183 821.62203396484256 1160.3761625261977 1670.7831719815731 2936.0293369675055 275.8067652285099 3220.7172192586586 3701.1501750973985 1660.3205873034894 591.21385500393808 352.98207758460194 500.64915567543358 720.46867019962519 81.626426967792213 701.97914547193795 371.96815715543926 303.50846030376852 533.52692655101418 762.03125849738717 1403.1980132348835 228.18382108397782 189.94412221759558 574.32499642763287 1252.1589317200705 1661.109149322845 147.56191626377404 156.80682547949255 91.529239250347018 343.99135852325708 203.28869780339301 945.28554352000356
leaf_count=6652 27721 53188 36742 196291 4551 60344 86333 31348 21816 2022 14812 19811 725 18395 15073 8550 15447 31655 24691 4148 5189 10604 46444 60866 5225 4115 853 6372 2119 43758
internal_value=0.000871419 -0.00037071 0.00167793 -0.00408368 0.00308768 0.00367356 0.00519273 0.000172772 -0.00146477 0.0071338 -0.000800839 0.00261851 0.0086734 0.00524732 -0.00358078 0.000451055 -0.0067151 -0.00760671 0.00709602 0.008795 0.00563135 0.000307433 0.00236442 -0.00557908 -0.00335432 0.00393258 -0.00560993 -0.00292202 0.0148544 0
internal_weight=27760 23517.8 15280.1 8237.62 10620.3 10253 6921.87 3331.1 4659.83 4242.2 4006.03 1501.63 3315.25 2758.98 3158.21 1125.13 4231.59 3698.06 2333.36 1631.38 910.413 926.946 1752.81 2033.08 2253.22 352.621 367.336 425.618 556.271 1092.85
internal_count=865860 786017 379197 406820 220171 214767 146677 68090 159026 79843 163427 46816 58472 54331 112210 36271 243393 227946 47234 28839 25000 21371 61256 75939 102171 10767 5404 7097 4141 48983
is_linear=0
shrinkage=0.03


Tree=104
num_leaves=31
num_cat=0
split_feature=18 19 67 1 62 8 60 52 73 59 74 64 68 44 54 64 41 58 45 70 23 72 44 70 60 41 70 56 42 68
split_gain=230.565 202.785 115.189 68.8982 67.5286 56.22 52.9989 50.4616 72.5916 55.8764 45.132 38.4896 37.9032 36.7 36.6329 31.9365 31.1049 26.7682 24.7481 23.8391 21.7542 18.9418 18.5339 15.8484 13.3789 12.4407 12.3722 10.8791 13.6777 6.88672
threshold=-0.55123251676559437 -0.30139684677124018 0.24340887367725375 -0.20300149917602536 -0.90110513567924488 -1.3478088974952696 0.40111199021339422 0.72448897361755382 0.80914098024368297 2.8999999761581425 -0.16672024130821225 0.38222071528434759 -0.95098397135734547 0.21617647260427478 -1.059726297855377 0.99066543579101574 0.52646654844284069 -0.89979621767997731 4.5000000000000009 -0.40503697097301478 -0.45000201463699335 -0.31197409331798548 0.17291209846735003 -0.57100328803062428 -0.35821437835693354 0.68705698847770702 0.96244424581527721 -0.42773613333702082 0.0062133953906595716 -0.7356119155883788
decision_type=10 10 2 10 2 10 2 2 2 2 2 2 2 2 2 2 10 2 2 2 10 2 2 2 2 10 2 2 2 2
left_child=7 3 25 13 14 24 12 9 27 -1 -8 21 -6 26 23 -13 -10 -15 -16 -19 22 -7 -18 -5 -4 -3 -2 -9 -29 -26
right_child=1 2 5 4 6 11 10 8 16 -11 -12 15 -14 17 18 -17 20 19 -20 -21 -22 -23 -24 -25 29 -27 -28 28 -30 -31
leaf_value=0.00012875017881775329 -0.0025623938604092838 -0.00038894765209689742 0.0023437767332026879 0.0024769059308299636 -0.0059392033453786013 -0.0014744698901409791 -0.0017090330157474643 0.00086128191031557019 -0.00052266962016506895 0.016097942576306399 0.0047459592347850934 0.00087196637527677651 -0.00075754515675666211 -0.0011625964066178734 0.0085405785336564177 -0.0053727647162752877 -1.5224656681332154e-05 0.00078182459035907779 -0.00088049076638669157 0.0083269239897811147 0 -0.0089519928407938085 0.0083152976792140593 -0.0035819654228707747 0.00071337230181044999 0.007651699826712678 0.0024278348899323589 0.00060009035692989629 -0.0070225861338349491 -0.002941557918873918
leaf_weight=306.72362356912345 534.38923417031765 75.559324379079044 603.6723750680685 244.15601741988212 1326.5770608559251 684.1255607958883 1206.2440822646022 79.643374240025878 462.9879647186026 461.52377894707024 1917.3159512849525 1218.9071199493483 5425.07283556927 197.7512258766219 1027.815743711777 854.45662213955075 184.47329417336732 682.04746958427131 130.47379355039448 2033.8671255931258 326.67648879997432 3286.3944171573967 2064.590104223229 292.10185949318111 288.16304524615407 336.76258123200387 267.70854243077338 101.89705773349851 252.46773228701204 864.43882341030985
leaf_count=4203 8806 1501 21526 7279 35093 42838 37706 645 10235 3478 47507 66342 150402 3512 29303 45205 3099 10127 3492 30529 10570 185930 41359 11618 9053 4646 3390 1591 4440 30140
internal_value=0.000726787 -0.000469267 -0.00414415 0.00155487 0.000316391 -0.00509444 -0.000682441 0.00676763 0.00400298 0.0125231 0.00227855 -0.00637543 -0.00215633 0.00484506 0.00510321 -0.00212887 0.00565927 0.00621393 0.00735294 0.00694156 0.00677234 -0.00803972 0.00764439 -0.000669792 -0.000117255 0.00644377 -0.000373738 -0.00409401 -0.00541113 -0.00190689
internal_weight=27739 23498 8212.48 15285.5 11569.8 7800.16 9875.21 4240.98 3472.74 768.247 3123.56 6043.88 6751.65 3715.76 1694.55 2073.36 3038.73 2913.67 1158.29 2715.91 2575.74 3970.52 2249.06 536.258 1756.27 412.322 802.098 434.008 354.365 1152.6
internal_count=865565 785945 407181 378764 322400 401034 270708 79620 71939 7681 85213 340315 185495 56364 51692 111547 65263 44168 32795 40656 55028 228768 44458 18897 60719 6147 12196 6676 6031 39193
is_linear=0
shrinkage=0.03


Tree=105
num_leaves=31
num_cat=0
split_feature=71 53 43 71 58 74 56 46 74 64 71 53 73 18 20 56 56 57 55 74 72 57 51 57 71 47 16 59 41 65
split_gain=239.957 137.147 170.002 256.398 234.799 127.44 136.916 134.928 126.712 117.157 96.7862 84.5289 83.8612 74.6811 80.9079 67.7314 60.3581 59.4675 55.5216 60.8187 54.2156 56.1587 53.5336 43.5424 38.3693 37.0189 35.8109 33.3109 33.1063 29.3182
threshold=0.0081467917189002054 0.072124548256397261 0.0019447697559371593 0.022581209428608421 1.122850298881531 0.85342490673065197 -0.21091198921203611 0.0047124433331191548 -0.80145967006683339 0.91283905506134044 0.038190448656678207 0.0069916844367980966 1.0053471326828005 -0.40205712616443628 -0.37293744087219233 -0.065379694104194627 -0.21782621741294858 0.20975620299577716 0.21083009243011477 0.30011565983295446 -0.24405670166015622 0.3126311600208283 0.011759174987673761 0.31713037192821508 0.012495013885200025 0.028139747679233554 -0.011045587249100207 3.1000000238418584 1.6586660742759707 0.025056499056518081
decision_type=2 2 2 2 2 2 2 2 2 2 2 2 2 10 8 2 2 2 2 2 2 2 2 2 2 2 10 2 8 2
left_child=5 2 3 8 12 13 -7 -8 11 25 24 -2 23 20 29 -12 -10 -3 19 -19 21 -1 -14 -4 -6 -9 -23 -5 -16 -15
right_child=1 17 4 27 10 6 7 9 16 -11 15 -13 22 14 28 -17 -18 18 -20 -21 -22 26 -24 -25 -26 -27 -28 -29 -30 -31
leaf_value=-0.0026041623504247731 -0.001566486425782686 -0.0014625990957888733 0 0.0023874642818454213 0.0049495604077136367 -0.0024667149400974648 -0.0011712196390380061 0 0.0014241254774321386 -0.000208932507893392 -0.0019277757839479763 0.022695200183834648 -0.0034437252671443083 0.0034639621721662085 -0.008541903308312419 0.013037925946820645 0.012003974239946813 0.017423514482874124 0 0 -0.0039937917916089711 0.0094196998400123133 0.0035718998845326259 -0.0061723096398354884 -0.0031536243108252881 0.022515900536647555 -0.00021717859982889779 -0.0058550975390738421 -0.00083745152228183357 -0.0036117420689338116
leaf_weight=576.47451015096158 52.001212082803249 157.12167350016534 1261.104208718054 264.70544341020286 394.06445708870888 1813.4944915948436 624.61518751457334 68.248368255794048 1687.5794895477593 287.3686848115176 143.27015961706638 563.47487050294876 1008.9284212673083 823.22361343447119 3931.7699493914843 1310.2789233447984 361.26739805750549 762.89948136545718 252.56297801621258 193.19168214127421 1170.7872023954988 599.67287076823413 2280.8288131793961 3671.0791146382689 770.72760859224945 273.05406906455755 388.83722133096308 853.99526126403362 797.82293633278459 366.16791630163789
leaf_count=18696 2378 2286 30221 6941 13344 62337 26472 1604 48397 5564 2769 11003 28534 19112 220360 12370 10241 3714 2173 2574 52674 25292 55215 106598 20520 5607 12489 20823 26195 9064
internal_value=0.000889061 0.00324446 0.00215812 0.00721991 0.000124763 -0.00230063 0.00260199 0.00871932 0.0117008 0.0149775 0.00720897 0.0205931 -0.0023808 -0.00411785 -0.00588682 0.0112934 0.00539617 0.0110197 0.0127711 0.0150236 0 0.00327472 0.00117066 -0.00469456 7.07767e-05 0.0206455 0.0066278 -0.0035844 -0.00750395 0.000683809
internal_weight=27710.6 15989.1 14623.3 3783.02 10840.3 11721.5 3066.78 1253.29 2664.32 628.671 2618.34 615.476 8221.94 8654.76 5918.98 1453.55 2048.85 1365.78 1208.65 956.091 2735.77 1564.98 3289.76 4932.18 1164.79 341.302 988.51 1118.7 4729.59 1189.39
internal_count=865567 380101 369354 99783 269571 485466 101584 39247 72019 12775 49003 13381 220568 383882 274731 15139 58638 10747 8461 6288 109151 56477 83749 136819 33864 7211 37781 27764 246555 28176
is_linear=0
shrinkage=0.03


Tree=106
num_leaves=31
num_cat=0
split_feature=18 37 8 11 62 73 52 73 68 46 67 51 52 1 44 47 40 55 68 57 60 51 55 73 7 72 54 8 20 67
split_gain=230.824 184.165 91.8345 90.5253 61.3668 57.3881 52.597 93.6473 38.8597 36.0872 30.3624 66.545 43.0907 30.2951 29.1303 29.0568 27.6373 26.8195 25.4141 22.834 22.2564 22.1156 20.5033 20.0087 18.4114 15.2037 14.7841 12.1934 8.76542 7.82403
threshold=-0.55536764860153187 0.023540291003882888 -1.2514566779136655 -0.018780004233121868 -0.90110513567924488 0.99534809589385997 0.72651216387748729 0.84257051348686229 -0.975406914949417 0.00057324074441567074 0.5308101773262025 0.0022559385979548101 1.1102709174156191 -0.15211737155914304 0.24037037044763568 0.0064522309694439181 0.59254953265190136 0.0028997600311413412 -1.282421290874481 0.4696770459413529 -1.3433095216751096 0.00038277513522189116 0.007680183509364725 0.71086722612380993 -0.074744042009115205 -0.57390496134757985 -0.17884431034326551 -0.70222166180610646 -0.33881962299346918 0.55497860908508312
decision_type=10 8 8 10 2 2 2 2 2 2 2 2 2 10 2 2 8 2 2 2 2 2 2 2 8 2 2 10 8 2
left_child=6 13 10 8 9 -6 15 22 -4 -5 16 12 -12 -2 -10 -1 -3 26 -13 20 -19 -18 -8 -15 -24 -25 -9 -17 -27 -28
right_child=1 2 3 4 5 -7 7 17 14 -11 11 18 -14 23 -16 27 21 19 -20 -21 -22 -23 24 25 -26 28 29 -29 -30 -31
leaf_value=0.015247811545550497 0.001773858045738692 -0.0004018555142332988 -0.0016154129865207673 -0.001257056239487039 -0.0051171498119093875 -0.00031990072873490773 0.0013264638816640958 -0.0021872680580596088 6.4965129814075776e-07 0.0060654303993835819 -0.0011658457295160149 0.0026803375658131473 0.0075335845247997838 0.00090992141208107603 0.0077253457459584216 0.0039454026761892493 -0.0014695091644181019 -0.00087991244057830393 -0.0049093172421594451 -0.00099877515543085604 0.0092568563115313987 0.006019135285581477 0.0010127635193564 0 -0.0078067787484649908 0 0.0048183268871806054 -0.0017829501285099528 -0.0083598990261000237 -0.00026590708925769364
leaf_weight=537.61132278572768 131.53183807432652 638.44072161521763 573.92518542334437 782.48944934736937 4533.631341971457 4435.2526774993166 186.19584266468883 362.31708369310945 691.58268454670906 776.48218903038651 557.2982960967347 115.66061003506184 832.81565927527845 96.799117329530418 1250.447594916448 168.16289091017097 129.36649610940367 66.431827552616596 1203.115987113677 78.493492099456489 1698.9001863095909 3895.1092714881524 74.219256633892655 245.39621915202588 351.28484487067908 94.051017463207245 217.43611779436469 169.83046780154109 2624.9359677433968 196.36913577374071
leaf_count=3754 5338 16108 7218 30375 161434 141286 5227 10792 9912 24624 13174 1582 15371 6859 16070 2332 3124 1256 24390 1953 31774 83419 627 17925 5358 4698 6192 2143 206566 4679
internal_value=0.00090291 -0.0002778 0.000805716 -0.000695346 -0.00195019 -0.00291868 0.00704833 0.00399562 0.0039088 0.00283163 0.0033753 0.000560092 0.00450144 -0.00645849 0.00566069 0.0125495 0.00474004 0.00633481 -0.00352487 0.00796933 0.00863295 0.00557631 -0.00409646 -0.00709585 -0.00622822 -0.00753746 0.000615579 0.00136266 -0.00808673 0.00325198
internal_weight=27715.6 23608.3 20415.6 13043.8 10527.9 8968.88 4107.25 3231.65 2515.96 1558.97 7371.81 2708.89 1390.11 3192.71 1942.03 875.605 4662.92 2619.95 1318.78 1843.83 1765.33 4024.48 611.7 3061.18 425.504 2964.38 776.122 337.993 2718.99 413.805
internal_count=865560 789473 548087 390919 357719 302720 76087 67858 33200 54999 157168 54517 28545 241386 25982 8229 102651 56646 25972 34983 33030 86543 11212 236048 5985 229189 21663 4475 211264 10871
is_linear=0
shrinkage=0.03


Tree=107
num_leaves=31
num_cat=0
split_feature=18 19 67 74 65 56 49 58 69 67 63 58 57 54 42 54 49 58 56 64 58 66 74 71 41 66 71 49 69 52
split_gain=212.8 204.51 92.38 58.7506 71.1944 65.3132 63.0721 75.9299 63.0138 93.777 67.3909 55.133 92.203 63.2322 54.3724 62.3717 43.523 42.5569 41.9482 40.5344 38.8251 35.903 28.7567 28.5262 23.6176 23.4587 19.1287 14.9223 14.3945 12.2081
threshold=-0.55123251676559437 -0.35999144613742823 0.24340887367725375 1.7524296045303347 0.023146951571106914 -0.21782621741294858 0.36564062535762792 0.14670863002538684 0.0069483697880059489 0.67101830244064342 0.026995788328349594 1.1352899074554446 0.34170475602149969 0.0092788040637969988 0.0085293166339397448 -0.42417393624782557 0.041663754731416709 -0.86180907487869252 -0.36882336437702173 0.60997986793518078 -1.1749698519706724 0.38194230198860174 -0.051716616377234452 0.0037451734533533458 1.4576730728149416 1.0000000180025095e-35 0.024889901280403141 0.8243340551853181 -0.019718507304787632 1.3695558309555056
decision_type=10 10 2 2 2 2 2 2 2 2 2 2 2 2 2 2 2 2 2 2 2 2 2 2 8 2 2 2 2 2
left_child=11 3 28 4 6 -5 7 -2 10 -10 -6 12 20 25 24 22 -13 -7 -8 -17 -1 -18 -16 -22 -4 -14 -15 -25 -3 -19
right_child=1 2 14 5 8 17 18 -9 9 -11 -12 16 13 26 15 19 21 29 -20 -21 23 -23 -24 27 -26 -27 -28 -29 -30 -31
leaf_value=-0.0015858920154425728 -9.7720916499758863e-05 0.0071038449483254926 -0.0084908855125491213 -0.00096775592370050264 7.4915737598690442e-05 -0.0011869857460238889 0.0040232551945044784 0.0091796170030823653 0.0088302969522344298 -0.0044568171554643533 -0.0068153202080413252 -3.7385487011586504e-06 -0.0066212922881037648 0.0067718741952473085 -0.00089343689278851353 -0.0056085788770634986 0.015010305185668052 0.00035345171164033164 -0.0014498107481803596 -0.00012861386855067243 0 -0.0003807419518167221 0.0068450721660486052 0.011848178573197862 -0.00051635167457187391 0.00066163933145078663 -0.00048248963445203633 0 -0.00064662844199607614 0.015506783706013676
leaf_weight=135.45361687429249 1093.1259960811585 347.10028948448598 2615.4505028706044 370.93063484504819 2833.383991879411 71.240627637133002 1471.6463322425261 1828.9474312299863 687.06959454994649 371.19151583313942 1693.2763033946976 197.88608073070645 797.02821494918317 370.55043214932084 532.87776646297425 3082.6964371940121 730.04901192430407 120.66536452621222 2948.3519200794399 2047.8738165451214 223.04142254404724 84.206291038542986 391.63292741309851 915.62238492071629 542.15693025197834 354.02758184447885 312.05207670480013 147.46196889039129 98.676308414898813 293.97036117687821
leaf_count=3791 29121 3408 173687 8577 69651 1449 32465 40479 8250 8260 43237 2058 17100 8643 22043 136447 8392 2529 77536 83180 5886 1717 16150 15787 22712 9098 5070 2182 3148 3615
internal_value=0.000718278 -0.000435787 -0.00369166 0.001874 0.00117356 0.00789383 0.00304207 0.00611418 -0.00128165 0.00404261 -0.00286436 0.0065017 0.0034772 -0.000951079 -0.0044408 -0.00237084 0.0116645 0.0120231 0.000535158 -0.00368018 0.00810646 0.0136511 0.00342608 0.0094534 -0.00746145 -0.00467758 0.0044 0.0108878 0.00563616 0.0140289
internal_weight=27709.6 23442.3 9658.46 13783.8 12927 856.807 7342.07 2922.07 5584.92 1058.26 4526.66 4267.38 3255.24 1833.66 9212.69 6055.08 1012.14 485.876 4420 5130.57 1421.58 814.255 924.511 1286.13 3157.61 1151.06 682.603 1063.08 445.777 414.636
internal_count=865668 785944 460775 325169 308999 16170 179601 69600 129398 16510 112888 79724 67557 39911 454219 257820 12167 7593 110001 219627 27646 10109 38193 23855 196399 26198 13713 17969 6556 6144
is_linear=0
shrinkage=0.03


Tree=108
num_leaves=31
num_cat=0
split_feature=11 16 8 72 47 71 52 63 51 57 56 41 62 49 51 47 44 56 17 64 3 60 34 72 41 9 39 57 57 58
split_gain=211.808 150.28 110.082 60.6857 83.8485 59.8336 69.4823 58.6258 85.7582 73.8606 52.9246 43.8009 37.2238 36.9938 31.1581 29.5843 28.5148 24.0876 19.4087 15.1585 12.853 10.2221 8.44131 6.09297 4.0629 3.79135 3.69475 1.13106 1.11861 1.09872
threshold=-0.0067668531555682412 -0.30442163348197931 -0.76940125226974476 -0.31197409331798548 0.017041265033185485 0.0081467917189002054 1.7018284797668459 0.031074767000973228 0.0024681268259882931 0.33917611837387091 -0.13568414747714994 1.8703427314758303 -1.2118499279022215 0.10587957873940469 0.0034566363319754605 0.02802802994847298 0.24544852972030642 -0.43869264423847193 -0.24983777850866315 -1.1574330925941465 0.0023287773365154867 0.98800230026245128 -0.15499255061149594 2.4000477790832524 0.83434280753135692 -0.81640821695327748 0.015028059482574465 0.38247342407703405 0.32869762182235723 -1.0702217817306516
decision_type=10 8 10 2 2 2 2 2 2 2 2 8 2 2 2 2 2 2 10 2 10 2 10 2 10 10 10 2 2 2
left_child=1 13 5 4 14 6 10 9 -9 -7 -3 18 19 22 -4 -14 29 -6 24 -5 23 -8 -1 26 -2 -13 -20 -26 -27 -15
right_child=11 2 3 12 17 7 21 8 -10 -11 -12 25 15 16 -16 -17 -18 -19 20 -21 -22 -23 -24 -25 27 28 -28 -29 -30 -31
leaf_value=0.0024779662995255934 -0.0023501724167914202 -0.0021352860313514897 0 -0.0016714646669735713 0.0010107769097036842 0.0077568872391272419 0.010271205077003692 0.0051605825810078065 -0.0058620948966592304 0.001833801326549245 0.0033186583941213267 0.0025977206837476223 -0.0062837856068522864 0.0012972884277259716 0.010557722592000277 -0.00043928183785939962 0.014070009122982124 -0.0049631788495489056 -0.01017694591435957 0.0051925497869753706 0 0 -0.0024002404326977198 0 -0.00010493679356458438 0.00030299989274895324 0 0.0015332073171783085 -0.0013178833740906412 -0.00031973180023726693
leaf_weight=137.18945324234664 241.19501637667418 5476.146551290527 287.79788061790168 101.83671196456999 784.63568469602615 3556.7458184398711 147.99559209402651 632.35480199940503 943.96359474677593 4665.8496608994901 1676.3908358551562 118.06247518584132 2895.8331702118739 143.31873484048992 396.77899865992367 1264.3136870255694 713.71597164869308 749.96087330766022 1547.0080445455387 172.55836712755263 97.205580208450556 142.84789682924747 139.56570100970566 40.366906179115176 166.88880825508386 104.69668784830719 13.504183524288235 91.891455995850265 160.54759019240737 104.72118923440576
leaf_count=794 16306 171344 12827 4078 23417 68019 2795 9125 17942 98110 49311 3131 112805 1400 7218 49419 5100 18947 145003 6528 7406 2554 1500 2272 9485 4569 889 4572 7851 1169
internal_value=0.000775141 0.00166499 0.00100915 -0.00213913 0.00159043 0.00226701 0.000163921 0.00374989 -0.00111786 0.00472805 -0.00068449 -0.00665611 -0.00403834 0.0102168 0.00779177 -0.00480966 0.0121212 -0.0022635 -0.00805326 0.00282329 -0.00933711 0.00864921 0 -0.00983471 -0.000904447 0.00103956 -0.0100637 0.000708388 -0.000506115 0.000456154
internal_weight=27715.9 25134.5 23896 6653.72 2219.17 17242.3 7443.38 9798.91 1576.32 8222.6 7152.54 2581.37 4434.54 1238.51 684.577 4160.15 961.756 1534.6 2198.06 274.395 1698.08 290.843 276.755 1600.88 499.975 383.307 1560.51 258.78 265.244 248.04
internal_count=865886 664402 654439 235239 62409 419200 226004 193196 27067 166129 220655 201484 172830 9963 20045 162224 7669 42364 185933 10606 155570 5349 2294 148164 30363 15551 145892 14057 12420 2569
is_linear=0
shrinkage=0.03


Tree=109
num_leaves=31
num_cat=0
split_feature=18 17 71 52 41 49 8 67 48 74 56 67 51 23 71 61 8 67 69 51 61 74 61 59 65 60 56 60 62 52
split_gain=220.194 193.354 86.3427 82.1535 115.925 72.8911 52.3388 44.3374 41.4609 47.8377 47.9232 38.6914 69.2238 36.9839 35.9215 33.8659 33.6673 31.7041 30.9036 30.3341 30.0343 27.175 26.2164 25.6323 23.779 21.5577 19.9926 18.767 17.9399 16.3998
threshold=-0.42767512798309321 0.10335792228579523 0.0081467917189002054 0.72651216387748729 0.82612374424934398 0.23476926982402804 -1.242570638656616 0.65717908740043651 0.0050933775492012509 -0.53440165519714344 -0.20772045105695722 0.46194587647914892 0.0016438376042060556 -0.51998928189277638 0.18864688277244571 0.0030296941986307506 -0.86268174648284901 0.43853290379047399 -0.012939989566802977 0.0031362909357994799 0.0017853122553788128 -0.061335774138569825 0.0016928605036810043 3.5000000000000004 0.034199984744191177 0.1740258410573006 -0.21782621741294858 -0.54648911952972401 -0.28834846615791315 0.98940676450729381
decision_type=8 8 2 2 8 2 10 2 2 2 2 2 2 10 2 2 10 2 2 2 2 2 2 2 2 2 2 2 2 2
left_child=3 2 6 5 8 -1 -2 13 22 10 -10 18 21 14 -6 20 17 25 -3 -20 -14 -13 -5 -23 -21 -4 -9 -19 -7 -11
right_child=1 11 16 4 7 28 -8 26 9 29 -12 12 15 -15 -16 -17 -18 27 19 24 -22 23 -24 -25 -26 -27 -28 -29 -30 -31
leaf_value=0.015177513539607142 -0.0011962917445081452 -0.0010791525650646939 0.0004914677767852894 0.0007794491345906059 0.0085503946682064184 -0.0020100979706694092 -0.0079145977242240893 -0.003859228095019266 0.0084291094604321357 -0.0045883284214681174 -0.00096869895728801485 -0.00032538096327714545 -0.0029313063895084679 0.00021386619136911375 -0.0012747154599626188 -0.0044961631552235051 -0.0032557252960606921 0.0020603572606201969 -0.00051794143427138009 0.0082075564974487952 0.0042700739048371333 -1.3499406996280892e-05 -0.0080836112849072116 0.0092437612969213778 -0.0011916602008212184 0.0069548967394142611 0.0030031840237031587 -0.0032779967944983365 0.0040550962485064266 0.00020793090893583412
leaf_weight=627.45904658827931 1810.2530701691285 376.40360374376178 1281.8910710522905 235.14051239285618 3222.443501113914 311.13577297516167 3702.3972438443452 390.15768825355917 559.61620129458606 730.74906857125461 643.87375719100237 444.15708140749484 411.968091734685 796.3156418511644 179.8522749170661 1540.7953361952677 2237.3524695457891 425.2672103215009 351.30317685194314 1890.4990541618317 721.67289551626891 267.0105877071619 480.11061665415764 640.77080037910491 80.227701884694397 463.3365774936974 162.94495860487223 1209.5555724622682 478.0353322410956 1024.8879337776452
leaf_count=4285 64510 5949 34435 8303 68033 7669 231992 7995 14318 26917 17282 10312 11786 29645 2271 27827 99373 11858 9662 36890 15207 7341 9145 10789 1858 13416 2903 33553 6969 33103
internal_value=0.000825072 -0.0011507 -0.00353033 0.00432052 0.00279387 0.0101468 -0.00604127 0.00567331 -0.00109149 0.000634132 0.00441655 0.00271801 0.000595416 0.00664856 0.00785736 -0.00208931 -0.00072481 0.00107682 0.00520318 0.00633863 0.00137324 0.00519858 -0.00580113 0.00727006 0.00753977 0.00350773 -0.00108667 -0.00159148 0.00157897 -0.00222997
internal_weight=27697.6 17854.9 11130.1 9842.72 8426.09 1416.63 5512.65 4751.71 3674.38 2959.13 1203.49 6724.81 4026.37 4198.61 3402.3 2674.44 5617.4 3380.05 2698.43 2322.03 1133.64 1351.94 715.251 907.781 1970.73 1745.23 553.103 1634.82 789.171 1755.64
internal_count=865596 626758 489137 238838 219915 18923 296502 110847 109068 91620 31600 137621 83262 99949 70304 54820 192635 93262 54359 48410 26993 28442 17448 18130 38748 47851 10898 45411 14638 60020
is_linear=0
shrinkage=0.03


Tree=110
num_leaves=31
num_cat=0
split_feature=18 19 58 57 71 71 44 56 63 8 49 52 16 53 67 59 65 52 50 71 71 71 69 58 65 65 51 50 44 67
split_gain=194.076 194.773 108.243 131.784 144.454 126.822 126.132 152.128 93.78 82.6412 82.2086 57.0403 46.2311 40.9114 39.8 38.3822 35.9342 34.5389 31.9992 30.176 26.16 23.5589 22.9507 22.4506 20.934 19.879 22.1576 19.3526 20.095 19.5371
threshold=-0.41560058295726771 -0.47043831646442408 1.122850298881531 0.34170475602149969 0.010585257317870857 0.033868191763758666 0.21322404593229297 -0.16361018270254132 0.0062101869843900212 -1.0527876019477842 0.060668891295790679 0.9831281602382661 0.12929907441139224 0.12328990921378137 0.60930132865905773 7.5000000000000009 0.023146951571106914 1.2328249216079714 0.0094276666641235369 0.010585257317870857 0.03300485014915467 0.050889605656266219 -0.009948960039764641 -1.011211037635803 0.021882181055843834 0.020728282630443576 0.0061989107634872207 -0.0090067386627197248 0.2299679517745972 0.46008330583572393
decision_type=10 10 2 2 2 2 2 2 2 10 2 2 10 2 2 2 2 2 2 2 2 2 2 2 2 2 2 2 2 2
left_child=2 12 3 4 25 11 23 -8 10 22 -4 18 16 -7 -13 -10 19 -18 -5 24 -21 27 -3 -6 -2 -1 -27 29 -29 -14
right_child=1 9 8 5 6 13 7 -9 15 -11 -12 14 21 -15 -16 -17 17 -19 -20 20 -22 -23 -24 -25 -26 26 -28 28 -30 -31
leaf_value=-0.0029525924819745375 -0.0021318547776873545 0.0033051240589017511 5.1497336748967919e-06 -0.0035884347700619553 0.0032156233743744619 -0.0090762728223279642 0.020142158734196253 0.00046241710737609463 -0.0018545078424245874 -0.0071447884022687218 0.018042992544467285 0.0076621725227933798 0.0032545311815934453 0.0015513480906014967 -0.0018448148829013256 0.0068444937135522981 -0.0039874009746261492 0.0031298117245779256 0.0041754446328932122 0.0065481850569126376 -6.1431136974904687e-05 -0.0010405845106676776 -0.0019173585803607199 -0.0035549141395206721 0.0035784974654929557 0.0039738564971728311 -0.002091019949206737 0.00023043671352538137 0.0074534627700480272 -0.0034485837662504197
leaf_weight=821.70557147916406 1630.0971469869837 444.19942097645253 324.18128278572112 1266.9089557109401 432.54910908080637 1264.9261672217399 799.51642237044871 562.51288210134953 813.46693742927164 4233.7931581297889 670.516650759615 1105.6537026725709 316.72702794428915 184.27795162238181 246.00607470422983 200.82772679813206 2052.2414453458041 353.92059433087707 164.0409290343523 1000.1811106307432 689.51935126353055 386.28672658931464 3195.7913262844086 335.83338999096304 282.49017991125584 914.47694469988346 411.90698598511517 551.07017068751156 1772.2775045782328 251.09817996993661
leaf_count=29386 54627 9608 2758 49022 6472 23490 9801 13579 22552 263411 6847 35097 4984 1430 7129 1902 56659 7918 5293 20669 11693 5015 120271 5579 8318 27702 12375 9183 28128 4194
internal_value=0.000781918 -0.00116978 0.00390149 0.00209835 0.00554681 -0.00154246 0.0102622 0.0144823 0.00947984 -0.00451258 0.0143332 0.00215036 0.00171976 -0.00751968 0.00573893 0.00136101 3.15393e-05 -0.00247894 -0.00169231 0.00187931 0.00431584 0.00432146 -0.000885379 0 -0.00059725 -7.1125e-05 0.00186933 0.00517413 0.00619072 0
internal_weight=27679 17159.7 10519.3 8510.32 4278.5 4231.81 2130.41 1362.03 2008.99 7873.78 994.698 2782.61 9285.91 1449.2 1351.66 1014.29 6008.45 2406.16 1430.95 3602.29 1689.7 3277.46 3639.99 768.382 1912.59 2148.09 1326.38 2891.17 2323.35 567.825
internal_count=865092 604678 260414 226355 104894 121461 35431 23380 34059 393290 9605 96541 211388 24920 42226 24454 159884 64577 54315 95307 32362 51504 129879 12051 62945 69463 40077 46489 37311 9178
is_linear=0
shrinkage=0.03


Tree=111
num_leaves=31
num_cat=0
split_feature=7 67 11 44 41 49 59 57 67 42 54 9 62 42 62 55 57 15 56 58 20 1 16 56 20 64 20 67 52 55
split_gain=202.652 156.247 120.667 93.607 92.3728 65.6088 89.1852 53.8575 51.868 47.1849 77.1873 37.0138 35.3358 21.6253 21.1773 15.7368 15.0182 14.3932 11.9751 11.621 9.54932 8.33955 6.97699 6.65454 6.42843 3.03664 1.78403 1.01664 0.874467 0.528847
threshold=-0.017233121208846566 0.24340887367725375 -0.017913650721311566 0.49561403691768652 0.58908700942993175 0.17986447364091876 6.2999999523162851 0.40220998227596289 0.64531016349792492 0.0066467500291764745 -0.42417393624782557 -0.41808916628360743 -0.90110513567924488 0.014708852395415308 -0.18909148126840589 0.0070683874655514964 0.34713867306709295 0.029172569513320926 1.4088402390480044 -0.50920230150222767 0.4168215692043305 -0.098154127597808824 -0.13977620005607602 -0.21091198921203611 -0.27698385715484614 0.3903235942125321 0.28982919454574591 0.49879193305969244 0.98471748828887951 0.0065460801124572763
decision_type=10 2 10 2 10 2 2 2 2 2 2 8 2 2 2 2 2 10 2 2 10 10 10 2 8 2 10 2 2 2
left_child=1 3 5 16 11 7 8 17 -7 12 -11 20 -6 18 -8 -13 -1 -3 21 26 -4 -2 -23 27 -24 -25 29 -21 -20 -15
right_child=13 2 4 -5 9 6 14 -9 -10 10 -12 15 -14 19 -16 -17 -18 -19 28 23 -22 22 24 25 -26 -27 -28 -29 -30 -31
leaf_value=0.0024933013896788051 0 -0.00065741517911830673 -0.0066064242558987437 0.015504169203946662 0.0017246192875964013 0.0089381879930197066 0.0025851722961905904 -0.0074867213159375513 -0.0011653113885137076 0.0058046510495046609 0.00029802719795185339 0.0021346041514336694 -0.0045551123839115918 -0.0034767492042981482 -0.0034814948289862441 -0.0029241154927951989 -0.0038555371067116083 0.0052144272516318558 -0.00065139759144113366 0.00026576497670407361 6.2817525468535808e-05 0 0 0 -0.0093936177438195823 0.0047723052847106259 0 -0.0013386091448331016 0.00099266073569489761 0
leaf_weight=148.44035346526653 90.495107299648225 394.88318222202361 2124.7808396462351 606.42358266189694 838.12129384838045 3411.5749796349555 393.20790586993098 286.98638986609876 338.80442685447633 2559.3617124091834 9903.5301108439453 803.31106255855411 1760.2904311125167 193.81056300457567 714.53372275456786 461.88030232675374 177.45724397804588 273.70521518588066 52.003719461150467 40.384811894968152 103.31320537719876 100.75994713045657 38.999749356880784 29.390995464287698 1561.7324094534852 56.804345699958503 16.865072115324438 105.94955676887184 60.998797605745494 32.868189997039735
leaf_count=2583 5338 4666 90812 3821 28420 41922 4600 3579 5409 71405 276404 33187 69127 13468 11244 11767 3809 2271 3822 2494 2694 7695 2838 1736 144785 2777 894 6678 3754 2119
internal_value=0.000773753 0.00161301 0.00101163 0.0112817 -0.000186946 0.00459633 0.0059285 -0.00168032 0.00792516 0.00084639 0.00163228 -0.00426544 -0.00248131 -0.00677213 -0.00100719 0 -0.000841756 0.00269224 -0.00793895 -0.000120732 -0.00623238 -0.00841646 -0.00878396 0.00238537 -0.00915684 0.00411956 -0.002912 -0.000568613 0 -0.0032994
internal_weight=27681.7 25300.6 24368.3 932.321 18554.6 5813.7 4858.12 955.575 3750.38 15061.3 12462.9 3493.29 2598.41 2381.06 1107.74 1265.19 325.898 668.588 1904.99 476.074 2228.09 1791.99 1701.49 232.53 1600.73 86.1953 243.544 146.334 113.003 226.679
internal_count=866118 667720 657507 10213 583816 73691 63175 10516 47331 445356 347809 138460 97547 198398 15844 44954 6392 6937 168232 30166 93506 160656 155318 13685 147623 4513 16481 9172 7576 15587
is_linear=0
shrinkage=0.03


Tree=112
num_leaves=31
num_cat=0
split_feature=37 11 67 52 52 72 67 47 42 55 48 69 44 63 55 43 41 44 70 17 49 12 67 73 3 14 57 73 72 10
split_gain=189.52 155.364 92.0163 117.306 183.351 116.733 94.4231 106.172 82.8169 75.3351 62.2961 61.8407 60.9733 50.0363 42.6473 37.3761 30.1903 26.1792 28.9644 13.7656 11.531 9.95066 9.44691 7.54165 6.7373 6.05468 3.73522 3.69196 3.55813 3.47877
threshold=0.098322797566652312 -0.0068123899400234214 0.43853290379047399 0.72448897361755382 1.0104979276657107 -0.30738660693168635 0.24340887367725375 0.0028147569391876463 0.073599830269813551 0.0016951819998212161 0.026756679639220241 -0.011957562062889336 0.4743421077728272 0.0078029255382716664 0.18150694668293002 0.0044955224730074414 1.3289580941200259 0.24037037044763568 -2.1080734729766841 -0.40015965700149531 0.96284538507461559 -14.281203746795653 0.26157814264297491 0.6876535713672639 0.00091942847939208161 -4.0665450096130362 0.45002940297126776 1.0520832538604739 3.4592994451522832 -0.5258304476737975
decision_type=10 10 2 2 2 2 2 2 2 2 2 2 2 2 2 2 8 2 2 10 2 10 2 2 8 10 2 2 2 10
left_child=1 2 5 10 13 9 15 -8 14 27 23 -11 -6 -5 17 -7 19 -2 28 -3 -10 22 -21 -4 29 -20 -16 -1 -19 -18
right_child=8 16 3 4 12 6 7 -9 20 11 -12 -13 -14 -15 26 -17 24 18 25 21 -22 -23 -24 -25 -26 -27 -28 -29 -30 -31
leaf_value=-0.0028419493742907376 0.00074964081115162654 0.00022886467396981421 0.0015968155707805484 0.0020019436902100839 0.0023989923799049083 -0.0013460886447583462 -0.0043256208278722244 0.0028872885052616645 -0.0052511452478887239 0 0.012824329786306316 0.014856787838032249 -0.0040941055462624725 -0.0065092212671442684 -0.0025438252715294595 0.011311852755364825 0.00045848802319202697 -0.0016973007426716441 0.00047695871001719996 0 0.0010189871637072592 0 -0.0094910850499037146 -0.0028547407796179389 0.0018510127798609432 0.012685602426934627 0.00078989441436193145 0.0005259203977091121 0.0016059152412295585 -0.0027200505578087583
leaf_weight=179.16552192065865 380.93915011268109 73.359651317819953 148.42020063567907 416.59022303018719 6851.0396162439138 93.557588624767959 2699.7947017662227 3801.9032777016982 160.41273820400238 308.75633062422276 331.03037918359041 863.94493472762406 1083.1517767342739 4832.8367336094379 104.71979246474802 495.98008991964161 72.11803765501827 99.817805362865329 130.77209185995162 59.148748070001602 107.33629183471203 156.09100583894178 1565.2123297001235 187.94040968455374 197.7892501000315 1633.725389209576 73.494496148079634 78.054389249533415 71.682453880086541 416.39514261018485
leaf_count=7983 5504 2646 5963 14704 182196 2876 75145 116998 2722 4583 4300 19023 29170 151639 1836 4183 3476 1427 1562 2795 968 12081 149108 5899 9073 18257 656 3116 1041 24450
internal_value=0.000737033 -0.000138848 0.00069893 -0.000794037 -0.00156568 0.00306848 0.00115227 -0.000159999 0.00753761 0.00965539 0.0083339 0.0121123 0.00128685 -0.00566624 0.00916265 0.00933185 -0.00651768 0.0101276 0.0113171 -0.00814669 -0.00332017 -0.00859785 -0.00914168 -0.000751451 -0.000285522 0.0122184 -0.0011579 -0.00175133 0 -0.00195276
internal_weight=27675.2 24912.3 22372.2 13851 13183.6 8521.16 7091.24 6501.7 2762.9 1429.92 667.391 1172.7 7934.19 5249.43 2495.15 589.538 2540.11 2316.94 1936 1853.81 267.749 1780.45 1624.36 336.361 686.302 1764.5 178.214 257.22 171.5 488.513
internal_count=865380 831407 627778 393871 377709 233907 199202 192143 33973 34705 16162 23606 211366 166343 30283 7059 203629 27791 22287 166630 3690 163984 151903 11862 36999 19819 2492 11099 2468 27926
is_linear=0
shrinkage=0.03


Tree=113
num_leaves=31
num_cat=0
split_feature=16 8 24 73 58 55 64 54 58 55 74 47 64 50 49 56 56 74 60 58 62 72 49 50 45 11 18 34 71 60
split_gain=191.319 155.875 97.6061 60.8252 89.9225 64.8723 71.1691 106.468 46.6503 69.7806 75.3604 43.5433 53.7061 38.0106 34.7154 30.9234 30.3349 27.7388 25.9061 19.9467 18.5955 21.7531 14.2492 11.528 10.649 9.17834 8.43499 8.21813 7.01271 1.43483
threshold=-0.30442163348197931 -0.81623855233192433 -2.4999999999999996 1.4864858984947207 -0.86180907487869252 0.0022145491093397145 0.65942811965942394 -0.24012901633977887 0.033642398193478591 0.10144788771867753 -0.57518425583839405 0.038249161094427116 -0.053523967042565339 0.0030807852745056157 0.10587957873940469 -0.21091198921203611 -0.45121209323406214 0.58323532342910778 1.9997000098228457 -1.374273359775543 -1.2482134103775022 -0.38881509006023401 0.83791697025299083 0.01125001907348633 8.5000000000000018 -0.022256307303905484 -0.34517507255077357 -0.15499255061149594 0.011197660118341448 -0.91602084040641774
decision_type=8 10 2 2 2 2 2 2 2 2 2 2 2 2 2 2 2 2 2 2 2 2 2 2 2 10 8 10 2 2
left_child=14 3 8 5 -5 11 7 -7 16 10 -10 12 -2 -8 27 -6 23 -18 -17 -13 28 26 -16 -3 -23 -11 -22 -1 -4 -30
right_child=1 2 20 4 15 6 13 -9 9 25 -12 19 -14 -15 22 18 17 -19 -20 -21 21 24 -24 -25 -26 -27 -28 -29 29 -31
leaf_value=0.0025371294609588305 -0.0028061003232442067 -0.0007622273652795916 -0.0016511153142518044 -0.0040144342179587213 0 0.0037649776429358591 -9.2411777880203454e-05 -0.0025597049900760935 0.0099271064186035873 0.00024385323728636811 -0.00030640276351928447 0.0013672569592043389 0.0033176155752189704 0.0077865570400876463 0.013129649867664126 0.014547051213140129 -0.0053961002315219492 0.001591267093401441 0 -0.006732733969592548 0.0018954917240526056 -0.0079449288494199168 8.842220105516514e-05 0.0045112421565525716 0 -0.0062934014013660694 -0.002511070873998089 -0.002254079238631398 0.0033600433724234138 0
leaf_weight=144.38425988331437 2185.8619727273472 385.88838086416945 106.53045069985092 162.53745659440756 180.71470207395032 4765.3677475792356 587.18375210324302 3883.4496375913732 804.87380961934105 99.497572347521782 1121.108589915093 84.089269369374961 1972.6384333185852 2150.3526468425989 847.51656080689281 480.06285673705861 1824.2636449434794 333.74976531229913 92.679206158034503 1004.3302824855782 246.05616846634075 2969.3009661715478 136.72959058359265 200.2558557158336 129.147879361175 263.8235282599926 289.96562884794548 139.33819867670536 44.644767846912146 29.60576744005084
leaf_count=837 86972 10746 7939 3852 3560 113778 15315 92431 18409 886 33944 3230 72351 41567 6217 7023 51330 8511 1583 34156 14422 194662 1767 3736 7227 3817 19605 1524 2071 1642
internal_value=0.000762194 0.000108761 -0.00302574 0.0017459 0.00779316 0.00117766 0.00242634 0.00090762 -0.000114831 0.00268743 0.00501113 -0.00145525 7.8666e-05 0.00625063 0.0103183 0.011165 -0.00259897 -0.00410654 0.0130996 -0.00568468 -0.00633829 -0.00677718 0.0121602 0.00201058 -0.00762844 -0.00505126 -0.000260145 0 0.000541625 0.00290845
internal_weight=27665.9 26398 8848.71 17549.3 915.994 16633.3 11386.4 8648.82 5033.46 2289.3 1925.98 5246.92 4158.5 2737.54 1267.97 753.457 2744.16 2158.01 572.742 1088.42 3815.25 3634.47 984.246 586.144 3098.45 363.321 536.022 283.722 180.781 74.2505
internal_count=865110 854765 378947 475818 16018 459800 263091 206209 131379 57056 52353 196709 159323 56882 10345 12166 74323 59841 8606 37386 247568 235916 7984 14482 201889 4703 34027 2361 11652 3713
is_linear=0
shrinkage=0.03


Tree=114
num_leaves=31
num_cat=0
split_feature=55 69 69 58 60 67 70 44 56 44 55 56 68 60 45 20 69 17 46 68 8 63 55 60 45 70 72 67 53 42
split_gain=187.81 168.534 201.794 152.275 180.954 136.963 146.235 109.965 102.986 86.3108 82.5655 79.0361 82.4311 76.7935 72.432 64.2825 54.7767 44.2982 42.1572 41.8411 41.2502 41.0648 34.2331 25.9219 25.1117 24.3868 19.7269 19.4649 24.2245 14.5265
threshold=0.0021220698254182939 0.0051145553588867196 -0.0035465866094455119 1.0398141741752627 -0.33538775146007532 0.64866551756858837 -0.17043680697679517 0.40175439417362219 -0.23204158991575238 0.21778655797243121 0.00019100327335763725 0.12339720502495767 -1.5563655495643614 -0.19360730051994321 2.5000000000000004 -0.37293744087219233 0.0027108727954328064 -0.28289259970188135 0.00045198759471531963 -1.282421290874481 -2.5864727497100826 0.012056622654199602 0.0023841294459998612 0.98800230026245128 7.5000000000000009 1.4198417067527773 -0.24405670166015622 0.68769994378089916 0.052640745416283614 0.086564019322395339
decision_type=2 2 2 2 2 2 2 2 2 2 2 2 2 2 2 8 2 10 2 2 10 2 2 2 2 2 2 2 2 2
left_child=10 2 3 4 8 6 -3 -6 -2 29 23 18 -13 14 25 -12 -16 26 -5 -15 -19 -11 -21 -1 -22 -4 -17 -7 -29 -8
right_child=1 5 13 11 7 27 9 -9 -10 21 15 12 -14 19 16 17 -18 20 -20 22 24 -23 -24 -25 -26 -27 -28 28 -30 -31
leaf_value=0.009255454836788659 0.0033702404087787435 -0.0032763409080524956 -0.0057024812240962187 0.0072865003867575839 0.0080083260632557961 -0.0031835040748374832 -0.0013936759853612939 -0.0036073070462356261 -0.0057383544918244659 0 0.0019289127041039308 -0.00041801874171857711 0.015080419521896392 0.0022150560758406159 0.0059105923373940711 0.0041421189802998198 -0.0037583806964244112 0.0021197304440961251 -0.0021832822291580783 0.00053092811231991212 -0.0069026615448801775 0.022093117279949667 -0.006969982828588568 -0.00059636445914893344 0.00032462561968976293 0.0022092950872269097 -0.0022181609229580128 0.0060503701822808955 -0.0017924987988169113 0.0047295890637704422
leaf_weight=150.53863884415478 1252.9345907261595 209.46163589134812 942.09702382329851 130.96157125988975 3084.7880200129002 464.47489372268319 194.35295460186899 572.02796459430829 2765.4045263631269 70.805182155221701 1148.6998719992116 294.42632219661027 1354.2691055606119 329.49857701221481 1745.1051351195201 360.82648942247033 275.90995859261602 271.00092937331647 774.45488216076046 478.25894455425441 4962.1242201221175 725.02768035791814 3205.3760289014317 209.18493943940848 337.23973061610013 108.47432936169207 384.28276814660057 239.56720938067883 269.49603756144643 342.23686950281262
leaf_count=3876 26540 3602 40138 3553 73986 10727 4372 18845 84489 1600 26510 5169 16561 8650 49358 12757 8566 6798 21635 17266 262635 10473 96120 5583 12861 3841 15726 5301 4805 2510
internal_value=0.00085337 0.00240242 0.00120477 0.00383594 0.00143248 0.00897987 0.013396 0.0059038 -0.0027732 0.0163595 -0.00294509 0.00954323 0.0127198 -0.00255713 0.000888822 -0.00378102 0.00398797 -0.00492892 0.00107798 -0.00506735 -0.00579818 0.0208066 -0.00597734 0.00616256 -0.00640267 -0.0042431 0.00104743 0 0.00277023 0.00261987
internal_weight=27653.3 19829.4 17314 10229.3 7675.16 2515.42 1541.88 3656.82 4018.34 1332.42 7823.9 2554.11 1648.7 7084.72 3071.59 7464.17 2021.02 6315.47 905.416 4013.13 5570.36 795.833 3683.63 359.724 5299.36 1050.57 745.109 973.538 509.063 536.59
internal_count=864853 518107 474717 250778 203860 43390 22557 92831 111029 18955 346746 46918 21730 223939 101903 337287 57924 310777 25188 122036 282294 12073 113386 9459 275496 43979 28483 20833 10106 6882
is_linear=0
shrinkage=0.03


Tree=115
num_leaves=31
num_cat=0
split_feature=11 44 47 67 60 44 43 52 48 74 48 56 15 47 8 52 61 56 64 66 69 34 2 69 55 15 3 12 54 44
split_gain=169.825 129.306 120.772 110.116 174.63 100.429 96.2591 88.0924 80.0311 43.4608 44.1235 42.8634 42.5826 41.1022 37.9528 37.2327 31.2439 29.9926 29.7108 24.503 17.4341 13.5788 7.44477 4.80689 4.3962 3.50048 3.65528 2.08169 1.93775 2.00619
threshold=-0.0068123899400234214 0.63869464397430431 0.003777638310566545 0.43853290379047399 -0.74726548790931691 0.28317609429359442 0.0031354106031358246 1.0104979276657107 0.026991995051503185 0.11752086132764818 0.026515440084040168 -0.20662308484315869 0.025430560111999515 0.0090977516956627386 -1.2259116172790525 1.2011632323265078 0.014111662749201061 0.19903520494699481 -2.3588857650756831 0.38194230198860174 0.0017208158969879153 0.026847064495086673 0.010219196788966657 0.0035957276122644548 0.0030139944283291702 -0.019947648048400875 0.003441385924816132 -14.640244007110594 1.5705427527427676 0.51078385114669811
decision_type=10 2 2 2 2 2 2 2 2 2 2 2 10 2 10 2 2 2 2 2 2 8 10 2 2 10 10 10 2 2
left_child=1 2 9 5 6 11 -5 -6 -7 10 12 -4 -1 16 24 20 18 -12 -3 -20 -11 22 25 -17 27 -16 -27 -2 29 -26
right_child=14 13 3 4 7 8 -8 -9 -10 15 17 -13 -14 -15 21 23 -18 -19 19 -21 -22 -23 -24 -25 28 26 -28 -29 -30 -31
leaf_value=-0.0068505188934961537 -0.0018425805845650126 0 0.0039482327773405794 0.010615150517213132 -0.0045619919549629642 0.010459814034295531 -0.00084126931933842372 0.00085253948172095472 0.00040129812190231134 0.005151107734899337 0.0051204492431795008 -0.0031046049926191596 0.0016797439166334541 -0.0014644120316159848 0 -0.0049533421800806417 -0.00031673229005710259 -0.0033377027462544017 0.014289986748432888 0 -0.0011557414071323552 -3.01527838648009e-05 0 7.9217204124376646e-05 0.0032052264419569461 -0.0087682278376473646 0 0.00048401415663973618 -2.6834624346043633e-05 0
leaf_weight=2821.5719977039844 260.91426012385637 126.17912630084902 898.49704039935023 1525.4227098478004 3899.2161587662995 2635.0000507971272 809.02049156092107 6525.9763198774308 1056.4050311893225 872.05020296899602 371.5242292736657 1240.5598597778007 358.47343610133976 113.01343148574233 14.275279631838201 259.37277125287801 128.88526691682637 179.06102146673948 825.5583799588494 87.437630731612444 239.15415475238115 281.34134874818847 49.259179637767375 56.768332169391215 165.24177910014987 1649.1672378508374 22.542784587945789 60.068384228274226 40.887195978313684 29.285275826230645
leaf_count=89496 16877 1993 24777 41335 121302 61818 15958 165981 31040 21251 8324 36122 4397 2574 602 5761 1257 5677 9268 1934 7440 18054 1938 1743 7223 153308 1815 2853 1224 1105
internal_value=0.000792773 0.001591 0.000970518 0.00210337 0.000453984 0.00534462 0.00709096 -0.00126124 0.0080441 -0.0028845 -0.00444765 0 -0.00570984 0.00942332 -0.00586994 0.00113938 0.0107798 0.0018048 0.0120068 0.013265 0.00367012 -0.00745518 -0.00824878 -0.00418718 0.000400773 -0.00852296 -0.00863533 -0.00101216 0.00211356 0.00269083
internal_weight=27602.1 25029.1 23748.1 18590.1 12759.6 5830.46 2334.44 10425.2 3691.41 5157.98 3730.63 2139.06 3180.05 1281.07 2572.98 1427.35 1168.06 550.585 1039.18 912.996 1111.2 2016.59 1735.24 316.141 556.397 1685.99 1671.71 320.983 235.414 194.527
internal_count=864447 659448 642422 498333 344576 153757 57293 287283 92858 144089 107894 60899 93893 17026 204999 36195 14452 14001 13195 11202 28691 175717 157663 7504 29282 155725 155123 19730 9552 8328
is_linear=0
shrinkage=0.03


Tree=116
num_leaves=31
num_cat=0
split_feature=55 60 42 73 55 60 73 55 8 74 73 64 58 65 47 47 71 47 64 45 55 58 20 73 44 64 73 73 65 17
split_gain=174.753 129.963 133.097 116.136 111.156 274.066 152.304 124.247 94.2063 80.9764 72.2044 101.41 70.241 61.4871 54.6574 48.104 46.6999 42.5013 57.8883 42.0719 33.0057 30.9707 28.8812 28.1734 25.985 24.63 23.6153 22.6376 19.9697 13.2976
threshold=0.0021347984438762073 -1.2775667309761045 0.012794546317309143 0.95846384763717662 0.004227010067552329 -0.53483778238296498 0.82331565022468578 0.061570081859827049 -1.269292891025543 -0.40965931117534632 1.0040374398231509 0.97540152072906505 -0.70146983861923207 0.024077415466308597 0.016820241697132591 0.054956592619419105 0.0025703430874273185 0.035336624830961234 0.34000968933105474 7.5000000000000009 0.0030624378705397253 0.033642398193478591 -0.4000136256217956 1.2529957294464114 0.56458333134651195 1.5455983281135561 1.0715442299842837 0.8927288055419923 0.021916828118264679 -0.31262747943401331
decision_type=2 2 2 2 2 2 2 2 10 2 2 2 2 2 2 2 2 2 2 2 2 2 8 2 2 2 2 2 2 8
left_child=8 3 10 9 5 12 15 -8 17 21 11 16 -4 14 -12 -6 -3 18 -1 22 -7 -2 -10 29 -15 -19 -5 -13 -20 -24
right_child=1 2 4 26 6 20 7 -9 19 -11 13 27 -14 24 -16 -17 -18 25 28 -21 -22 -23 23 -25 -26 -27 -28 -29 -30 -31
leaf_value=0 0.00061193808046686757 0.0033774338361746742 0.00072614807364179961 -0.0050665947554145588 -0.0097592486170174006 0.0037824844631743604 0.00055249374160925646 0.009653396953972963 0 -0.0021530322073083181 0.0074565808175189778 -0.00065811034154039487 0.021922282500207578 -0.0050635084445310556 -0.0012817035181896432 0.00090770654820746075 -0.0061740654948455936 -0.0051549586352619995 0 0.0021627277503453697 -0.0022713289791731982 0.016173282215382695 -0.00024259483353765405 0.00059813090382442166 0.0024683688927894906 0.0023087583696933763 0.0026506338502173951 0.0092085496412190101 0.011701474432814798 -0.007733902774244514
leaf_weight=1458.8535595200956 213.13193338643759 158.75521355681121 236.25103753991425 286.80241191852838 783.95845053624362 1277.5439677676186 4937.2831812556833 1438.9736507553607 627.11184234172106 134.2613886045292 1255.3175502172671 142.38107871450484 600.83725052792579 848.46790245734155 734.67381616588682 360.69248977303505 3867.9375048428774 633.28826315701008 170.17384175118059 358.00677707884461 983.34842288028449 986.28837764216587 348.31767456419766 299.24872138584033 181.76885256450623 195.67454360611737 177.63783252704889 139.74524717219174 256.12848035059869 3533.824147998821
leaf_count=46821 5386 6508 7930 8509 16341 32710 112790 13031 16386 3727 37058 6925 12389 28178 26273 4350 140615 17831 4907 13928 26391 11747 13830 13364 3825 4170 4822 5408 6700 212329
internal_value=0.000827963 0.00233129 0.00140833 0.00910253 0.00349805 0.0078716 0.00128072 0.00320258 -0.00281741 0.0126025 -0.00161113 -0.0039458 0.018673 0.00172178 0.00450049 -0.00696149 -0.00539975 0.00146156 0.00374547 -0.00504884 0.00110629 0.0145782 -0.0057954 -0.00660593 -0.00316626 -0.00296164 -0.00195993 0.0066081 0.00961078 -0.00723459
internal_weight=27626.7 19746.1 17947.9 1798.12 10618.9 3097.98 7520.91 6376.26 7880.63 1333.68 7329.05 4308.82 837.088 3020.23 1989.99 1144.65 4026.69 2714.12 1885.16 5166.51 2260.89 1199.42 4808.5 4181.39 1030.24 828.963 464.44 282.126 426.302 3882.14
internal_count=865179 514913 480722 34191 225932 79420 146512 125821 350266 20860 254790 159456 20319 95334 63331 20691 147123 80429 58428 269837 59101 17133 255909 239523 32003 22001 13331 12333 11607 226159
is_linear=0
shrinkage=0.03


Tree=117
num_leaves=31
num_cat=0
split_feature=16 37 57 44 55 64 62 74 58 68 63 67 55 62 61 49 65 46 42 44 16 58 41 55 71 24 70 69 65 49
split_gain=170.731 143.446 76.2539 148.756 97.3153 122.593 117.447 88.849 82.101 91.2981 61.2814 55.3506 72.6957 52.6606 39.8627 36.2093 32.0985 30.7928 24.9877 16.6218 14.8514 14.3683 9.6408 8.73466 5.51865 5.06011 3.05923 2.42114 2.38643 0.979951
threshold=-0.30442163348197931 0.02157811634242535 0.32912750542163854 0.24174228310585025 0.003783047897741199 0.38222071528434759 -0.01486239582300186 0.020669354125857357 1.122850298881531 1.1215912699699404 0.027541222982108596 0.36421437561511999 0.0087694711983203905 -0.9248673915863036 0.019599878229200843 0.10587957873940469 0.025920468382537368 0.0024967822246253495 0.012643621303141119 0.24544852972030642 -0.18628016859292981 -0.52209231257438649 1.2843996882438662 0.0021347984438762073 0.0010727067710831764 -5.4999999999999991 -0.25114561617374415 -0.0058109611272811881 0.0098076132126152533 0.37492269277572637
decision_type=8 8 2 2 2 2 2 2 2 2 2 2 2 2 2 2 2 2 2 2 10 2 10 2 2 2 2 2 2 2
left_child=15 18 3 10 5 -5 -6 8 9 -4 17 16 -13 -10 -12 28 -9 -3 20 -17 -2 24 25 29 -20 -22 -25 -26 -1 -23
right_child=1 2 7 4 6 -7 -8 11 13 -11 14 12 -14 -15 -16 19 -18 -19 21 -21 22 23 -24 26 27 -27 -28 -29 -30 -31
leaf_value=0.0013501689334367633 0.00046142884969521594 -0.0018803807588617294 -0.005469482325484702 -0.002462143521341676 0.012749641025174289 0.0073828004160354935 0.00063766867460107268 0.0094184563576092863 0.0075895676782559143 0.0035844540135197855 -0.0073536108764386239 0.0022657512333509313 -0.0059429515529927568 -0.0015839243167419669 0.0015717254449635787 0.00093852629241358138 -0.0009569171840279854 0.0042503637539886407 0.00056159717767288741 0.01331054366709788 0 0 0 0 0 -0.0087652891997921749 0.0040131217464039661 -0.004499894396301175 -0.0012327148215620007 -0.0016710742656651804
leaf_weight=126.56854107603431 70.460614417679608 904.62509147496894 5335.5863199927844 2332.3388683316298 1903.2798554375768 1411.3797960071824 1185.0662210490555 695.99190065730363 585.0163194979541 807.05147464713082 1301.3075839038938 4163.6430341778323 722.02948885690421 797.71169096929953 330.15529597550631 253.16941483225673 172.74058651551604 1071.5640732152387 20.89025857206434 734.20201964303851 42.922863028943539 31.699368407018483 78.561806027311832 41.847095446661115 26.937319336459041 1505.5038986206055 274.23551834234968 397.54775852896273 161.74362107180059 164.6331172036007
leaf_count=821 3310 29843 173193 76072 30451 37030 26554 13688 13628 21958 28945 125213 16744 21908 3295 2632 3666 23977 1616 5359 1883 1774 7247 2722 1744 139369 14566 24887 1558 10440
internal_value=0.000827014 0.00020524 0.000995972 0.00285659 0.00533999 0.00161125 0.00892207 -0.000495539 -0.00258596 -0.0040545 -0.0018509 0.00217844 0.000557812 0.00312277 -0.00546167 0.00983565 0.00754029 0.00150978 -0.00580182 0.0117219 -0.00762043 -0.000864766 -0.00813767 0.00167153 -0.00344089 -0.00854384 0.00345043 -0.00415957 0 -0.00118271
internal_weight=27650.4 26374.7 23719.5 10439.7 6832.06 3743.72 3088.35 13279.8 7525.37 6142.64 3607.65 5754.41 4885.67 1382.73 1631.46 1275.68 868.732 1976.19 2655.24 987.371 1697.45 957.79 1626.99 512.415 445.375 1548.43 316.083 424.485 288.312 196.332
internal_count=866093 855723 646165 256167 170107 113102 57005 389998 230687 195151 86060 159311 141957 35536 32240 10370 17354 53820 209558 7991 151809 57749 148499 29502 28247 141252 17288 26631 2379 12214
is_linear=0
shrinkage=0.03


Tree=118
num_leaves=31
num_cat=0
split_feature=16 8 72 68 70 60 60 74 56 58 24 47 63 74 74 45 53 42 58 58 63 60 33 59 60 74 1 46 45 64
split_gain=151.298 132.792 91.2908 83.3769 63.8879 57.2447 62.1716 57.9092 52.825 46.9473 44.4723 37.5587 42.188 36.3848 35.9112 33.3825 24.9618 25.0936 54.2927 23.4817 23.4545 22.7715 20.5619 19.8664 15.4629 10.9323 10.3058 8.62532 7.30564 5.81267
threshold=-0.30442163348197931 -0.8827533721923827 -0.31197409331798548 -0.64202153682708729 -0.23813976347446439 -0.82471337914466847 0.3409342914819718 -0.14509269595146176 -0.41750450432300562 0.099162682890892043 -1.4999999999999998 0.006037789164111019 0.013645787723362448 -0.80145967006683339 -0.96740499138832081 4.5000000000000009 0.035010060295462615 0.0095803169533610361 1.5890879034996035 0.25687596201896673 -0.0047054134774953118 0.087601415812969222 0.041575968265533454 2.6999999284744267 -1.3184805512428281 -1.2857925295829771 0.15530875325202945 0.0080441506579518336 8.5000000000000018 -0.0056812277762219301
decision_type=8 10 2 2 2 2 2 2 2 2 2 2 2 2 2 2 2 2 2 2 2 2 8 2 2 2 8 2 2 2
left_child=23 5 3 4 29 16 8 13 21 -10 11 20 -13 -8 25 -9 17 18 -2 -19 -4 -7 -16 -1 -12 -5 -25 -18 -26 -3
right_child=1 2 10 14 -6 6 7 15 9 -11 24 12 -14 -15 22 -17 27 19 -20 -21 -22 -23 -24 26 28 -27 -28 -29 -30 -31
leaf_value=0.00025433150319961739 -0.0018066231479043982 -0.0029456095647319236 0.0015919066245387728 -0.00056350354011278645 0.013632414830674894 0.0050754903559044086 0.0034202197437864686 -0.0020553080185415091 -0.0044635429522082879 0.00065380463890598315 2.2966263262475411e-05 0.004284423537449511 -0.0022156811164326384 -0.0038652754450271931 -0.0036739500165132708 0.0056538111783756423 -0.0033991483846374962 0.0096652937728382033 0.0076603224238137946 5.876785743253713e-05 -0.006135135189677704 -0.0011485147033477199 0.0019036401684123655 6.2778273313480234e-05 -0.0081807756271224212 0.0056579727867430438 0.011362834142523081 0.0015949270360615534 0 0.0011684072115401307
leaf_weight=289.07472466118634 1075.4163686148822 147.49374784389511 144.65209074923769 135.09198703803122 230.40821059793234 1052.8143844022416 481.85952735831961 260.6272180788219 3319.0679238964804 2442.0585897304118 156.9766255277209 878.67906613694504 2079.1726276073605 1161.7351654591039 2038.1206824993715 3572.3679858632386 153.79041182994843 1141.6876871748827 342.14397141616791 347.21258798241615 1540.6528294594027 464.19859422836453 358.11651360150427 139.82229697145522 2212.2653649053536 313.77288945671171 845.24276711139828 90.309894531965256 101.74464548844844 81.569724498316646
leaf_count=2928 37832 6121 3248 4890 2439 27396 11426 9485 95214 64415 9527 27321 72527 36025 81341 80429 2191 25122 6559 7437 49375 13629 5755 1107 157857 6559 6375 716 6172 3454
internal_value=0.000609493 2.6059e-05 -0.00252679 0.00138899 0.00909821 0.00174263 0.000735363 0.00302784 -0.00103484 -0.00236747 -0.00435687 -0.002139 0 -0.00128984 -0.000940167 0.00488371 0.00507902 0.00581897 0.0017235 0.00815384 -0.00512215 0.00320965 -0.00255206 0.00908983 -0.00736206 0.0041591 0.0105221 -0.00131814 -0.00788472 -0.00127253
internal_weight=27598.1 26324 10418.7 3304.57 459.472 15905.3 12754.7 5476.59 7278.14 5761.13 7114.14 4643.16 2957.85 1643.59 2845.1 3833 3150.56 2906.46 1417.56 1488.9 1685.3 1517.01 2396.24 1274.14 2470.99 448.865 985.065 244.1 2314.01 229.063
internal_count=864872 854462 436586 110559 12014 417876 338019 137365 200654 159629 326027 152471 99848 47451 98545 89914 79857 76950 44391 32559 52623 41025 87096 10410 173556 11449 7482 2907 164029 9575
is_linear=0
shrinkage=0.03


Tree=119
num_leaves=31
num_cat=0
split_feature=67 19 18 69 55 44 43 74 74 56 66 61 67 61 18 43 41 56 57 50 57 49 56 60 3 21 71 74 7 16
split_gain=160.507 153.857 118.585 89.7493 121.327 81.3337 68.8343 66.3577 73.1829 51.7331 39.3932 32.6977 32.5765 46.2663 30.3695 28.6705 22.7079 19.8499 18.4858 16.5286 12.6601 10.2828 8.64164 7.79249 5.93529 4.58006 2.20029 2.16059 1.02122 0.171715
threshold=0.24340887367725375 -0.30443960428237909 -0.40205712616443628 -0.018147548660635945 0.061570081859827049 0.49561403691768652 0.0019447697559371593 -0.80145967006683339 0.093084286898374571 0.19903520494699481 -2.9136531352996822 0.0020744634093716745 0.60603389143943798 0.0013616858050227167 -0.67852720618247975 0.007056490285322071 1.3657416701316836 -0.38527868688106531 0.34713867306709295 0.014133274555206301 0.28989449143409735 0.96284538507461559 -0.21921405941247937 -1.5154805183410642 0.0014707192895002665 -0.65000000596046437 0.010585257317870857 0.54591581225395214 -0.050697209313511842 -0.14586906880140302
decision_type=2 8 10 2 2 2 2 2 2 2 2 2 2 2 8 2 8 2 2 2 2 2 2 2 10 2 2 2 8 10
left_child=5 3 6 11 7 18 12 9 -9 -5 -8 28 13 -3 -12 21 19 -13 29 23 -19 -6 -14 -4 25 -18 -21 -26 -2 -1
right_child=1 2 16 4 15 -7 10 8 -10 -11 14 17 22 -15 -16 -17 24 20 -20 26 -22 -23 -24 -25 27 -27 -28 -29 -30 -31
leaf_value=0 0.002418537967139962 -0.0012859580628911656 0 0.006900064541253006 -0.0025936710731170967 0.014102550988828779 0.0052230608145728509 -0.0019570423869543392 0.0026148259436349144 -0.0023310171989064134 0.0027762253082242966 0.00049641033959133853 -0.0035580961146537676 0.0080112964826011095 -0.0038914160938160977 0.012782802668833767 0.00034068009068372122 0 -0.0041316530849279925 -0.0013266053010904388 -0.0093995945264796436 0.0028806937641400149 0.0012631065470731259 -0.0080172031071444102 0.0021721781134938878 -0.0029914248390407695 0.0011866917367986385 -0.0003487006892555982 0 0.0030427946904002926
leaf_weight=60.486510618589818 102.29172164574265 429.4571347553283 76.606646308675408 2389.6079923780635 99.163400508463383 651.93550272099674 113.84981196932495 5311.0040309173055 6344.0730550400913 359.98100465396419 306.81099014729261 136.231140749529 237.89247269043699 1204.1732123936526 3418.5415904973634 710.474150756374 193.04983176942915 104.64375768601894 184.64752054959536 89.813639158848673 585.70802157279104 129.5084996605292 144.08503872388974 2988.6461339001544 111.65553137706593 695.07209783885628 169.10784701257944 69.803234862163663 83.827299092896283 102.36516118515283
leaf_count=1071 578 23733 5282 59391 2001 4182 626 152180 150131 8600 5343 1270 8157 44473 107743 3870 7859 512 4293 5088 10116 1589 4396 205543 4275 30178 6899 2448 1644 2096
internal_value=0.0006597 0.00010803 -0.00268719 0.001905 0.00253665 0.0102121 0.00013263 0.0016208 0.000512023 0.00542649 -0.00212081 -0.00514216 0.0041125 0.00569799 -0.00300775 0.0109319 -0.00613563 -0.00709732 -0.000746734 -0.00727408 -0.00842694 0 -0.00171427 -0.0078056 -0.0012162 -0.00218919 0 0.00121788 0.00194811 0.00286017
internal_weight=27604.5 26605.1 10248.6 16356.5 15343.8 999.435 5854.81 14404.7 11655.1 2749.59 3839.2 1012.7 2015.61 1633.63 3725.35 939.146 4393.75 826.583 347.499 3324.17 690.352 228.672 381.978 3065.25 1069.58 888.122 258.921 181.459 186.119 162.852
internal_count=865567 853925 462043 391882 377762 11642 194471 370302 302311 67991 113712 14120 80759 68206 113086 7460 267572 11898 7460 222812 10628 3590 12553 210825 44760 38037 11987 6723 2222 3167
is_linear=0
shrinkage=0.03


Tree=120
num_leaves=31
num_cat=0
split_feature=7 67 6 44 69 52 73 51 68 41 67 65 60 59 46 65 14 46 24 60 15 71 13 34 63 52 18 46 47 0
split_gain=156.298 118.901 101.524 75.8236 75.4833 91.2576 77.4432 70.9359 41.8551 28.8838 25.8674 17.8482 24.7675 16.8476 11.9894 11.9428 10.962 10.0642 5.05748 4.40043 4.37893 4.0603 2.17055 2.16716 2.02907 1.7235 1.5922 1.35333 1.01107 1.00791
threshold=-0.01701265852898359 0.24340887367725375 -2.4999999999999996 0.49561403691768652 -0.015597060322761534 0.71776500344276439 1.1061795949935915 0.0047329869121313104 -0.96495205163955677 1.2740711569786074 0.67101830244064342 0.010847798082977535 -0.32749381661415095 9.4000000953674334 0.0067506786435842523 0.023440050892531875 -2.6738036870956416 0.0046920836903154859 -2.4999999999999996 0.42794251441955572 -0.0093190073966979963 0.0070151358377188453 -11.334805488586424 0.025114655494689945 0.034603599458932884 0.83259043097496044 -0.46995235979557032 0.0053176153451204309 0.040458228439092643 -0.068508386611938463
decision_type=10 2 2 2 2 2 2 2 2 8 2 2 2 2 2 2 10 2 2 2 10 2 10 8 2 2 8 2 2 8
left_child=1 3 8 15 11 7 -7 -6 14 17 13 16 -13 -10 25 -1 -4 18 -2 22 -20 -12 -11 -22 28 -3 -24 -19 -21 -28
right_child=9 2 4 -5 5 6 -8 -9 10 19 21 12 -14 -15 -16 -17 -18 27 20 24 23 -23 26 -25 -26 -27 29 -29 -30 -31
leaf_value=-0.0036325975742132559 0 0.002522372488470375 0.0029025403450456859 0.013600752739865144 -0.00082410394433579182 -0.00093413011124779345 0.0031543117425997008 0.011673519588760674 0.0099242488373836157 0.00020784964120012934 0.0012818659119175479 -0.0086866104028607803 -0.00013493891845008882 0 -0.0035762009387471766 0.0020064950305650475 -0.0023318697302810699 0.0011950131648019 0 0.002714466707896694 -0.0090430978365834969 -0.0021610208536144886 0 0 -0.00019162889897687171 0 0 -0.00088912906427599827 0 -0.0028730749199197205
leaf_weight=149.71197493746877 68.406477468553931 173.7720089815557 175.96241241320968 631.3270471226424 470.20004463288933 14008.299173887819 5338.1666488647461 663.968839420937 1412.4298843769357 104.3702585035935 72.132992662489414 739.36754182726145 522.48563198931515 157.38723020814359 151.05750636383891 182.56747738085687 267.0659087318927 36.99318222142756 62.488294499460608 123.86845628358424 1280.5758645138703 104.89698771759868 32.674386321566999 70.989335328806192 46.065224126446992 160.66582144983113 16.828104027546942 70.669668896123767 28.207453196402639 268.91788534959778
leaf_count=3264 5162 1340 1439 3867 18522 446896 134108 10366 15145 6028 1028 14721 9717 1958 2102 3233 2188 2659 5038 7506 128177 1845 1723 6420 2112 2045 749 4894 1792 19139
internal_value=0.000775443 0.00148983 0.000957649 0.0098362 0.000265379 0.000826992 0.000229903 0.00764185 0.00642024 -0.00607687 0.00817134 -0.00500279 -0.00635914 0.00914745 -0.000525064 -0.000829738 0 -0.00776764 -0.00825724 0 -0.00854382 -0.000404409 -0.0015012 -0.00880845 0.00164134 0.00181064 -0.00221269 0 0.00237784 -0.00263122
internal_weight=27592.5 25381.5 24417.9 963.606 22185.5 20480.6 19346.5 1134.17 2232.34 2211.05 1746.85 1704.88 1261.85 1569.82 485.495 332.279 443.028 1590.12 1482.46 620.932 1414.05 177.03 422.791 1351.57 198.141 334.438 318.42 107.663 152.076 285.746
internal_count=865183 673784 663420 10364 637957 609892 581004 28888 25463 191399 19976 28065 24438 17103 5487 6497 3627 152350 144797 39049 139635 2873 27639 134597 11410 3385 21611 7553 9298 19888
is_linear=0
shrinkage=0.03


Tree=121
num_leaves=31
num_cat=0
split_feature=55 44 47 58 57 44 72 60 73 43 51 74 71 57 62 8 8 45 72 52 56 49 44 56 56 56 71 60 53 47
split_gain=151.153 113.622 129.86 116.514 279.982 131.339 111.916 74.08 86.0451 66.7004 57.141 48.2182 45.4037 36.7662 51.9798 44.992 35.9561 34.4077 40.4067 34.1573 24.8617 23.4232 35.414 30.8757 37.7566 22.1226 34.3703 19.8124 19.1749 18.9096
threshold=0.0021347984438762073 0.63869464397430431 0.0028147569391876463 -0.60676115751266468 0.33826300501823431 0.42264957726001745 -0.13133388012647626 0.3409342914819718 1.2529957294464114 0.0012118788436055186 0.0024681268259882931 0.88344433903694164 0.038636976853013046 0.31390610337257391 -0.5847262144088744 -0.95986604690551747 -2.1710613965988155 8.5000000000000018 -0.34339666366577143 1.8222165107727053 -0.024842012673616406 0.041663754731416709 0.77500000596046459 0.28277373313903814 -0.21747897565364835 -0.47035193443298334 0.0056661905255168685 2.4064780473709111 0.011703545693308117 -0.033310472965240472
decision_type=2 2 2 2 2 2 2 2 2 2 2 2 2 2 2 8 10 2 2 2 2 2 2 2 2 2 2 2 2 2
left_child=7 2 13 9 5 -5 -6 16 17 12 19 -11 -4 28 15 -15 -1 18 -9 -10 -20 29 23 24 -23 26 -18 -16 -2 -3
right_child=1 21 3 4 6 -7 -8 8 10 11 -12 -13 -14 14 27 -17 25 -19 20 -21 -22 22 -24 -25 -26 -27 -28 -29 -30 -31
leaf_value=0.0018024075374346641 -0.0027129450076690117 -0.0030021296285996386 0.0063283196503121815 0.011928997599626852 -0.003042199091855153 -0.0027945969730331834 0.0054028560530274463 0.0019582444811643879 0.013356854238078943 -0.0042535134153283876 -0.0025028303191589572 0.0033067565928161023 -0.0033707572918159783 0.0031789888688072638 -0.0090138044811959341 -0.0041149988078961284 -0.0038854329361394792 0.0039781911076508291 -0.0070417667548446855 -0.00078892057600924142 0.0012178803902182821 0.0062131637488800169 -0.00096369989603643249 0.014828421507950915 -0.004142009847651033 -0.0065204990886267708 0.003687498479842588 0.00023031675333664813 0.0033206866203830494 0.0040803703917208839
leaf_weight=404.3472613086924 241.00482211867347 168.66652675159276 1052.5388190555386 3538.8284640423954 3479.0845029065385 400.35122230788693 1688.9610167448409 549.07466983096674 346.90715753566474 3201.9481364069507 115.52418800862506 514.53681052662432 200.55769953131676 934.42642963305116 1158.0379665065557 1106.4671672792174 913.16384231299162 259.41275125183165 1138.4380641193129 76.426434275694191 173.98284788196906 85.809441993013024 79.070672452449799 578.08716789167374 182.49417092045769 3493.6023289035074 368.86105678323656 139.73594603594393 820.23033903725445 174.23977513052523
leaf_count=10202 10262 2090 27590 79339 104998 11342 42958 25304 7887 89580 3907 10727 5450 22289 34681 40518 43796 8005 55995 1576 7042 1455 2547 4707 5194 172939 13688 3035 14810 1343
internal_value=0.000710174 0.00210751 0.00135334 0.00275483 0.00469277 0.0102188 0 -0.00268853 0.00116321 -0.000846117 0.00839067 -0.00286766 0.00408623 -0.00289285 -0.00431099 -0.000688964 -0.0046474 -0.001809 -0.00341408 0.0114339 -0.00574738 0.00943516 0.0111831 0.0124772 0.000667487 -0.00536943 -0.00111493 -0.00806436 0.00132829 0.000526422
internal_weight=27584.8 19745.1 18476.7 14076.8 9107.23 3939.18 5168.05 7839.74 2659.77 4969.58 538.858 3716.48 1253.1 4399.9 3338.67 2040.89 5179.97 2120.91 1861.5 423.334 1312.42 1268.37 925.461 846.391 268.304 4775.63 1282.02 1297.77 1061.24 342.906
internal_count=865256 514915 497579 371984 238637 90681 147956 350341 109716 133347 13370 100307 33040 125595 100523 62807 240625 96346 88341 9463 63037 17336 13903 11356 6649 230423 57484 37716 25072 3433
is_linear=0
shrinkage=0.03


Tree=122
num_leaves=31
num_cat=0
split_feature=18 19 67 55 69 67 67 55 68 18 59 43 74 43 67 60 14 68 51 8 55 41 57 11 55 49 53 67 20 41
split_gain=153.503 146.993 67.3383 54.153 64.234 130.436 83.9263 74.3281 52.62 43.3255 41.8609 37.6094 36.0555 31.9147 28.9877 26.9803 27.4699 26.3951 39.3137 21.7455 20.2853 18.1397 14.8539 13.9242 12.6595 15.1275 10.1546 10.0038 9.64497 9.25133
threshold=-0.55536764860153187 -0.28640669584274286 0.24340887367725375 0.0021347984438762073 0.0051145553588867196 0.48473981022834783 0.64866551756858837 0.18150694668293002 -1.282421290874481 -0.40205712616443628 2.6999999284744267 0.0019605506677180533 0.85342490673065197 0.0038860169006511573 0.64531016349792492 0.96515327692031871 -2.5285246372222896 1.591891944408417 0.0027259450871497397 -0.49412773549556727 0.0056510884314775476 1.7291235327720644 0.39707328379154211 -0.016560327261686322 0.0033312080195173626 0.11457947269082071 0.0069916844367980966 0.70467689633369457 0.046450763940811164 0.6906397044658662
decision_type=8 10 2 2 2 2 2 2 2 10 2 2 2 2 2 2 8 2 2 10 2 8 2 10 2 2 2 2 10 10
left_child=10 3 29 12 5 7 13 -5 -7 11 20 26 15 -6 19 16 -2 18 -14 24 22 23 -1 -11 -12 -26 -4 -8 -13 -3
right_child=1 2 9 4 6 8 27 -9 -10 21 14 28 17 -15 -16 -17 -18 -19 -20 -21 -22 -23 -24 -25 25 -27 -28 -29 -30 -31
leaf_value=-0.00099826421276750631 -0.0055000337863485684 -0.00053530508075582371 -0.0012262258019936458 0.004791586414791763 0.014079703268382038 0.0045584362727668385 -0.0030309433669331123 -0.0048512060574390156 -0.0044259892640345069 0 0.0021360318660202382 0.00031845887912706865 0.0074373833007940872 0.0016581630122053138 -0.00045042152665842748 0.001867319835378294 0 -0.0031184033372111328 -0.0016103042164651855 0 -0.002812140369464723 -0.00044179996226950365 0.0058496742650243662 -0.0073831618834294304 0.00046977285113092017 0.010720473137918535 0.0032534047053216879 0.0017028673732344336 -0.0043242728958449656 0.0056111948743993653
leaf_weight=179.48813560511917 1929.4173503117636 79.669084747321904 228.32085313880816 5738.4120559426956 578.44029548857361 251.62121174251661 382.7999415025115 377.9256444927305 3042.6254399074242 162.00608532503247 685.09537710435688 272.95827111182734 621.12222793372348 480.81644065212458 283.71049648523331 584.71965202363208 1082.0331174866296 136.15763078816235 388.05408590938896 263.17767548095435 554.39941286016256 607.23715472687036 160.74327246844769 3278.2748458469287 254.26640112418681 1705.3936174344271 1026.3186703328975 220.54660829994828 1659.3569729952142 354.02593823615462
leaf_count=6153 68947 1519 15517 126567 7844 3567 7531 5600 69375 3492 18631 8563 17185 5255 5189 20171 44417 3421 12022 5197 10087 23278 3965 226628 3088 23058 44466 3662 66384 4553
internal_value=0.000711627 -0.000251358 -0.00354221 0.00138556 0.00250936 0.00131975 0.00724208 0.00382884 -0.0031504 -0.00432029 0.00573517 -0.00127988 -0.00117069 0.0109735 0.00714623 -0.00262699 -0.00372669 0.00262827 0.00437867 0.00793277 0 -0.00624435 0.00343575 -0.00700638 0.00862662 0.00987827 0.0021501 -0.00104112 -0.00361445 0.00447877
internal_weight=27569.1 23482.9 7668.17 15814.7 11073.2 9410.58 1662.6 6116.34 3294.25 7234.47 4086.27 3186.95 4741.5 1059.26 3191.64 3596.17 3011.45 1145.33 1009.18 2907.93 894.631 4047.52 340.231 3440.28 2644.76 1959.66 1254.64 603.347 1932.32 433.695
internal_count=865332 789964 394400 395564 229401 205109 24292 132167 72942 388328 75368 134930 166163 13099 55163 133535 113364 32628 29207 49974 20205 253398 10118 230120 44777 26146 59983 11193 74947 6072
is_linear=0
shrinkage=0.03


Tree=123
num_leaves=31
num_cat=0
split_feature=37 4 62 46 43 71 73 55 67 44 53 60 47 73 57 72 53 17 49 69 63 16 73 33 51 49 68 73 25 3
split_gain=141.596 105.334 90.2585 94.6421 87.536 151.437 89.8506 62.5102 57.8687 54.5928 50.1018 46.9646 56.6856 39.7466 36.5737 24.7003 23.694 23.6251 20.3211 13.9227 10.4008 9.91505 9.54089 9.44974 6.77597 3.7777 2.81471 2.51699 0.534908 0.414008
threshold=0.098322797566652312 -0.028789752162992951 -0.8825586438179015 0.027424328960478309 0.0017825469258241358 0.0055532555561512717 0.99824771285057079 0.18150694668293002 0.37678934633731848 0.2437146455049515 0.01181612676009536 -0.45783902704715723 -0.035642977803945534 0.86089330911636364 0.26744054257869726 -0.28130441904067988 0.0055633438751101503 -0.4205451607704162 0.021210764534771446 -0.033753622323274605 0.028200482018291954 0.026875125244259838 0.74840745329856884 0.013807654380798342 0.00055694798356853436 0.90336740016937267 1.1867468357086184 0.91660213470458995 -0.3929885178804397 0.00016919970948947596
decision_type=8 10 2 2 2 2 2 2 2 2 2 2 2 2 2 2 2 10 2 2 2 10 2 10 2 2 2 2 10 10
left_child=1 2 8 4 5 -4 -6 9 11 20 15 12 -1 -12 -5 -10 -11 28 -18 -19 27 23 -9 -21 -20 -16 -22 -2 -3 -23
right_child=7 17 3 14 6 -7 -8 22 10 16 13 -13 -14 -15 25 -17 18 19 24 21 26 29 -24 -25 -26 -27 -28 -29 -30 -31
leaf_value=-0.0019367291765767774 0.0031235882672756396 0 -0.0023135545845753796 -0.001503410642995816 -0.0048418372512372904 0.0056599875859040813 0.00040650612329348789 0.0011752014259920056 0.001798424664090318 -0.00039576943480458998 -0.0030474351930698225 -0.0017108671805467412 0.013007762561399062 0.0069487304977338517 0.011590538200654341 -0.0047900885100881909 0 0.0010694072277859779 9.8280956411267689e-05 -0.0077056502173441692 -0.0033384410608980897 -0.00037723367239885067 -0.0043609602249658182 -0.00019807825733419133 0.011420631739661551 0.00043735569733633359 4.6737320536063644e-05 0 0.0019963321414609406 0.00072065372330180292
leaf_weight=94.676385465543717 141.37066123168916 36.429301754571497 3803.796451842878 95.425657425075769 5566.4146543787792 3798.1380357323214 5363.3281992902048 75.056691071018577 437.6324929385446 101.01690191309899 113.46827035117894 119.09718435350806 845.18623223155737 961.69469252368435 337.37153642810881 750.61217124853283 103.54996017925441 22.561574883759022 112.59987296536565 1743.2458054828458 208.85456673614681 79.844589564949274 216.3388115875423 280.05464126123115 1726.0527876224369 130.51155588403344 66.359752167016268 157.86907641589642 71.737764833495021 58.576826420146972
leaf_count=2440 1894 1187 152219 1694 155712 98406 139296 520 19197 1517 2440 3145 20526 22525 2404 31609 1266 220 1776 145213 3261 5833 3390 18210 19103 1865 962 2132 1855 4430
internal_value=0.000794192 0 0.000673615 -0.000149661 -0.000647277 0.00173666 -0.00233506 0.00652565 0.00488443 0.00792081 0.00133282 0.00942099 0.0111442 0.00507085 0.00854519 -0.00237186 0.00980969 -0.00549771 0.0104357 -0.00622048 0 -0.00659587 -0.00271434 -0.00703055 0.0110248 0.0106225 -0.00263153 0.00223501 0.00171902 0
internal_weight=27618.9 24709.8 22417.4 19095 18531.7 7601.93 10929.7 2909.07 3322.37 2617.67 2263.41 1058.96 939.863 1075.16 563.309 1188.24 2043.22 2292.45 1942.2 2184.28 574.454 2161.72 291.396 2023.3 1838.65 467.883 275.214 299.24 108.167 138.421
internal_count=866247 830426 653478 551596 545633 250625 295008 35821 101882 31911 75771 26111 22966 24965 5963 50806 23662 176948 22145 173906 8249 173686 3910 163423 20879 4269 4223 4026 3042 10263
is_linear=0
shrinkage=0.03


Tree=124
num_leaves=31
num_cat=0
split_feature=71 69 63 60 53 67 36 73 46 67 64 44 18 20 56 41 62 61 45 65 71 48 57 63 71 48 57 62 60 60
split_gain=146.333 106.546 196.01 125.791 124.098 116.164 107.438 86.4486 81.0643 80.3749 72.1958 66.0132 59.4992 68.1407 40.1371 38.7761 35.7221 35.2958 26.1966 25.7204 25.3104 25.0919 22.5215 20.8021 20.7737 20.5328 16.8548 13.8897 12.3124 11.9269
threshold=0.0081467917189002054 0.0065979391802102336 0.031179205514490608 -0.89757290482521046 0.072124548256397261 0.24340887367725375 -0.1463215500116348 1.1753923892974856 0.0043776261154562244 0.64866551756858837 1.1002241373062136 0.49561403691768652 -0.4117083996534347 -0.37293744087219233 -0.25122237205505366 1.752827048301697 -0.85587051510810841 0.0019939006306231026 8.5000000000000018 0.025179995223879818 0.0022292506182566289 0.024104652926325802 0.34962199628353124 0.042412124574184425 0.0088650984689593332 0.026875987648963932 0.3126311600208283 -1.0779339671134947 -1.0345525145530698 1.4919452071189883
decision_type=2 2 2 2 2 2 10 2 2 2 2 2 10 8 2 8 2 2 2 2 2 2 2 2 2 2 2 2 2 2
left_child=7 2 4 -3 5 11 -7 12 22 -5 14 -2 16 19 -10 28 27 -4 -16 -14 26 -22 -9 -12 -19 -11 -18 -1 -15 -26
right_child=1 3 17 9 -6 6 -8 8 10 25 23 -13 13 15 18 -17 20 24 -20 -21 21 -23 -24 -25 29 -27 -28 -29 -30 -31
leaf_value=-0.00033729625777037834 -0.00064211120566341751 -0.0052587869825705194 0.0015930907334735858 0.01541911056779059 0.012404535720219359 -0.0026563602716463881 0.0029123055498932173 -0.0054052524785820275 0.00016006627661069216 0.0036783053053642966 -0.0047263889694938764 0.013072718204206383 0.0034250007617811695 -0.0010048625671689603 0.015649261416374044 0 -0.0015573785130824579 0.00051972004684972299 0 -0.0030679981363247871 -0.0052019154808198523 0.00051539914411868947 0.0011504397932498593 0.0028124572151161892 -0.011392001609601616 -0.0033883288701267306 0.005319663567414255 0.0072359692119710207 -0.0077337841969449227 -0.00018570787207878106
leaf_weight=145.71945003187284 319.26475273538381 160.54496408812702 98.836200373247266 881.60280758235604 590.4181301202625 4792.9265215592459 7054.7146144323051 473.63069241214544 312.55309241265059 278.00051620136946 255.84182439185679 643.86928169615567 908.81333925761282 545.14020052598789 350.66784534137696 857.39301690179855 156.96169382287189 66.725584715604782 113.18942064698786 392.14684284757823 1011.3708140230738 965.63390185497701 526.37203715508804 101.22041987627745 844.3312128810212 196.39124711882323 285.23875363264233 271.13506998540834 3799.7007115297019 168.36182143446058
leaf_count=7067 5957 2759 3918 8623 3205 103095 213768 19891 6190 5216 6356 4079 20392 35015 8002 27339 5207 1475 2428 9620 40437 35964 22202 1592 20474 3886 11910 10095 215582 3730
internal_value=0.000589845 0.00241243 0.00143938 0.00894182 0.00258217 0.00165799 0.000618881 -0.0019361 0.00296606 0.0117485 0.0072808 0.00965559 -0.00318027 -0.00466944 0.0107916 -0.00610096 0.000332591 -0.00827658 0.0138448 0.000992849 -0.00125122 -0.00274793 -0.00252129 -0.00184525 -0.00958847 0.000207433 0.00302915 0.00552117 -0.00714227 -0.0104045
internal_weight=27568.7 16096 14579.4 1516.54 13401.2 12810.8 11847.6 11472.7 2133.48 1355.99 1133.47 963.134 9339.25 6503.19 776.41 5202.23 2836.06 1178.25 463.857 1300.96 2419.21 1977 1000 357.062 1079.42 474.392 442.2 416.855 4344.84 1012.69
internal_count=865474 380185 359701 20484 330104 326899 316863 485289 66661 17725 24568 10036 418628 307948 16620 277936 110680 29597 10430 30012 93518 76401 42093 7948 25679 9102 17117 17162 250597 24204
is_linear=0
shrinkage=0.03


Tree=125
num_leaves=31
num_cat=0
split_feature=16 19 20 74 65 70 47 47 8 49 63 49 73 61 60 42 14 41 47 48 60 1 53 46 34 60 63 61 50 60
split_gain=131.882 130.816 74.1956 65.3099 92.7278 74.5544 55.7011 106.424 43.7548 42.5682 44.1726 36.0068 34.4163 29.2878 26.1873 22.7867 14.0162 12.7591 12.7043 9.97179 9.20808 8.3924 8.12101 8.91322 6.35144 5.71914 4.63444 6.03118 3.84998 2.86254
threshold=-0.30442163348197931 -0.30443960428237909 0.38221350312232977 1.7524296045303347 0.023146951571106914 0.81280142068862926 -0.0019501402857713399 0.016820241697132591 -0.7377602458000182 0.96284538507461559 0.02725397422909737 0.10587957873940469 0.83594885468482982 0.0021911604562774305 -0.71608269214630116 0.011951002757996322 -1.8221266865730283 1.1293125748634341 0.029248119331896309 0.028419621288776401 -1.4655021429061887 -0.079832315444946275 0.034126175567507751 0.0067506786435842523 -0.15499255061149594 1.438723146915436 0.0078029255382716664 0.0018820620607584717 0.0056069791316986093 0.90691474080085765
decision_type=8 10 8 2 2 2 2 2 10 2 2 2 2 2 2 2 10 10 2 2 2 8 2 2 10 2 2 2 2 2
left_child=11 3 8 4 6 13 12 -8 14 10 -6 24 -2 -5 18 26 -15 -16 -3 -13 28 -22 23 -17 -1 -7 27 -4 -10 -28
right_child=1 2 15 5 9 25 7 -9 20 -11 -12 19 -14 16 17 22 -18 -19 -20 -21 21 -23 -24 -25 -26 -27 29 -29 -30 -31
leaf_value=0.0018397969692173061 0.0034855604243181058 -0.00023858594357001 0.0030394509800095821 -0.00011535696546611877 8.9039274827488254e-05 -0.0035055236224554504 0.0086499893012193154 0.0011107750332952086 -0.0013473229938339483 0.005467088979980099 -0.0047345352442973547 0.011392438955386901 -0.0035815014636332936 0.013146456971622056 -0.0040635253933542044 0.0071600727573504792 0 -0.00056241495402749417 0.0044653221095691288 7.0217443732344538e-05 0.0001036126320415507 -0.006848690446169493 0 -0.0001883143317340796 -0.0023448504205143702 0.0007526397709248186 -0.0024312337314212249 -0.0012604214037335091 0.0021689116610937738 0.00031199951346862334
leaf_weight=147.67893534339964 443.09695864841342 1163.3321589613333 137.77852873457596 134.10500864963979 3339.0464507453144 224.0858944831416 2493.6403365000151 4513.7368409521878 67.926194488536566 221.91927694808692 2729.495151292067 839.92490356601775 1313.8417945005931 637.16984169278294 2422.7699243710376 542.12355728400871 83.900792652741075 1981.0497288559563 256.46214376110584 137.42094127088785 60.265646881889552 2669.6714021726511 103.95028846524656 54.332797907292843 140.95251353643835 75.334024247247726 449.75805803155527 44.495342172682285 18.719602348282933 115.95521115232259
leaf_count=834 6857 49658 3775 3913 85616 5407 65465 113334 4593 2225 64550 6213 33286 8730 121786 12080 1419 71870 9427 1761 2669 162612 1335 1298 1541 1524 16112 1090 762 3676
internal_value=0.000722553 0.000174612 -0.00242543 0.00183496 0.00114778 0.00755932 0.00308226 0.00423105 -0.00348803 -0.00153179 -0.00223007 0.00866287 -0.00128894 0.010783 -0.00167485 0.00302784 0.0122729 -0.00276766 0.0013965 0.0105661 -0.00632885 -0.00661005 0.00563487 0.00643645 -1.43794e-05 -0.00225824 -0.000452491 0.00139563 0.000102067 -0.00170487
internal_weight=27563.9 26298 10088.6 16209.4 15054.8 1154.6 8764.32 7007.38 8640.2 6290.46 6068.54 1265.98 1756.94 855.176 5823.61 1448.39 721.071 4403.82 1419.79 977.346 2816.58 2729.94 700.407 596.456 288.631 299.42 747.987 182.274 86.6458 565.713
internal_count=865418 855069 462743 392326 371333 20993 218942 178799 423377 152391 150166 10349 40143 14062 252741 39366 10149 193656 59085 7974 170636 165281 14713 13378 2375 6931 24653 4865 5355 19788
is_linear=0
shrinkage=0.03


Tree=126
num_leaves=31
num_cat=0
split_feature=18 19 18 1 62 41 8 69 67 41 44 71 53 64 65 67 64 48 51 72 57 70 59 5 63 66 56 41 56 66
split_gain=153.231 126.933 61.6674 46.6307 49.3973 44.2032 39.0445 37.13 67.1397 39.5142 34.1095 29.9372 29.507 29.1717 27.4256 25.4699 21.105 31.2662 20.7553 20.4677 18.7646 17.9803 17.0372 15.7322 15.3294 14.1331 13.031 12.968 11.8459 11.2796
threshold=-0.55123251676559437 -0.35999144613742823 -0.37125366926193232 -0.2345355153083801 -0.80737078189849842 0.68367794156074535 -0.57527998089790333 0.004769885679706932 0.67101830244064342 1.4015597701072695 0.24174228310585025 0.010205611586570741 0.0055633438751101503 -1.1574330925941465 0.0042212110711261639 0.58091515302658092 -0.31865409016609186 0.028080134652554992 0.0004307751805754379 -0.54687568545341481 0.33826300501823431 -0.79300168156623829 5.7000000476837167 0.89258867502212536 0.022126840427517894 0.33443769812583929 0.87336552143096935 3.5175976753234868 -0.38176001608371729 -0.57144761085510243
decision_type=10 10 10 10 2 8 10 2 2 10 2 2 2 2 2 2 2 2 2 2 2 2 2 10 2 2 2 10 2 2
left_child=6 3 5 10 13 -3 12 9 -9 -6 22 27 -1 29 -14 -15 26 -18 -16 -12 24 -21 28 -20 -13 -8 -7 -4 -2 -5
right_child=1 2 11 4 7 16 25 8 -10 -11 19 20 14 15 18 -17 17 -19 23 21 -22 -23 -24 -25 -26 -27 -28 -29 -30 -31
leaf_value=-0.0016364652704935728 0.0046947703691282141 -0.0040121469655011177 -0.0074147377809749108 0.0014161176752538389 -0.0027357107727483993 -0.0028777658133179755 -0.0024447952892610652 0.0062041205988893023 -0.0036459806624742699 0.0021723094864470513 -0.00055141829417159379 0.0035215294589541739 -0.00097588011454523575 0.0067935215166391189 0 -0.0017844197291426258 0.0054235886832471568 -0.00097587889695524403 0.0089058891623495368 0 -0.0036244395284169158 0.0080096962246436285 -0.0032215960349303526 0 -0.0019712339872875093 0.0030855109281079669 0.0019214386420936445 0.00019896527622025449 -0.00094564859805016277 -0.0037643280813307836
leaf_weight=130.54626744426787 217.05326584260911 1475.1771212243475 2678.7610805849545 349.15342388302088 5568.6187709718943 855.94485993031412 586.08204598072916 1164.6570455622859 543.93712953105569 1471.5314862793311 214.05815170146525 520.94065923430026 170.53488407190889 1437.4007570943795 263.33692843746394 97.157508086413145 1271.1766354534775 795.66724364180118 2821.8009944111109 356.66803098749369 1053.0311758099124 1606.7465010834858 424.69703125208616 182.06192683894187 324.94553923932835 162.3656799858436 312.04181276541203 106.49116487894207 244.06726002413779 166.71070811292157
leaf_count=3772 2614 68014 187170 8377 157241 37016 12114 20570 12478 32965 3154 20904 2010 42599 5968 3143 48528 31049 47788 4716 44612 22501 6523 4056 12674 4028 7416 3172 3678 4774
internal_value=0.000642808 -0.000346529 -0.00296473 0.0014483 0.000415192 -0.00036944 0.00551788 -0.000594421 0.00281698 -0.00159403 0.00443687 -0.00522914 0.00668333 0.00411264 0.00724313 0.00579791 0.00152615 0.00313292 0.00782435 0.00613492 -0.00152559 0.00694963 -0.000228187 0.00843521 0.00124016 -0.000249519 -0.00122411 -0.00704634 0.00245835 -0.000991488
internal_weight=27573.4 23256.6 9394.18 13862.5 10799.2 4710.01 4316.73 8748.74 1708.59 7040.15 3063.29 4684.17 3568.28 2050.42 3437.73 1534.56 3234.83 2066.84 3267.2 2177.47 1898.92 1963.41 885.818 3003.86 845.886 748.448 1167.99 2785.25 461.121 515.864
internal_count=865624 785888 460555 325333 282147 192023 79736 223254 33048 190206 43186 268532 63594 58893 59822 45742 124009 79577 57812 30371 78190 27217 12815 51844 33578 16142 44432 190342 6292 13151
is_linear=0
shrinkage=0.03


Tree=127
num_leaves=31
num_cat=0
split_feature=11 44 47 60 43 67 55 60 64 57 51 63 43 41 41 53 48 64 49 59 59 17 9 24 67 72 9 53 20 69
split_gain=134.959 113.792 90.144 84.2908 143.621 119.432 99.4692 80.8921 80.2234 51.6923 50.6333 44.3616 31.7026 28.9533 28.5999 22.3286 20.8273 39.1796 18.1051 12.5077 12.1551 9.42777 6.60822 6.56547 5.38563 4.73607 2.90627 2.35162 2.88167 1.18593
threshold=-0.006941392319276928 0.63869464397430431 0.0040164487436413774 -0.82471337914466847 0.0030366347637027506 0.43903183937072759 0.0022682090057060127 -0.32749381661415095 0.60997986793518078 0.31390610337257391 0.030453734099864963 -0.0022818207507953043 0.0046994367148727187 1.9818947315216067 1.4279816746711733 0.011703545693308117 0.035573117434978492 -2.3588857650756831 0.021210764534771446 3.8999999761581425 6.2999999523162851 -0.39110727608203882 -0.75359585881233204 -5.4999999999999991 0.26157814264297491 2.4000477790832524 -0.70770105719566334 0.014346629846841099 0.22065761685371402 -0.0082904431037604791
decision_type=10 2 2 2 2 2 2 2 2 2 2 2 2 8 8 2 2 2 2 2 2 10 10 2 2 2 10 2 10 2
left_child=1 2 9 4 6 7 -4 -5 -7 15 -6 19 -3 -13 21 26 17 -14 -19 -11 -17 -2 -16 -23 -25 -26 -1 28 29 -24
right_child=14 12 3 5 10 8 -8 -9 -10 11 -12 13 16 -15 22 20 -18 18 -20 -21 -22 23 27 24 25 -27 -28 -29 -30 -31
leaf_value=0.00021749912714605607 0 -0.0013933678825157245 0.00055549714106769936 -0.0012050741747872671 -0.0046535486691733604 -0.003110917172846939 0.015062956419690705 0.006722218056801425 0.0019490088710641866 0.0046542443934342202 0.0042713851949764793 -0.0061626690522860487 -0.00080049501523497986 0.0012085187129224351 0.0023815768448801049 0.0050827381857245146 0 0.0002120543461854851 0.013365090200320057 -0.001233984475916881 -0.00051870827666216019 1.7053974292443416e-05 0 0 -0.0078869683547381931 0 -0.0030943691484989874 0.00016609641428804321 0.00017480267247374509 -0.0032729507538179652
leaf_weight=37.385449876543134 95.387821336276829 86.046803061384708 714.1628483813256 1393.2353211445734 921.26238022604957 6501.2698439862579 984.2493003224954 3276.2216725451872 4215.1935606137849 233.0683240480721 455.99869614187628 3167.6596054052934 129.55275987368077 307.59182469919324 160.40830783639103 749.46243979874998 128.64813006669283 170.19401650130749 778.12384421657771 179.93143834546208 241.1684464532882 25.62120804656297 34.445641417056322 76.096852992195636 1734.5110947159119 36.946415087673813 278.30354448221624 171.30930009298027 72.298144412692636 241.48183562699705
leaf_count=1284 3504 3585 26486 37787 21862 186848 20792 83703 105452 4594 5479 98367 1876 6535 4760 12535 1806 1368 8252 4737 5572 1189 1407 3291 172102 2380 11508 7231 3218 16596
internal_value=0.000514326 0.0012402 0.000659661 0.00165144 0.00581741 0.000642876 0.010613 0.00441112 -0.00109575 -0.00264795 -0.00118815 -0.00427362 0.00855009 -0.00536484 -0.00533915 0.00186831 0.00963551 0.0105968 0.0120998 0.00248944 0.00380124 -0.00683999 0 -0.00722782 -0.00743831 -0.00770169 -0.00244147 -0.0014695 -0.00225142 -0.00297676
internal_weight=27597.2 24948.7 23656.2 18461.6 3075.67 15385.9 1698.41 4669.46 10716.5 5194.57 1377.26 3888.25 1292.57 3475.25 2648.51 1306.32 1206.52 1077.87 948.318 413 990.631 1968.56 679.943 1873.18 1847.55 1771.46 315.689 519.535 348.226 275.927
internal_count=866106 650428 633541 488409 74619 413790 47278 121490 292300 145132 27341 114233 16887 104902 215678 30899 13302 11496 9620 9331 18107 182466 33212 178962 177773 174482 12792 28452 21221 18003
is_linear=0
shrinkage=0.03


Tree=128
num_leaves=31
num_cat=0
split_feature=18 19 8 52 41 47 47 62 60 74 43 43 57 27 69 59 1 59 66 45 62 74 73 55 59 51 56 20 18 52
split_gain=145.359 118.609 63.4693 53.8268 86.6967 54.2353 52.2521 44.7205 49.0878 38.9564 37.9919 34.5952 41.3577 32.4771 31.9424 31.0808 29.7865 28.8003 27.5366 26.4834 26.178 21.9331 23.0414 21.1048 20.8095 20.612 32.7895 19.7576 19.649 18.2533
threshold=-0.4627974927425384 -0.49198624491691584 -0.85877767205238331 0.72651216387748729 0.83039548993110668 0.0064522309694439181 0.006037789164111019 -0.80737078189849842 0.37927569448947912 -0.16672024130821225 0.0053494514431804427 0.0023550209589302544 0.31858325004577642 0.099417626857757582 -0.009948960039764641 1.3000000119209292 -0.36990725994110102 2.6999999284744267 0.049406507983803756 5.5000000000000009 0.87493515014648449 -0.45128397643566126 0.79164141416549694 0.0016798523138277235 5.7000000476837167 0.0013648816966451707 -0.21091198921203611 -1.0000000180025095e-35 -0.4117083996534347 0.98940676450729381
decision_type=10 10 10 2 10 2 2 2 2 2 2 2 2 8 2 2 10 2 2 2 2 2 2 2 2 2 2 8 10 2
left_child=3 7 14 5 6 13 15 23 16 18 11 12 -6 -1 -3 -5 -9 -12 -10 -17 -19 22 -8 -2 -18 26 -16 -11 -4 -23
right_child=1 2 28 4 10 -7 21 8 9 27 17 -13 -14 -15 25 19 24 20 -20 -21 -22 29 -24 -25 -26 -27 -28 -29 -30 -31
leaf_value=-0.00013448908392351035 -0.00018757230962746511 0.0033015856590874909 -0.0005145523064028349 0.0027361043376529408 -0.0012616087029895687 0.00016320848312577894 -0.001635197105564817 0.0031307988598775383 0.0026150140700094103 0.0065827106497539783 -0.00057024392664309614 -0.0020960513741060611 0.0071711045995767513 0.013705379307428224 -0.0023048300038249893 -0.0083722772551857588 -0.00088997893131465575 0.010281117021113831 -0.0041276048315384275 0.00091708650056900206 -0.00049367245539795059 -0.0041004246397467765 0.0059738072034862906 0.0065977721005573845 -0.0055796133794783721 -0.0029190517282641822 0.0051034724625956601 0 -0.0070031291331008466 0.0014550945276763348
leaf_weight=116.34181089419872 389.7805129783228 779.42538232682273 691.87136723054573 45.910832343623042 559.61841652169824 560.09707999322563 183.68745306041092 596.41527735674754 569.64829750778154 1477.9137649741024 179.69932305719703 855.10398533567786 849.72646696772426 632.72195073775947 720.09802732989192 841.92782642971724 3536.9255937598646 1279.3589491080493 597.65976074291393 164.3164995983243 120.46608931478113 415.9915949255228 695.49596021324396 1326.8274819841608 870.4641509396024 3943.112914188765 455.51624657353386 417.09037356078625 2907.008219753392 748.15543948393315
leaf_count=3134 14647 18103 35848 889 13982 9286 3614 7757 10772 26998 4789 21899 23333 3248 34617 24034 85418 17191 16011 2366 2335 13885 18478 27219 17565 162390 13802 8576 200280 22399
internal_value=0.000596334 -0.000826795 -0.00314635 0.0038141 0.00234608 0.0086308 -0.00123715 0.00143935 0.000340214 0.0030938 0.00511093 0.00177317 0.00421202 0.0121223 -0.000997352 -0.00549693 -0.00141843 0.0081749 -0.000859805 -0.0068553 0.00931006 0.00148778 0.00415006 0.00522695 -0.00235144 -0.00194089 0.00105295 0.00532553 -0.00604385 -0.000985352
internal_weight=27528.4 19279.8 9497.03 8248.62 6939.46 1309.16 3095.49 9782.73 8066.12 3062.31 3843.97 2264.45 1409.34 749.064 5898.15 1052.16 5003.81 1579.52 1167.31 1006.24 1399.83 2043.33 879.183 1716.61 4407.39 5118.73 1175.61 1895 3598.88 1164.15
internal_count=864865 680003 465040 184862 169194 15668 85665 214963 173097 62357 83529 59214 37315 6382 228912 27289 110740 24315 26783 26400 19526 58376 22092 41866 102983 210809 48419 35574 236128 36284
is_linear=0
shrinkage=0.03


Tree=129
num_leaves=31
num_cat=0
split_feature=7 67 57 65 49 42 71 50 50 56 58 48 74 46 61 47 46 57 58 1 39 52 56 56 19 69 17 58 10 41
split_gain=128.988 108.945 102.485 102.373 151.597 97.4961 77.2032 85.3133 83.3338 74.6113 73.2786 64.0059 62.9109 68.8188 68.2243 54.0064 32.6293 14.9237 14.5054 12.6762 9.86976 8.04055 5.52057 4.40556 4.10218 1.85912 1.27666 0.718897 0.630934 1.0378
threshold=-0.01701265852898359 0.24340887367725375 0.32912750542163854 0.01776830013841391 0.68995124101638805 0.0095320697873830813 0.03300485014915467 0.014379888772964479 -0.0025012493133544918 -0.20903026312589643 1.2294968366622927 -0.023343019187450405 0.85342490673065197 0.0047124433331191548 0.019599878229200843 0.061026629060506828 0.0030487844487652187 0.34713867306709295 -0.44608558714389795 -0.059699356555938714 -0.011622667312622069 0.76718544960021984 1.4088402390480044 -0.21091198921203611 -1.0548689961433408 -0.0055236935149878255 -0.24722789227962491 0.64286929368972789 -0.38530699908733362 2.1125286817550664
decision_type=10 2 2 2 2 2 2 2 2 2 2 2 2 2 2 2 2 2 2 10 8 2 2 2 10 2 8 2 8 10
left_child=1 10 3 4 5 -3 7 8 -4 -9 17 -8 14 -14 -5 -13 19 -1 26 28 -21 -6 24 -20 -22 -25 -18 -27 29 -2
right_child=16 2 6 12 21 -7 11 9 -10 -11 -12 15 13 -15 -16 -17 18 -19 23 20 22 -23 -24 25 -26 27 -28 -29 -30 -31
leaf_value=0.0023102560938329355 -0.001463792018609379 0 0.0020394664363686706 -0.0020059545001769197 0.00031731316705059948 0.013183437517287127 0.0047546033244265538 0.011575795214101878 -0.0033038085211664981 -0.0021587634697915253 0.012840979029336421 -0.0072010667448675668 -0.0015141500517739336 0.0083594884841978901 0.0059087505740776283 0.0023210370661400186 0 -0.0040265908210957695 0 0.00016336762779373555 0 -0.0050374209488001339 0 0 -0.0089562565095845578 0.0048631175717394563 -0.0030780472512760789 0 0.00059654073964819036 0.00017884618089383819
leaf_weight=154.45325962267816 94.522553033195436 616.72694224165753 4764.3227009801194 5324.8542584343813 135.32477820338681 1713.8228970309719 179.9165139105171 525.67724848492071 4718.4193069930188 290.3862854456529 646.48523709923029 2751.0032050791197 730.33876614458859 1204.0206552790478 674.4356323108077 342.90680531319231 26.120331363286823 173.12531350180507 137.94729841174558 35.42056384915486 11.608286864589898 429.49211596138775 78.139120671898127 26.73581591527909 1305.5790176014416 103.94624916091561 167.37290307274088 35.55868900520727 92.47893700003624 35.9136319514364
leaf_count=2644 7460 21406 157496 149742 2643 31124 1361 12148 163446 7836 3874 53416 20274 21494 5310 4624 1574 3790 9304 2576 856 10875 5843 1629 132509 7027 12408 1974 6622 1680
internal_value=0.000580131 0.00122571 0.000718534 0.002838 0.00722008 0.0102438 -0.000991926 0.000311379 -0.000621497 0.00749719 0.00917433 -0.00466941 0.000869953 0.00496304 -0.000683912 -0.00588614 -0.00571667 -0.00108563 0.000342695 -0.00733577 -0.00812007 -0.00392616 -0.00847625 0.00315365 -0.00881308 0.00423746 -0.00273143 0.0046177 0 -0.000752513
internal_weight=27527.1 25375.7 24401.6 10829 2895.37 2330.55 13572.6 10298.8 9482.74 816.064 974.064 3273.83 7933.65 1934.36 5999.29 3093.91 2151.34 327.579 497.681 1653.66 1430.75 564.817 1395.33 304.188 1317.19 166.241 193.493 139.505 222.915 130.436
internal_count=864965 673503 663195 262868 66048 52530 400327 340926 320942 19984 10308 59401 196820 41768 155052 58040 191462 6434 33916 157546 141784 13518 139208 19934 133365 10630 13982 9001 15762 9140
is_linear=0
shrinkage=0.03


Tree=130
num_leaves=31
num_cat=0
split_feature=18 16 58 65 54 49 69 47 71 55 52 43 56 73 68 56 47 56 44 56 44 56 67 73 45 52 60 63 67 69
split_gain=150.161 121.651 86.0802 96.054 88.3764 77.4401 74.484 69.4672 55.3022 50.8402 45.7758 43.8472 42.4732 41.1274 43.1446 40.0431 51.7499 39.2588 40.6714 39.0558 43.3507 35.9153 41.7678 35.482 34.5624 29.2839 29.1196 29.0773 24.9656 23.9518
threshold=-0.41560058295726771 0.02563515026122332 0.033642398193478591 0.017653307877480987 -0.041770491749048226 0.11457947269082071 -0.015597060322761534 0.04078036546707154 0.010585257317870857 0.0032903066603466873 1.2328249216079714 0.010537511203438045 -0.45121209323406214 1.0488090515136721 1.591891944408417 -0.22311353683471677 0.00063348092953674506 -0.18182785063982007 0.11844342574477197 -0.20772045105695722 0.24602774530649188 -0.47035193443298334 0.43853290379047399 1.1130001544952395 8.5000000000000018 1.2011632323265078 0.1740258410573006 0.0013007347006350758 0.54755604267120372 -0.0034807263873517509
decision_type=10 10 2 2 2 2 2 2 2 2 2 2 2 2 2 2 2 2 2 2 2 2 2 2 2 2 2 2 2 2
left_child=2 8 4 5 11 -4 -5 9 24 -7 17 12 -1 21 15 28 -17 18 -6 20 -10 -3 -23 -8 25 -2 27 -21 -15 -28
right_child=1 13 3 6 10 7 23 -9 19 -11 -12 -13 -14 14 -16 16 -18 -19 -20 26 -22 22 -24 -25 -26 -27 29 -29 -30 -31
leaf_value=0.001443601179600383 -0.0069187644961097175 0.0039251991854744621 0 -0.0070814780482410461 -0.0020018048299436111 2.6350284331105816e-05 0 -0.00091817623814802315 -0.0025766798000664997 0.014882852349184645 -0.0027543391011853593 0.0024871099280370933 -0.0069286651440303455 0.0029886210656749211 -0.003894314379216664 -0.00083036249940367376 0.0087794180018360493 0 0.0089176585648235076 0.001301540722669556 0.0067093466253938553 0.0015386717689596931 -0.0041500795448408999 0.0070173961334843151 0.0019918759389963656 0 0.0044626419547032234 -0.0056273954678570928 -0.0029586481583122482 -0.0024248677901528427
leaf_weight=469.81617985945195 3839.0015606791712 814.96744045428932 604.15684702992439 278.9608366433531 123.34036494139582 276.74257057905197 1300.8025914020836 239.72893997887149 345.68984784465283 1626.2414282746613 382.69120535161346 593.9568185377866 1508.6053815344349 956.49540889915079 207.98837780253962 481.33707381924614 1665.0833107656799 850.34517422365025 1496.0100321602076 434.99692549556494 646.87288547633216 1617.512030787766 2133.7967926403508 790.61813117517158 236.57018155744299 582.05936555145308 492.14261135226116 1575.218459402211 612.64647776866332 348.82913860213012
leaf_count=10802 240630 18901 7720 5593 2320 11522 44446 4645 9405 21408 9577 8057 53342 24225 4536 9400 30713 24807 37672 11305 19749 38146 59901 18368 8745 31247 15620 56573 15111 10724
internal_value=0.000776667 -0.000954551 0.00351102 0.00612613 0.000684708 0.00950944 0.00112741 0.011725 -0.00340866 0.0133022 0.00404275 -0.00299317 -0.00492932 0.00152243 0.00359376 0.00449627 0.00676132 0.00548343 0.00766835 -0.000524009 0.00349446 -0.000377161 -0.00173413 0.00349317 -0.00544949 -0.00607056 -0.0023251 -0.00404791 0.000367777 0.00154312
internal_weight=27533.2 16991.2 10542 5117.25 5424.77 2746.87 2370.38 2142.71 8501.38 1902.98 2852.39 2572.38 1978.42 8489.83 3923.55 3715.56 2146.42 2469.7 1619.35 3843.75 992.563 4566.28 3751.31 2091.42 4657.63 4421.06 2851.19 2010.22 1569.14 840.972
internal_count=865210 604931 260279 113702 146577 45295 68407 37575 403998 32930 74376 72201 64144 200933 83985 79449 40113 64799 39992 123376 29154 116948 98047 62814 280622 271877 94222 67878 39336 26344
is_linear=0
shrinkage=0.03


Tree=131
num_leaves=31
num_cat=0
split_feature=18 19 67 64 64 55 51 69 67 67 58 54 59 68 58 44 63 61 49 5 53 61 62 51 42 56 46 1 46 53
split_gain=123.241 115.718 78.4934 53.725 68.4221 53.1197 76.7296 43.3049 64.547 63.1589 39.6297 36.4183 36.5488 22.6773 22.3138 19.073 19.9383 20.6504 18.9465 18.5236 18.3492 17.3072 14.953 13.1917 6.22121 5.87384 3.37665 3.28207 1.59149 1.27946
threshold=-0.60129439830780018 -0.30443960428237909 0.24340887367725375 0.38222071528434759 0.99066543579101574 0.18150694668293002 0.015323453582823278 0.0065979391802102336 0.67101830244064342 0.52144229412078869 -0.44608558714389795 -0.03228980861604213 2.6999999284744267 2.0130642056465153 2.5794296264648442 0.15459298342466357 0.035037972033023841 0.014111662749201061 0.021210764534771446 0.9600072205066682 0.027021207846701149 0.0033051989739760761 -1.2118499279022215 0.037742983549833305 0.01573086436837912 -0.37237289547920221 0.0087135205976665037 0.11403340101242067 0.0011371174477972092 0.03822505101561547
decision_type=10 10 2 2 2 2 2 2 2 2 2 2 2 2 2 2 2 2 2 10 2 2 2 2 2 2 2 8 2 2
left_child=15 5 23 20 10 6 7 9 -9 -2 -5 12 -8 -6 25 29 17 18 -17 -20 22 -13 -4 28 -22 -7 -18 -25 -3 -1
right_child=1 2 3 4 13 14 11 8 -10 -11 -12 21 -14 -15 -16 16 26 -19 19 -21 24 -23 -24 27 -26 -27 -28 -29 -30 -31
leaf_value=-0.0016773215895828206 0.001417220650281248 0.00047115666518533262 0 -0.001377964765888393 -0.0057253945648506974 0 -0.0010850339162544478 0.0077104483893875109 -0.001483970811106377 -0.0033274718351146227 0.0061740880032599872 0.0029447893442888975 0.0076522554335151606 0.0021207175572444891 0.0015016106900148012 -0.00069437606449037389 -0.0019640497196606391 -0.00097320866021945293 0.0092975980612439203 -0.00013670036542055811 0.0023487452896181768 -0.0029415268121933029 -0.0060226800185978558 0 -0.0015841363170304697 -0.0081630748277356432 0.0011574787485218088 0.0072861766207481804 -0.0016575272943684736 0.00019866845958694927
leaf_weight=64.310737748630345 6307.8306680005044 41.355937315151095 345.43325068056583 715.78790900018066 1177.4250725717284 66.926862390711904 299.98859391873702 1121.2489934712648 876.05254760524258 3497.4952756538987 1016.4469363237731 333.13756885472685 2637.1788644595072 77.955440602265298 85.330295093357563 70.409423548728228 117.18864987511188 71.473818950355053 1893.4272322850302 120.35025136824697 171.34597128257155 465.91539171244949 4738.3625632510521 132.53720368817449 257.84438326768577 291.26343442872167 64.558306399732828 320.09523073025048 64.850642812438309 60.641476757824421
leaf_count=1768 186901 1142 20672 36074 55896 938 7341 15728 18633 93295 47805 6704 43026 2729 541 701 2113 690 32129 2839 1891 8150 259702 1378 5080 4817 870 2194 2356 464
internal_value=0.000599927 -7.13246e-05 -0.00270684 -0.00352338 -0.000112075 0.00144118 0.00182406 0.000528763 0.0040678 -0.0003254 0.0033094 0.00529968 0.00664456 -0.00460199 -0.00551308 0.00638754 0.00696317 0.0076501 0.008193 0.00869939 -0.0051591 -6.76273e-05 -0.00562304 0.00522896 8.21058e-05 -0.00743499 -0.000379503 0.00652699 -0.000628815 -0.000856304
internal_weight=27504.2 25041.8 9059.44 8500.6 2987.62 15982.4 15538.8 11802.6 1997.3 9805.33 1732.23 3736.22 2937.17 1255.38 443.521 2462.36 2337.41 2155.66 2084.19 2013.78 5512.99 799.053 5083.8 558.839 429.19 358.19 181.747 452.632 106.207 124.952
internal_count=864567 822993 436919 429849 142504 386074 379778 314557 34361 280196 83879 65221 50367 58625 6296 41574 39342 36359 35669 34968 287345 14854 280374 7070 6971 5755 2983 3572 3498 2232
is_linear=0
shrinkage=0.03


Tree=132
num_leaves=31
num_cat=0
split_feature=18 19 69 64 47 74 70 65 50 58 69 44 57 72 56 56 42 62 65 44 60 52 53 51 8 59 60 56 41 53
split_gain=120.945 114.217 70.4537 48.3583 51.8225 47.5728 70.3729 56.1213 63.9249 68.7532 61.7263 41.1944 38.8017 37.3391 36.6181 36.6174 32.2631 29.6479 28.6095 26.5699 22.5273 20.9335 18.5423 16.6016 16.0495 8.85304 6.44519 6.0941 5.42451 0.996553
threshold=-0.60129439830780018 -0.31402087211608881 -0.030383523553609845 0.38222071528434759 0.041108338162302978 1.7524296045303347 0.81280142068862926 0.023146951571106914 -0.0036835670471191402 0.14670863002538684 0.0069483697880059489 0.34351679682731634 0.22530420124530795 -0.31197409331798548 -0.39770419895648951 -0.21570112556219098 0.0086542167700827139 -1.1802505254745481 0.0042212110711261639 0.15459298342466357 -0.37094423174858088 1.3695558309555056 0.0055633438751101503 0.00038277513522189116 -0.47450116276741022 3.5000000000000004 1.438723146915436 -0.24311117827892301 0.88918143510818493 0.03822505101561547
decision_type=8 10 2 2 2 2 2 2 2 2 2 2 2 2 2 2 2 2 2 2 2 2 2 2 10 2 2 2 10 2
left_child=18 5 28 13 16 7 15 8 9 -2 14 -10 -12 25 -9 27 -5 -15 -1 29 -6 -17 -21 -24 -25 -4 -8 -7 -3 -20
right_child=1 2 3 4 20 6 26 10 11 -11 12 -13 -14 17 -16 21 -18 -19 19 22 -22 -23 23 24 -26 -27 -28 -29 -30 -31
leaf_value=-0.00163679366014909 0 0 -0.0017756122288069855 -0.002761005534221846 0.00090118678958070551 0.0020658044957825019 -0.0039507136436729862 0.00090656711214921965 0.0018093115131770092 0.007818939822676332 -0.0033908806697967248 -0.0036436680450940479 0.0058625893416292194 0.00052664970916846301 -0.0041918660561861771 0 0.004606498003587354 -0.0065155331320365028 -0.0017891910143842534 -0.00077378652720280848 -0.0056857662747504725 0.01440191365653784 0 0.0096528233670541506 0 0.0021645772856521651 0.000720251765399225 -0.002036677927219014 0.0065017686764573014 0
leaf_weight=128.3810603460297 1456.251981775742 153.19325790368021 497.73036018805578 304.24722992815077 405.33743127994239 198.27920871879905 210.83171393023804 1510.0305122546852 3359.6919455006719 2359.9818617859855 143.71629574429244 1340.8574020946398 1049.5634168502875 438.7867813333869 3475.9960882049054 132.56978646712378 1467.2758385050111 4281.5464013000019 64.435019735246897 64.727015604265034 965.56982428021729 354.3272510888055 150.09609774686396 1799.102072016336 167.04703232180327 532.93974938848987 73.978199703618884 103.83745543658733 282.39158282056451 59.313648700714111
leaf_count=1689 38684 1474 29462 23128 15875 4282 5122 35762 82665 51031 3219 37359 15149 23339 93551 2522 61958 217070 1774 1760 46459 3753 3568 28644 3036 26520 1482 2372 2024 439
internal_value=0.000669603 0 -0.00255724 -0.0032545 -0.000103032 0.00153866 0.00655678 0.00094858 0.00247956 0.00511597 -0.00114427 0 0.00389876 -0.00478253 -0.00265121 0.00986343 0.00287988 -0.0058157 0.00643399 0.00720217 -0.00385749 0.0126674 0.00792753 0.00840535 0.00900047 0.000107336 -0.00266929 0 0.00548935 -0.00120784
internal_weight=27532 25098.9 9329.02 8893.43 3142.43 15769.9 1073.82 14696.1 8516.78 3816.23 6179.31 4700.55 1193.28 5751 4986.03 789.014 1771.52 4720.33 2433.1 2304.72 1370.91 486.897 2180.97 2116.25 1966.15 1030.67 284.81 302.117 435.585 123.749
internal_count=865172 824262 447309 443811 147420 376953 19533 357420 209739 89715 147681 120024 18368 296391 129313 12929 85086 240409 40910 39221 62334 6275 37008 35248 31680 55982 6604 6654 3498 2213
is_linear=0
shrinkage=0.03


Tree=133
num_leaves=31
num_cat=0
split_feature=7 65 73 51 57 44 64 49 42 56 51 56 69 63 64 60 74 47 35 62 46 57 61 45 0 54 64 47 47 56
split_gain=112.255 95.1162 99.1164 92.2049 74.5017 156.229 174.17 116.754 79.1668 74.2709 73.7797 118.51 101.716 65.8486 65.3635 50.3389 71.3088 61.5332 45.371 38.883 30.3889 29.6746 28.0745 22.9218 15.7145 7.90319 8.01343 5.74468 4.75654 4.64612
threshold=-0.017233121208846566 0.01776830013841391 1.0922200083732607 0.00055694798356853436 0.32912750542163854 0.41967740654945379 0.54614606499671947 0.68995124101638805 0.0095803169533610361 -0.45121209323406214 0.00154599582310766 -0.21091198921203611 -0.0022916257148608561 0.0079548712819814699 2.0490101575851445 0.96515327692031871 0.020669354125857357 0.055991992354393012 -0.092023670673370347 0.62374606728553783 0.0028395652770996098 0.34962199628353124 0.0013616858050227167 3.5000000000000004 -0.023677647113800045 0.753556787967682 0.37190929055213934 0.020149243064224723 0.01942504104226828 1.4088402390480044
decision_type=10 2 2 2 2 2 2 2 2 2 2 2 2 2 2 2 2 2 8 2 2 2 2 2 10 2 2 2 2 2
left_child=1 3 9 28 7 6 -6 8 -5 19 11 23 18 -7 -13 17 -17 -11 -12 22 24 -14 -3 -4 -2 26 -22 -21 -1 -26
right_child=20 2 10 4 5 13 -8 -9 -10 15 12 14 21 -15 -16 16 -18 -19 -20 27 25 -23 -24 -25 29 -27 -28 -29 -30 -31
leaf_value=0 0 -0.0018805886089351981 0.0032800300550168862 0.00091163323543855224 -0.0069562589106253563 0.010102382639542353 0.0062092632232754732 -0.0029083396858876607 0.013781691958817706 -0.0049061223921777241 -0.0019388976614489553 0.015699211266961995 -0.0049739854198726828 0 -0.0014054822471284225 -0.0037129011116066877 0.0058419175712535933 0.0031929420361577966 0.0078520114842944334 0.00078973588429256144 -0.00070419396369960242 0.00063300342703678531 0.0061287380052978098 -0.0034402764884288325 -0.0081439775140261361 -0.0018983710135010972 0.0041502469566925271 -0.0032989078579391787 -0.0060123222062761729 0
leaf_weight=150.9078983492218 308.80144968023524 183.76554146409035 297.18538513220847 703.93297612667084 1976.1280455300584 1539.3490106929094 940.97497927537188 435.7590855974704 1561.8634351221845 6425.8526144162752 283.87128043128178 655.23299769964069 1558.2676840038039 862.6813695654273 113.4088671784848 906.09270884329453 903.57481830520555 568.92177592404187 1216.8014894095249 70.920180425979197 185.54618096491322 1130.773995377589 1422.3443905101158 548.46702367346734 1260.9100915091112 212.61294214753434 169.17689087009057 492.79006639821455 368.76046742871404 84.794532426167279
leaf_count=4805 24065 7872 10173 22349 64437 19385 19216 9775 27116 205253 3864 11346 37769 27945 2190 28982 23586 10355 24719 1926 12950 30543 33486 14484 129084 14090 12004 14857 10732 6244
internal_value=0.000675398 0.00128442 -3.35042e-05 0.00376544 0.0046475 0.00214945 -0.00233449 0.00836843 0.0107794 -0.00170955 0.00297222 0.00755897 0.000523484 0.00716226 0.0133798 -0.00293271 0.00115986 -0.00403829 0.00582829 0.00276102 -0.0051155 -0.00279253 0.00484099 -0.000514415 -0.00676038 0.000320132 0.00233349 -0.00237306 -0.00515751 -0.007811
internal_weight=27540.5 25318.6 16778.3 8540.36 8020.69 5319.13 2917.1 2701.56 2265.8 10974.3 5804.01 1614.29 4189.71 2402.03 768.642 8804.44 1809.67 6994.77 1500.67 2169.82 2221.84 2689.04 1606.11 845.652 1654.51 567.336 354.723 563.71 519.668 1345.7
internal_count=865602 667165 461405 205760 190223 130983 83653 59240 49465 326317 135088 38193 96895 47330 13536 268176 52568 215608 28583 58141 198437 68312 41358 24657 159393 39044 24954 16783 15537 135328
is_linear=0
shrinkage=0.03


Tree=134
num_leaves=31
num_cat=0
split_feature=11 58 57 44 53 62 71 71 57 72 57 74 51 68 65 63 41 42 19 46 59 20 72 62 63 14 53 3 51 1
split_gain=109.736 92.3714 116.729 103.429 134.672 101.212 100.124 87.998 99.4584 77.8441 75.0343 72.3946 56.7392 61.3188 62.6351 48.3184 39.3651 36.7803 31.8744 20.7894 20.1984 12.2864 11.9927 14.7796 11.5062 9.68783 6.85671 4.48154 4.37086 3.53211
threshold=-0.0067668531555682412 1.1352899074554446 0.32912750542163854 0.24174228310585025 0.022667672485113147 -0.22009134292602536 0.033868191763758666 0.014174662064760925 0.37284874916076666 -0.47603972256183619 0.3239294439554215 -0.45128397643566126 0.0031362909357994799 -1.5563655495643614 0.030707207508385185 0.027391446754336361 1.442602336406708 0.13478019088506701 -0.25819087028503412 0.001919017522595823 13.09999990463257 0.20778945088386538 2.750901579856873 1.6007809638977053 -0.0018343259580433367 -2.3384346961975093 0.01284773461520672 0.0029290616512298588 0.0004532066523097456 0.23747512698173526
decision_type=10 2 2 2 2 2 2 2 2 2 2 2 2 2 2 2 8 2 8 2 2 10 2 2 2 10 2 10 2 10
left_child=1 2 3 15 10 12 7 8 -4 25 -5 -6 -3 24 -15 19 21 -17 -9 -1 -11 27 23 29 -14 -8 -18 -2 -28 -7
right_child=16 5 6 4 11 22 9 18 -10 20 -12 -13 13 14 -16 17 26 -19 -20 -21 -22 -23 -24 -25 -26 -27 28 -29 -30 -31
leaf_value=-0.0015645458201272865 -0.008172251632692926 -0.0025874323329219432 -0.0049825905985482234 -0.00030820065768796345 0.015573106091464683 -0.0059485494806541554 0.005148618685171481 0.0062954003562819176 0.0021252930121557156 -0.0090241554470555704 0.0088230865699457234 0.0034529491605241932 0.0017629083679217097 0.011165852087781316 -0.0027618266323412182 -0.0058391941501625645 -0.0010454732586269977 0.0024960856096098937 -0.00025668316163122794 0.0036553060658814649 0.00048349233055444501 -0.00077238921899530199 0.0016047705777094926 0.00091500522548199265 -0.0038492845121497459 -0.00073043531004960359 -0.00037088956801647463 0 0.0037349164755455947 0
leaf_weight=651.18915235064924 1250.3250943752937 184.12400189600885 3500.2063070354052 4020.2030401737429 826.86102575063705 476.63851212337613 172.2637654831633 1605.8685645884834 2719.5404688743874 1944.1197974923998 488.73028742475435 1366.9802249316126 155.88374154828489 2356.4256328609772 92.898617411032319 1528.0195923042484 347.33606696128845 257.27467689663172 799.07932931836694 1307.4254998713732 101.50973293744028 490.39987080544233 90.646892178338021 179.8999949907884 156.69641635194421 110.03360003605485 52.011570676229894 43.43708663713187 213.82029292359948 36.91961738653481
leaf_count=21897 131932 7148 128862 123258 6145 13772 1589 31823 97972 39721 13830 24390 1361 44282 2375 32483 20053 1638 27013 31447 1355 35847 1334 4137 4108 989 2079 3474 8221 540
internal_value=0.000692451 0.00131588 0.000487666 0.00270349 0.00482321 0.00537705 -0.00162537 0 -0.00190319 -0.00652409 0.0014036 0.010175 0.00769444 0.00876341 0.0101572 -0.00114191 -0.00483825 -0.00422343 0.00434563 0.00183258 -0.00843221 -0.00669544 -0.00270199 -0.00395279 -0.0013187 0.00347137 0.000876289 -0.00793221 0.00282219 -0.00556416
internal_weight=27526.8 25129.4 21399.3 10446.7 6702.77 3730.13 10952.6 8624.69 6219.75 2327.93 4508.93 2193.84 2946.03 2761.9 2449.32 3743.91 2397.33 1785.29 2404.95 1958.61 2045.63 1784.16 784.105 693.458 312.58 282.297 613.168 1293.76 265.832 513.558
internal_count=865075 663469 584412 255088 167623 79057 329324 285670 226834 43654 137088 30535 59274 52126 46657 87465 201606 34121 58836 53344 41076 171253 19783 18449 5469 2578 30353 135406 10300 14312
is_linear=0
shrinkage=0.03


Tree=135
num_leaves=31
num_cat=0
split_feature=11 8 61 60 24 60 68 46 69 63 55 52 73 70 59 69 47 58 68 66 68 64 43 67 58 53 17 69 59 72
split_gain=117.22 98.8631 60.417 54.8858 46.3955 46.2887 44.2241 45.2009 35.4526 34.44 34.0345 44.204 36.4396 33.3205 44.1522 30.8356 29.5357 32.2108 32.4001 27.9763 24.28 23.5754 34.0341 28.7099 21.761 21.1918 19.0599 15.9278 15.0932 14.9313
threshold=-0.018780004233121868 -0.82365071773529042 0.01172779453918338 -0.82471337914466847 -2.4999999999999996 0.3409342914819718 -0.26514974236488337 0.0067506786435842523 0.0065979391802102336 0.036817234009504325 0.0072344441432505855 0.80540397763252269 0.90803089737892162 0.41783195734024053 3.8999999761581425 0.015392494387924673 0.013350283261388542 -0.024578828364610669 -1.6706540584564207 -0.5214439034461974 0.88576257228851329 -0.048382654786109917 0.0058548089582473048 0.613153636455536 -0.66494205594062794 0.011439909692853691 -0.26826865971088404 -0.018147548660635945 4.7000000476837167 -0.27547718584537501
decision_type=10 10 2 2 2 2 2 2 2 2 2 2 2 2 2 2 2 2 2 2 2 2 2 2 2 2 8 2 2 2
left_child=2 3 9 21 10 13 7 -7 -8 16 11 24 25 19 -15 -4 17 -1 -19 -5 -18 22 29 -23 -3 -12 -6 -22 -24 -2
right_child=1 4 15 5 26 6 8 -9 -10 -11 12 -13 -14 14 -16 -17 20 18 -20 -21 27 23 28 -25 -26 -27 -28 -29 -30 -31
leaf_value=0.00089557163200049735 0.0018930249053281624 -0.00076232803557866582 -0.0049642029105231873 0.00065899751272619151 -0.00035138182573676559 0.0069567560097186154 -0.0025657055972083394 -0.0013776972638929698 0.0033801758975230052 -0.0016627874706184929 0.00038310495431963893 -0.0008268068075280823 0.0015086847334243084 0.0039971456638698026 -0.0029899129730518881 0.0028481155790518655 -0.00031104483978749569 -9.2730377503977773e-05 0.011981808615172829 -0.0043556458938833892 -0.00042908550710067564 0.0086602423113341324 0.0064320257616112863 -0.0014476830593141313 0.0083580560160438286 -0.0078962169664293022 -0.0062237340557388214 0.006528145336036224 -0.00064346529871522602 -0.0033618743134065463
leaf_weight=545.75321547314525 297.94828233541921 139.53629302093759 531.20968051254749 1093.1743846521713 785.21910997480154 1633.0300314710476 1916.0552705749869 533.34347003232688 930.24252976849675 262.14961209520698 216.60720543935895 2224.2674848209135 514.75820640334859 1410.3390208645724 913.70880841324106 331.63371383585036 1089.4108542352915 161.8026026096195 1272.9570866450667 3068.5292632966302 208.87942625209689 929.30924433935434 584.07903045834973 94.149452690035105 392.4756313697435 729.05189430247992 2922.2150522004813 788.76005924493074 155.07257311465219 795.73902857722715
leaf_count=6744 10047 4901 7129 33942 38421 49985 61013 10000 19097 4022 5950 77056 10423 43351 23952 2893 15830 1690 11813 105303 2369 24706 11644 2231 10752 12481 213656 9612 3796 30166
internal_value=0.00056397 -0.000396868 0.00441194 0.00106972 -0.00299503 5.55577e-05 0.00213162 0.00491879 -0.000318087 0.00576966 -0.000610595 0.00126506 -0.00372338 -0.00154376 0.00110092 -0.00179811 0.00644393 0.00891687 0.010793 -0.00304467 0.00271145 0.00444649 0.00145991 0.00736352 0.00646487 -0.00631568 -0.00524086 0.00521423 0.00504483 -0.00159729
internal_weight=27471.4 22278.9 5192.56 14354.7 7924.13 11498.4 5012.67 2166.37 2846.3 4329.71 4216.7 2756.28 1460.42 6485.75 2324.05 862.843 4067.56 1980.51 1434.76 4161.7 2087.05 2856.3 1832.84 1023.46 532.012 945.659 3707.43 997.639 739.152 1093.69
internal_count=864975 802873 62102 429233 373640 346643 140095 59985 80110 52080 121563 92709 28854 206548 67303 10022 48058 20247 13503 139245 27811 82590 55653 26937 15653 18431 252077 11981 15440 40213
is_linear=0
shrinkage=0.03


Tree=136
num_leaves=31
num_cat=0
split_feature=11 67 53 71 52 55 36 52 67 51 58 61 55 41 0 57 16 14 67 71 12 34 20 70 3 36 73 3 0 61
split_gain=103.999 87.8286 82.5433 115.339 123.872 120.393 86.2483 70.6957 66.2394 56.8242 56.1762 31.7135 30.9125 30.1984 17.8268 13.3205 11.3759 11.3276 6.30861 4.93133 4.68959 4.04345 3.85677 2.81041 1.86047 1.54323 0.811911 0.622874 0.693924 0.47629
threshold=-0.0067668531555682412 0.24340887367725375 0.072124548256397261 0.030219870619475845 0.80540397763252269 0.0039879661053419122 -0.13555256277322766 1.0260126590728762 0.65717908740043651 0.015465739648789169 1.2294968366622927 0.001939211681019515 0.21083009243011477 1.3530952334403994 -0.038895785808563225 0.34713867306709295 -0.18982808291912076 -2.5641797780990596 0.24340887367725375 0.0042125303298234948 -14.281203746795653 0.0088568329811096209 0.38955637812614446 0.73086711764335643 -0.0013853237032890318 -0.0023360160412266846 1.5611832737922671 0.00064247995032928895 0.1335641145706177 0.0024973293766379361
decision_type=10 2 2 2 2 2 10 2 2 2 2 2 2 8 8 2 10 10 2 2 10 8 10 2 10 8 2 10 10 2
left_child=1 10 3 4 5 -3 11 -6 12 -8 15 -5 14 16 -4 -1 -2 -14 -18 24 22 27 -20 -23 -15 26 -26 28 -21 -22
right_child=13 2 8 6 7 -7 9 -9 -10 -11 -12 -13 17 19 -16 -17 18 -19 20 21 29 23 -24 -25 25 -27 -28 -29 -30 -31
leaf_value=0.0023315958061693068 0.00012177997201636138 0 0.0014655019502556401 -0.00058423003904993444 -0.0015685151296059127 0.013055244450414167 -0.0026971907688307152 0.0022674884558911935 -0.0034830591836755883 0.0060983548013178214 0.011605945726782784 -0.008438941336031805 0.0027810180218256781 0.00023664330855011328 0.012829347336359667 -0.003703706225328941 0 -0.0028998347850486407 -0.0078422779368731519 -0.0014624791827627472 -0.00077060024064488062 0.0036301071650475191 0 0 -0.0027926863774375729 0 0 0.00013653521468021704 0 0.00037795797729355245
leaf_weight=130.90622796490788 114.7529862318188 1140.6560986647382 375.94905310869217 773.88190916832536 8083.7317142207175 982.13196235103533 1032.1843856312335 8171.5825694920495 166.71155556291342 661.58825496444479 644.67615751549602 1935.0227572610602 118.86435131728649 45.57469275360927 606.36519531160593 169.76933875400573 35.765070767141879 143.17531703412533 1374.8066890239716 100.37976937461644 88.870113424956799 184.3808430894278 30.718028988689184 70.633505353704095 179.53877054527402 24.119004238396883 17.596198123879731 36.13898146012798 23.278761334717274 52.84787280112505
leaf_count=2309 5344 45186 2662 14009 272155 24729 21925 221624 3538 10776 3785 31609 1017 2634 3525 3800 1181 1203 146160 5451 8098 8357 1470 3211 12087 1038 621 1859 426 3778
internal_value=0.000665986 0.00127141 0.000810792 0.000288157 0.00135875 0.00741638 -0.00380243 0.000352067 0.00680847 0.0012085 0.00849305 -0.00672917 0.00896241 -0.00473596 0.0106439 -0.000886265 -0.00645959 0 -0.00699541 0.000219952 -0.00725011 0.00179851 -0.00766083 0.00293169 -0.00141543 -0.00209981 -0.00256009 -0.000406442 -0.0010284 0
internal_weight=27516.6 25137.2 24191.8 22780.8 18378.1 2122.79 4402.68 16255.3 1411.07 1693.77 945.352 2708.9 1244.35 2379.4 982.314 300.676 1697.76 262.04 1583.01 681.641 1547.24 414.812 1405.52 255.014 266.829 221.254 197.135 159.798 123.659 141.718
internal_count=865567 663852 653958 642013 563694 69915 78319 493779 11945 32701 9894 45618 8407 201715 6187 6109 166031 2220 160687 35684 159506 19304 147630 11568 16380 13746 12708 7736 5877 11876
is_linear=0
shrinkage=0.03


Tree=137
num_leaves=31
num_cat=0
split_feature=18 19 18 41 52 47 18 48 58 43 43 67 71 67 67 69 71 57 73 41 43 55 71 52 68 70 18 42 42 54
split_gain=113.95 116.581 54.7238 51.5355 74.3662 59.7413 41.7576 36.1234 33.312 30.0981 32.4234 30.0758 36.0679 28.5484 28.3172 29.1227 25.1841 25.0931 23.8711 23.5017 20.0272 17.1458 15.7144 15.0319 18.6477 14.7121 13.9196 12.9735 12.3066 13.7521
threshold=-0.46512320637702936 -0.25007343292236323 -0.10348687320947646 0.83843314647674572 0.72651216387748729 0.0064522309694439181 -0.32432997226715082 0.0050933775492012509 0.033642398193478591 0.0053494514431804427 0.0023550209589302544 0.43903183937072759 0.01001398963853717 0.24340887367725375 0.44939805567264562 -0.015597060322761534 0.29352919757366186 0.29879675805568701 1.0466037988662722 1.6586660742759707 0.0011305822990834715 0.05191656947135926 0.036357626318931587 0.98168104887008678 1.591891944408417 0.65043675899505626 -0.40594917535781855 0.0055422603618353614 0.038664657622575767 -0.91814106702804554
decision_type=8 10 10 8 2 2 10 2 2 2 2 2 2 2 2 2 2 2 2 8 2 2 2 2 2 2 10 2 2 2
left_child=3 2 6 4 5 27 8 28 20 10 17 12 -8 -3 15 -9 -10 -5 -13 26 -2 -11 -19 -4 -25 -16 -15 -1 29 -6
right_child=1 13 23 9 7 -7 11 14 16 21 -12 18 -14 19 25 -17 -18 22 -20 -21 -22 -23 -24 24 -26 -27 -28 -29 -30 -31
leaf_value=0 0.0027867247698897236 0.0018587147870211056 0.00061126400078510574 -0.00090538094868029427 0.00020861947089782069 -0.0012676203379905508 -0.002961043815990863 -0.0018118633359201365 0.0056771082521861029 0.0028686541781896787 -0.0014873421417442077 -0.0047308412563006174 0.0029721477057227403 -0.0013557667378751017 -0.0040066564501990663 0.0054124765734207313 -0.0021156041302320058 0.0071752156744260475 -0.00037294373621371785 0 -0.0020600217776149976 0.01137754341989977 -0.00071934794167199305 0.0061855860785044285 -0.001263257371613467 0.0012232007217465167 -0.006905743601917278 0.011337000435350564 0.0004855255559833434 -0.0082891384424530045
leaf_weight=124.6965509513393 680.09592402214184 279.43793796189129 1150.7684305659495 342.55162829719484 99.251868503168225 429.90243866434321 982.08086524019018 411.27442750893533 1634.6941638840362 956.91142136603594 845.06767810508609 2421.4932871032506 1906.4921180377714 958.6098060994409 848.83066207496449 842.32012660428882 121.21228395495564 1033.7260015076026 2262.1221099337563 668.77539751958102 1645.4144477210939 762.61021351441741 89.28959924634546 1733.0326575054787 102.56143890321255 353.12084441911429 2814.5268221818842 481.21666626445949 77.508267778903246 428.51927293464541
leaf_count=1367 20180 4273 28794 8414 3172 6853 40883 5242 42272 18468 21536 80625 41922 52118 27538 27969 1972 27841 61662 26758 39857 6105 1799 35136 2218 9724 205597 3781 890 10272
internal_value=0.000647841 -0.000602359 0.000729648 0.00352338 0.000877426 0.0063621 -0.000223279 -0.00152712 0.00204602 0.00575306 0.00246119 -0.00153456 0.000727133 -0.00446446 0.000322583 0.00303044 0.00465651 0.00468978 -0.00292291 -0.00507076 -0.000294105 0.00849047 0.00633445 0.00403299 0.00545961 -0.00238595 -0.00588954 0.0101724 -0.00605387 -0.00707512
internal_weight=27488.1 19361.3 14640 8126.8 4096.64 1035.82 11653.6 3060.83 4081.42 4030.16 2310.63 7572.19 2888.57 4721.35 2455.55 1253.59 1755.91 1465.57 4683.62 4441.91 2325.51 1719.52 1123.02 2986.36 1835.59 1201.95 3773.14 605.913 605.279 527.771
internal_count=865238 684267 395521 180971 96808 12001 329373 84807 104281 84163 59590 225092 82805 288746 70473 33211 44244 38054 142287 284473 60037 24573 29640 66148 37354 37262 257715 5148 14334 13444
is_linear=0
shrinkage=0.03


Tree=138
num_leaves=31
num_cat=0
split_feature=18 18 58 65 51 49 54 57 43 8 73 60 73 19 61 73 49 57 72 56 56 73 52 57 55 73 23 16 70 56
split_gain=116.307 107.434 75.5262 71.6728 69.1869 96.7502 62.6617 58.2632 55.4214 53.5608 45.0121 43.1074 42.2711 41.3994 40.688 38.7323 37.559 35.2833 35.0639 27.0912 26.3692 31.4821 28.6892 23.7405 21.1978 19.9213 18.3326 16.9551 15.1767 15.0196
threshold=-0.41766856610774988 -0.10348687320947646 0.033642398193478591 0.017653307877480987 0.0031362909357994799 0.11457947269082071 -0.041770491749048226 0.4425522387027741 0.0081161865964531916 -0.82365071773529042 0.96384084224700939 -0.82471337914466847 0.84045875072479259 -1.1747605204582212 0.0048790709115564832 1.0922200083732607 0.89108911156654369 0.28482079505920416 -0.47603972256183619 -0.024842012673616406 -0.13787877559661862 1.0053471326828005 1.7018284797668459 0.30304718017578131 0.0036590589443221693 0.83594885468482982 -0.89103615283966053 -0.14586906880140302 -0.71810033917427052 0.019682383164763454
decision_type=10 10 2 2 2 2 2 2 2 10 2 2 2 10 2 2 2 2 2 2 2 2 2 2 2 2 10 10 2 2
left_child=2 9 6 4 -4 25 8 15 18 11 12 24 -8 -11 -12 28 -7 -16 -1 -14 22 -22 -13 -17 -2 -6 -3 -15 -5 -20
right_child=1 26 3 7 5 16 10 -9 -10 13 14 20 19 27 17 23 -18 -19 29 -21 21 -23 -24 -25 -26 -27 -28 -29 -30 -31
leaf_value=0.0011382431709468981 -0.00033343521496589419 0.004594476319910795 -0.001732686696752808 -0.0034818817489263064 0.0027969746852944239 0.013758983915856308 -0.00040818506248728058 -0.006205639512578384 0.0027792636299820675 0.0013195820720742588 -0.0032685760436284303 -0.0037312523150010218 0.010865479822242268 -9.1558325034115027e-05 -0.0027723030412725017 -0.0013834929315421514 0 0.0070265268827017138 -0.0076849035580755795 -0.00067447429210632068 -0.0025798558525890231 0.0027021969550497056 0.0031381025445329802 0.0079794675689576766 0.0051305504952161782 -0.0038808916043417802 -0.00077928530535134155 -0.0062778286488684339 0.001566100129638662 0.00042115874786530011
leaf_weight=390.98531655827537 852.01255141291767 2621.0759053207003 335.70231302315369 364.9978016554378 366.21019820310175 1655.426693981979 425.51454369304702 277.13839381420985 736.67353168595582 663.14983715629205 1071.2258815891109 4144.2343241204508 660.14757806668058 570.20479620760307 127.28125055134296 77.238043341320008 157.20978210121393 447.67113612405956 1308.7972751604393 95.483665666077286 1304.9113907241262 1793.8936295118183 191.74112488143146 766.33656409895048 989.73151454050094 241.9615363618359 428.84884965512902 3479.76565947989 869.13697637896985 98.637424704153091
leaf_count=8397 34355 53730 11436 11678 3046 23785 10467 6008 11078 14705 34182 142187 15101 25221 3146 1911 1992 7447 47770 2902 40651 45093 3986 17397 21356 4605 16534 210511 30458 4078
internal_value=0.000581446 -0.000932469 0.00300201 0.00544078 0.0083569 0.00991587 0.000360462 0.00105639 -0.00273373 -0.00206844 0.00321889 -0.000626356 0.00667767 -0.00451695 -0.000100573 0.00315725 0.012721 0.0042977 -0.00523584 0.00948043 -0.00167817 0.000345154 -0.0030724 0.00670308 0.00294325 -0.000141408 0.00375103 -0.00557856 -0.000327319 -0.00699804
internal_weight=27513.3 17039.6 10473.8 5111.36 2756.51 2420.81 5362.42 2354.85 2535.09 13989.6 2827.32 9276.52 1181.15 4713.12 1646.18 2077.71 1812.64 574.952 1798.42 755.631 7434.78 3098.81 4335.98 843.575 1841.74 608.172 3049.92 4049.97 1234.13 1407.43
internal_count=865213 608329 256884 112316 44864 33428 144568 67452 71323 538065 73245 287628 28470 250437 44775 61444 25777 10593 60245 18003 231917 85744 146173 19308 55711 7651 70264 235732 42136 51848
is_linear=0
shrinkage=0.03


Tree=139
num_leaves=31
num_cat=0
split_feature=8 43 71 52 47 47 47 71 43 42 49 54 40 60 66 44 67 72 42 59 71 63 44 44 44 44 66 73 45 59
split_gain=102.882 74.1554 82.2234 72.9573 67.2362 104.028 63.8705 57.2639 50.3474 64.2563 65.4095 50.0246 49.0097 44.9332 44.4067 39.5073 36.8232 41.0992 38.7695 33.2574 32.4698 28.9588 28.6368 28.4323 26.3348 25.4992 24.9163 23.9266 21.8053 20.8292
threshold=-0.75872817635536183 0.0082295509055256861 0.022581209428608421 0.72651216387748729 0.026437694206833843 0.041108338162302978 0.048603553324937827 0.052977351471781738 0.0020688371732831006 0.0095803169533610361 0.61442622542381298 -0.53207471966743458 0.83084359765052807 -0.81430447101593006 0.83660492300987255 0.16767068207263949 0.38841131329536444 -0.53791058063507069 0.0094695864245295542 2.5000000000000004 0.015532760415226223 0.031313559040427215 0.29361055791378027 0.34549072384834295 0.30060242116451269 0.66421568393707286 -2.1025209426879878 0.77346566319465648 8.5000000000000018 5.5000000000000009
decision_type=10 2 2 2 2 2 2 2 2 2 2 2 10 2 2 2 2 2 2 2 2 2 2 2 2 2 2 2 2 2
left_child=1 4 -3 13 8 7 -7 15 9 -1 -11 20 29 27 -13 -6 18 -18 25 -14 -10 -21 -20 -24 -8 -5 -19 -2 -28 -4
right_child=3 2 12 16 5 6 24 -9 11 10 -12 14 19 -15 -16 -17 17 26 22 21 -22 -23 23 -25 -26 -27 28 -29 -30 -31
leaf_value=-0.0026012168860286003 0.010061587027810957 -0.0018355056411670145 0.0036599091946336003 -0.0045473560664462016 -0.0016317816826187678 -0.0053830645097592868 0.0037731985012119818 -0.0030599598556692964 0.0029579158732220188 0.007296514826327853 -0.0018373662020833522 -0.0067469075147551195 -0.00055659464392195622 -0.002014397994961609 0.0016743795052028068 0.0076702363727902271 0.0011812667750645291 0.0020484725260086403 -0.0014496925372647991 0.011577034578149454 -0.0039101639168761708 0 0.010473514885811211 -0.00051045620666581148 -0.0024982512173899515 0.0029524935833826768 -0.006440440260644058 4.6492487564059785e-05 0.00062017975129751704 -0.0021603694975688165
leaf_weight=1658.2548830215819 293.49626898113638 918.18951875669882 871.86651836195961 851.3740071435459 226.97110771993175 1243.0232750172727 1549.8215733170509 264.97631350625306 1349.433871243149 1489.4654784472659 765.57238296139985 2299.5601103566587 157.8599521140568 471.88500034110621 424.52555700577796 3385.7494274959899 716.29270282713696 85.082881643436849 212.15712747583166 1660.8140657944605 423.11235484480858 178.73031356744468 178.1983621395193 173.60403701942414 394.32623755000532 137.3737196912989 4049.4378823321313 385.20723546063527 256.65294244466349 438.2862911298871
leaf_count=83189 4616 22911 11758 47751 6584 38555 30565 5282 45273 41520 24257 67041 3763 15006 11209 92038 24873 2296 7152 18880 10900 1834 4376 5179 12874 2951 203638 5368 8390 5854
internal_value=0.000670541 0.0018241 0.00513265 -0.0021376 0.000769476 0.00284141 -0.00105302 0.00586554 -0.000999185 0.00135426 0.00431604 -0.00303793 0.00713284 0.00367579 -0.00528533 0.00688555 -0.00337035 -0.0045111 0.000420678 0.00967598 0.000686872 0.0106136 0.00481867 0.00758307 0.00212758 -0.0026622 -0.00552681 0.00706283 -0.00593645 0.0014882
internal_weight=27511.3 19700.5 4225.75 7810.76 15474.8 7064.87 3187.17 3877.7 8409.92 3913.29 2255.04 4496.63 3307.56 1150.59 2724.09 3612.72 6660.17 5107.47 1552.71 1997.4 1772.55 1839.54 563.96 351.802 1944.15 988.748 4391.17 678.704 4306.09 1310.15
internal_count=865883 534287 65000 331596 469287 185898 81994 103904 283389 148966 65777 134423 42089 24990 78250 98622 306606 239197 67409 24477 56173 20714 16707 9555 43439 50702 214324 9984 212028 17612
is_linear=0
shrinkage=0.03


Tree=140
num_leaves=31
num_cat=0
split_feature=18 19 67 64 64 66 62 60 68 54 46 45 58 60 63 56 41 8 44 63 61 62 5 67 51 70 68 1 46 51
split_gain=116.134 92.5393 68.1241 54.3972 56.5154 54.0232 47.0406 59.4549 49.6757 42.0623 37.9427 37.6486 34.9085 24.8765 19.7234 20.0148 17.771 16.6912 18.9568 16.673 20.3699 15.8331 15.1872 14.0035 11.1425 9.71584 7.51496 4.70408 3.79482 2.75922
threshold=-0.60129439830780018 -0.28640669584274286 0.24340887367725375 0.38222071528434759 0.99066543579101574 1.1254442334175112 -0.96130388975143422 0.37927569448947912 -0.95098397135734547 -1.059726297855377 0.0071322745643556127 4.5000000000000009 -0.63079082965850819 -0.35119132697582239 0.041617799550294883 -0.58882129192352284 1.1293125748634341 -0.47963812947273249 0.15459298342466357 0.038797354325652129 0.014111662749201061 -1.3364152312278745 1.008477568626404 0.24340887367725375 0.037742983549833305 -0.53960990905761708 -1.6380407214164732 0.11403340101242067 0.011814912315458061 0.0012985662906430664
decision_type=8 10 2 2 2 2 2 2 2 2 2 2 2 2 2 2 8 10 2 2 2 2 10 2 2 2 2 10 2 2
left_child=17 5 24 16 12 6 9 8 -8 25 -9 -11 -5 -6 15 29 21 18 -1 20 22 -4 -20 -17 -3 -2 -18 -26 -16 -7
right_child=1 2 3 4 13 14 7 10 -10 11 -12 -13 -14 -15 28 23 26 -19 19 -21 -22 -23 -24 -25 27 -27 -28 -29 -30 -31
leaf_value=-0.00077133494411626047 0.0018552254066123083 -0.00056266046924938835 0.00047372672643651061 -0.001695147051610473 0.0014825061634732078 -0.00054970465525102947 -0.0042103126655000343 0.0055897336957157198 0.00081645452145677412 0.0097678594305874965 -0.00035672098611689028 -0.0011476169398392652 0.0056601932679313975 -0.005906356008233235 -0.00040969773502762871 0.0011383326925298799 0.0016828709980767327 -0.00024712360966914207 0.0090016734194846987 -0.00054936892244936131 -0.00090092451196189605 -0.006634164850722192 -3.2747204368919781e-05 -0.0060588565301659212 0 -0.0028462917063018563 -0.0022146992941501852 0.0068414346321137923 0.0032488787806701554 0.0022233415303782151
leaf_weight=111.91090113017708 266.87479632580653 101.98378326557577 151.60529802041128 543.17859542183578 261.99700348824263 82.914719812106341 1775.7817973033525 2736.2331553315744 7342.2813551239669 1053.9717237614095 1165.2370571345091 172.54155395226553 1090.3630861351267 905.94087773980573 67.279710495844483 41.768089082092047 90.54760193452239 207.55534691270441 1851.6408639298752 89.038053618744016 67.577427558600903 3388.7947010346688 105.73490056581795 1305.7481661671773 131.0493031013757 283.93105845665559 1469.5853308681399 321.39991473592818 96.612924495711923 168.8118787035346
leaf_count=1887 7282 3415 9313 28564 12053 2129 42684 70188 177472 26172 18404 3975 51433 43995 2047 387 3000 4253 30203 1438 658 199606 2369 37727 1324 11028 63083 2156 1258 4637
internal_value=0.000543872 -0.000104479 -0.00258246 -0.00339197 0 0.00118193 0.0018053 0.00103678 -0.000299321 0.00583958 0.0039068 0.00817089 0.00324972 -0.00412145 -0.00316003 -0.00421937 -0.00509924 0.00619306 0.00683881 0.00742693 0.0079358 -0.00623459 0.0084842 -0.00542569 0.00480793 -0.000483982 -0.00148933 0.00599334 0.00211768 0.00115277
internal_weight=27449.9 25016.4 8456.45 7902.01 2801.48 16560 14796.9 13019.5 9118.06 1777.32 3901.47 1226.51 1633.54 1167.94 1763.14 1599.24 5100.53 2433.46 2225.9 2113.99 2024.95 3540.4 1957.38 1347.52 554.433 550.806 1560.13 452.449 163.893 251.727
internal_count=864140 823332 417942 411047 136045 405390 357205 308748 220156 48457 88592 30147 79997 56048 48185 44880 275002 40808 36555 34668 33230 208919 32572 38114 6895 18310 66083 3480 3305 6766
is_linear=0
shrinkage=0.03


Tree=141
num_leaves=31
num_cat=0
split_feature=11 8 9 57 57 63 53 42 63 69 67 51 67 42 20 72 57 68 54 51 55 74 54 51 64 68 46 68 62 59
split_gain=95.9723 97.7618 77.505 49.3385 59.2531 38.7939 42.514 37.3647 35.4415 44.8002 33.7533 45.7666 33.4654 33.4455 33.3215 30.9301 26.9631 23.7499 23.8679 36.1012 21.8674 21.0975 20.6692 20.1731 20.4098 19.6914 16.9177 15.2747 15.2378 14.1534
threshold=-0.019030102528631684 -1.2781990766525266 -0.44516207277774805 0.41205300390720373 0.33917611837387091 0.010384381748735906 0.014116990379989149 0.0077828189823776492 0.031179205514490608 0.0069483697880059489 0.52144229412078869 0.0022559385979548101 0.60930132865905773 0.0066467500291764745 0.36851242184638983 -0.27761350572109217 0.22530420124530795 -1.5563655495643614 -0.24012901633977887 0.0056545094121247539 0.0056510884314775476 0.043913500383496291 -0.42815071344375605 0.00038277513522189116 0.2959419190883637 1.7074670791625979 0.010833675973117353 -0.70534837245941151 -0.7569289207458495 6.9000000953674325
decision_type=10 8 8 2 2 2 2 2 2 2 2 2 2 2 8 2 2 2 2 2 2 2 2 2 2 2 2 2 2 2
left_child=8 10 14 4 7 6 -5 -4 12 -10 13 15 17 28 26 -12 -11 -1 19 -19 -7 -6 -13 -15 -25 -17 29 -20 -2 -3
right_child=1 2 3 5 21 20 -8 -9 9 16 11 22 -14 23 -16 25 -18 18 27 -21 -22 -23 -24 24 -26 -27 -28 -29 -30 -31
leaf_value=-0.00067789857257682452 0.0022689263139079332 -0.0060111954728913749 -0.0037641589531814657 0.010112503665110125 -0.0050402672366147488 0.0026536502701308396 -0.0014559542188719704 0.0022793582895242869 -0.005450468605017111 -0.0026772020238522119 -0.0013482904070866227 0.0014871494004194299 -0.0019949811752300027 -0.0015226958970834328 0.00097411793426535164 0.0068978241476504451 0.005697665678970433 0 -0.0022066227596681354 0.0099974309261765017 -0.0043429428391619012 -0.00039948368275357667 -0.0050626881896543583 0.0025503725165295496 0.0086054523835382337 -0.0012622247648763592 0.0010229992479729858 0.003347205670961988 -0.0030409175381463892 0
leaf_weight=269.39993990771472 415.88092811545357 4187.5733660506085 636.63829140318558 547.68584516271949 2363.2128845225088 322.06985768955201 182.48474438209087 4325.2301971744746 403.91459618881345 110.33293280936778 590.88671210082248 258.95493807038292 232.71997812017798 99.10630108602345 658.05082034692168 789.45610823389143 536.17276282608509 319.07630333863199 142.71820005774498 1658.3944559581578 273.97663620207459 1624.5393485422246 1036.9950693016872 1887.7968919454142 1211.4123902223073 92.040406475774944 144.02811875753105 1298.661001579836 509.44961856724694 361.88365492084995
leaf_count=3394 12463 193072 41157 16980 108844 18214 2736 147394 6468 2430 14858 6303 3398 2674 18880 18036 5131 5178 2102 14486 9176 68704 23477 44241 26139 2155 2513 16087 17211 11275
internal_value=0.000519074 -0.000327513 -0.00164169 -4.07324e-05 -0.000937618 0.00444701 0.00756079 0.00117541 0.00408825 -0.000423741 0.00252126 0 0.00527608 0.00409058 -0.00439838 0.0030807 0.0034625 0.00598989 0.00661131 0.00860009 -0.000802749 -0.00347169 -0.00353721 0.00538218 0.00586719 0.00568018 -0.00523066 0.00221608 -0.000485211 -0.00556975
internal_weight=27490.7 22519.4 15627.4 10275.8 8949.62 1326.22 730.171 4961.87 4971.39 1050.42 6891.98 2768.33 3920.97 4123.65 5351.54 1472.38 646.506 3688.25 3418.85 1977.47 596.046 3987.75 1295.95 3198.32 3099.21 881.497 4693.49 1441.38 925.331 4549.46
internal_count=865176 806502 638945 413205 366099 47106 19716 188551 58674 14029 167557 64829 44645 102728 225740 35049 7561 41247 37853 19664 27390 177548 29780 73054 70380 20191 206860 18189 29674 204347
is_linear=0
shrinkage=0.03


Tree=142
num_leaves=31
num_cat=0
split_feature=7 62 53 20 67 43 56 60 58 42 52 47 70 55 0 55 46 53 34 63 14 58 60 56 12 45 46 72 51 22
split_gain=94.989 81.2209 79.0058 78.9779 70.4188 61.0529 133.815 102.102 49.6592 82.9688 74.6295 56.9841 32.4004 29.498 26.9883 21.5115 21.1599 17.0782 14.8619 13.6871 10.1957 9.92584 9.62741 9.15864 7.72525 6.8255 6.07163 4.55798 2.90188 1.93475
threshold=-0.017453556880354878 -0.91916343569755543 0.072124548256397261 0.38221350312232977 0.67101830244064342 0.0021194330183789138 -0.13084658980369565 -0.73579496145248402 1.8234468102455141 0.0088102426379919069 0.79158762097358715 -0.0019501402857713399 0.20717284828424457 0.21083009243011477 -0.038895785808563225 0.0040150943677872428 0.0046920836903154859 0.0060898668598383674 0.022964358329772953 0.025714042596518997 -2.5285246372222896 -0.39825366437435145 -0.89757290482521046 1.4088402390480044 -14.306807994842528 8.5000000000000018 0.0019361084559932353 -0.230021096765995 0.0004532066523097456 -5.4999999999999991
decision_type=10 2 2 10 2 2 2 2 2 2 2 2 2 2 8 2 2 2 8 2 10 2 2 2 10 2 2 2 2 2
left_child=1 8 3 5 13 7 -7 -3 9 12 26 -12 19 14 -4 -10 18 -5 23 -1 -15 -18 -19 24 25 -2 -11 -14 -23 -30
right_child=16 2 4 17 -6 6 -8 -9 15 10 11 -13 27 20 -16 -17 21 22 -20 -21 -22 28 -24 -25 -26 -27 -28 -29 29 -31
leaf_value=-0.0052635453794099094 -0.0076533103422024044 0.0075074979203797777 0.0010320257371471133 -0.0010648728580211775 -0.0042849405539600351 -0.0067598906721094204 0.0001544238756771708 -0.00041634519191335314 0 -0.0042253221501071057 -0.00095316830758257292 0.011605789707198761 0.0042121165104670984 0.0025193631094126293 0.012562858318648751 0.013045121923426587 -0.0017967134059765607 0 0 0.0012972190514436044 -0.0028678935582393205 -2.187340676194214e-06 0.0070323506068352155 0 0 0 0.00061286467732420743 -8.9417051164479501e-05 0 0.0045597965399041028
leaf_weight=1047.4643742628396 1445.6850226558745 1305.8056408204138 407.28670153394341 95.599875117652118 137.95204622484744 3305.3772942665964 7150.9857208202593 7197.8658241610974 152.68449911708012 228.45982072455809 273.03647444397211 950.93381687067449 167.27592448843643 120.3102619536221 614.692083761096 358.50774904619902 105.74410230573267 134.60616470314562 333.15895645041019 60.888976393267512 136.96009685844183 19.546985741704702 1215.9591094953939 104.83961921278387 118.99050897639245 39.716181045398116 43.367909549735487 111.85421290341765 18.82533385977149 92.540632947348058
leaf_count=36914 147246 37129 3198 2554 2960 83719 180521 224761 4526 6141 6850 19458 6658 1023 3695 4251 6225 2187 23506 2055 1158 1003 24440 7468 10502 3295 1203 5048 1056 5156
internal_value=0.000570347 0.00113963 0.000402831 -0.000126755 0.00622915 -0.000713787 -0.00221264 0.00111645 0.00513968 0.00248156 0.00654246 0.00916628 -0.00231081 0.0084171 0.0100133 0.0111952 -0.0046926 0.0056215 -0.00558317 -0.00442537 0 0.00115879 0.00641674 -0.00647511 -0.00692335 -0.00736936 -0.00316776 0.00315215 0.00355355 0.00415973
internal_weight=27496.9 25217.9 21823.4 20406.2 1417.2 18960 10456.4 8503.67 3394.47 2883.28 1495.8 1223.97 1387.48 1279.25 1021.98 511.192 2279.05 1446.17 2042.39 1108.35 257.27 236.657 1350.57 1709.23 1604.39 1485.4 271.828 279.13 130.913 111.366
internal_count=865906 660449 567345 555311 12034 526130 264240 261890 93104 84327 33652 26308 50675 9074 6893 8777 205457 29181 192017 38969 2181 13440 26627 168511 161043 150541 7344 11706 7215 6212
is_linear=0
shrinkage=0.03


Tree=143
num_leaves=31
num_cat=0
split_feature=18 17 44 73 56 50 58 65 56 74 43 56 71 52 56 73 73 72 72 61 67 60 51 52 62 56 60 63 44 62
split_gain=94.4555 97.8008 57.4056 74.2705 95.1024 105.769 82.1622 70.1376 44.0005 55.307 40.4754 42.3763 38.5341 55.7838 86.2143 38.0764 37.8681 37.5254 37.4286 35.3117 33.6703 42.8447 31.233 26.2285 27.0621 25.1619 23.9028 25.6725 22.7858 22.0617
threshold=-0.41560058295726771 0.12931288778781894 0.21322404593229297 0.90254780650138866 -0.18182785063982007 -0.013425037264823912 1.2782260179519656 0.0093713700771331804 -0.059354452416300767 0.99289092421531688 0.0014144526212476196 -0.26384384930133814 0.0097139216959476488 1.2011632323265078 -0.21091198921203611 1.0488090515136721 0.88916784524917614 -0.15772817283868787 -0.35116383433341974 0.002856239909306169 0.44939805567264562 0.1740258410573006 0.0053161240648478278 0.73867815732955944 0.20423229038715365 -0.39517524838447565 -0.54648911952972401 0.012840251903980972 0.20904676616191867 -0.24629881232976911
decision_type=10 10 2 2 2 2 2 2 2 2 2 2 2 2 2 2 2 2 2 2 2 2 2 2 2 2 2 2 2 2
left_child=2 12 23 4 5 -4 16 -7 10 29 11 -5 13 18 -15 19 -6 -16 -2 22 21 -14 -3 -1 -25 -21 -22 -28 -17 -10
right_child=1 15 3 8 6 7 -8 -9 9 -11 -12 -13 20 14 17 28 -18 -19 -20 25 26 -23 -24 24 -26 -27 27 -29 -30 -31
leaf_value=0.0024585274062187009 -0.00011563553693655559 -0.0011495248033092027 -0.0024433971951500297 -0.0012547348792111745 -0.0066707591337760658 0 0.0064153030596372776 0.016269844962728298 0.0030138293533439196 0.0096301678881121969 -0.002903228332546171 0.0065581515181596262 -0.000660810534758595 -0.0044119693452728858 0.010566303314791123 -0.00036319727226369293 0.0027766744667637325 -0.00097810364413907424 -0.006546962857091298 0.0021133920104246442 0.0012088158844719317 0.0061212827391833001 0.005446185014731271 -0.0057358280466865835 0.0015691053816776089 -0.0043508868753130668 0.0017245277628008687 -0.0060397494863760537 0.0057544107369061842 -0.0030569812881281184
leaf_weight=480.29835475469008 1152.1737721273676 808.12048067571595 242.61053976928815 953.47780145844445 675.46106030791998 293.98139433097094 786.28723208606243 1110.5563290133141 619.19513152213767 575.95921673020348 2202.578603527043 672.02501734113321 2141.413763855584 656.305953620933 317.39048386272043 508.49567109765485 182.24951702030376 191.73855814523995 3700.1709174527787 349.03350695129484 566.38090573158115 741.82238243380561 925.72151000611484 909.09875543462113 333.51179013494402 1334.4795651752502 184.48509064503014 1215.7720067175105 2114.832884978503 536.87313662515953
leaf_count=6918 65718 22784 3870 30576 20852 5021 7315 25580 16523 8495 64330 19471 70984 29490 8465 8251 4970 8921 217462 5958 17673 25022 19129 23295 7651 23992 5850 38790 36451 15401
internal_value=0.00066451 -0.000713095 0.00282716 0.00378268 0.00706684 0.0112644 0.00107514 0.0138096 0.00136655 0.00473338 -0.000458313 0.00261707 -0.00238995 -0.00390176 0.00135617 0.00220991 -0.00415908 0.00759091 -0.00522937 0 -0.000268659 0.00164224 0.00266851 -0.00169345 -0.00371539 -0.00269624 -0.0029568 -0.00467433 0.00460424 0
internal_weight=27482.5 16908.3 10574.2 8851.25 3291.15 1647.15 1644 1404.54 5560.11 1732.03 3828.08 1625.5 10867.7 6017.78 1165.43 6040.68 857.711 509.129 4852.34 3417.36 4849.87 2883.24 1733.84 1722.91 1242.61 1683.51 1966.64 1400.26 2623.33 1156.07
internal_count=865208 604940 260268 222404 67608 34471 33137 30601 154796 40419 114377 50047 488375 330056 46876 116565 25822 17386 283180 71863 158319 96006 41913 37864 30946 29950 62313 44640 44702 31924
is_linear=0
shrinkage=0.03


Tree=144
num_leaves=31
num_cat=0
split_feature=18 17 44 73 56 65 48 69 41 61 19 56 51 74 73 61 51 56 69 47 6 63 41 44 72 73 74 71 67 52
split_gain=86.2415 108.396 58.8521 62.2804 121.09 103.208 80.5757 76.2939 48.3335 41.3825 35.2099 32.3713 34.2954 32.6442 29.7575 31.5163 29.4703 27.4485 27.2087 26.2427 26.0884 24.5702 18.6469 18.3689 17.079 15.4656 14.0958 14.0353 13.4161 14.229
threshold=-0.40008726716041559 0.12931288778781894 0.19139194488525393 0.90254780650138866 -0.18182785063982007 0.0042212110711261639 -0.013093674555420874 -0.011495560407638548 0.85050335526466381 0.0018895153771154585 -0.18064895272254941 -0.059354452416300767 0.0019116804469376805 0.99289092421531688 1.0488090515136721 0.002856239909306169 0.0053161240648478278 -0.39517524838447565 -0.0090476721525192243 0.041108338162302978 -1.4999999999999998 0.042412124574184425 1.705624043941498 0.46049895882606512 -0.35116383433341974 1.2792627811431887 0.17958480119705203 0.038190448656678207 0.36421437561511999 0.79158762097358715
decision_type=10 10 2 2 2 2 2 2 8 2 10 2 2 2 2 2 2 2 2 2 2 2 8 2 2 2 2 2 2 2
left_child=2 10 20 4 5 -4 -6 -7 -5 -8 18 12 -10 -13 15 16 -3 -17 28 23 -1 -21 24 25 -20 -16 -18 -12 29 -2
right_child=1 14 3 8 6 7 9 -9 11 -11 27 13 -14 -15 19 17 26 -19 22 21 -22 -23 -24 -25 -26 -27 -28 -29 -30 -31
leaf_value=0.001533636351025562 -0.00085082408025250432 -0.0010708649632155101 -0.0034255294973808488 -0.0018403194345539122 0.007991131368334143 -9.4597817399591944e-05 0.001382789295065318 0.014886273643910515 0.0039927131120139356 -0.0067348962931705145 -0.0066205639425257297 0.00049833396346372579 -0.0018348985639387216 0.0098043402176171621 0.0073907154899315285 0.0024857951683146316 0.0064272323675131663 -0.0042181327443787942 0 -0.0042396223881640887 -0.004931385445512259 0.0034443912418233697 0.00056669862286818154 -0.00011400526519016891 -0.0037950671266670181 0 -0.00055422247706962203 0 -0.0012424695542756473 0.0054778665855225259
leaf_weight=546.60570516157895 189.90502889547497 806.70724161015823 179.59195853490382 2379.576748800464 316.53595614619553 310.25406966730952 700.35150666953996 1396.0777525003068 1129.5619138209149 719.71177310915664 1873.4103866559453 695.04109419649467 1530.3076527589001 542.05755199026316 1522.6796243307181 345.09672091156244 789.33520339429379 1306.5545369605534 1225.6465869490057 319.50402482831851 866.36020928015932 180.4715553149581 1340.0991948591545 327.91113794408739 4350.2240550867282 266.42664502840489 139.45668478962034 329.03073272528127 332.78134914813563 504.64823414478451
leaf_count=5523 5533 22742 3102 83421 1517 3661 20067 34578 29422 15525 151431 16782 42251 7397 26754 5874 16306 23661 48835 6202 24447 1747 35197 5936 190462 3908 2882 9524 8377 12325
internal_value=0.00049074 -0.000896705 0.00245107 0.0032777 0.00618339 0.0105707 0 0.0126223 0.0012239 -0.0032576 -0.00275099 0.00315972 0.000785148 0.006397 0.00216113 0.000106402 0.00265406 -0.00242583 -0.00157167 0.00428064 -0.00252641 -0.000830598 -0.00227236 0.00553045 -0.00299455 0.00649497 0.00534189 -0.00581558 0.0021486 0.00386449
internal_weight=27461.9 16149.9 11312 9899.07 3622.52 1885.92 1736.6 1706.33 6276.54 1420.06 10145.7 3896.97 2659.87 1237.1 6004.14 3387.15 1735.5 1651.65 7943.3 2616.99 1412.97 499.976 6915.97 2117.02 5575.87 1789.11 928.792 2202.44 1027.33 694.553
internal_count=865389 577696 287693 257723 78450 41341 37109 38239 179273 35592 461684 95852 71673 24179 116012 71465 41930 29535 300729 44547 29970 7949 274494 36598 239297 30662 19188 160955 26235 17858
is_linear=0
shrinkage=0.03


Tree=145
num_leaves=31
num_cat=0
split_feature=18 19 69 62 57 44 53 54 73 63 49 63 65 45 27 70 53 63 64 63 8 44 66 73 49 3 72 2 68 60
split_gain=96.0419 89.5735 69.0737 57.7956 56.3997 72.9316 111.136 45.4004 43.3266 54.692 46.2978 37.2709 29.6997 26.8321 22.4133 20.9791 19.7981 19.4539 18.185 20.6464 17.528 18.1128 13.4366 11.925 10.7303 9.97493 9.31505 5.22949 4.14901 2.86981
threshold=-0.60129439830780018 -0.15898581594228742 -0.030383523553609845 -0.91916343569755543 0.32912750542163854 0.24174228310585025 0.024183413013815883 -1.059726297855377 0.9548519253730775 0.013645787723362448 0.39964686334133154 0.027541222982108596 0.0042212110711261639 4.5000000000000009 0.032500725239515312 -0.6144924759864806 0.0055633438751101503 0.038797354325652129 -0.3507531583309173 0.0076587242074310788 -0.47963812947273249 0.15459298342466357 -2.7592370510101314 1.0157081484794619 0.56371739506721508 0.0015543744084425273 -0.079563632607460008 0.0067546726204454908 -1.5563655495643614 0.44062761962413793
decision_type=8 10 2 2 2 2 2 2 2 2 2 2 2 2 8 2 2 2 2 2 10 2 2 2 2 8 2 10 2 2
left_child=12 3 27 7 5 11 -7 15 9 -6 -10 -5 -1 14 -9 28 -14 20 22 26 21 -18 -4 -21 -17 -24 -20 -3 -2 -15
right_child=1 2 18 4 8 6 -8 13 10 -11 -12 -13 16 29 -16 24 17 -19 19 23 -22 -23 25 -25 -26 -27 -28 -29 -30 -31
leaf_value=-0.0020951990059479494 -0.00031431858951398982 0 0.00059250216535844218 0.0012459991130699423 0 0.00029533586813751324 0.0086185764169953074 -0.00019508968809031651 0.0029969926467357678 -0.0070241357148619404 -0.0021425088031924201 -0.004485515644981463 -0.0012018907465562276 -0.0021197636289466025 0.0085964662011657356 -0.0052681685632597073 -0.00041171833980524936 -0.00096713808235838854 0.0043002331755115884 -0.0048064564651730283 0 0.0087562718758042151 -0.0083081835896894208 -0.00035106795021605449 0.00096253567840169174 0 -0.0011934957385435327 0.0059252102110564971 0.0034031037765201474 0.00069358637824130411
leaf_weight=128.4345824662596 96.417089612223208 152.62084020394832 45.310532522387803 1577.759394869674 1655.2313678422943 3812.6756763169542 1944.4855451239273 199.71497660502791 2327.9695097832009 1763.1108456873335 3055.3452513352968 1554.6829317305237 81.453989863395691 118.1071685696952 1489.3241713787429 356.94430804206058 96.892898420803249 85.018021872267127 153.34344477485865 1382.8238195534796 193.75562284793705 1875.4849634543061 1393.2726870281622 1096.858343815431 63.580479835160077 138.87303095636889 78.461110271047801 184.32362484373152 279.71621857630089 103.59880394674838
leaf_count=1691 2263 1179 1037 42566 47100 118973 25149 11223 68709 62424 91309 30823 2337 3400 36698 15477 1371 1366 8188 83305 3716 30512 82948 64155 3128 7919 3905 1186 8667 2854
internal_value=0.000469946 -0.000120492 -0.00368203 0.000741587 5.11884e-05 0.00170553 0.00361852 0.00444814 -0.00158929 -0.00399177 9.48522e-05 -0.00174192 0.00558156 0.00654281 0.00761277 -0.000930138 0.00640538 0.00695809 -0.00484339 -0.00242603 0.00750471 0.00819237 -0.00727021 -0.00332596 -0.00398909 -0.00773893 0.00248583 0.00480443 0.00247222 -0.000819715
internal_weight=27485.6 25024.6 4625.89 20398.7 17691.3 8889.6 5757.16 2707.4 8801.66 3418.34 5383.31 3132.44 2461.04 1910.75 1689.04 796.658 2332.61 2251.15 4288.94 2711.49 2166.13 1972.38 1577.46 2479.68 420.525 1532.15 231.805 336.944 376.133 221.706
internal_count=865578 824585 253822 570763 487053 217511 144122 83710 269542 109524 160018 73389 40993 54175 47921 29535 39302 36965 251457 159553 35599 31883 91904 147460 18605 90867 12093 2365 10930 6254
is_linear=0
shrinkage=0.03


Tree=146
num_leaves=31
num_cat=0
split_feature=18 18 52 71 71 47 64 47 19 27 60 65 46 46 51 61 61 51 69 13 46 68 57 53 3 66 8 61 64 69
split_gain=96.2351 85.191 51.4498 69.6659 67.2017 52.948 51.0531 61.7702 44.0585 37.4078 36.7348 34.587 34.4835 31.0396 28.2081 55.9898 40.2699 23.2163 20.5093 20.0247 16.2099 14.1348 13.2475 13.345 11.3437 11.8549 10.9187 8.5898 12.6816 6.72972
threshold=-0.42360909283161158 -0.11334754154086112 0.72651216387748729 0.18864688277244571 0.142631970345974 0.0064522309694439181 0.60997986793518078 0.04078036546707154 -0.24738817662000653 0.099417626857757582 -0.32749381661415095 0.033827854320406921 0.0028549139387905602 0.0007548594439867885 0.0034139427589252595 0.0038006803952157502 0.002856239909306169 0.016077336855232719 -0.019718507304787632 -12.541325092315672 0.027424328960478309 -0.3452730774879455 0.333077222108841 0.010955242440104486 0.0018347770092077555 -1.609890282154083 -0.67082136869430531 0.0082617755979299563 1.4450182318687441 0.012969437055289747
decision_type=10 10 2 2 2 2 2 2 10 8 2 2 2 2 2 2 2 2 2 10 2 2 2 2 8 2 10 2 2 2
left_child=2 8 5 4 6 9 12 -8 11 -1 -5 14 -4 -6 15 -2 -16 -15 -10 27 29 -7 23 -21 25 -20 -23 28 -3 -13
right_child=1 19 3 10 13 21 7 -9 18 -11 -12 20 -14 17 16 -17 -18 -19 24 22 -22 26 -24 -25 -26 -27 -28 -29 -30 -31
leaf_value=-0.000449286254950606 -0.0044641417103461608 0.0064618538132818143 0.0012889801938055548 -0.0087395801898648064 -0.0010659888963557122 -0.0029089555477110332 0.0095679331215492072 0 0.0012055737431283958 0.012504123819170826 0.0012855553483406851 -0.0074307362418369154 -0.0032707957391597676 0 0.0032218799854906101 0.0027207091992663851 -0.0013320410327060236 0.01130668025349231 6.9098981253742277e-05 -0.0015130394788047316 0.00095070439756311667 0.004568019564660194 -0.0016467986362665278 0.0039157269392570016 0 -0.00607834745951922 -0.001058096823910767 0 -0.00072809808422472349 0
leaf_weight=149.19761826936156 2413.3023003684357 1222.8877086141147 3274.10502081085 364.40688723884523 126.83945858106017 264.77283230843022 687.03382678423077 1166.3360445094295 240.77471814677119 666.79340408463031 277.84942475520074 554.23416576208547 1946.357710736338 224.68249094951898 3065.5960875577293 1009.7653338615783 2909.9853161606006 678.55822442751378 191.31463603908196 193.30377522855997 89.710441762581468 235.14853983558714 887.40896036988124 734.90296923881397 330.252032417804 2931.160055719316 157.71760621387511 330.04667983204126 63.191380246542394 76.728253181092441
leaf_count=4229 96764 19520 113474 6035 2228 4185 18489 32055 3684 3470 2215 16163 45582 3072 97288 19834 64345 4244 11019 9125 1369 4582 30961 15567 19162 207425 3059 4200 1028 1035
internal_value=0.000436653 -0.000914978 0.00268164 0.00154778 0.00242513 0.00716224 0.00106145 0.00474894 -0.00197986 0.0106369 -0.00547564 -0.000825998 -0.000495902 0.00818674 -0.000166899 -0.00219159 0.00102627 0.00961672 -0.00459422 0.0030016 -0.00558664 0 0.000389427 0.00244121 -0.0051759 -0.00566133 0.00264569 0.00500903 0.00583568 -0.00679076
internal_weight=27464.4 17244.6 10219.8 8746.17 8103.91 1473.63 7073.83 1853.37 13812.8 815.991 642.256 10119.3 5220.46 1030.08 9398.65 3423.07 5975.58 903.241 3693.5 3431.74 720.673 657.639 1815.62 928.207 3452.73 3122.47 392.866 1616.13 1286.08 630.962
internal_count=865408 618489 246919 227394 219144 19525 209600 50544 538088 7699 8250 296798 159056 9544 278231 116598 161633 7316 241290 80401 18567 11826 55653 24692 237606 218444 7641 24748 20548 17198
is_linear=0
shrinkage=0.03


Tree=147
num_leaves=31
num_cat=0
split_feature=41 55 69 67 67 70 63 43 42 23 63 52 60 53 67 67 60 74 19 67 50 50 53 45 48 51 50 64 42 38
split_gain=85.1668 88.2122 77.8756 156.293 101.242 86.7063 78.0776 65.8269 56.2127 53.9697 43.8402 41.0304 35.419 39.5029 39.8883 35.0198 24.6523 21.2548 20.4722 20.0696 17.7483 17.1729 14.9081 14.0416 13.2151 21.6181 13.1211 12.1903 11.9513 11.2637
threshold=0.51015385985374462 0.0021220698254182939 0.0051145553588867196 0.48473981022834783 0.64866551756858837 -0.17043680697679517 0.031179205514490608 0.041196534410119064 0.0069860348012298354 -1.1640835404396055 0.019317323341965679 0.71776500344276439 0.3409342914819718 0.0093885581009089964 0.550335854291916 0.59260386228561412 -0.81430447101593006 1.7900164127349856 -0.66633290052413929 0.59760338068008434 0.01285102963447571 -0.012671053409576414 0.008608274161815645 5.5000000000000009 0.014451658818870785 0.0013230430195108058 0.027672290802001957 1.0368306636810305 0.0058829502668231734 0.55814030766487133
decision_type=8 2 2 2 2 2 2 2 2 10 2 2 2 2 2 2 2 2 10 2 2 2 2 2 2 2 2 2 2 10
left_child=11 9 3 6 5 -4 8 10 -3 19 -5 16 24 -14 -15 -7 28 27 -13 21 -21 -2 -8 -23 25 -11 -22 -6 -1 -30
right_child=1 2 4 7 17 15 22 -9 -10 12 -12 18 13 14 -16 -17 -18 -19 -20 20 26 23 -24 -25 -26 -27 -28 -29 29 -31
leaf_value=-0.00067867276323904961 -0.0017433411827070522 0 -0.0025564572067903607 0 -0.0043517208099075411 0.00063356792905817764 0.0011248394948671714 0.0055672585487149383 0.0053731632279628277 0.0034073608533033658 -0.0057877096342472487 0 -0.0044633184287219078 0.0073839842961216269 -0.0015857317329676318 0.014639631942992833 -0.0026682588679837649 0.0034253782514957506 -0.0064154196046664223 -0.0041305122203085503 0.0043527481245023009 0.0050792534079649064 -0.0066492141879837281 -0.00028323188165399883 -0.0062722549821480119 -0.0033498487042576681 -0.0019606575286349819 0.0013747018582999791 0.0074621689263512214 -0.00029627422454472197
leaf_weight=96.857889466919005 218.30575426062569 2316.4884120407514 187.907340942882 1707.4726626644842 626.8264273898676 283.13941936474293 50.086245420388877 291.88254798669368 7011.6631537275389 197.23397809034213 3022.3973147906363 609.84357039723545 443.881225456018 420.66776281083003 506.86286312853917 1035.3242598944344 248.67766782874241 211.68081671092659 2041.2371727167629 475.48962154285982 179.14544920437038 1318.7625824129209 365.66978234937415 378.8619681680575 2170.6231373320334 570.83793688425794 64.476458802819252 106.96447454765439 234.36539658345282 79.822134055197239
leaf_count=2771 6768 75383 3306 49522 13986 4035 2021 2039 169539 13326 89043 14976 33865 19695 18392 13728 8427 3655 89568 11288 2756 37188 9302 9675 118835 34824 1476 2266 2625 1400
internal_value=0.000447702 0.00109462 0.00223579 0.00127279 0.00673569 0.0105734 0.00344477 -0.00281756 0.0041132 -0.00165431 -0.00387515 -0.00371899 -0.00359109 0.000207725 0.00343361 0.012798 0.00172924 -0.000713582 -0.00522924 0.00148544 -0.00178808 0.00295405 -0.00528226 0.00395383 -0.00522356 -0.000718743 0.00208359 -0.00305501 0.00472326 0.00615113
internal_weight=27473.5 24162.7 17217.5 14765.7 2451.84 1506.37 9743.91 5021.75 9328.15 6945.15 4729.87 3310.8 4310.11 1371.41 927.531 1318.46 659.723 945.472 2651.08 2635.04 719.112 1915.93 415.756 1697.62 2938.7 768.072 243.622 733.791 411.045 314.188
internal_count=865680 745913 437825 396849 40976 21069 256245 140604 244922 308088 138565 119767 238937 71952 38087 17763 15223 19907 104544 69151 15520 53631 11323 46863 166985 48150 4232 16252 6796 4025
is_linear=0
shrinkage=0.03


Tree=148
num_leaves=31
num_cat=0
split_feature=55 69 67 43 65 67 41 56 57 52 65 60 47 64 63 69 58 60 63 74 56 58 46 58 69 46 56 56 56 62
split_gain=87.4987 124.448 148.738 104.302 103.071 81.3229 76.2638 63.4576 58.7784 58.4894 47.3192 44.8285 43.9676 89.535 42.6034 41.8295 41.8139 41.6416 38.3198 33.5574 33.1581 32.5698 28.9228 28.6584 20.4503 19.7919 19.6718 18.579 20.0886 18.284
threshold=0.0021347984438762073 0.0051145553588867196 0.48473981022834783 0.0038860169006511573 0.024077415466308597 0.64866551756858837 0.57865768671035778 1.2449506521224978 0.33917611837387091 1.7018284797668459 0.026738708838820461 0.1740258410573006 0.038249161094427116 0.34000968933105474 0.020168634131550792 -0.0078729959204792959 -1.0702217817306516 0.96515327692031871 0.019317323341965679 1.4862636327743532 -0.45121209323406214 -1.374273359775543 0.001240695652086288 1.1460682153701784 -0.0063789903651922933 0.0022340129362419252 -0.78525838255882252 -0.45121209323406214 -0.094161950051784502 1.1260214447975161
decision_type=2 2 2 2 2 2 10 2 2 2 2 2 2 2 2 2 2 2 2 2 2 2 2 2 2 2 2 2 2 2
left_child=9 2 4 5 6 16 23 18 -8 12 27 15 13 17 -15 -6 -3 20 25 -16 -1 -14 -20 -2 -13 -4 -23 -5 -29 -7
right_child=1 3 7 10 11 29 8 -9 -10 -11 -12 24 21 14 19 -17 -18 -19 22 -21 -22 26 -24 -25 -26 -27 -28 28 -30 -31
leaf_value=0.0002381594594315019 -0.0024474503003965361 0.00040540438828273008 -0.003300536787622967 0.0014516745387132075 -0.0083424159020170016 -0.0026682676157785464 0.0094202581747720136 0.0044199697305532561 0.0030214775335274881 0.0060023059716395833 0.0043201690281069582 0.0040486229153332996 0.0019226939311790285 -0.0013775893995520414 0.0087979624873909916 8.6222258244876101e-05 0.01751348017484352 0.0020831184845221547 0.00047745179993537195 -0.0015203991346422186 -0.0059153151944895494 0.0006747080768943032 -0.0069821282348196054 0.0035856691497332593 -0.0018442168157167184 0.0016513741143000589 -0.0085207527371833815 -0.0080067193005064676 0.0010632637719099733 0.0038672116797083271
leaf_weight=863.86218838067725 1714.2267996226437 212.18633819231763 776.93567435117438 96.310705076903105 772.22731648059562 290.79831691272557 2110.6103384271264 435.44520998699591 4589.766453483142 277.46707046451047 622.66734997462481 718.12206257553771 114.59827468683943 555.56349304458126 797.52537856670097 773.06548561295494 695.99138708179817 688.84033864317462 388.29846204537898 137.9552811528556 2823.4013121128082 91.86324362969026 2784.2016016687267 531.63727165013552 464.1471775425598 1146.9629120626487 1314.6335209268145 350.41236235713586 84.082602905109525 236.30507256649435
leaf_count=40508 57104 2747 29469 1299 19057 6626 54288 6086 117237 6238 7708 13695 5395 29214 31022 26567 9824 29737 16323 4768 144189 3207 79429 8777 17225 26431 55711 7396 2328 5363
internal_value=0.000638537 0.0016918 0.000657095 0.00725207 0.00256297 0.0115084 0.00408111 -0.00319418 0.00559293 -0.00198153 0 -0.00218433 -0.00268085 -0.00118831 0.00421462 -0.00498886 0.0152926 -0.00333415 -0.00423512 0.00706776 -0.00454573 -0.0065712 -0.00604672 -0.000517178 0.00169629 -0.000492934 -0.00774337 -0.0045812 -0.00630071 0.000425844
internal_weight=27460.1 19794.4 17205.6 2588.75 11673.8 1435.28 8946.24 5531.84 6700.38 7665.71 1153.47 2727.56 7388.24 5867.15 1491.04 1545.29 908.178 4376.1 5096.4 935.481 3687.26 1521.1 3172.5 2245.86 1182.27 1923.9 1406.5 530.806 434.495 527.103
internal_count=864968 514979 471688 43291 313950 24560 237406 157738 171525 349989 18731 76544 343751 279438 65004 45624 12571 214434 151652 35790 184697 64313 95752 65881 30920 55900 58918 11023 9724 11989
is_linear=0
shrinkage=0.03


Tree=149
num_leaves=31
num_cat=0
split_feature=55 69 67 43 67 65 42 54 68 43 55 44 60 69 71 43 60 58 56 47 63 58 52 55 72 64 56 60 44 64
split_gain=89.1309 106.081 144.164 106.843 80.7325 77.5736 84.8424 134.838 76.8434 68.2856 56.72 53.6401 47.44 47.1539 44.6073 40.2704 39.2875 39.2777 35.3735 27.756 27.341 27.117 24.2023 22.0835 21.7181 24.148 22.8703 20.3354 18.7781 18.6569
threshold=0.0021220698254182939 0.0051145553588867196 0.48341873288154608 0.0038860169006511573 0.64866551756858837 0.024077415466308597 0.0077828189823776492 -0.20678876340389249 0.58611112833023082 0.041196534410119064 0.00019100327335763725 0.44353370368480688 0.50673595070838939 -0.0078729959204792959 0.0053360958117991695 0.00090682390145957481 0.96515327692031871 -1.0702217817306516 -0.48645380139350886 0.027162352576851848 0.029431648552417759 0.61406582593917858 0.75134810805320751 0.0062960414215922364 -0.39367447793483729 0.25644983351230627 -0.059354452416300767 0.98800230026245128 0.39852941036224371 -0.17402910441160199
decision_type=2 2 2 2 2 2 2 2 2 2 2 2 2 2 2 2 2 2 2 2 2 2 2 2 2 2 2 2 2 2
left_child=10 2 5 4 17 6 11 -8 -5 18 27 -2 13 -7 16 -16 24 -3 -4 -10 29 -17 -20 -14 25 -12 -26 -1 -19 -18
right_child=1 3 9 8 -6 12 7 -9 19 -11 14 -13 23 -15 15 21 20 28 22 -21 -22 -23 -24 -25 26 -27 -28 -29 -30 -31
leaf_value=0.0079080252684727709 -0.0038483384463186472 0.0003712603746431636 0.00088415210132261732 -0.0062771241040575874 0.00020996084463617847 -0.0080834019819025771 0.0099990713201455056 0.001027608080440414 -0.0020501393009663038 0.0055054221406912003 0.0025952754026184756 0.0031620356320193129 -0.0011866729723466654 0.00031088118446093187 0.0054997397951781699 -0.0044794324976899051 -0.0011260920691130549 0.0180825171044358 0.00044410833310930535 0.0070641361474668186 -0.0030283520711848464 0.0023863924229447719 -0.0057085381807479088 0.0054003300075186732 -0.0069514930376892046 -0.0038862001107839556 0.00053965533197904213 -0.00055672966141679682 0.00015960837154502903 0.0061405286279829253
leaf_weight=173.1128735919483 1434.1143879033625 212.99554218677804 849.89235193142667 514.94311050418764 528.44116513757035 764.12752823997289 2831.5078437384218 3140.6323420763947 105.0595914972946 299.17632476706058 514.83683843631297 1485.4347733738832 464.50512083340436 958.71360035100952 552.69139807624742 785.87931829039007 201.63356814580038 603.46216597594321 478.33049475261942 535.21150969900191 445.83466625912115 399.26044351840392 4057.8543380470946 505.27574193757027 3129.3146164580248 538.06790334079415 250.5103932810016 217.13092271937057 100.56331071257591 363.55955138383433
leaf_count=3968 59988 2759 21876 11017 12005 18990 56312 80996 2264 2105 23501 37764 15696 32986 22283 34036 10865 7566 9484 5546 18319 14347 130489 8305 161164 21867 15477 5598 2240 15852
internal_value=0.000535781 0.0015929 0.000636844 0.00671833 0.0110153 0.00254109 0.0038532 0.00577137 -0.000180342 -0.00308652 -0.00212801 -0.00025299 -0.00162271 -0.00425805 -0.0028771 0.00097215 -0.00413479 0.0147591 -0.00404186 0.00506232 0.000693758 -0.00196662 -0.00502051 0.00271079 -0.00525561 -0.000708581 -0.00632094 0.0051938 0.016901 0.00395478
internal_weight=27442.1 19870.2 17269.6 2600.68 1445.46 11584.3 8891.69 5972.14 1155.21 5685.25 7571.83 2919.55 2692.62 1722.84 7181.59 1737.83 5443.76 917.021 5386.08 640.271 1011.03 1185.14 4536.18 969.781 4432.73 1052.9 3379.83 390.244 704.025 565.193
internal_count=865665 518388 474991 43397 24570 311037 235060 137308 18827 163954 347277 97752 75977 51976 337711 70666 267045 12565 161849 7810 45036 48383 139973 24001 222009 45368 176641 9566 9806 26717
is_linear=0
shrinkage=0.03


Tree=150
num_leaves=31
num_cat=0
split_feature=11 16 41 66 64 42 44 19 41 74 66 49 56 17 12 12 20 3 16 67 43 10 55 3 44 52 14 23 55 9
split_gain=85.7071 67.1314 61.9068 42.1064 55.2889 70.2456 55.0282 29.0207 27.7429 22.5902 23.468 18.1063 17.0038 8.72785 9.28761 7.2012 7.00167 6.81733 6.20945 5.27822 4.80782 3.82741 3.46735 2.40601 2.19663 1.59591 1.49419 1.45778 0.735574 0.531281
threshold=-0.0068123899400234214 -0.32936230301856989 0.50137495994567882 1.1254442334175112 0.60997986793518078 0.016161481849849228 0.16767068207263949 -0.5899565815925597 1.3530952334403994 0.71210679411888134 1.5300557613372805 0.10587957873940469 -0.58882129192352284 -0.35767956078052515 -14.281203746795653 -16.197075843811032 0.4168215692043305 0.00066920669632963847 0.024541277438402179 0.26157814264297491 0.00077504501678049575 -0.44161783158779139 0.13243844360113147 -0.0029113888740539546 0.21778655797243121 1.0104979276657107 -1.1615859270095823 -0.40932406485080713 0.00045840945676900452 -0.37814335525035853
decision_type=10 8 8 2 2 2 2 10 8 2 2 2 2 10 10 10 10 8 10 2 2 10 2 10 2 2 10 10 2 10
left_child=1 11 7 4 5 -4 -6 15 13 12 -11 -1 -5 29 18 25 20 21 19 -15 -9 -10 -17 -23 -19 -3 -25 28 -26 -2
right_child=8 2 3 9 6 -7 -8 16 17 10 -12 -13 -14 14 -16 22 -18 24 -20 -21 -22 23 -24 26 27 -27 -28 -29 -30 -31
leaf_value=0 -0.00045814136523144038 -0.0017869468848558119 0.0019696212828330716 0.0010568581689167618 -0.0021139100290537218 -0.0024872228760072497 0.0057447691806743586 0 0.00071173584611806582 -0.0025378004701954613 0.0038512490565671769 0.0089824449223945523 -0.0054287038957974536 0 0 0.0033205653755359766 4.6807530789821304e-05 -2.6614313626735462e-05 0 -0.0078843998309525692 -0.0058343721817553616 0.00010066914504625072 -0.00025977203631102701 -0.0032707570291863543 0 0.00023548462393965892 0 0 0.0036021503319798409 0.00079633149026104113
leaf_weight=213.48927981220186 71.08219700679183 275.41044692322612 10750.86006958317 193.54722678428516 649.00420973170549 3921.3885337389074 3825.8415805404074 237.38234248803928 120.33363748714328 507.4499570177868 546.22199115063995 667.81261609029025 1122.5375683242455 56.75290853343904 132.81680505070835 375.32227329956368 109.75944849196821 32.167704076506197 123.86180422641337 1227.8193746465258 1539.0792256332934 37.107540233526379 49.027564125135541 272.97842808067799 24.915977370925248 69.646530391648412 18.194927584379911 28.339759634342045 157.1566808661446 64.992025341838598
leaf_count=1581 3035 7248 316551 6020 11591 75193 91753 12409 5838 14211 11181 5023 35795 2687 11535 9707 2348 1374 11788 136772 57278 1320 673 16963 1187 1598 1134 1654 6836 2774
internal_value=0.00049267 0.00104589 0.000650573 0.0012119 0.00169414 0.000715975 0.00444679 -0.00327385 -0.00441687 -0.00219626 0.000754699 0.0075111 -0.00428135 -0.00609385 -0.00659232 0.000955146 -0.00496329 0.000250524 -0.00713184 -0.00758452 -0.00534692 -0.00131246 0.0026656 -0.00239838 0.00248248 -0.00112593 -0.0029584 0.00303712 0.00339572 0
internal_weight=27422.3 25053.8 24172.5 21516.9 19147.1 14672.2 4474.85 2655.63 2368.52 2369.76 1053.67 881.302 1316.08 1677.33 1541.25 769.407 1886.22 691.195 1408.43 1284.57 1776.46 448.615 424.35 328.281 242.58 345.057 291.173 210.412 182.073 136.074
internal_count=865057 660160 653556 562295 495088 391744 103344 91261 204897 67207 25392 6604 41815 168591 162782 19226 72035 36306 151247 139459 69687 25255 10380 19417 11051 8846 18097 9677 8023 5809
is_linear=0
shrinkage=0.03


Tree=151
num_leaves=31
num_cat=0
split_feature=8 18 19 52 67 71 52 60 63 48 56 68 58 34 72 7 23 59 60 58 65 16 60 12 23 59 72 66 66 64
split_gain=88.7397 84.0384 45.218 38.8911 37.4284 34.9106 38.722 37.2578 36.3347 29.8788 27.9668 26.8056 27.9097 26.479 26.4532 23.2596 21.2088 20.2348 18.2717 17.1713 16.9846 15.0417 13.2671 12.5761 10.9201 9.60503 9.20531 8.54445 8.06733 7.51106
threshold=-0.70589998364448536 -0.55536764860153187 -0.81854039430618275 0.71776500344276439 0.38841131329536444 0.0081467917189002054 1.7018284797668459 -0.37094423174858088 0.031074767000973228 0.028080134652554992 -0.19348488003015515 -0.91363227367401112 -0.44608558714389795 -0.084028214216232286 -0.55333486199378956 -0.05500520579516887 -0.78159660100936879 2.6999999284744267 0.96515327692031871 -0.74246206879615773 0.0245775580406189 0.038288693875074394 0.98800230026245128 -15.649829387664793 -0.57690513134002674 4.2999999523162851 -0.72978657484054554 1.1448356509208681 0.93675422668457042 0.77032092213630687
decision_type=10 10 10 2 2 2 2 2 2 2 2 2 2 8 2 10 10 2 2 2 2 10 2 8 10 2 2 2 2 2
left_child=1 17 13 9 11 6 7 -4 10 15 -7 -5 -13 25 26 -2 19 -1 21 -15 -14 -16 -8 -19 27 -3 -6 -25 -11 -10
right_child=3 2 5 4 14 8 22 -9 29 28 -12 12 20 16 18 -17 -18 23 -20 -21 -22 -23 -24 24 -26 -27 -28 -29 -30 -31
leaf_value=0 0.0029677936205298231 0.0011334928221833401 0.00033393235033888941 -0.002646118662419377 -0.0018257215330938592 0.0044829026567636439 0.006469860609471168 -0.0043826553765237116 -0.0049628151320913055 0.0077880771882719571 0.00030040969788407493 -0.001744506328737789 0.0079426831728570731 0.00048493057570666334 -0.0067423507452854924 -0.0043040625961993303 -0.00078896915730029479 0.00068674675953436619 0 0.0053154185190595156 -0.00087789559182740204 0 -0.00067088461396263936 0.0090668515938887896 0.00038943126196305371 -0.0037477458006556176 0.0030234413231035959 0 0 0
leaf_weight=518.6767987376079 213.30574142094702 202.01480684243143 2093.603124926798 654.57234758324921 124.68978054914623 1874.448001798708 147.53059460269287 3627.4310139431618 455.99355062982067 155.02855434874073 4302.3320412458852 253.09124145051464 361.57824155269191 1132.3133505163714 2977.1642712424509 387.28008772572502 621.9518544501625 478.25924539845437 517.8808876615949 2933.113994457759 64.338786689098924 311.63318274822086 130.34473043028265 1410.4805775079876 298.02010560873896 335.80604475736618 280.85325153358281 137.72938224021345 58.304815064650029 409.26952374959365
leaf_count=10549 1446 2557 99700 27103 5758 49023 3234 161262 11845 2865 116998 13152 14997 17564 147790 12261 15929 8097 27918 45107 2921 9790 2543 20012 6868 4682 11466 2534 2063 8202
internal_value=0.000418782 0.00136468 0.000530828 -0.00254775 -0.00345489 -0.000410352 -0.00202441 -0.00272029 0.000967897 0.00236749 0.00185525 0.000588414 0.00376082 0.0027629 -0.00472526 -0.00127384 0.0034998 0.00575149 -0.00545358 0.00423619 0.0065317 -0.00617634 0.00445643 0.00675292 0.00771524 -0.00196244 0.00101636 0.00853963 0.00674671 -0.0035064
internal_weight=27469 21109.3 18266.2 6359.72 5545.8 13041 5998.91 5721.03 7042.04 813.919 6176.78 1333.58 679.008 5225.2 4212.22 600.586 4687.38 2843.17 3806.68 4065.43 425.917 3288.8 277.875 2324.49 1846.23 537.821 405.543 1548.21 213.333 865.263
internal_count=866236 586706 538646 279530 260895 452807 266739 260962 186068 18635 166021 58173 31070 85839 202722 13707 78600 48060 185498 62671 17918 157580 5777 37511 29414 7239 17224 22546 4928 20047
is_linear=0
shrinkage=0.03


end of trees

feature_importances:
M_BREADTH_5=207
M_BIGDN_5=201
M_DN_5=178
M_DN_z=163
M_UP_5=152
HIGH250=146
USHADOW20=143
M_AMT=126
M_LBMAX_z=126
M_AMT_5=122
ABVOL5=119
AMP=119
M_DN=114
VR20=113
M_UP=111
M_ZB_z=111
M_MED_5=109
M_ZB_5=108
CGO60=106
M_ZB=106
M_BIGDN=102
M_AMT_z=102
M_BREADTH=95
M_RELAY=92
M_RELAY_ON_5=89
VOL20=87
M_RELAY_z=81
M_LBMAX_5=76
M_LB2_5=76
M_LB2_z=76
M_BREADTH_z=73
M_RELAY_5=71
REV120=66
M_LB2=65
LOW250=64
M_BIGDN_z=64
M_RELAY_ON=63
CGO250=56
M_UP_z=55
M_RELAY_ON_z=45
REV20=43
EXTREME60=37
M_MED_z=34
R3=32
M_LBMAX=31
M_MED=28
VOLVOL20=22
ABVOL250=21
OVN20=18
REV5=17
LOWPRICE=10
R5=10
GAP=9
AMIHUD20=8
MAX20=7
SMALL20=7
INTRA20=6
PVCORR20=6
MIN20=6
VR5=6
CLOSEVWAP=5
SKEW20=4
R1=4
BIGUP20=3
DH20=3
UPDAYS10=1
ATTN60=1
UPVOL20=1
NUP10=1
CPOS=1

parameters:
[boosting: gbdt]
[objective: binary]
[metric: auc]
[tree_learner: serial]
[device_type: cpu]
[data_sample_strategy: bagging]
[data: ]
[valid: ]
[num_iterations: 2000]
[learning_rate: 0.03]
[num_leaves: 31]
[num_threads: 2]
[seed: 0]
[deterministic: 0]
[force_col_wise: 0]
[force_row_wise: 0]
[histogram_pool_size: -1]
[max_depth: 6]
[min_data_in_leaf: 1000]
[min_sum_hessian_in_leaf: 0.001]
[bagging_fraction: 0.8]
[pos_bagging_fraction: 1]
[neg_bagging_fraction: 1]
[bagging_freq: 1]
[bagging_seed: 7719]
[bagging_by_query: 0]
[feature_fraction: 0.8]
[feature_fraction_bynode: 1]
[feature_fraction_seed: 2437]
[extra_trees: 0]
[extra_seed: 11797]
[early_stopping_round: 0]
[early_stopping_min_delta: 0]
[first_metric_only: 0]
[max_delta_step: 0]
[lambda_l1: 10]
[lambda_l2: 500]
[linear_lambda: 0]
[min_gain_to_split: 0]
[drop_rate: 0.1]
[max_drop: 50]
[skip_drop: 0.5]
[xgboost_dart_mode: 0]
[uniform_drop: 0]
[drop_seed: 21238]
[top_rate: 0.2]
[other_rate: 0.1]
[min_data_per_group: 100]
[max_cat_threshold: 32]
[cat_l2: 10]
[cat_smooth: 10]
[max_cat_to_onehot: 4]
[top_k: 20]
[monotone_constraints: ]
[monotone_constraints_method: basic]
[monotone_penalty: 0]
[feature_contri: ]
[forcedsplits_filename: ]
[refit_decay_rate: 0.9]
[cegb_tradeoff: 1]
[cegb_penalty_split: 0]
[cegb_penalty_feature_lazy: ]
[cegb_penalty_feature_coupled: ]
[path_smooth: 0]
[interaction_constraints: ]
[verbosity: -1]
[saved_feature_importance_type: 0]
[use_quantized_grad: 0]
[num_grad_quant_bins: 4]
[quant_train_renew_leaf: 0]
[stochastic_rounding: 1]
[linear_tree: 0]
[max_bin: 255]
[max_bin_by_feature: ]
[min_data_in_bin: 3]
[bin_construct_sample_cnt: 200000]
[data_random_seed: 38]
[is_enable_sparse: 1]
[enable_bundle: 1]
[use_missing: 1]
[zero_as_missing: 0]
[feature_pre_filter: 1]
[pre_partition: 0]
[two_round: 0]
[header: 0]
[label_column: ]
[weight_column: ]
[group_column: ]
[ignore_column: ]
[categorical_feature: ]
[forcedbins_filename: ]
[precise_float_parser: 0]
[parser_config_file: ]
[objective_seed: 8855]
[num_class: 1]
[is_unbalance: 0]
[scale_pos_weight: 1]
[sigmoid: 1]
[boost_from_average: 1]
[reg_sqrt: 0]
[alpha: 0.9]
[fair_c: 1]
[poisson_max_delta_step: 0.7]
[tweedie_variance_power: 1.5]
[lambdarank_truncation_level: 30]
[lambdarank_norm: 1]
[label_gain: ]
[lambdarank_position_bias_regularization: 0]
[eval_at: ]
[multi_error_top_k: 1]
[auc_mu_weights: ]
[num_machines: 1]
[local_listen_port: 12400]
[time_out: 120]
[machine_list_filename: ]
[machines: ]
[gpu_platform_id: -1]
[gpu_device_id: -1]
[gpu_device_id_list: ]
[gpu_use_dp: 0]
[num_gpu: 1]

end of parameters

pandas_categorical:null
