tree
version=v4
num_class=1
num_tree_per_iteration=1
label_index=0
max_feature_idx=74
objective=binary sigmoid:1
feature_names=REV5 REV20 INTRA20 OVN20 MAX20 SKEW20 BIGUP20 VOL20 ABVOL5 VOLVOL20 PVCORR20 USHADOW20 AMIHUD20 SMALL20 LOWPRICE CLOSEVWAP CGO60 CGO250 HIGH250 LOW250 REV120 UPDAYS10 ATTN60 ABVOL250 EXTREME60 UPVOL20 DNLIM20 MIN20 LB UP0 TOUCH0 ZB0 NUP10 R1 R3 R5 DH20 AMP CPOS GAP VR5 VR20 M_UP M_DN M_ZB M_LBMAX M_LB2 M_RELAY M_RELAY_ON M_BREADTH M_MED M_BIGDN M_AMT M_UP_5 M_UP_z M_DN_5 M_DN_z M_ZB_5 M_ZB_z M_LBMAX_5 M_LBMAX_z M_LB2_5 M_LB2_z M_RELAY_5 M_RELAY_z M_RELAY_ON_5 M_RELAY_ON_z M_BREADTH_5 M_BREADTH_z M_MED_5 M_MED_z M_BIGDN_5 M_BIGDN_z M_AMT_5 M_AMT_z
feature_infos=[-0.7789921760559082:0.48779439926147461] [-3.8367700576782227:0.74637508392333984] [-0.20128476619720459:0.10589408874511719] [-0.10039114952087402:0.10042804479598999] [-0.20134228467941284:0.61502999067306519] [-3.7684857845306396:4.4026021957397461] [-18:0] [-0.4957122802734375:0] [-11.925601959228516:-0.0023819024208933115] [-2.8225576877593994:-0.016143238171935081] [-1:1] [-0.091040432453155518:0] [-23.096063613891602:-7.0468382835388184] [-19.511388778686523:-5.293367862701416] [-6.645103931427002:0.77652877569198608] [-0.16053199768066406:0.90360778570175171] [-0.81232893466949463:1.3873974084854126] [-0.8158031702041626:4.2158722877502441] [-0.92586225271224976:0] [-27.656059265136719:0] [-6.7759222984313965:0.87667477130889893] [-1:0] [-39:0] [-14.233029365539551:-0.00060308887623250484] [-42:0] [-1:0] [0:12] [-0.10089020431041718:0.76671123504638672] [0:13] [0:1] [0:1] [0:1] [0:10] [-0.20002877712249756:0.20091748237609863] [-0.40435957908630371:0.62373936176300049] [-0.48779439926147461:0.7789921760559082] [-0.75105911493301392:0] [0:0.32989320158958435] [0:1] [-0.19546747207641602:0.19998574256896973] [0.0014564167940989137:354.83486938476562] [0.00078287289943546057:292.58084106445312] [0.00050200801342725754:0.95357590913772583] [0:0.91861242055892944] [0.0013140604132786393:0.97887325286865234] [1:20] [0:0.88707655668258667] [-0.071131773293018341:0.10706144571304321] [-0.044997341930866241:0.10008876025676727] [0.0070838253013789654:0.99727767705917358] [-0.099973678588867188:0.10001933574676514] [0:0.94863241910934448] [0.084419801831245422:6.2600936889648438] [0.0025808254722505808:0.66325920820236206] [-2.3081643581390381:9.0443191528320312] [0:0.68247318267822266] [-1.186282753944397:10.169605255126953] [0.16309700906276703:0.67147642374038696] [-2.5749156475067139:4.3943805694580078] [1:18] [-1.9120244979858398:4.4102821350097656] [0:0.39123880863189697] [-1.8583599328994751:10.728182792663574] [-0.026522165164351463:0.065881595015525818] [-3.7332439422607422:3.375471830368042] [-0.018562190234661102:0.047142487019300461] [-4.8217616081237793:4.9313521385192871] [0.069141998887062073:0.82765281200408936] [-2.4049980640411377:2.4038116931915283] [-0.099142231047153473:0.050181686878204346] [-5.3721933364868164:3.6775884628295898] [0:0.78985494375228882] [-1.0330004692077637:9.4074583053588867] [0.090713739395141602:4.7714681625366211] [-3.0152311325073242:10.391966819763184]
tree_sizes=3469 3609 3572 3592 3538 3582 3580 3571 3548 3548 3588 3597 3568 3556 3594 3581 3591 3578 3586 3541 3513 3602 3563 3572 3590 3568 3587 3568 3592 3598 3590 3594 3594 3584 3615 3590 3612 3553 3541 3612 3596 3581 3565 3604 3607 3568 3590 3607 3609 3592 3603 3613 3579 3612 3562 3596 3579 3597 3584 3551 3596 3572 3611 3588 3584 3617 3585 3567 3612 3617 3606 3620 3594 3609 3615 3548 3529 3583 3557 3614 3554 3558 3605 3562 3606 3570 3602 3555 3630 3526 3606 3422 3598 3592 3577 3571 3552 3583 3621 3637 3587 3279 3572 3607 3592 3587 3520 3585 3572 3584 3594 3562 3604 3557 3564 3560 3564 3311 3535 3621 3516 3577 3544 3586

Tree=0
num_leaves=31
num_cat=0
split_feature=55 7 53 62 56 61 56 73 52 24 61 63 45 42 72 73 65 37 16 61 55 55 16 52 44 45 17 56 52 17
split_gain=21439.4 7648.6 2785.67 2693.77 3001.31 1863.18 1760.85 1649.43 1642.99 1596.49 1029.51 755.755 548.511 475.14 441.366 641.556 410.926 363.597 348.453 312.737 193.969 183.343 156.661 140.154 107.324 61.3026 37.5515 14.4897 12.8086 3.12246
threshold=0.10144788771867753 -0.043699853122234338 0.020760599523782734 -0.04146576672792434 -0.38527868688106531 0.015148374717682602 1.0518071055412295 1.1956372857093813 0.66890722513198864 -3.4999999999999996 0.0036549614742398266 0.029044248163700107 5.5000000000000009 0.034534091129899032 -0.037241758778691285 0.87379205226898204 0.026105082593858246 0.046541981399059303 0.16338446736335757 0.00091732892906293284 0.015700885094702247 0.061570081859827049 0.059605533257126815 0.84093570709228527 0.30471627414226538 2.5000000000000004 0.31839336454868322 -0.056490363553166383 1.0465533733367922 0.055462377145886428
decision_type=2 10 2 2 2 2 2 2 2 2 2 2 2 2 2 2 2 8 8 2 2 2 8 2 2 2 8 2 2 8
left_child=1 5 -2 4 -4 13 9 8 -6 11 19 22 -12 17 18 -16 -13 24 -11 25 -19 27 -3 -21 -1 -8 -15 -7 -14 -5
right_child=2 6 3 29 7 21 10 -9 -10 14 12 16 28 26 15 -17 -18 20 -20 23 -22 -23 -24 -25 -26 -27 -28 -29 -30 -31
leaf_value=-3.5146504656925077 -3.5285044705333783 -3.5336071511665983 -3.5288228073799606 -3.5284822026340601 -3.5258172352727373 -3.4371905279405537 -3.5275118281963636 -3.5251194827841368 -3.3300082200659213 -3.5474783089540844 -3.468208561704154 -3.5298049955003408 -3.5231321953359767 -3.5347177829110819 -3.50892819798332 -3.5382299186340052 -3.4920642057978672 -3.4907770444345076 -3.5213918883648949 -3.5202871423402846 -3.526563748321033 -3.5257692751393765 -3.519841773744909 -3.5393637907682165 -3.5297754927359493 -3.5061338158015847 -3.5231001581341079 -3.5230596563303496 -3.5293530917353291 -3.5253182334584827
leaf_weight=305.65379396080971 110.27857840061188 2135.6618347764015 74.463028013706207 65.467494428157806 44.977667927742004 168.77731069922447 40.674249082803726 54.722829312086105 255.06779953837395 13017.092378139496 82.348001897335052 218.16945344209671 78.044583052396774 294.71478089690208 391.52782291173935 2524.6631343662739 403.02211582660675 1093.1794425845146 291.32757380604744 133.90573605895042 114.74858120083809 33.538902997970581 587.68043026328087 756.65208891034126 471.73799738287926 59.414944052696228 33.122443109750748 44.894375950098038 104.03168007731438 27.819520533084869
leaf_count=11009 3972 76922 2682 2358 1620 6079 1465 1971 9187 468848 2966 7858 2811 10615 14102 90933 14516 39374 10493 4823 4133 1208 21167 27253 16991 2140 1193 1617 3747 1002
internal_value=-3.52602 -3.53206 -3.39849 -3.38296 -3.3675 -3.48755 -3.53832 -3.35145 -3.34051 -3.54063 -3.50864 -3.52228 -3.48243 -3.50623 -3.54442 -3.53228 -3.50136 -3.50147 -3.54674 -3.52771 -3.49352 -3.44337 -3.53005 -3.53525 -3.52194 -3.50933 -3.53213 -3.4401 -3.52608 -3.52724
internal_weight=24017.4 23384.6 632.797 522.518 429.231 2560.37 20824.2 354.768 300.045 19569.1 1255.07 3344.53 264.424 2313.16 16224.6 2916.19 621.192 1985.32 13308.4 990.647 1207.93 247.211 2723.34 890.558 777.392 100.089 327.837 213.672 182.076 93.287
internal_count=865055 842263 22792 18820 15460 92219 750044 12778 10807 704839 45205 120463 9524 83315 584376 105035 22374 71507 479341 35681 43507 8904 98089 32076 28000 3605 11808 7696 6558 3360
is_linear=0
shrinkage=1


Tree=1
num_leaves=31
num_cat=0
split_feature=7 53 72 73 62 49 37 46 65 69 73 60 55 73 54 57 57 17 51 53 70 60 53 74 16 71 73 17 11 63
split_gain=20134.2 6751.57 5317.45 2995.97 2351.91 2506.65 2341.4 936.281 899.478 772.375 613.748 572.486 581.948 449.668 479.704 351.272 283.435 271.209 267.237 227.288 217.285 270.604 211.805 198.813 146.325 141.003 132.702 73.6277 70.3209 64.7091
threshold=-0.044120635837316506 0.019706219434738163 -0.47603972256183619 1.1626344323158266 -0.04146576672792434 0.96284538507461559 0.044888174161314971 0.0070143223274499187 0.026926904916763309 -0.0034807263873517509 0.8184763789176942 0.85081416368484508 0.0015420460840687158 0.79985573887825023 -0.40466897189617151 0.37624971568584448 0.45002940297126776 0.13887822628021243 0.019510822370648388 0.0047635391820222148 -0.49646964669227595 -0.85769367218017567 0.03822505101561547 1.0000000180025095e-35 0.17085386067628863 0.00078956776997074496 1.0337692499160769 -0.050878843292593949 -0.016864021308720108 0.031313559040427215
decision_type=10 2 2 2 2 2 8 2 2 2 2 2 2 2 2 2 2 8 2 2 2 2 2 2 8 2 2 8 10 2
left_child=1 17 -3 4 5 -4 7 10 20 26 13 12 -10 25 -15 -14 18 -1 -12 -18 21 -8 -11 -23 28 -2 -9 -6 -22 -5
right_child=6 2 3 29 27 -7 8 9 11 22 16 -13 15 14 -16 -17 19 -19 -20 -21 24 23 -24 -25 -26 -27 -28 -29 -30 -31
leaf_value=0.0018589210322538519 0.0076428940499221748 -0.0019661988746616081 0.17274110142317203 -0.002742352416650524 -0.00091671312647552731 -0.0017138219347016697 -0.0080181573373113366 0.040873073601360714 -0.0037196048237832574 -0.013001772124782427 -0.022030847316824736 -0.0023365055902531779 0.050658904025523366 -0.0062582321602150433 0.032153214677864014 -0.0013271930582915259 0.013535753765094029 0.025124020395056509 -0.0038028828227295482 -0.0096629917924434573 0.0023666022913284186 0.022616403799592559 0.0095147359311969996 -0.00059012329707099867 0.0078313428925624769 -0.011993579572133902 -0.0011728892400001681 0.021494147339042962 -0.0096040229919834783 0.012841713688455445
leaf_weight=1046.8439196180552 30.083207815885544 338.95662924833596 603.757667619735 111.60818105563521 84.353483606129885 65.380110030993819 317.14892969280481 46.281070983037353 175.63927999511361 563.49284647963941 11859.453668951988 388.81308728642762 436.52297468110919 277.07063199393451 134.7528185211122 92.513212252408266 175.24325018748641 490.58327386714518 1059.75221535936 367.91789937391877 279.34860818460584 425.68354419060051 135.44564312137663 441.64204474724829 210.34684657119215 1209.345091111958 30.852332966402173 184.79066717997193 2121.7326193656772 136.43413643725216
leaf_count=37140 1100 12152 19803 4002 3016 2361 11517 1584 6371 20493 434313 14043 15541 10121 4889 3359 6387 17222 38424 13472 10121 15409 4844 16040 7540 44217 1118 6505 77435 4784
internal_value=0.000368258 0.0663786 0.102763 0.124575 0.141543 0.161996 -0.0106783 -0.0161532 0.00690674 0.0106768 -0.017848 0.0258345 0.0361456 -0.000280554 0.0167206 0.0450488 -0.019894 0.0137737 -0.0207554 0.00043449 -0.000848223 0.00785285 -0.00623985 0.0146856 -0.00551895 -0.00928454 0.0370894 0.0180503 -0.00794006 0.0082825
internal_weight=23841.8 3062.71 1525.28 1186.32 938.282 669.138 20779.1 15889.7 4889.39 776.072 15113.6 1093.49 704.675 1651.25 411.823 529.036 13462.4 1537.43 12919.2 543.161 3795.9 1184.47 698.938 867.326 2611.43 1239.43 77.1334 269.144 2401.08 248.042
internal_count=865323 106985 52623 40471 31685 22164 758338 580962 177376 28039 552923 39314 25271 60327 15010 18900 492596 54362 472737 19859 138062 42966 25337 31449 95096 45317 2702 9521 87556 8786
is_linear=0
shrinkage=0.03


Tree=2
num_leaves=31
num_cat=0
split_feature=7 53 72 68 69 62 19 62 72 47 63 57 24 45 42 62 61 57 37 54 56 43 59 48 71 58 61 19 43 60
split_gain=18584.3 5851.04 4464.88 2161.29 2148.62 1991.94 1521.03 1149.31 838.078 899.3 713.935 589.928 527.974 442.108 423.185 359.581 309.676 275.532 270.274 228.043 183.813 133.804 131.628 127.168 110.207 87.7115 70.9873 46.2435 39.3295 39.3281
threshold=-0.043699853122234338 0.019706219434738163 -0.47603972256183619 1.3225365281105044 -0.015597060322761534 1.0471337437629702 -0.6971115469932555 -0.8825586438179015 -0.037241758778691285 0.011372546199709179 0.021982686594128612 0.37759324908256536 -2.4999999999999996 4.5000000000000009 0.01598042901605368 -0.80025124549865712 0.0054120752029120931 0.45002940297126776 0.056841328740119941 -0.03228980861604213 -0.48340311646461481 0.0021663814550265674 4.0999999046325692 0.03779567405581475 0.062874954193830504 0.11148720234632493 0.015148374717682602 -0.79109156131744374 0.043801985681056983 -0.97791385650634755
decision_type=10 2 2 2 2 2 10 2 2 2 2 2 2 2 2 2 2 2 8 2 2 2 2 2 2 2 2 10 2 2
left_child=1 18 26 5 11 7 14 -4 12 23 -11 13 16 15 21 -2 -8 -14 27 -17 -16 -6 -22 -10 29 -23 -3 -1 -13 -20
right_child=4 2 3 -5 6 -7 8 -9 9 10 -12 28 17 -15 20 19 -18 -19 24 -21 22 25 -24 -25 -26 -27 -28 -29 -30 -31
leaf_value=0.0060464132710789367 -0.0016055468947162447 -0.0069774947574600251 -0.0010083330604869845 0.00069270095926450938 -0.0075311269821775042 0.0039777976946895263 -0.010458570971468687 0.13775025036129404 -0.015484009305197142 0.026329975437106353 -0.0070549360220339653 -0.0050892948933665442 -0.023324858388576859 -0.00083053713413243932 -0.0013374355343915229 0.065518500662676463 0.010102642350513918 0.0010934751824715611 0.00064781956495049643 -0.00039926116035458756 0 0.011422560374344262 0.029437064127937708 0.0046670213725746746 -0.00063662248764988444 -0.0022556171877259374 0.0070782059641891354 -0.0037140545365295591 0.0052578335679090904 0.026885269061383842
leaf_weight=214.48300954140723 56.13240110874176 299.07222187519073 43.807273805141449 153.34804959222674 984.42258927598596 154.51938905380666 2619.365130553022 977.63551852479577 2070.8674389664084 807.2380206156522 711.28813046775758 276.7719985358417 10070.419193137437 132.59812136925757 207.46016403660178 80.180735161527991 396.43715269863605 363.11763016134501 105.66494558379054 35.110108675435185 147.04077162221074 380.66158359125257 452.22280759736896 69.349913896992803 119.60442127287388 495.46456121467054 45.810893733054399 623.53561141900718 70.783960867673159 546.3844021782279
leaf_count=7500 2047 10798 1401 5472 36347 5403 96692 29387 75651 29455 26057 10137 376265 4767 7509 2535 14272 13389 3644 1290 5373 13923 16174 2461 4280 18085 1584 22220 2450 18807
internal_value=0.000448253 0.0616348 0.0941224 0.112803 -0.0106115 0.122676 -0.0126702 0.133226 -0.0159105 -0.0026393 0.0126696 0.0299837 -0.0192753 0.044129 0.00724914 0.0540732 -0.00661804 -0.0224364 0.0134037 0.060945 0.0203757 -0.00142567 0.0253547 -0.0139572 0.022121 0.00546027 -0.00167143 0 -0.00076943 0.0250204
internal_weight=23710.8 3283.87 1674.19 1329.31 20426.9 1175.96 19775.4 1021.44 17108.1 3658.74 1518.53 651.577 13449.3 304.021 2667.27 171.423 3015.8 10433.5 1609.67 115.291 806.724 1860.55 599.264 2140.22 771.654 876.126 344.883 838.019 347.556 652.049
internal_count=865375 110496 54045 41663 754879 36191 731653 30788 634242 133624 55512 23226 500618 10639 97411 5872 110964 389654 56451 3825 29056 68355 21547 78112 26731 32008 12382 29720 12587 22451
is_linear=0
shrinkage=0.03


Tree=3
num_leaves=31
num_cat=0
split_feature=7 53 72 73 37 49 61 46 45 65 73 47 70 47 55 43 43 57 17 63 19 52 57 56 72 63 61 72 51 33
split_gain=16925.8 5009.9 3730.99 2347.45 2037.21 1565.31 1395.75 890.186 846.782 754.389 598.753 573.989 972.073 465.9 459.334 398.413 567.295 356.837 281.827 196.525 194.123 183.06 162.986 160.157 152.736 78.1403 69.5723 57.8295 46.0274 40.2317
threshold=-0.043291017413139336 0.019706219434738163 -0.47603972256183619 1.1626344323158266 0.046187559142708785 0.96284538507461559 0.019599878229200843 0.0070143223274499187 5.5000000000000009 0.026926904916763309 0.8184763789176942 0.019044885411858562 0.26884900033473974 0.043177289888262756 0.0015420460840687158 0.0027217068709433083 0.0038860169006511573 0.37624971568584448 0.070832598954439177 0.041617799550294883 -0.5899565815925597 0.89481723308563244 0.28586374223232275 0.51201243698596965 -0.064719449728727327 0.031313559040427215 0.015148374717682602 -0.21354252099990842 0.0042293488513678321 0.090210080146789565
decision_type=10 2 2 2 8 2 2 2 2 2 2 2 2 2 2 2 2 2 8 2 10 2 2 2 2 2 2 2 2 8
left_child=1 18 26 5 7 6 -4 10 13 20 11 -2 -13 -9 -11 23 -17 19 27 -16 28 24 -15 -12 -22 -5 -3 -1 -6 -23
right_child=4 2 3 25 9 -7 -8 8 -10 14 15 12 -14 22 17 16 -18 -19 -20 -21 21 29 -24 -25 -26 -27 -28 -29 -30 -31
leaf_value=-0.0046176682578287524 -0.014445020161933558 -0.0068303661278765106 0.1293366053673089 -0.0036991187062609602 -3.399930013495727e-05 -0.0021770230620335117 0.003666936130826832 -0.0042534784417064073 -0.010164254194430981 -0.0040971525245771774 -0.023928069570564932 0.035015987749141393 -0.010176571246495006 -0.00062229221332812446 0.040991397279343748 0.0036881778443504875 -0.016765604773782038 -0.0031140987510286065 0.02270270426766299 -0.0013771211612060587 -0.0046658214302886577 -0.010997091252491721 0.048385092690761078 0.0039766196612647632 0.013497485768725831 0.012316446066054155 0.0070508230131517769 0.0055721799930421477 0.011033741623005218 0.0018539057755834591
leaf_weight=490.80443235300481 784.11084689572453 304.23048677109182 1004.2118423935026 130.53068506158888 405.26193493045866 74.450347781181335 120.67750057205558 125.06633771210909 541.07439821772277 263.70686831511557 8193.0583621002734 329.87462554499507 523.42978664301336 41.003678606823087 565.1205239854753 1502.5157816633582 3491.8657019212842 128.52587352506816 686.04949064180255 58.866104196757078 461.45789244957268 1609.2154956944287 76.228618402034044 35.914627406746149 292.67339606396854 152.96507066302001 46.986491180956364 507.57641335017979 610.624934816733 56.041918717324734
leaf_count=17394 29316 11048 26802 4326 14792 2639 3568 4656 19836 9701 311691 12152 19659 1466 19472 56457 130333 4707 23409 2061 17234 59639 2601 1304 10464 5059 1614 17910 22091 2082
internal_value=0.000392818 0.0567165 0.0855372 0.101514 -0.0105916 0.115089 0.121316 -0.0155858 0.0104442 0.00670043 -0.0172727 0 0.0135549 0.0327166 0.02434 -0.0193187 -0.010782 0.0322024 0.0128023 0.0378929 -0.000871021 -0.00536115 0.0441393 -0.0235511 0.0047149 0.0069047 -0.00157009 0.000493326 0.00786574 -0.0100978
internal_weight=23614.1 3518.48 1834.05 1482.84 20095.6 1199.34 1124.89 15644.1 783.373 4451.49 14860.8 1637.42 853.304 242.299 1016.22 13223.4 4994.38 752.513 1684.43 623.987 3435.28 2419.39 117.232 8228.97 754.131 283.496 351.217 998.381 1015.89 1665.26
internal_count=865483 113769 55056 42394 751714 33009 30370 589471 28559 162243 560912 61127 31811 8723 35941 499785 186790 26240 58713 21533 126302 89419 4067 312995 27698 9385 12662 35304 36883 61721
is_linear=0
shrinkage=0.03


Tree=4
num_leaves=31
num_cat=0
split_feature=55 24 19 37 61 53 53 56 60 67 71 56 44 70 63 50 1 60 57 57 24 55 53 72 53 13 71 69 65 7
split_gain=15913.8 6122.65 2220.67 1878.31 1874.94 1432.25 1430.24 908.727 709.557 667.513 786.223 620.378 732.894 667.004 618.989 483.753 445.359 423.369 294.075 239.848 244.883 227.487 220.557 183.476 106.884 70.1637 67.4158 47.4307 31.3656 27.5907
threshold=0.10144788771867753 -5.4999999999999991 -0.27197389304637903 0.046187559142708785 0.015148374717682602 0.12328990921378137 0.020760599523782734 0.3233007043600083 0.77703300118446361 0.41224266588687902 0.009848475921899082 -0.39517524838447565 0.31440092623233801 0.6738804578781129 -0.0018343259580433367 -0.01150354743003845 -0.19665539264678952 -0.89757290482521046 0.3774182945489884 0.45002940297126776 -2.4999999999999996 0.061570081859827049 0.0047635391820222148 -0.24815447628498075 0.022126610390841964 -12.069182872772215 0.30872301757335668 0.0022902102209627633 0.037981061264872558 -0.03725896775722503
decision_type=2 2 10 8 2 2 2 2 2 2 2 2 2 2 2 2 10 2 2 2 2 2 2 2 2 10 2 2 2 10
left_child=1 4 5 7 11 6 -2 19 14 10 -9 24 13 -13 -8 17 28 -5 -19 20 -3 -6 -21 -14 29 -18 -4 -11 -17 -1
right_child=2 3 26 15 21 -7 8 9 -10 27 -12 12 23 -15 -16 16 25 18 -20 22 -22 -23 -24 -25 -26 -27 -28 -29 -30 -31
leaf_value=0.0069861255354921126 -0.00084205218664044077 -0.0089328752756041834 -0.0049167095884114663 -0.006943485764474496 0.074043181921172097 -0.00093546585693016692 0.0029183748127209093 0.040398067371897405 0.0010369743776327415 -0.013744122114329056 -0.0039252096147946031 0.04681595824291692 -0.0070804562715125448 -0.0012786448657571029 0.14656934889900866 0.016194399703526069 0 0.032159090083120262 0 0.014262789601158938 -0.022185697239658648 0 -0.0094009009608493517 0.010349517307454701 -0.011275626776364733 -0.010306685595017552 0.0093986971629940515 0.0013620647226431192 -0.00059521294265911962 -0.0022775435702512875
leaf_weight=230.64321141503751 63.897234985604882 2604.2617675308138 143.33914465270936 245.40024219825864 306.90868928283453 73.540431134402752 53.561931302770972 193.42736732214689 46.329512847587466 717.36218877881765 564.1847229860723 669.28460121899843 463.98846521042287 284.86824629083276 404.54339605756104 540.63407308980823 887.96938424184918 618.7671750895679 321.02116983756423 121.17452432028949 10423.313047297299 44.442563369870186 324.13747819326818 805.74217716231942 432.13249617442489 1653.3274094965309 65.637536477297544 81.293268388137221 35.552627390250564 107.054921714589
leaf_count=7889 2248 97229 4587 8988 8391 2471 1300 6881 1348 26759 20990 22282 15328 10090 9294 18847 31963 21592 11574 4439 402981 1558 12184 28076 15144 61116 1599 3026 1253 4001
internal_value=0.000510644 -0.00532136 0.100605 -0.0119456 0.0294585 0.117131 0.125977 -0.0168305 0.134763 0.00369415 0.0187148 0.0151808 0.0220736 0.0367483 0.140375 0.0050307 -0.00163316 0.018021 0.0248956 -0.0192701 -0.0199867 0.0703968 0.000859025 0.00360977 -0.00534607 -0.00737896 0.00261383 -0.0120431 0.0150844 0.00408473
internal_weight=23527.7 22676.9 850.849 19331.8 3345.07 641.873 568.332 15029.2 504.435 1556.27 757.612 2993.71 2223.88 954.153 458.105 4302.67 3117.48 1185.19 939.788 13472.9 13027.6 351.351 445.312 1269.73 769.831 2541.3 208.977 798.655 576.187 337.698
internal_count=865428 842581 22847 729822 112759 16661 14190 574489 11942 57656 27871 102810 75776 32372 10594 155333 113179 42154 33166 516833 500210 9949 16623 43404 27034 93079 6186 29785 20100 11890
is_linear=0
shrinkage=0.03


Tree=5
num_leaves=31
num_cat=0
split_feature=24 53 56 49 37 73 62 56 58 67 42 61 62 73 24 17 56 57 61 1 71 73 54 56 54 62 54 57 43 43
split_gain=15172.2 4891.58 5277.43 2325.69 2244.28 1662.51 1563.53 1009.73 748.045 648.8 561.275 481.055 427.697 346.328 297.449 288.521 237.94 236.765 169.66 150.796 146.865 135.97 133.478 89.3113 87.422 84.3039 80.3907 63.7957 57.8254 55.3395
threshold=-5.4999999999999991 0.019706219434738163 -0.42773613333702082 0.96284538507461559 0.053568409755826003 1.1626344323158266 -0.04146576672792434 0.3233007043600083 -0.56895267963409413 0.41224266588687902 0.051005637273192413 0.0028121840441599493 1.0000000180025095e-35 1.0757752656936648 -2.4999999999999996 0.077459827065467848 4.4686520099639901 0.45002940297126776 0.015148374717682602 -0.13736951351165769 0.016715854406356815 0.82910767197608959 -1.1333138346672056 2.9810222387313847 3.4895354509353642 -0.66424006223678578 -0.34791201353073115 0.33747845888137823 0.0030366347637027506 0.0017241392633877697
decision_type=2 2 2 2 8 2 2 2 2 2 2 2 2 2 2 8 2 2 2 10 2 2 2 2 2 2 2 2 2 2
left_child=1 15 18 5 7 6 -4 10 9 12 14 19 -9 20 21 25 28 -16 -3 -6 -13 -2 -22 -21 -12 -1 -7 -15 -10 -27
right_child=4 2 3 -5 11 26 -8 8 16 -11 24 13 -14 27 17 -17 -18 -19 -20 23 22 -23 -24 -25 -26 29 -28 -29 -30 -31
leaf_value=-0.0067282242871229006 0.0034406943209762371 -0.010523147367411294 0.12950944547160398 -0.0038721301112529831 0.010025248901098481 -0.003715006821762689 0.015509682437607124 -7.2688312022721252e-05 0.002482529557028539 -0.0067370148721670967 0.019585051543975426 0.0068142810743892198 0.050466747755570314 0.0066691685981079048 -0.02159531330902275 0.020280834280030115 0.011170062879426618 0.00058115773266224143 0.010066136485840678 -0.0075559416427868915 -0.00069685249962743629 -0.010541857081495158 0.042425390016112625 0.0062504665991445392 -0.0024085116026792901 -0.0027004526576175666 0.013397936924299456 -0.005519664030210902 -0.0135354517414535 0.0088794026830537887
leaf_weight=474.59977435134351 491.87833759561181 453.94443504884839 994.93478845432401 148.25587019696832 422.13066555373371 88.88437837921083 285.48335675336421 182.44493395090103 39.203563299030066 233.04757793806493 44.718784064054489 475.08362701162696 111.57141179963946 279.93372310325503 10775.930617539212 765.49520434439182 75.432312075048685 396.41013731434941 95.90373775549233 1236.7796381209046 38.346880113705993 2556.8377342149615 284.59684568084776 120.9770466927439 63.421900643035769 255.54431153088808 146.89805956371129 261.34778475947678 1128.9731603115797 464.57498647645116
leaf_count=17107 18010 16127 22376 5299 14943 2819 8532 6769 1386 8747 1375 16769 3684 9677 424096 26070 2637 14816 3132 45549 1349 95941 9229 4278 2354 9285 4503 9405 42197 16475
internal_value=0.000904719 0.0494923 0.075791 0.0969112 -0.010621 0.105431 0.115754 -0.0150961 0.00497349 0.0246098 -0.0176805 0.0112893 0.0384305 0.0220492 -0.0184429 0.0102969 -0.00784733 -0.0207916 -0.00356247 1.30714e-06 0.0304741 -0.00803445 0.0396281 -0.00481312 0.0148178 -1.9347e-05 0.00839839 0.000671409 -0.0122351 0.00510158
internal_weight=23393.6 4174.52 2214.3 1664.46 19219.1 1516.2 1280.42 16099.9 1770.67 527.064 14329.2 3119.2 294.016 1339.31 14221.1 1960.21 1243.61 11172.3 549.848 1779.89 798.027 3048.72 322.944 1357.76 108.141 1194.72 235.782 541.282 1168.18 720.119
internal_count=864936 131725 62788 43529 733211 38230 30908 622012 65420 19200 556592 111199 10453 46429 552863 68937 46220 438912 19259 64770 27347 113951 10578 49827 3729 42867 7322 19082 43583 25760
is_linear=0
shrinkage=0.03


Tree=6
num_leaves=31
num_cat=0
split_feature=7 53 56 7 73 62 52 56 61 63 62 61 67 58 72 19 19 53 19 62 61 70 49 74 55 71 72 70 68 19
split_gain=14586.3 4042.22 3342.28 1804.2 1665.49 1327.75 1473.57 1302.11 763.626 738.451 785.238 608.761 465.745 405.202 461.53 386.834 308.978 279.901 238.341 236.969 221.153 166.947 177.475 165.625 131.467 124.862 116.26 113.027 89.4653 66.2483
threshold=-0.043291017413139336 0.023126668296754364 -0.37920556962490076 -0.028598480857908722 1.1626344323158266 -0.04146576672792434 0.66890722513198864 1.0518071055412295 0.015148374717682602 0.029044248163700107 -0.055397190153598778 0.0036549614742398266 0.41386419534683233 -0.0089629767462611181 -0.45920740067958826 -0.63933315873146046 -0.018617428839206692 0.014879378490149977 -0.90117615461349476 -0.83645135164260853 0.00091732892906293284 -0.645667403936386 0.23476926982402804 -1.0753231048583982 0.0047131311148405084 0.00086436638957820844 -0.037241758778691285 1.4889116883277895 0.58611112833023082 -0.56755551695823658
decision_type=10 2 2 10 2 2 2 2 2 2 2 2 2 2 2 10 8 2 10 2 2 2 2 2 2 2 2 2 2 10
left_child=1 15 8 9 5 6 -4 16 -3 12 13 20 19 14 -11 -1 18 -13 -5 -2 -9 22 -14 -21 -18 -23 -20 -12 -7 -6
right_child=3 2 4 7 29 28 -8 11 -10 10 27 17 21 -15 -16 -17 24 -19 26 23 -22 25 -24 -25 -26 -27 -28 -29 -30 -31
leaf_value=0.025181919445525669 -0.0046015979966343322 -0.011273750504425932 -0.00014585799787984353 0 0.012435696637870237 0.019844431758683959 0.13382823358612947 0.012405296930045046 0.032461525275992213 -0.0012386918683725181 -0.0057209009952787831 0.042744397040347298 -0.0064123513159889912 -0.0010657650864511654 0.058442357861846157 0.000717585414584659 -0.0057753177925003616 -0.0012851363038553431 -0.021747040862386491 -0.0030140149627631901 -0.010605083946827975 0.0060913760092027895 0.014958867252224286 0.019368293661551864 0.012591190631236327 -0.012004025735973598 -0.009315469919726125 0.010490339151641898 -0.0017071208801569212 -0.003187775816343579
leaf_weight=924.81065095029771 487.67996830679476 483.046531252563 72.915792811661959 529.65847633965313 168.83343891240656 182.38848508708179 675.55453671701252 83.214893870055676 85.096427848562598 105.74671902507544 710.59890353865921 73.021535895764828 298.01972845755517 141.62056406214833 146.48107560351491 1078.3350610230118 333.49017879925668 114.99579511582851 9522.7852876354009 197.44198345020413 599.82804553397 58.875895487144589 159.53509954363108 892.01816218532622 118.23609462194145 2808.1558005046099 2006.423048665747 67.539070662111044 102.75469342432916 88.598408838734031
leaf_count=29270 18249 15372 1531 20102 5225 5034 12381 2840 2273 3656 26506 2283 11036 5126 4713 36574 13119 4197 380110 7370 22467 2233 5883 32490 4518 106508 76320 2427 3200 2885
internal_value=0.00107202 0.0507561 0.0779094 -0.00980098 0.0982066 0.110492 0.125705 -0.0157844 0.00712498 0.00353401 0.020799 0.0138391 -0.00208158 0.0399931 0.0488303 0.0149061 -0.0183226 0.0340153 -0.0192182 0.00949094 -0.00349 -0.00817295 0.00464591 0.0154511 0.00280612 -0.0106939 -0.0200856 -0.000525795 0.0155547 0.00810778
internal_weight=23317.7 3862.33 1859.19 19455.4 1291.05 1033.61 748.47 13381.7 568.143 6073.71 1171.99 871.06 4901.73 393.848 252.228 2003.15 12510.6 188.017 12058.9 1577.14 683.043 3324.59 457.555 1089.46 451.726 2867.03 11529.2 778.138 285.143 257.432
internal_count=865898 113745 47901 752153 30256 22146 13912 525956 17645 226197 42428 31787 183769 13495 8369 65844 494169 6480 476532 58109 25307 125660 16919 39860 17637 108741 456430 28933 8234 8110
is_linear=0
shrinkage=0.03


Tree=7
num_leaves=31
num_cat=0
split_feature=24 53 56 37 68 73 53 72 73 62 69 1 42 64 67 65 57 19 24 57 72 60 73 65 56 8 52 62 44 43
split_gain=13519.1 3867.81 4205.95 2100.16 1598.67 1572.22 1107.21 832.928 659.645 693.598 511.959 506.688 458.489 427.305 320.459 273.125 257.448 243.803 242.789 215.731 132.813 112.56 110.184 110.125 98.4038 86.4295 82.9151 76.0583 73.6575 67.9883
threshold=-5.4999999999999991 0.019948010332882408 -0.42773613333702082 0.046187559142708785 1.3225365281105044 1.1626344323158266 0.072124548256397261 -0.037241758778691285 0.87115815281867992 3.4812114238739018 -0.015597060322761534 -0.19665539264678952 0.0445205606520176 -0.48588278889656061 0.24340887367725375 0.019435334950685505 0.45002940297126776 -0.6971115469932555 -2.4999999999999996 0.45415253937244421 -0.05846824869513511 -0.13043276220560071 0.9548519253730775 0.034397367388010032 4.4686520099639901 -0.71288192272186268 0.74886998534202587 -0.66424006223678578 0.15459298342466357 0.0090054897591471689
decision_type=2 2 2 8 2 2 2 2 2 2 2 10 2 2 2 2 2 10 2 2 2 2 2 2 2 10 2 2 2 2
left_child=1 17 23 7 5 6 -4 12 13 24 14 -12 16 -9 -5 -15 18 25 -2 -18 28 26 -22 -3 -10 -1 -16 -19 -13 -11
right_child=3 2 4 10 -6 -7 -8 8 9 29 11 20 -14 15 21 -17 19 27 -20 -21 22 -23 -24 -25 -26 -27 -28 -29 -30 -31
leaf_value=0.021878864715580825 -0.0089151949502459665 -0.0090033670520581512 0.11174079095633284 -0.0036254124456740165 0 0.0044771915953802262 0.013880219172458621 -0.0057009218525221998 -0.013822327182208048 0.027117606631377793 0.018925505216900805 0.0046865891956954214 0.011400021862262298 0.039842242955317381 5.3627608987643345e-06 -0.0026004006976427982 0.016180633713949233 -0.0069299847237713035 -0.023245488211562269 -0.0080868789058520293 0.010798494440431702 -1.2293405737810583e-05 -0.0031012348172480219 0.0077584919144282078 0.0043051849162235216 0.00072650291682493874 0.040871469899484474 0.0047403145006010179 -0.0088265288220066782 -0.00084392859716697806
leaf_weight=684.06725739501417 2278.6168091520667 457.69877216033638 1169.5717852134258 128.12377730756998 179.25911807082593 223.13309857994318 285.9199245069176 190.97846403904259 2390.2330479770899 33.01643355563283 706.43754566088319 75.751174826174974 117.67809665203094 142.84026071801782 63.698903970420361 84.250858394429088 30.818489657714963 394.005196435377 8669.1015282869339 370.34061755612493 434.54953100159764 60.337885977700353 726.0842929687351 84.983093382790685 46.199161600321531 280.5198792219162 190.79580280929804 642.3132582269609 2017.5521849095821 34.046150842681527
leaf_count=22423 87359 16362 23538 4653 6214 6814 6448 7251 92332 1022 23985 2722 4258 4956 2113 3142 1141 14328 356985 14116 15427 2080 25952 2845 1609 9793 5943 22898 75762 1257
internal_value=0.00109148 0.045572 0.0679444 -0.0102226 0.0853142 0.0924003 0.101135 -0.0156542 -0.00100572 -0.00775591 0.0072505 0.00215203 -0.0191634 0.0212987 0.0272046 0.0327234 -0.0199733 0.0103933 -0.0208087 0.00138781 -0.00344534 0.0346451 0.00360667 -0.00362903 -0.0127019 0.0182803 0.0378225 -0.000312773 -0.00741253 0.0241656
internal_weight=23192.9 4401.47 2400.57 18791.5 1857.88 1678.62 1455.49 14388.1 2921.56 2503.49 4403.33 3960.37 11466.6 418.07 442.956 227.091 11348.9 2000.91 10947.7 401.159 3253.94 314.833 1160.63 542.682 2436.43 964.587 254.495 1036.32 2093.3 67.0626
internal_count=865728 131663 62221 734065 43014 36800 29986 575428 111569 96220 158637 143848 463859 15349 14789 8098 459601 69442 444344 15257 119863 10136 41379 19207 93941 32216 8056 37226 78484 2279
is_linear=0
shrinkage=0.03


Tree=8
num_leaves=31
num_cat=0
split_feature=7 61 72 37 73 62 65 46 52 45 73 44 44 60 55 57 57 57 57 72 52 51 37 57 71 55 16 64 52 17
split_gain=12667.3 2604.55 1907.04 1836.41 1350.62 1440.9 844.995 737.801 733.273 672.33 604.3 700.846 573.106 541.871 561.183 315.101 292.549 279.256 223.045 215.219 219.494 214.654 192.687 181.553 138.511 138.269 132.551 121.785 117.709 88.197
threshold=-0.043291017413139336 0.0028858100995421414 -0.47603972256183619 0.042711660265922553 1.1626344323158266 -0.04146576672792434 0.026926904916763309 0.0070143223274499187 0.66890722513198864 5.5000000000000009 0.8184763789176942 0.29361055791378027 0.20904676616191867 0.85081416368484508 0.0015420460840687158 0.37624971568584448 0.30759157240390783 0.45002940297126776 0.28586374223232275 -0.064719449728727327 0.89481723308563244 0.019510822370648388 0.057403996586799629 0.46159170567989355 0.0084852976724505442 0.013055253308266403 0.16338446736335757 -0.79173740744590748 0.73867815732955944 0.03333824314177037
decision_type=10 2 2 8 2 2 2 2 2 2 2 2 2 2 2 2 2 2 2 2 2 2 8 2 2 2 8 2 2 8
left_child=1 22 -3 7 5 8 19 10 -4 16 11 12 -2 14 -8 -16 18 21 -9 26 27 -12 -1 -19 -22 -7 -5 -21 -24 -6
right_child=3 2 4 6 29 25 13 9 -10 -11 17 -13 -14 -15 15 -17 -18 23 -20 20 24 -23 28 -25 -26 -27 -28 -29 -30 -31
leaf_value=-0.001925628608518764 -0.0082400182765847742 0 0 -0.0091577238335865223 -0.0041152169647445244 0.021254111003186364 -0.0044658442801218754 -0.00172569557677908 0.0968550669377298 -0.0096982133657187615 -0.021114629663229138 -0.013938888717102339 0.030733344591439386 -0.0031005385046186575 0.045774665083387074 -0.0013472956576241772 -0.0026953783018221203 0.01310186245187789 0.044285926841546433 -0.00089548738422231405 0.0087869525652326634 -0.0034056916640659734 -0.0025915818268674225 -0.0079779038691328678 -0.0075034482409429724 -0.0027591911489648585 0.0062573859155357773 0.022238290887956175 0.019471026515696134 0.011968752857484532
leaf_weight=712.44499879516661 259.91614496707916 395.9319918807596 70.512180583551526 2304.4222488012165 182.46704221516848 449.91071072220802 185.90779373049736 56.413101941347122 1252.7895238120109 468.13954584300518 10139.696889977902 833.48607923090458 386.69098188169301 413.19353904947639 528.02627054601908 100.08956532366574 113.02432649582624 143.088852731511 53.158695451915264 198.88264299184084 224.29863800480962 924.1061467602849 110.12035066448152 358.41321426816285 862.79300766997039 118.6867657545954 220.12349882163107 239.45013450272381 620.61137104593217 173.34501807764173
leaf_count=24181 10476 14292 1496 88535 5882 13139 7052 2121 24073 18143 418920 33259 14713 14945 16806 3719 4446 5356 1414 7059 8173 35371 3118 13757 31534 3613 7731 8275 18790 5405
internal_value=0.00114242 0.0459914 0.0615053 -0.00941373 0.0703751 0.0786487 0.0052336 -0.0150482 0.0930385 0.009738 -0.0166938 0.000910029 0.0180439 0.0228428 0.0324088 0.0407308 0.0294558 -0.0189159 0.0381201 -0.00196024 0.00575534 -0.0198726 0.00890478 0.00127541 -0.0022439 0.0170152 -0.0069022 0.0165381 0.0162003 0.00578468
internal_weight=23100.1 4086.82 2643.64 19013.3 2247.71 1891.9 5277.19 13736.1 1323.3 690.736 13045.4 1480.09 646.607 1227.22 814.024 628.116 222.596 11565.3 109.572 4049.97 1525.42 11063.8 1443.18 501.502 1087.09 568.597 2524.55 438.333 730.732 355.812
internal_count=865794 113989 67900 751805 53608 42321 193829 557976 25569 26124 531852 58448 25189 42522 27577 20525 7981 473404 3535 151307 55041 454291 46089 19113 39707 16752 96266 15334 21908 11287
is_linear=0
shrinkage=0.03


Tree=9
num_leaves=31
num_cat=0
split_feature=24 53 56 37 68 44 56 62 58 42 62 61 44 52 24 58 56 17 57 61 1 59 73 68 72 62 56 44 43 43
split_gain=11895.4 3080.07 3250.51 2079.29 1179.33 1193.74 1018.08 883.403 718.253 592.014 562.318 371.083 362.487 345.139 338.447 328.739 264.405 235.121 233.813 168.021 136.053 123.797 120.156 108.291 89.202 77.5061 71.6587 56.1377 50.3168 50.2329
threshold=-5.4999999999999991 0.019706219434738163 -0.42773613333702082 0.055131608620285995 1.3225365281105044 0.50221237540245067 0.3233007043600083 -0.8825586438179015 -0.56895267963409413 0.051005637273192413 1.0000000180025095e-35 0.0028121840441599493 0.24865591526031497 1.0880720019340517 -2.4999999999999996 1.9228214621543886 4.4686520099639901 0.077459827065467848 0.45002940297126776 0.015148374717682602 -0.12445926666259764 4.0999999046325692 0.82910767197608959 1.3225365281105044 -0.230021096765995 -0.66424006223678578 2.9810222387313847 0.25087413191795355 0.0030366347637027506 0.0017241392633877697
decision_type=2 2 2 8 2 2 2 2 2 2 2 2 2 2 2 2 2 8 2 2 10 2 2 2 2 2 2 2 2 2
left_child=1 17 19 6 5 7 9 -4 10 14 -8 20 -12 21 22 -7 28 25 -16 -3 -5 -13 -2 -23 -11 -1 -22 -15 -10 -27
right_child=3 2 4 11 -6 15 8 -9 16 24 12 13 -14 27 18 -17 -18 -19 -20 -21 26 23 -24 -25 -26 29 -28 -29 -30 -31
leaf_value=-0.0062062003838414537 0.0035188334122041084 -0.010112965647143578 -0.0022532630022388807 0.010149652491506272 0 -0.0079800736574438414 -0.0033753546754095899 0.093101657902918591 0.0021578458368222836 0.020395453169277142 -0.0011093786264203044 0 0.049275562284811052 0.0075008101758901272 -0.02103509267210607 0.023100550903822265 0.012426718831275713 0.018657883013284991 0.00085524054379269409 0.010338102752401565 -0.0067397245706527602 0.035044093580338595 -0.0094276430913793844 -0.00068866868303289817 -0.0023134634877650835 -0.002409481028183827 0.0057133292265204557 -0.0042511990393562784 -0.013032916110708519 0.0086768829880115601
leaf_weight=468.69251243956387 499.23538848012686 445.5123689007014 60.739095179364085 448.34879601188004 179.74640635028481 211.83896172977984 305.17979006096721 1491.1771013494581 40.859314527362585 55.260951399803162 121.58080823346972 117.37633304670453 102.90797648020089 102.16779445484281 10141.40951183252 139.97166631929576 82.176557241007686 805.84954724833369 390.79727369733155 96.283342784270644 1084.1018351651728 592.14233892410994 2533.9326969534159 44.182631626725197 60.490930665284395 257.32246994040906 116.90000710636377 425.29949073307216 1115.1747226938605 473.02476649545133
leaf_count=17057 18455 16126 1771 15616 6109 4223 11725 28751 1433 1637 4608 4014 3045 3429 428120 2482 2746 25924 14946 3082 40610 19021 98321 1592 2245 9394 4048 15114 43175 16442
internal_value=0.00133787 0.0418313 0.0606765 -0.00968499 0.0747164 0.0802594 -0.0140565 0.0895838 0.00588766 -0.0167716 0.0249607 0.011963 0.0396404 0.0214835 -0.0176226 0.0103347 -0.00693173 0.00984896 -0.0201937 -0.00297323 0.00115084 0.030057 -0.00701543 0.0330877 0.0157988 3.63033e-06 -0.00402813 0.000275546 -0.0118254 0.00513519
internal_weight=23009.7 4630.16 2625.27 18379.5 2083.47 1903.73 15449 1551.92 1767.88 13681.1 529.669 2930.52 224.489 1281.17 13565.4 351.811 1238.21 2004.89 10532.2 541.796 1649.35 753.701 3033.17 636.325 115.752 1199.04 1201 527.467 1156.03 730.347
internal_count=865261 131361 62544 733900 43336 37227 630456 30522 66732 563724 19378 103444 7653 43170 559842 6705 47354 68817 443066 19208 60274 24627 116776 20613 3882 42893 44658 18543 44608 25836
is_linear=0
shrinkage=0.03


Tree=10
num_leaves=31
num_cat=0
split_feature=24 53 56 56 49 44 62 1 61 45 55 55 60 17 73 61 19 61 42 54 35 48 52 56 57 45 73 49 51 64
split_gain=11082.5 4040.67 3119.85 1730.03 1611.37 1051.96 1318.13 1029.71 946.842 537.064 521.717 1336 474.997 374.983 309.101 282.763 273.003 182.121 157.753 136.649 116.501 113.596 97.1557 73.517 67.7455 54.732 44.3001 43.2642 39.2976 34.462
threshold=-4.4999999999999991 0.019948010332882408 -0.42773613333702082 1.0518071055412295 0.96284538507461559 0.50221237540245067 -0.055397190153598778 -0.19665539264678952 0.0036549614742398266 5.5000000000000009 0.0056510884314775476 0.0056877790484577426 -1.4655021429061887 0.16023150831460956 0.82910767197608959 0.00091732892906293284 -0.75325104594230641 0.015148374717682602 0.0055422603618353614 3.1795195341110234 0.076403498649597182 0.026875987648963932 0.84093570709228527 -0.1000409536063671 0.32109540700912481 2.5000000000000004 1.0757752656936648 0.67488756775856029 1.0000000180025095e-35 -0.9826984405517577
decision_type=2 2 2 2 2 2 2 10 2 2 2 2 2 8 2 2 10 2 2 2 8 2 2 2 2 2 2 2 2 2
left_child=1 13 17 7 5 6 -4 20 15 -10 16 18 -7 21 -13 25 24 -3 -12 -18 -2 23 -17 28 -9 -5 27 -23 -1 -25
right_child=3 2 4 8 -6 12 -8 10 9 -11 11 14 -14 -15 -16 22 19 -19 -20 -21 -22 26 -24 29 -26 -27 -28 -29 -30 -31
leaf_value=0.0021780798324304261 5.7527684813962766e-05 -0.010629024467938456 0.096236865785612052 -0.0013839199487472409 -0.0047129307917175506 0.029185570740530933 0.017005709262570907 0.0043277178493891996 0.056080909071342382 -0.00074918561931898724 -0.0012786929546669164 0.007027465607942018 -0.0080361834970084801 0.019862596587379662 -0.014781221659708915 0.0042232063298136913 -0.019950860489937858 0.010541928349479682 0.043929835100084982 0.002567403821857822 0.018229480382369777 0.012891580095055805 -0.012171962978553032 -0.0029571160912537564 -0.0066874608363432161 0.018917209102410466 -0.0018158437268109553 -0.0012388463984179651 -0.0097694724059273763 0.0063298660825406184
leaf_weight=62.368339536711574 540.98155391030014 477.13895918242633 1367.9555103927851 38.758171813562512 177.62901558540761 54.196042243391275 499.58878337591887 408.62315308302641 108.71509322524071 167.66409280709922 33.907880330458283 412.02086578682065 323.15207359753549 787.0762501321733 2055.276448937133 132.82687610015273 11200.710908964276 99.836595330387354 38.810617513954639 114.30027560517192 419.78839141689241 304.2125744856894 692.68837893567979 203.11058883182704 659.88490886241198 69.412933513522148 151.91204058751464 103.87315656989813 932.34104635752738 299.92794379964471
leaf_count=2301 19976 17384 23031 1452 5961 636 13536 15790 3035 6026 1426 15329 6772 25096 82334 4645 470890 3172 1346 4454 14475 10783 26489 7147 26192 2071 5440 3761 34218 10413
internal_value=0.00121465 0.0351944 0.0568848 -0.0110555 0.0695053 0.075276 0.083236 -0.013814 0.0184311 0.0429392 -0.0158044 -0.00265583 0.010554 0.00715024 -0.0104677 -0.00105929 -0.0182704 -0.00349367 0.0396131 -0.019599 0.0117247 -0.000527176 -0.00870967 -0.00474738 -0.00224699 0.0159924 0.00739218 0.0102628 -0.00834164 0.00267613
internal_weight=22938.7 5844.32 2999.5 17094.4 2422.52 2244.89 1867.54 15884.3 1210.07 276.379 14923.5 2540.02 377.348 2844.82 2467.3 933.686 12383.5 576.976 72.7185 11315 960.77 2057.75 825.515 1497.75 1068.51 108.171 559.998 408.086 994.709 503.039
internal_count=865581 169651 70492 695930 49936 43975 36567 652212 43718 9061 617761 100435 7408 99159 97663 34657 517326 20556 2772 475344 34451 74063 31134 54079 41982 3523 19984 14544 36519 17560
is_linear=0
shrinkage=0.03


Tree=11
num_leaves=31
num_cat=0
split_feature=53 62 73 72 72 61 64 61 37 68 68 61 44 73 13 19 47 54 70 60 19 4 61 17 33 46 62 44 44 19
split_gain=9744.02 4210.2 3297.53 2546.68 2366.61 1696.05 1276.16 1011 956.905 889.857 1122.16 827.152 614.788 511.89 390.452 370.905 229.943 221.105 192.346 166.844 166.058 161.68 147.648 139.733 117.709 107.514 98.5662 93.7785 81.9956 56.6937
threshold=0.019948010332882408 -0.055397190153598778 1.1876025795936587 -0.47603972256183619 -0.037241758778691285 0.002707779523916543 -0.03133471775799989 0.00298130966257304 0.060560246929526336 -1.0330464839935301 -1.5054242014884947 0.011437317822128536 0.44353370368480688 0.82910767197608959 -12.541325092315672 -0.50986206531524647 0.054956592619419105 -0.71670022606849659 -3.4355949163436885 1.9997000098228457 -0.018617428839206692 -0.084018729627132402 0.015148374717682602 0.21546959877014163 0.058503031730651862 0.0023442122619599108 -0.24629881232976911 0.37176080048084265 0.53939208388328563 -0.77815338969230641
decision_type=2 2 2 2 2 2 2 2 8 2 2 2 2 2 10 10 2 2 2 2 10 10 2 8 10 2 2 2 2 10
left_child=4 2 3 22 8 26 -7 13 14 10 -9 23 -12 17 29 27 19 -6 -17 -13 24 -10 -2 28 -16 -19 -5 -15 -3 -1
right_child=1 11 -4 5 7 6 -8 9 21 -11 12 16 -14 15 20 18 -18 25 -20 -21 -22 -23 -24 -25 -26 -27 -28 -29 -30 -31
leaf_value=0.0035402859650608713 -0.0089379971441021708 -0.015946118408101249 -0.0080096690538397457 -0.0057728248552161125 -0.0030385467939647009 0.035800764664083363 0.1149292725237137 -0.0041221537709625758 0.012511311715777802 -0.0015357223785268505 0.074734973043808606 0.034828654394970147 0.0040992614145672424 0.014483000411122261 -0.020529064432116811 0.0088937433997976073 -0.0022465313589041338 0.03211859245635456 -0.01236985439343358 -0.001679683449667258 0.00088165845240889952 -0.0032749129994282897 0.011118878607899769 0.0038823278796259377 0.0036124556990376169 -0.0011602696576408979 0.011090313734284974 -0.0016990579427658028 0.0030905734751601991 -0.0057664398211346966
leaf_weight=563.61978178843856 333.7218969091773 1124.8467098399997 478.62584248185158 194.70866599678993 133.29718868248165 1017.0188288185745 795.98557899147272 249.25812452845275 778.53802272304893 539.38595923967659 156.01725708693266 214.92587725445628 219.04395365715027 428.64225049130619 10205.865419778973 63.76330928131938 151.83539804629982 140.49346289783716 2367.7303747572005 63.574956946074963 274.46591359376907 729.62693554908037 46.694481389597058 224.89007403515279 23.334061859175563 42.715069212019444 80.473157556727529 303.48552222177386 39.199757512658834 852.16904952190816
leaf_count=20318 12336 42522 16276 5347 4933 19221 13211 8694 25969 19874 4796 5888 7902 15231 437886 2083 5022 4539 93309 2216 11733 27545 1397 6885 899 1521 1423 10985 1363 34044
internal_value=0.00150804 0.0375073 0.0569944 0.0689251 -0.00872509 0.0795864 0.0880055 0.00900746 -0.0149825 0.0282443 0.0434809 0.000327521 0.0597387 -8.97795e-05 -0.0177657 -0.00493367 0.023528 0.0213321 -0.0102881 0.0303831 -0.0196851 0.00581091 -0.00121894 -0.011027 -0.0202803 0.0287497 0.00274413 0.00956423 -0.0143888 -0.00194786
internal_weight=22838 4766.5 2947.23 2468.6 18071.5 2088.19 1813 4643.83 13427.6 1163.71 624.319 1819.27 375.061 3480.13 11919.5 3163.62 430.336 316.506 2431.49 278.501 10503.7 1508.16 380.416 1388.94 10229.2 183.209 275.182 732.128 1164.05 1415.79
internal_count=865368 133107 69211 52935 732261 39202 32432 173867 558394 41266 21392 63896 12698 132601 504880 121608 13126 10993 95392 8104 450518 53514 13733 50770 438785 6060 6770 26216 43885 54362
is_linear=0
shrinkage=0.03


Tree=12
num_leaves=31
num_cat=0
split_feature=24 61 56 56 1 73 58 55 61 55 55 45 65 19 48 61 51 61 17 57 54 0 17 73 20 73 55 45 73 74
split_gain=9999.02 2598.24 2257.36 1621.62 986.137 933.537 1152.74 1133.37 913.86 514.952 1325.64 500.123 320.757 295.243 262.772 253.897 155.448 150.532 138.674 129.777 120.623 111.725 102.467 81.7251 78.2175 65.553 53.2351 50.8541 49.7472 82.6356
threshold=-4.4999999999999991 0.0028858100995421414 -0.42773613333702082 1.0518071055412295 -0.19665539264678952 1.1613202691078188 -1.011211037635803 0.010451580397784712 0.0036549614742398266 0.0056510884314775476 0.0056877790484577426 5.5000000000000009 0.03221555799245835 -0.54714423418045033 0.026875987648963932 0.00091732892906293284 0.0059561927337199458 0.015148374717682602 0.16563691198825839 0.32109540700912481 4.3899624347686776 -0.08241796493530272 0.049640886485576637 0.84927403926849376 -0.27698385715484614 1.0488090515136721 0.0050215048249810943 2.5000000000000004 0.8184763789176942 -0.85862159729003895
decision_type=2 2 2 2 10 2 2 2 2 2 2 2 2 10 2 2 2 2 8 2 2 10 8 2 8 2 2 2 2 2
left_child=1 14 17 4 21 6 26 -8 15 13 16 -10 -12 19 18 27 -11 24 28 -6 -15 -2 -7 -17 -3 -16 -4 -5 29 -1
right_child=3 2 5 8 9 22 7 -9 11 10 12 -13 -14 20 25 23 -18 -19 -20 -21 -22 -23 -24 -25 -26 -27 -28 -29 -30 -31
leaf_value=-0.0055845944060466789 0.018272559467663485 0.0038492068622739328 0.0068567109891418407 -0.0013962477752264093 0.0032219938450591666 -0.0044534011919469896 0.028867502304620672 0.087816016876928471 0.054344525184149416 -0.0012259305777892883 -0.0131902257675583 -0.00054271454167764579 0.012719965003406221 -0.020042750980285563 0.020324899670558866 0.0042598745372717317 0.043937940672346007 0.010690190014308166 0.0085952464932404094 -0.0099081451977313072 0.0033265648657898094 0.00032925541346711637 0.012348250081340726 -0.011351934373047668 -0.011605481812896001 0 -0.0054196498229934775 0.01776867218569474 -0.0085381157501749957 0.0094415907860921668
leaf_weight=220.11583273485303 402.90660085529089 104.93345963768661 111.39418748393655 38.993365058675408 745.20106603763998 226.72231653891504 1275.4201271422207 1169.390479626134 119.12325869686902 33.984935523942113 2328.2462631613016 169.98634394071996 88.800993410870433 9957.2358455043286 405.1014398522675 80.916399981826544 42.316429473459721 102.70565476827323 369.05780366808176 1253.938302712515 46.160851586610079 559.70851309970021 183.60220076330006 729.16077271848917 474.08725136332214 168.92179785482585 157.36028509587049 70.45955696888268 969.34646207652986 110.43872517161071
leaf_count=7704 13592 3480 2377 1473 29641 7025 32811 18546 3039 1454 94712 6057 2895 434001 12342 2731 1369 3225 11548 51680 1781 20707 5302 28288 17593 5852 3494 2036 34917 3130
internal_value=0.00163512 0.0331535 0.046858 -0.0104181 -0.0131614 0.0562891 0.0618567 0.0672883 0.0180772 -0.0151697 -0.00211871 0.0417969 -0.0101183 -0.0176637 0.0054892 -0.00126449 0.0396904 -0.00163591 -0.0013987 -0.0052283 -0.0197531 0.0117237 0.00538808 -0.00853287 -0.00804084 0.017123 0.000428603 0.0149047 -0.00600227 0.00173614
internal_weight=22715.7 6048.6 3805.62 16667.1 15458.5 3123.89 2713.57 2444.81 1208.64 14495.9 2493.35 289.11 2417.05 12002.5 2242.98 919.53 76.3014 681.726 1668.96 1999.14 10003.4 962.615 410.325 810.077 579.021 574.023 268.754 109.453 1299.9 330.555
internal_count=864802 169346 93853 695456 651832 69555 57228 51357 43624 617533 100430 9096 97607 517103 75493 34528 2823 24298 57299 81321 435782 34299 12327 31019 21073 18194 5871 3509 45751 10834
is_linear=0
shrinkage=0.03


Tree=13
num_leaves=31
num_cat=0
split_feature=24 53 72 69 1 72 47 49 74 62 69 16 24 67 57 52 53 61 74 45 71 66 35 72 62 49 66 58 52 17
split_gain=9499.53 1998.6 2161.58 1585.82 1165.35 1068.18 1058.38 1038.78 693.417 680.578 516.491 438.471 381.421 368.693 282.843 213.597 201.6 166.651 163.899 193.456 142.704 95.1865 65.5089 47.8312 45.1847 48.3709 36.1012 24.4431 20.3521 18.6579
threshold=-5.4999999999999991 0.019706219434738163 -0.47603972256183619 -0.015597060322761534 -0.19665539264678952 -0.037241758778691285 0.011372546199709179 0.96284538507461559 0.21235419809818271 -0.8825586438179015 0.015392494387924673 -0.021892390213906762 -2.4999999999999996 0.24340887367725375 0.45002940297126776 0.74886998534202587 0.019948010332882408 0.015148374717682602 0.53825280070304882 2.5000000000000004 0.0022292506182566289 0.93675422668457042 0.053373932838439948 -0.21354252099990842 -0.91916343569755543 0.8435983955860139 -0.66878780722618092 -0.41812852025032038 1.2741359472274782 0.37395037710666662
decision_type=2 2 2 2 10 2 2 2 2 2 2 8 2 2 2 2 2 2 2 2 2 2 8 2 2 2 2 2 2 8
left_child=1 11 17 13 20 12 21 9 -8 -4 -11 23 16 -2 -14 -15 -6 29 19 -17 -5 -7 27 -1 -13 28 -25 -22 -26 -3
right_child=3 2 7 4 5 6 8 -9 -10 10 -12 24 14 15 -16 18 -18 -19 -20 -21 22 -23 -24 26 25 -27 -28 -29 -30 -31
leaf_value=-0.0078571434547160084 -0.0045353569419067808 -0.01165798520376589 -0.0030557960521390604 -0.0028067717852523323 -0.0096626587168057287 -0.013665381620407598 0.028197822097543769 -0.0040487917193194559 -0.0057926245941986422 0.070277465124829588 0.0060384017444147708 0.0011225944415923885 -0.02126670955896609 -0.0006975736093968219 0.0024923742546646365 -1.3949420575206992e-05 0.0064578456540610183 0.009883274122719608 0 0.046621530691218875 0.0063032041364323929 0.0021770732744053572 0.022085054525810825 -0.0036423411975252387 0.024049888647261018 -9.3048743692253865e-05 0.0055511056044475534 -0.0017810865074131634 0 0.00052954603050857222
leaf_weight=487.40836720913649 151.08178500644863 383.21503500826657 80.451056087389588 210.39898853562772 2376.3433044031262 1906.4669050294906 978.65637117996812 149.17354533821344 603.04348415695131 2072.8217237591743 232.99692602455616 191.74969895556569 8788.0940306000412 113.22964478097856 346.53114662133157 75.109633037820458 513.93759716674685 99.896088659763336 84.259328275918961 237.27745720185339 191.46387475170195 215.79597875475883 515.26970046758652 215.15942898765206 710.80422806367278 52.994684848934412 343.1983907353133 250.96368102356791 34.232008488848805 29.803394816815853
leaf_count=17874 5677 14342 2052 7879 96403 76300 36689 4658 24263 32890 4655 6278 397796 3876 13888 2843 17846 3101 2938 6736 6633 8082 16938 7477 22372 1767 11762 9103 1148 1117
internal_value=0.00181079 0.0359839 0.0498113 -0.00878982 -0.0108602 -0.0130868 0.00087499 0.0594758 0.0168158 0.0635643 0.066126 0.00941906 -0.0172746 0.0257624 -0.0202517 0.0328377 -0.00617803 -0.00344256 0.0377961 0.041932 0.0138777 -0.0118321 0.0174544 -0.00367609 0.0200465 0.0221784 0.00167791 0.00288713 0.0234047 -0.0106416
internal_weight=22641.8 5083.9 3048.36 17557.9 16897 15728.9 3703.96 2535.44 1581.7 2386.27 2305.82 2035.55 12024.9 660.958 9134.63 509.876 2890.28 512.915 396.646 312.387 1168.1 2122.26 957.697 1045.77 989.781 798.031 558.358 442.428 745.036 413.018
internal_count=865383 131493 62815 733890 711820 671267 145334 44255 60952 39597 37545 68678 525933 22070 411684 16393 114249 18560 12517 9579 40553 84382 32674 37113 31565 25287 19239 15736 23520 15459
is_linear=0
shrinkage=0.03


Tree=14
num_leaves=31
num_cat=0
split_feature=24 53 56 72 49 42 44 60 50 44 65 63 73 16 71 1 57 57 56 24 62 61 13 72 44 66 0 0 44 71
split_gain=8633.26 2617.55 2082.23 1552.85 1216.98 937.654 928.873 1091.19 654.072 789.77 987.551 1229.04 732.053 603.078 453.249 445.551 281.711 262.854 250.549 213.329 196.306 175.858 117.343 105.741 80.737 72.4265 61.9719 49.1079 45.6389 38.8217
threshold=-4.4999999999999991 0.019948010332882408 -0.42773613333702082 -0.037241758778691285 0.96284538507461559 0.051005637273192413 0.45260557532310491 0.37927569448947912 -0.011930346488952635 0.38799282908439642 0.016687930561602119 0.021015712060034279 0.8184763789176942 0.059605533257126815 0.30872301757335668 -0.2345355153083801 0.45002940297126776 0.46159170567989355 4.4686520099639901 -2.4999999999999996 1.7080866694450381 0.015148374717682602 -12.130812644958494 -0.21354252099990842 0.32866927981376654 -0.66878780722618092 -0.047333300113677972 -0.12009525299072264 0.41523785889148718 0.0034330859780311589
decision_type=2 2 2 2 2 2 2 2 2 2 2 2 2 8 2 10 2 2 2 2 2 2 10 2 2 2 10 10 2 2
left_child=1 13 21 5 6 15 7 -4 9 10 -5 -12 24 23 -8 27 19 -18 26 -17 -7 -3 -14 29 -10 -25 -11 -2 -20 -1
right_child=3 2 4 8 -6 20 14 -9 12 18 11 -13 22 -15 -16 16 17 -19 28 -21 -22 -23 -24 25 -26 -27 -28 -29 -30 -31
leaf_value=0.00094099884073574184 0.01061668704886482 -0.010632169736248009 0.078407085363262893 -0.0070439318244994199 -0.0054179403798487536 0.028214732391033736 -0.0058643893524361178 0.011827442157526888 0.027620618379942449 0.0030643694277352634 0.063645161212483661 -0.0011415096124648605 0.00052149487027679719 0.022757481310208074 0.028223755977178851 -0.007873273774940839 0.016376451232179678 -0.009578474063209861 -0.0013874435275456805 -0.02113072738522671 -0.0031520110018961461 0.010192148667907911 -0.015461167348694351 -0.0040125371160895243 -0.00084094175389108302 0.007580113187786907 -0.010968408019066993 -0.0012345849781856487 0.016462299066106738 -0.010049878614990087
leaf_weight=209.71957076713443 172.92669787816703 464.16076382435858 1581.0515441279858 312.25353634543717 186.41552153974771 102.02921299636364 417.25142425298691 485.50366578996181 76.339828787371516 88.231493882834911 311.44796601124108 351.48372085392475 434.45725279860198 824.9026130978018 184.45184687152505 2264.2683207206428 133.51188312843442 296.64873301237822 36.760759873315692 8711.9824711550027 105.5826174672693 104.10953970812261 1530.555240239948 381.06383836269379 48.953807616606355 675.69233036600053 864.90613028034568 347.50609860755503 93.676861554384232 785.96146221086383
leaf_count=7843 5567 17263 23537 12256 5986 2781 8116 10066 2127 3180 10296 13407 16481 25624 2193 91448 5168 12036 1350 401803 3921 3205 62227 13330 1781 23269 34454 12781 2700 29004
internal_value=0.0015805 0.0300757 0.0461263 -0.00999428 0.0551603 -0.0152599 0.0596744 0.0682336 0.00532609 0.0157153 0.0300649 0.0433153 -0.00584881 0.00689066 0.0123796 -0.0167281 -0.0179715 0.0026275 -0.00242472 -0.0188842 0.0208833 -0.00355149 -0.0124167 -0.00257767 0.0242402 0.003261 -0.00885552 0.00568184 0.0138452 -0.00799362
internal_weight=22583.8 6300.28 3422.94 16283.5 2854.67 12134.5 2668.26 2066.56 4149.07 2058.76 975.185 662.932 2090.31 2877.34 601.703 11926.8 11406.4 430.161 1083.58 10976.3 207.612 568.27 1965.01 2052.44 125.294 1056.76 953.138 520.433 130.438 995.681
internal_count=865200 169436 70366 695764 49898 535505 43912 33603 160259 77643 35959 23703 82616 99070 10309 528803 510455 17204 41684 493251 6702 20468 78708 73446 3908 36599 37634 18348 4050 36847
is_linear=0
shrinkage=0.03


Tree=15
num_leaves=31
num_cat=0
split_feature=7 19 56 24 51 61 65 56 53 57 61 59 45 66 19 62 61 56 37 52 73 65 71 19 73 11 44 48 47 0
split_gain=8441.38 2163.31 1450.34 1035.36 815.255 800.749 719.827 662.793 620.039 603.953 537.396 447.897 413.323 401.521 269.467 259.322 253.537 219.977 206.235 198.33 146.863 135.232 135.064 127.774 101.858 75.7137 62.1017 61.8756 58.4858 52.1689
threshold=-0.03831877373158931 -0.71917214989662159 1.0518071055412295 -2.4999999999999996 0.0053161240648478278 0.0036549614742398266 0.028195117600262169 -0.42773613333702082 0.023126668296754364 0.333077222108841 0.0028121840441599493 15.800000190734865 5.5000000000000009 0.24344018101692202 -0.018617428839206692 -0.24077358841896054 0.00091732892906293284 -0.25350153446197504 0.05458988435566426 0.66890722513198864 1.0905121564865115 0.025683787651360038 0.00056373194092884671 -0.93865549564361561 0.84927403926849376 -0.015740991570055481 0.38548950850963598 0.025348776951432232 0.0472618155181408 -0.19864898920059201
decision_type=10 10 2 2 2 2 2 2 2 2 2 2 2 2 8 2 2 2 8 2 2 2 2 10 2 10 2 2 2 10
left_child=1 7 3 6 21 16 22 -1 26 20 -9 19 -7 17 18 -11 -4 -8 23 -12 -10 29 -2 -5 -18 -24 -6 -16 -15 -3
right_child=2 4 5 14 8 12 13 10 9 15 11 -13 -14 28 27 -17 24 -19 -20 -21 -22 -23 25 -25 -26 -27 -28 -29 -30 -31
leaf_value=0.0067637617648146709 0.0093497493617750466 0.0025168112202001336 0.014961395425527413 0 0.0070018343866354044 0.050556864416782372 0.041873935529725952 0.012936918139763436 -0.0089182553055394635 0.051209325340987703 0.00034904697718982379 -0.0021618435665421128 -0.00037576945059309818 -0.0047049743730583722 -0.0033670282594299417 -0.00063273072614522541 0.0050929532817501197 -0.00082268173022715155 -0.0033888425424408995 0.064014418164564615 0.011091940500404089 0.0058735234705131869 0.0018936135754130672 -0.019705393612582583 -0.011884222311764952 -0.0091060208138799802 -0.0036024573771512433 0.0095380344305883626 0.0072396204736616824 -0.011276383527569768
leaf_weight=509.57195003516972 47.636229960247874 65.199697609990835 111.82858096249402 325.2801900729537 645.78586990199983 126.65431242622435 119.54513878934085 618.35391238331795 233.70756074786186 428.11803020164371 60.241308711469173 57.148752460256219 161.48006344214082 393.19541287235916 289.5828097499907 69.994366154074669 89.816994281485677 92.459956485778093 1127.1419400628656 1704.8506177756935 100.01611389964819 308.95319343358278 447.92883859016001 9307.6452907044441 697.71884835138917 2663.8945068828762 424.637491280213 118.30806759372354 127.07126061618328 1038.7629986014217
leaf_count=17013 1627 2108 3464 13925 20737 2953 3019 18322 4843 5836 1111 1095 5827 14373 12637 1950 2879 3420 44307 31027 2151 9750 16467 431747 27599 106376 14604 4911 4216 35084
internal_value=0.00176638 0.0300241 -0.00968369 -0.0123287 0.0106924 0.0173967 0.000887456 0.0469629 0.0215094 0.0352743 0.0526769 0.060344 0.0395023 0.0206875 -0.0168006 0.0469563 -0.00105493 0.0353303 -0.0176969 0.0625307 0 -0.00552966 -0.00581922 -0.0190916 -0.00848912 -0.00739667 0.00279647 0.00323706 3.65555e-05 -0.0097441
internal_weight=22512.5 6265.34 16247.2 15059.7 3315.18 1187.5 3891.73 2950.17 1902.26 831.836 2440.59 1822.24 288.134 732.272 11168 498.112 899.364 212.005 10760.1 1765.09 333.724 1412.92 3159.46 9632.93 787.536 3111.82 1070.42 407.891 520.267 1103.96
internal_count=865378 165631 699747 657025 97063 42722 149498 68568 50121 14780 51555 33233 8780 25028 507527 7786 33942 6439 489979 32138 6994 46942 124470 445672 30478 122843 35341 17548 18589 37192
is_linear=0
shrinkage=0.03


Tree=16
num_leaves=31
num_cat=0
split_feature=7 71 56 74 61 53 24 61 65 37 45 66 72 73 44 57 50 61 66 47 57 72 56 71 62 56 71 72 73 19
split_gain=7882.99 2027.85 1459.92 1324.76 1273.85 1453.42 965.047 769.411 692.387 598.96 407.407 394.272 325.128 467.179 292.259 252.293 256.357 252.223 247.466 246.323 192.986 185.917 180.969 157.845 155.664 139.324 117.403 98.3526 86.5666 83.1777
threshold=-0.038053236901760094 0.080574929714202895 1.0518071055412295 0.10136687755584718 0.0028121840441599493 0.087049212306737914 -2.4999999999999996 0.0036549614742398266 0.028195117600262169 0.054059496149420745 5.5000000000000009 0.24344018101692202 -0.037241758778691285 0.88569247722625744 0.30471627414226538 0.45002940297126776 0.026228368282318119 0.00091732892906293284 -0.50442612171173085 0.011372546199709179 0.46159170567989355 -0.45920740067958826 -0.25350153446197504 0.052977351471781738 -0.91916343569755543 -0.36882336437702173 0.00056373194092884671 -0.031028070487082001 0.84927403926849376 -0.54714423418045033
decision_type=10 2 2 2 2 2 2 2 2 8 2 2 2 2 2 2 2 2 2 2 2 2 2 2 2 2 2 2 2 10
left_child=1 9 6 4 -3 -6 8 17 26 14 -9 22 15 19 18 16 -8 -4 -1 -14 -17 -20 -10 24 -11 -26 -2 -28 -19 -15
right_child=2 3 7 -5 5 -7 12 10 11 23 -12 -13 13 29 -16 20 -18 28 21 -21 -22 -23 -24 -25 25 -27 27 -29 -30 -31
leaf_value=-0.0048683607705623131 0.0083761908134939445 0.0033875497848037768 0.015060306181176979 -0.0017446415080915937 0.083400403569340573 0.0017478344779474108 -0.020946768368975657 0.050025802312621624 0.040391501936731682 0.00024178651466258671 -0.00044600185492324224 0 -0.0041534335418178031 0.0016159149805067424 -0.0062293887568665397 0.014175923906859858 0.0048181124269238099 0.0044414529458012587 -0.0023812993928353466 0.024900782397475923 -0.0086280720971136475 0.023225804105920889 -0.00035188617875434481 -0.0023633294532432966 0.0058977710831422678 0.032191015615512887 -0.0095681427663802873 0.002428520873711306 -0.011415440484480658 -0.013138431472579875
leaf_weight=341.46397907286882 45.943456381559372 360.14703771658242 115.02624624408782 317.41843292675912 938.33511777967215 261.17830201797187 8237.753853186965 131.34451589733362 121.7924278806895 231.11677941121161 160.05337967909873 507.16178120113909 213.22648852691054 248.91053287871182 1210.1123405992985 108.47726370021701 167.45558888465166 90.489671664312482 195.60487914457917 148.22515843994915 246.44122919440269 583.9018067419529 89.240263009443879 87.416396092623472 524.10951791703701 1431.6359629612416 2538.5285648852587 505.9702340066433 686.12056455761194 1596.2267168164253
leaf_count=10884 1564 8346 3514 8600 10309 5219 393633 2919 2985 7319 5778 18141 8725 9794 40506 4176 7075 2887 7358 5098 10249 16220 3313 2322 15280 36564 102217 18949 27449 67718
internal_value=0.00179389 0.0284792 -0.00956356 0.0517761 0.0605935 0.0715429 -0.0122639 0.0176076 0.000659955 0.0147841 0.0391575 0.0201943 -0.0166114 -0.00474841 0.00277934 -0.0191495 -0.0201581 -0.000758081 0.0116113 0.0149503 0.00220533 0.0181461 0.0346085 0.0242621 0.0256798 0.0279024 -0.00597618 -0.00742843 -0.00831691 -0.0111
internal_weight=22440.8 6482.44 15958.4 1877.08 1559.66 1199.51 14775.4 1183.03 3808.64 4605.36 291.398 718.194 10966.7 2206.59 2331.08 8760.13 8405.21 891.636 1120.97 361.452 354.918 779.507 211.033 2274.28 2186.86 1955.75 3090.44 3044.5 776.61 1845.14
internal_count=865111 168927 696184 32474 23874 15528 653637 42547 147169 136453 8697 24439 506468 91335 74968 415133 400708 33850 34462 13823 14425 23578 6298 61485 59163 51844 122730 121166 30336 77512
is_linear=0
shrinkage=0.03


Tree=17
num_leaves=31
num_cat=0
split_feature=7 19 56 24 63 43 55 73 53 72 67 52 58 58 65 60 55 55 55 54 74 71 52 65 19 47 43 48 60 55
split_gain=7508.58 1796.29 1422.84 973.279 692.497 672.087 616.504 612.558 572.234 562.566 528.748 542.723 463.747 408.348 374.754 339.395 318.223 1000.36 265.574 182.868 176.412 164.55 163.688 123.031 119.543 96.9469 215.743 92.63 91.0505 101.602
threshold=-0.03831877373158931 -0.73044395446777333 1.0518071055412295 -2.4999999999999996 0.029044248163700107 0.002675842610187829 0.010451580397784712 1.1081468462944033 0.023126668296754364 -0.47603972256183619 0.41712234914302831 1.0549096465110781 -1.011211037635803 0.29347819089889532 0.028195117600262169 0.4869773536920548 0.0056510884314775476 0.0056877790484577426 0.0015420460840687158 1.9392585158348086 -1.4990229606628416 0.010071832221001388 0.77781853079795849 0.025683787651360038 -0.77815338969230641 0.011003429535776378 0.0021663814550265674 0.021686186082661155 -0.91602084040641774 0.0097121270373463648
decision_type=10 10 2 2 2 2 2 2 2 2 2 2 2 2 2 2 2 2 2 2 2 2 2 2 10 2 2 2 2 2
left_child=1 6 3 4 25 23 22 12 -7 -10 11 27 -8 -13 -6 -11 19 -18 -16 24 -14 -19 -1 -3 -5 -2 -27 -4 -24 -30
right_child=2 5 10 16 14 8 7 -9 9 15 -12 13 20 -15 18 -17 17 21 -20 -21 -22 -23 28 -25 -26 26 -28 -29 29 -31
leaf_value=-0.0019844228776907066 -0.010610787322072835 -0.0091336254585981172 -0.0055513834903746879 -0.0025748466467777637 -0.0027933618696445715 0.0024092267644944651 0 0.0019327879486005122 -0.005791689123438231 0.043803246288830353 -0.0057812573590914958 0.053151211798182947 0.0024382453713210155 -0.0015646705020344949 -0.0023765400959959121 -0.0025167798372388683 0.032989006755638324 0.005240105599389212 0.037242988569223284 0.0010776535736135781 0.072689743178805263 -0.014908608203990833 0.00036156866063053014 0.0057244519868509128 -0.020071491619871325 -0.0081520939064646768 0.0081894267056085712 0.0092507161023480857 0.027009540497130394 -0.0013448768453932665
leaf_weight=138.25298879668117 1245.5833193324506 1032.6374412700534 305.47872439585626 573.91399440169334 307.15908899530768 1141.4445443488657 94.81141859292984 193.3076682370156 150.98305458948016 692.15331154689193 403.72724279202521 144.89599146693945 78.556965995579958 104.54079455323517 101.83725351840258 88.999896349385381 64.853728530928493 160.61595668829978 281.87638214789331 336.76614055037498 868.77140412293375 1455.7991491239518 175.74404552951455 317.89937945082784 8213.0401330366731 1057.5601073987782 861.37940844334662 227.50476893596351 1483.0139127001166 50.837200472131371
leaf_count=4063 49533 33667 11678 24622 11701 37644 1649 4727 5426 8750 15623 3450 1519 3923 3902 2701 2367 7164 8348 14842 10923 64337 5086 10267 393891 43121 32907 7954 38448 1099
internal_value=0.00207418 0.0280252 -0.00909556 -0.0117903 0.00102493 0.0105261 0.0431945 0.0593399 0.0196699 0.0323765 0.0176526 0.0275179 0.0657147 0.0440746 0.020854 0.0393691 -0.0162326 -0.00296276 0.0309932 -0.0183658 0.0699263 -0.0119998 0.0219338 -0.00487238 -0.0191612 -0.00547697 -0.000516118 0.00189589 0.0240152 0.0258227
internal_weight=22353.9 6507.41 15846.5 14660.4 3855.4 3424.12 3083.3 1235.45 2073.58 932.136 1186.15 782.42 1042.14 249.437 690.873 781.153 10805 1681.27 383.714 9123.72 947.328 1616.42 1847.85 1350.54 8786.95 3164.52 1918.94 532.983 1709.6 1533.85
internal_count=865332 165969 699363 656735 149512 98455 67514 18818 54521 16877 42628 27005 14091 7373 23951 11451 507223 73868 12250 433355 12442 71501 48696 43934 418513 125561 76028 19632 44633 39547
is_linear=0
shrinkage=0.03


Tree=18
num_leaves=31
num_cat=0
split_feature=24 71 72 17 61 37 47 73 65 56 51 55 65 52 55 65 49 56 56 57 57 44 56 47 61 45 7 11 19 17
split_gain=7090.91 1795.96 1491.9 1391.09 1069.13 758.445 584.405 1115.72 729.263 706.919 612.312 522.397 820.614 488.509 419.668 417.169 615.962 414.538 310.161 287.53 223.387 217.106 201.486 168.839 168.426 156.896 137.386 124.582 107.622 97.7892
threshold=-4.4999999999999991 0.17651379853487018 -0.037241758778691285 -0.21838331222534177 0.015148374717682602 0.057403996586799629 0.011372546199709179 1.0356581807136538 0.023086804896593097 4.4686520099639901 0.020310297608375553 0.0022682090057060127 0.025640578009188179 0.66890722513198864 0.061570081859827049 0.03221555799245835 0.70183452963829052 -0.43521706759929651 -0.075724247843027101 0.45002940297126776 0.46159170567989355 0.24174228310585025 -0.056490363553166383 -0.01401254767552018 0.0029172572540119295 2.5000000000000004 -0.031247863546013829 -0.014619332272559403 -0.47043831646442408 0.070832598954439177
decision_type=2 2 2 8 2 8 2 2 2 2 2 2 2 2 2 2 2 2 2 2 2 2 2 2 2 2 10 10 10 8
left_child=1 4 5 -3 11 15 9 8 10 28 -8 12 29 -5 22 19 -17 -14 25 27 -21 -18 -6 -11 -15 -13 -7 -2 -4 -1
right_child=2 3 6 13 14 26 7 -9 -10 23 -12 18 17 24 -16 16 21 -19 -20 20 -22 -23 -24 -25 -26 -27 -28 -29 -30 -31
leaf_value=-0.0065154344683489365 -0.003662765710291436 0.00078092835676425037 0.00081805638749395267 0 0.050976974814247261 0.011174127211881031 0.057265825826249374 -0.0079915116123159911 -0.00232578093319105 0.029376670211499003 0.0026441990837509761 0.0054512601740271853 -0.001470689484380657 0.0045165462987327319 -0.0021240505873978861 -0.012414287024476132 0.031952309204868357 0.046253351237976248 0.011347156817710891 0.015295785007410962 -0.0089465528646484917 -0.0032327248493319392 0.00030107364294780145 -0.0024289401836883407 0.073738465852182439 -0.0096952046531337197 -0.0038140495072862199 -0.020762311132231381 -0.013446921574723074 0.0070283541270110524
leaf_weight=527.19692646153271 697.51708317920566 393.86073835939169 493.63094269484282 89.91122485883534 518.07357760518789 741.43072236143053 345.78732003085315 752.17966649308801 338.52851969189942 122.27582794241607 316.63485505059361 461.23778723180294 149.38196070492268 112.19737553596497 119.94026959873736 508.61437027342618 88.052829278632998 392.09892702102661 962.14549889788032 128.82484977506101 261.70091137290001 82.763244608417153 95.168606385588646 83.795235250145197 819.77932411059737 1667.2167485505342 604.85380607098341 8369.8449781741947 1619.1426719333977 399.00294664874673
leaf_count=18315 29768 7532 18636 1795 7322 25384 11263 31233 13070 2855 11630 14595 5399 2140 3262 23728 2907 9186 28079 4972 11163 3620 1705 3036 7840 50213 25049 408418 68494 11952
internal_value=0.00213206 0.0268223 -0.00899888 0.0528253 0.0158533 -0.0143779 0.00601847 0.017015 0.0324087 -0.00373228 0.0437828 0.00805668 0.0201422 0.0658406 0.0411624 -0.0171055 0.00320876 0.0384141 0.000228246 -0.0186828 0.00281157 0.0247545 0.0470495 0.0234571 0.0701014 -0.00588622 0.00506852 -0.0197384 -0.0104805 -5.19725e-05
internal_weight=22262.8 6707.21 15555.6 1415.75 5291.46 11483.6 4071.98 1753.13 1000.95 2318.84 662.422 4558.28 1467.68 1021.89 733.182 10137.3 679.43 541.481 3090.6 9457.89 390.526 170.816 613.242 206.071 931.977 2128.45 1346.28 9067.36 2112.77 926.2
internal_count=864561 169335 695226 19307 150028 535009 160217 67196 35963 93021 22893 137739 44852 11775 12289 484576 30255 14585 92887 454321 16135 6527 9027 5891 9980 64808 50433 438186 87130 30267
is_linear=0
shrinkage=0.03


Tree=19
num_leaves=31
num_cat=0
split_feature=7 19 56 24 63 61 51 55 73 58 52 57 61 52 44 55 55 60 73 61 37 52 52 73 73 55 47 43 47 52
split_gain=6842.48 1537.4 1323.19 985.481 754.877 746.058 651.34 589.869 580.275 501.977 454.779 441.594 467.889 391.797 371.638 343.06 961.653 339.455 306.262 241.907 172.58 171.759 157.281 147.839 116.891 106.385 115.303 103.82 226.928 102.193
threshold=-0.038595262914896004 -0.63933315873146046 1.0518071055412295 -2.4999999999999996 0.029044248163700107 0.0036549614742398266 0.0053161240648478278 0.010451580397784712 1.1081468462944033 -1.011211037635803 0.66890722513198864 0.33242170512676245 0.0029006698168814187 1.1508054137229922 0.31866537034511572 0.0056510884314775476 0.0056877790484577426 0.37927569448947912 1.1956372857093813 0.00091732892906293284 0.045871607959270484 0.77781853079795849 1.0177659988403323 0.73795291781425487 0.81650075316429149 0.0078548523597419279 0.0097049088217318075 0.0021663814550265674 0.011241305619478227 0.84093570709228527
decision_type=10 10 2 2 2 2 2 2 2 2 2 2 2 2 2 2 2 2 2 2 8 2 2 2 2 2 2 2 2 2
left_child=1 7 3 4 27 19 -3 21 9 -9 -11 22 -13 -7 17 20 -17 -6 -14 -4 23 -1 -8 -5 -18 26 -23 -2 -29 -21
right_child=2 6 5 15 14 13 11 8 -10 10 -12 12 18 -15 -16 16 24 -19 -20 29 -22 25 -24 -25 -26 -27 -28 28 -30 -31
leaf_value=-0.0023642552034971375 -0.010284308050237964 -0.0063906042619995985 0.014550324443174204 0 0.039480856711110117 0.045972552360931153 -0.0099710398714105784 0 0.0016145456839037121 -0.00025968657568631125 0.067526406708611528 0.0019543691215683063 0.042046082725828535 -0.0032115728884806456 -0.0033467019153313434 0.032691155082415511 0.003393018310767648 -0.0013037224190118064 -0.0029757887738432252 0.0044315281370743437 -0.0052738667848434978 0.0041286372716228684 0.0090740421713745804 -0.020692040220755808 -0.013937056421762354 0 0.027960518501637967 -0.0086286156233014583 0.0085154358269965459 -0.012159421789619611
leaf_weight=154.01193823851645 1403.6591761372983 1240.663682622835 117.1022587902844 299.30734897591174 276.95096725597978 214.49775749631226 380.76667383313179 110.91568866558373 213.47050858661532 81.166414408013225 1037.3349048532546 575.4308024700731 557.35860635340214 92.561661455780268 262.53069782070816 67.436218485236168 190.80167761072516 181.90299458988011 70.371854044497013 144.9771547652781 1350.3681452907622 456.27196214348078 204.51412024348974 7204.8138382323086 1390.9548573512584 161.89459617994726 1329.5668446309865 901.18295582011342 877.88857826776803 634.1670912951231
leaf_count=4576 58515 41628 3423 14448 8063 5533 9482 1898 5190 1496 12367 18035 10204 3238 10012 2357 8048 6405 1838 4883 57402 12421 5639 362164 63469 4230 33386 35616 33271 25847
internal_value=0.00224435 0.0268071 -0.00859122 -0.0112495 0.00145295 0.0170202 0.00879798 0.0391328 0.0538237 0.0596279 0.0638614 0.0185597 0.0263406 0.0379702 0.0218062 -0.0158496 -0.00226145 0.030751 0.0376513 -0.000969416 -0.0180922 0.0205263 -0.00192519 -0.0198878 -0.0113896 0.0225721 0.0242378 -0.00541304 -2.49871e-05 -0.00831226
internal_weight=22184.8 6573.74 15611.1 14407.8 3904.12 1203.31 3029.11 3544.63 1442.89 1229.42 1118.5 1788.44 1203.16 307.059 721.385 10503.7 1649.19 458.854 627.73 896.247 8854.49 2101.75 585.281 7504.12 1581.76 1947.73 1785.84 3182.73 1779.07 779.144
internal_count=865084 162390 702694 659770 151882 42924 86826 75564 20951 15761 13863 45198 30077 8771 24480 507888 73874 14468 12042 34153 434014 54613 15121 376612 71517 50037 45807 127402 68887 30730
is_linear=0
shrinkage=0.03


Tree=20
num_leaves=31
num_cat=0
split_feature=37 46 61 45 73 43 47 54 62 57 57 55 58 52 44 44 59 66 69 73 65 43 11 58 13 62 65 61 48 67
split_gain=6447.37 2131.72 1386.87 1047.93 841.808 787.68 816.411 772.394 769.954 639.405 560.931 551.33 957.16 854.15 449.344 341.658 336.303 256.671 249.821 216.925 200.719 181.531 172.127 160.815 148.857 146.817 105.678 103.633 101.043 97.5967
threshold=0.057403996586799629 0.0070143223274499187 0.0028121840441599493 5.5000000000000009 1.1853320598602297 0.0023550209589302544 0.011372546199709179 -0.71025282144546498 -0.66424006223678578 0.24495092034339908 0.28586374223232275 0.010451580397784712 -1.011211037635803 0.66890722513198864 0.31072796881198889 0.31440092623233801 7.2999999523162851 0.58735823631286632 -0.015597060322761534 0.73795291781425487 0.032973164692521102 0.0067031101789325484 -0.016713758930563923 -1.1319620609283445 -12.766954421997069 -0.44766545295715326 0.037981061264872558 0.011437317822128536 0.026515440084040168 0.51777324080467235
decision_type=8 2 2 2 2 2 2 2 2 2 2 2 2 2 2 2 2 2 2 2 2 2 10 2 10 2 2 2 2 2
left_child=1 5 22 10 11 9 18 8 -8 20 -3 21 -13 -14 -9 23 -5 28 -7 29 -1 25 -2 -12 -21 -4 -20 -6 -18 -11
right_child=2 3 4 16 27 6 7 14 -10 19 15 12 13 -15 -16 -17 17 -19 26 24 -22 -23 -24 -25 -26 -27 -28 -29 -30 -31
leaf_value=-0.0040215983696924341 0.015318544415445582 -0.0037423863402909346 -0.00025481325672317137 -0.011915603365505152 -0.0049759673320117978 0.0064465682951401196 -0.0062337227640014911 0.0094854145653772322 0.045815327703597454 0.007840904496037469 0.00072301733203969203 -0.0045972799800330522 -0.0025190091649596857 0.066879029460754524 -0.010572046243608073 0 -0.0010940724740791509 -0.0061232741327720813 -0.016225155358433281 -0.0031910831343111555 0.024038965129750393 0 0 0.062181043225464118 -0.021553130550262665 0.026780362586549061 0.0039125528464368908 0.010319060288291611 0.025751560902770677 -0.0075232198159650336
leaf_weight=166.18596264533699 658.14697060361505 110.78228273242712 170.76415513269603 529.85160678997636 359.13099095970392 244.93576931580901 218.62081171572208 1474.9662756994367 225.69669699296355 241.21289048343897 63.497394602745771 135.88768852688372 127.07443944737315 1329.9620461277664 1545.5225869100541 93.781640630215406 81.586925758048892 180.77020598575473 3026.8934187628329 665.17717576399446 34.72923818230629 346.88789320364594 1532.5736525151879 238.51240977831185 6614.95409694314 960.05761848762631 41.738911438733339 271.259162992239 181.86607924476266 246.78997615911067
leaf_count=7608 18205 4016 4823 20313 11791 7107 9396 59581 8311 10387 2462 2321 2504 16800 66369 2949 1755 7165 132354 25782 586 9613 56377 4018 325259 25881 1287 7091 3035 9889
internal_value=0.00222936 -0.00759962 0.0278257 0.0220625 0.0380438 -0.0112232 -0.00327356 0.00645085 0.030147 -0.0173572 0.043529 0.0437287 0.0560379 0.061576 -0.000736257 0.0517988 0 0.0128722 -0.0130331 -0.0190096 0.014089 0.0194953 0.00659003 0.0581401 -0.0202269 0.0236874 -0.0153574 0.00299336 0.0217732 0
internal_weight=22119.8 16228.1 5891.74 1480.65 3701.02 14747.4 6778.37 3464.81 444.318 7969.05 506.574 3070.63 1592.92 1457.04 3020.49 395.791 974.075 444.223 3313.57 7768.13 200.915 1477.71 2190.72 302.01 7280.13 1130.82 3068.63 630.39 263.453 488.003
internal_count=865035 709629 155406 45713 80824 663916 284405 143657 17707 379511 13445 61942 21625 19304 125950 9429 32268 11955 140748 371317 8194 40317 74582 6480 351041 30704 133641 18882 4790 20276
is_linear=0
shrinkage=0.03


Tree=21
num_leaves=31
num_cat=0
split_feature=7 53 43 72 72 53 72 50 44 61 53 73 72 52 62 16 53 57 53 7 66 53 43 49 62 44 69 62 74 44
split_gain=6191.03 1432.97 1616.83 1249.61 1014.8 850.797 694.686 566.419 735.986 853.521 949.56 692.091 536.854 499.786 484.167 451.874 438.163 279.462 282.205 250.765 171.029 168.064 156.053 152.542 152.68 149.454 166.176 89.7554 80.4459 79.9241
threshold=-0.03725896775722503 0.023126668296754364 0.0020688371732831006 -0.037241758778691285 -0.47603972256183619 0.019948010332882408 -0.38881509006023401 -0.011930346488952635 0.38799282908439642 0.0019804212497547273 0.014995424542576076 0.8184763789176942 -0.45920740067958826 0.66890722513198864 1.0471337437629702 0.1032390706241131 0.03822505101561547 0.45002940297126776 0.0047635391820222148 -0.025730553083121773 1.0664854645729067 0.045394137501716621 0.0032302360050380234 0.67183950543403637 -0.16757129877805707 0.38548950850963598 -0.0033046037424355741 -0.73766285181045521 -0.73661375045776356 0.32866927981376654
decision_type=10 2 2 2 2 2 2 2 2 2 2 2 2 2 2 8 2 2 2 10 2 2 2 2 2 2 2 2 2 2
left_child=1 15 16 5 -4 17 12 8 9 -5 -11 29 -7 -6 -15 25 -3 19 22 -2 -10 28 -19 -18 -25 26 27 -1 -8 -9
right_child=3 2 4 7 13 6 21 11 20 10 -12 -13 -14 14 -16 -17 23 18 -20 -21 -22 -23 -24 24 -26 -27 -28 -29 -30 -31
leaf_value=-0.0010724149058457093 -0.0084332054855700903 -0.011330973754320772 -0.0023176653158451565 -0.0044874550002414653 -0.0015666093932966462 -0.0037786035161544908 0.0031339009765752428 0.026763850560911791 -0.0079825542663734886 0.055897545908994345 -0.0053975573736699603 -0.012371079084005582 0.042101121530500121 0.059593019616020641 0.0028806477014580345 0.022961027797427685 -0.0036888910007982795 -0.0034587049610873112 -0.0094451758406777567 -0.021202967922612288 0.011338710327410228 0.0087382879636227762 0.024544000485457063 -0.0027542525937186259 0.02706905724726592 -0.0061935596795969121 -0.0018693137958282898 0.016681612682061222 -0.01410972113053429 -0.0010343206645402386
leaf_weight=217.96094046346843 3120.0813385788351 584.65303517691791 274.75903465598822 363.85838942602277 105.25764143839478 226.77152852155268 74.895836889743805 83.035181522369385 915.35541795380414 398.46511997096241 184.77422289550304 1772.6915545091033 127.47500041313469 1959.960776174441 210.83446723222733 944.45025360397995 83.20408682897687 83.193575453013182 300.75369173660874 6196.7028665859252 91.063458094373345 71.884970728307962 42.097365478053689 67.922896152362227 211.54805915616453 896.74550942890346 1019.2734934221953 632.68202205561101 761.7148379329592 44.489049622789025
leaf_count=7732 142088 15146 9420 15099 1588 8471 3150 2046 37530 12680 6936 75649 2628 22510 5792 25830 1717 3567 12971 321853 2763 2305 1388 2299 3662 31049 35040 17776 33113 1654
internal_value=0.0024551 0.0243546 0.0370811 -0.00859724 0.0477251 -0.0135957 0.00718638 0.00553055 0.0152651 0.0290577 0.0426738 -0.00544724 0.0273589 0.0532036 0.0557677 0.00930876 0.00162726 -0.0165378 0.00337444 -0.0176044 -0.00285197 -0.00738624 0.0175728 0.0173244 0.0223186 0.00175537 0.00619643 0.0131974 -0.0117467 0.0234909
internal_weight=22068.6 7209.25 3498.14 14859.3 2550.81 11005.6 1262.74 3853.73 1953.52 947.098 583.239 1900.22 354.247 2276.05 2170.8 3711.11 947.328 9742.83 426.045 9316.78 1006.42 908.496 125.291 362.675 279.471 2766.66 1869.92 850.643 836.611 127.524
internal_count=865452 179561 62134 685891 39310 531534 49667 154357 75008 34715 19616 79349 11099 29890 28302 117427 22824 481867 17926 463941 40293 38568 4955 7678 5961 91597 60548 25508 36263 3700
is_linear=0
shrinkage=0.03


Tree=22
num_leaves=31
num_cat=0
split_feature=37 71 19 63 43 59 71 43 47 50 73 62 62 54 49 72 57 63 73 57 73 51 56 43 72 65 47 62 62 17
split_gain=5827.31 1428.58 1382.54 991.656 950.308 760.398 709.827 663.267 652.44 549.738 521.345 613.315 424.097 419.064 416.508 335.862 319.302 305.997 284.264 263.225 259.398 224.455 207.652 201.21 116.9 108.506 91.9281 67.3726 63.6007 56.0876
threshold=0.056841328740119941 0.30872301757335668 -0.75325104594230641 0.029044248163700107 0.0031354106031358246 4.9000000953674325 0.084852013736963286 0.0037514514988288288 0.011372546199709179 0.0089830458164215105 0.82910767197608959 3.4812114238739018 -0.26880162954330439 -0.45254762470722193 0.9213291108608247 -0.5559835135936736 0.33703330159187322 0.029044248163700107 1.0757752656936648 0.31074589490890508 0.80914098024368297 0.0048296221066266307 -0.2618486732244491 0.0019447697559371593 0.28399291634559637 0.026297203265130523 0.056471822783350951 -0.96130388975143422 -0.91916343569755543 0.39880958199501043
decision_type=8 2 10 2 2 2 2 2 2 2 2 2 2 2 2 2 2 2 2 2 2 2 2 2 2 2 2 2 2 8
left_child=2 3 9 6 14 -5 18 8 -6 23 13 -12 -10 -9 20 -7 -17 -11 21 25 22 -2 -4 -1 -22 -16 -19 -8 -25 -29
right_child=1 -3 4 5 7 15 27 10 12 17 11 -13 -14 -15 19 16 -18 26 -20 -21 24 -23 -24 28 -26 -27 -28 29 -30 -31
leaf_value=-0.006909230853816708 0.0020301944804078402 0.057794684936636899 0.0089636283452593744 0 -0.0091286166565045356 -0.00062174802171639581 0.0024818305353863724 -0.00709754366148636 0.042830004434680088 -0.00080113293267078216 -0.013024881087495908 0.021022993491002496 -0.00062740842524724452 0.025508087222877566 -0.0023354327939399855 0.05139551842595249 -0.00013035099064574775 0.040863970405798485 -0.0012183070572113362 -0.0084820945866693146 -0.020924887597302887 0.02332927675799204 -0.011114530125227281 -0.0023463979559519453 0.00021000878694158972 0.022863204944423825 0 -0.016369227186449078 0.011539155942580297 0.0016612983400711918
leaf_weight=838.56553207151592 743.57843700796366 689.70589210093021 410.16889669559896 466.45257288403809 263.3633043654263 114.20931124314666 57.095405457541347 305.53725100122392 235.6943578235805 188.46252937242389 3758.2129708472639 78.801668975502253 240.64545663073659 321.76211281120777 67.301007343456149 920.67860939912498 101.90131603367627 258.59189984202385 793.88766246847808 226.77784493006766 6852.7447426673025 1530.8508706036955 446.13939205929637 150.59402986243367 204.14064265228808 103.55365077033639 53.991778107360005 686.81132694706321 835.8047155495733 46.906538980081677
leaf_count=32749 25827 5685 16845 13498 12512 3998 1938 11559 9020 6775 163901 1927 10862 9433 2775 15308 2841 4703 26466 10075 347534 45632 21172 5790 9043 1940 1470 16522 26470 764
internal_value=0.00237998 0.0260154 -0.00729605 0.0174423 -0.0109904 0.0343313 0.00722407 -0.000696645 0.0189373 0.0122099 -0.00558996 -0.0099134 0.0314902 0.0132567 -0.0169967 0.0439618 0.0477072 0.0301348 0.0135433 0.00636082 -0.0185144 0.0180949 -0.00151697 0.00173725 -0.0203004 0.0181474 0.0381719 -0.0128105 0.00914123 -0.0147672
internal_weight=21992.9 6152.08 15840.9 5462.37 13514.8 1603.24 3859.13 5204.02 739.703 2326.01 4464.31 3837.01 476.34 627.299 8310.83 1136.79 1022.58 501.046 3068.32 397.633 7913.19 2274.43 856.308 1824.96 7056.89 170.855 312.584 790.813 986.399 733.718
internal_count=865034 158479 706555 152794 628598 35645 117149 219214 32394 77957 186820 165828 19882 20992 409384 22147 18149 12948 97925 14790 394594 71459 38017 65009 356577 4715 6173 19224 32260 17286
is_linear=0
shrinkage=0.03


Tree=23
num_leaves=31
num_cat=0
split_feature=37 61 42 54 73 55 53 42 72 72 73 47 44 42 52 61 57 53 23 19 43 47 49 67 54 56 43 61 19 43
split_gain=5612.19 1495.82 1329.91 1066.92 802.88 699.179 907.241 692.556 669.119 574.581 867.986 625.736 547.595 445.936 441.093 300.02 278.772 241.455 211.01 204.186 199.581 195.247 171.589 154.402 152.605 143.076 140.013 128.96 102.879 96.0303
threshold=0.050794105976819999 0.0028858100995421414 0.018225305713713173 -0.15072427690029142 1.1853320598602297 0.010558046866208317 0.072124548256397261 0.01857989747077227 -0.47603972256183619 -0.037241758778691285 0.87115815281867992 0.011372546199709179 0.32037734985351568 0.053907241672277458 0.66890722513198864 0.0036549614742398266 0.45002940297126776 0.0047635391820222148 -1.1975685954093931 -0.65717259049415577 0.0067031101789325484 0.026291356422007087 0.07739791646599771 0.59578505158424389 1.9392585158348086 0.063735678791999831 0.0032302360050380234 0.011437317822128536 -0.62197011709213246 0.0021194330183789138
decision_type=8 2 2 2 2 2 2 2 2 2 2 2 2 2 2 2 2 2 10 10 2 2 2 2 2 2 2 2 10 2
left_child=2 18 9 8 5 20 14 25 -4 16 11 -11 15 -9 -7 -10 19 26 -2 -1 23 -13 -12 -3 -21 -5 -18 -6 -24 -15
right_child=1 4 3 7 27 6 -8 13 12 10 22 21 -14 29 -16 -17 17 -19 -20 24 -22 -23 28 -25 -26 -27 -28 -29 -30 -31
leaf_value=-0.0039592540257914815 0.012185995366663753 0.025880563006407908 -0.0037835618395511751 -0.0020045586349758601 -0.0059260257869157406 -0.00049265064877878034 0.0021075572911730461 -0.014990854847302167 0.00013952607673733944 -0.0051219951965391919 0.0071165904300080117 0.043430591407491136 -0.0036609610772085775 -0.0028109082590234329 0.061384988695034982 0.059363658864621041 -0.0033851516374641295 -0.0086423550610355976 -0.0020407536255592526 -0.019977975708137773 0 -0.0010750076592767424 0.0014302827486745741 0.0013997425761411797 0.0049376427207887142 0.030594895639675459 0.023143140908045513 0.010433073740912789 -0.013890009809662752 0.018135224345345508
leaf_weight=1223.9241922590882 1248.3285258058459 1072.3500967547297 252.01640120148659 60.090402318164706 430.03022545576096 91.121114021167159 354.11753348447382 1776.6081054918468 100.24313496612012 307.98778339289129 155.16353821568191 162.58927360549569 104.74997257441282 85.981685489416122 1411.6907705683261 221.96375619620085 77.284385342150927 275.91920419037342 1704.7605244740844 7105.574296630919 458.02349982224405 60.370480481535196 326.50260299816728 373.4444843493402 25.85471067391336 73.483410006389022 43.316722204908729 322.50522149354219 1902.7998453117907 132.83820724487305
leaf_count=51358 39565 30096 9094 2945 14336 2060 5994 78802 2412 11277 5423 4365 2135 3109 15056 2799 3387 12156 63383 370619 12635 2297 12219 8727 1188 1819 1330 8250 84921 1968
internal_value=0.00242663 0.0227336 -0.008437 0.00888974 0.0327726 0.0378404 0.0504292 -0.00299576 0.0318776 -0.0128257 -0.000935324 0.0227322 0.0439375 -0.00973732 0.058297 0.0525928 -0.0164895 0.00369662 0.00478 -0.017636 0.0175015 0.0385557 -0.0093363 0.021696 -0.0195307 0.0254476 0.0166288 0.00221141 -0.0116853 0.0132572
internal_weight=21941.6 7466.37 14475.3 2807.98 4513.28 3760.75 1856.93 2129 678.973 11667.3 2915.41 530.948 426.957 1995.43 1502.81 322.207 8751.87 396.52 2953.09 8355.35 1903.82 222.96 2384.47 1445.79 7131.43 133.574 120.601 752.535 2229.3 218.82
internal_count=865725 200102 665623 105083 97154 74568 23110 88643 16440 560540 120502 17939 7346 83879 17116 5211 440038 16873 102948 423165 51458 6662 102563 38823 371807 4764 4717 22586 97140 5077
is_linear=0
shrinkage=0.03


Tree=24
num_leaves=31
num_cat=0
split_feature=24 53 56 56 49 60 44 61 13 16 55 55 45 17 33 61 71 61 37 72 66 16 62 52 73 44 71 43 49 51
split_gain=5253.95 1929.75 1343.48 1293.19 740.015 836.012 1022.63 642.354 597.369 536.097 383.044 905.524 371.894 284.088 207.755 201.902 200.521 181.39 165.316 135.984 104.798 83.8305 77.1305 73.7029 64.7302 61.1067 53.3221 51.1386 44.0566 40.182
threshold=-3.4999999999999996 0.019948010332882408 1.0518071055412295 -0.42773613333702082 0.96284538507461559 0.37927569448947912 0.45260557532310491 0.0036549614742398266 -12.105532646179197 0.045417796820402152 0.0056510884314775476 0.0056877790484577426 5.5000000000000009 0.37395037710666662 0.078468918800354018 0.00091732892906293284 0.010071832221001388 0.015148374717682602 0.041828196495771415 -0.21354252099990842 -0.66878780722618092 -0.20222463458776471 -0.91916343569755543 0.84093570709228527 0.82331565022468578 0.38548950850963598 0.00099520065123215339 0.0012118788436055186 0.8435983955860139 0.023634158074855808
decision_type=2 2 2 2 2 2 2 2 10 8 2 2 2 8 8 2 2 2 8 2 2 10 2 2 2 2 2 2 2 2
left_child=1 9 8 17 5 6 -5 15 18 19 14 -12 -9 -7 21 -4 -13 -3 24 26 -21 -10 -11 -17 -2 -22 -1 -20 -24 -29
right_child=2 3 7 4 -6 13 -8 12 10 22 11 16 -14 -15 -16 23 -18 -19 27 20 25 -23 28 -25 -26 -27 -28 29 -30 -31
leaf_value=0.0029135664513701433 0.0043071937163871778 -0.01089407183930487 0.013175438351448682 0.056468955413864985 -0.0053780502309762768 -0.005585854838974798 0.0064753128470304028 0.045713461537372477 0.00036280926386856802 0 0.031865016474189947 0.0068042638535476792 -0.0011431481893592588 0.018996851848784725 0.005902689533733161 0.0035643078039826518 -0.01392714253674104 0.0099665999770673711 -0.00048484834910849224 -0.0053539315487727427 0.01111755402835443 -0.019078179951640444 0.020512725314756813 -0.011106629160835432 -0.0076619701427752696 -0.0010052628728362801 -0.010547373781963661 0.012957079719320683 -1.1471782813588985e-05 -0.00091409735063960502
leaf_weight=56.417287411168218 150.88926217705011 513.46758761629462 117.74765777774155 2219.3275062963367 200.52650205977261 459.81459611281753 605.80009668692946 162.59327892772853 154.64868634194136 233.56369527988136 74.692461904138327 187.2548288796097 151.33634575083852 374.7109066862613 85.354164160788059 121.18597587011755 1501.4061918482184 118.68655449710786 354.79292252287269 520.97980035841465 558.14000093191862 7812.6595805902034 1005.2073400411755 584.84791745990515 1122.0442324467003 396.55687638185918 1234.0894102659076 598.99453845247626 68.803006073459983 104.9601230006665
leaf_count=2238 6912 18624 3323 26161 6430 11822 7992 2897 7475 7405 2375 8438 5519 5393 3237 4115 69363 3279 14210 18724 19624 407623 29987 24704 55946 14202 49383 22090 2206 3641
internal_value=0.00246772 0.0201678 -0.00924064 0.0327164 0.0385777 0.0414153 0.0484246 0.0170049 -0.0122975 0.00420044 -0.0154016 -0.00189322 0.0359305 0.00820919 -0.0180409 -0.000827787 -0.0104619 -0.0040406 0.00107631 -0.00345129 0.00242772 -0.0186663 0.0170308 -0.007906 -0.00525939 0.00726107 -0.00914207 0.00812981 0.0194213 0.011119
internal_weight=21851.5 8566.09 13285.4 4492.33 3860.18 3659.65 2825.13 1137.71 12147.7 4073.76 9816.02 1763.35 313.93 834.526 8052.66 823.782 1688.66 632.154 2331.68 2766.18 1475.68 7967.31 1307.57 706.034 1272.93 954.697 1290.51 1058.75 1074.01 703.955
internal_count=865338 223470 641868 79701 57798 51368 34153 40558 601310 143769 498511 80176 8416 17215 418335 32142 77801 21903 102799 104171 52550 415098 39598 28819 62858 33826 51621 39941 32193 25731
is_linear=0
shrinkage=0.03


Tree=25
num_leaves=31
num_cat=0
split_feature=37 46 71 63 45 59 71 73 74 43 43 44 47 69 57 50 45 72 47 44 59 56 67 58 16 56 66 66 68 19
split_gain=5000.93 1552.24 1357.17 1054.75 869.167 854.129 708.388 619.583 1304.78 694.717 802.559 678.19 581.161 406.501 394.262 379.708 375.033 363.201 335.407 217.947 196.858 193.084 187.761 181.119 157.714 150.547 146.634 133.322 125.993 105.316
threshold=0.051251793280243881 0.0070143223274499187 0.30872301757335668 0.029044248163700107 5.5000000000000009 4.9000000953674325 0.084852013736963286 0.8184763789176942 -0.47612103819847101 0.0027217068709433083 0.0037514514988288288 0.28524126112461096 0.011372546199709179 0.0060663700569421062 0.28586374223232275 -0.01150354743003845 2.5000000000000004 -0.5559835135936736 0.04482701979577542 0.31440092623233801 7.2999999523162851 2.9810222387313847 0.67101830244064342 -1.1319620609283445 0.17886596918106082 0.51201243698596965 0.58735823631286632 -2.1025209426879878 1.5462428331375124 -0.9192356765270232
decision_type=8 2 2 2 2 2 2 2 2 2 2 2 2 2 2 2 2 2 2 2 2 2 2 2 8 2 2 2 2 10
left_child=1 7 3 6 14 -5 15 8 27 25 12 18 -11 17 -3 16 -2 -7 -10 23 -6 -12 -15 -16 -17 29 -22 -1 -29 -9
right_child=2 4 -4 5 20 13 -8 9 11 10 21 -13 -14 22 19 24 -18 -19 -20 -21 26 -23 -24 -25 -26 -27 -28 28 -30 -31
leaf_value=0.0062808598110554725 -0.0029183063369286415 -0.0031570236293107204 0.051340117896598099 -0.00016233884196776863 -0.011362469311928159 -0.00011771632816292073 -0.013818328154716949 -0.0031431440263698838 0.054907094375071561 -0.0098109733652709651 -0.012680500012553371 -0.0058459136581194074 0.024251564788052241 -0.0063595824974672869 0 -0.00068365867644201565 0.029395351529680123 0.053928446005985044 -0.0021256315110910477 -7.4341554536741042e-05 0.01569853145791994 0.0063477492364499167 0.015820731347724683 0.053432241680191374 0.013437484862917511 0.0045498883710867206 -0.0054004417772061551 -0.015258756989088377 0.0046748948735790474 -0.021267898183805877
leaf_weight=65.313777783885598 292.42401307821274 96.856749648228288 781.90875598229468 587.79221882671118 439.05043788813055 108.01583480462432 857.30704552866518 543.65265686251223 135.88174955919385 340.11771121248603 3483.5299804862589 146.18651807308197 797.21350145339966 223.99846089817584 53.394500054419041 2230.3587862048298 871.72002072818577 796.28555057011545 55.139331622049212 73.308573784306645 213.20116306096315 219.42556027881801 273.60787214525044 244.82434877939522 494.20158036053181 38.238631058484316 152.29694413207471 1182.638066014275 81.144334435462952 5927.2485450487584
leaf_count=2405 10847 3575 6011 17129 18047 3761 21131 21905 3137 16467 158500 6240 34195 5864 2190 77956 23989 11141 2734 2590 3850 6756 5920 3615 12528 1383 6436 52515 3377 319470
internal_value=0.00256939 -0.0078195 0.0216091 0.0148071 0.019045 0.0308042 0.00574663 -0.0110764 0.00473125 -0.0135243 -0.00420002 0.0350652 0.0139966 0.0405749 0.038272 0.0112112 0.0226601 0.0495158 0.048384 0.0450316 -0.0022969 -0.0108606 0.00735231 0.0495965 0.00347115 -0.0196209 0.00851939 -0.0102824 -0.0128464 -0.0201229
internal_weight=21806.3 14288.7 7517.62 6735.71 1272.93 1989.7 4746.01 13015.7 1666.3 11349.4 4840.29 337.208 1137.33 1401.91 468.384 3888.7 1164.14 904.301 191.021 371.527 804.549 3702.96 497.606 298.219 2724.56 6509.14 365.498 1329.1 1263.78 6470.9
internal_count=865664 669387 196277 190266 40303 43815 146451 629084 70408 558676 215918 12111 50662 26686 11970 125320 34836 14902 5871 8395 28333 165256 11784 5805 90484 342758 10286 58297 55892 341375
is_linear=0
shrinkage=0.03


Tree=26
num_leaves=31
num_cat=0
split_feature=37 46 71 45 63 43 47 54 43 71 59 71 45 44 56 43 54 59 60 72 73 73 51 67 13 56 59 46 17 19
split_gain=4693.71 1833.71 1092.67 882.961 780.426 739.09 745.864 717.526 678.869 662.851 583.778 556.322 484.035 439.905 378.606 377.038 352.735 295.866 250.665 262.607 246.684 202.74 196.761 174.078 144.763 131.462 92.8063 67.0086 62.1375 56.4412
threshold=0.057403996586799629 0.0070143223274499187 0.30872301757335668 5.5000000000000009 0.029044248163700107 0.0023550209589302544 0.011372546199709179 -0.71025282144546498 0.0032688986975699667 0.084852013736963286 4.9000000953674325 0.0043880341108888396 7.5000000000000009 0.31440092623233801 4.4686520099639901 0.0005884088168386371 -0.30849754810333246 7.2999999523162851 1.3827907443046572 -0.5559835135936736 1.0757752656936648 0.73795291781425487 0.0048296221066266307 0.60168734192848217 -12.856717109680174 -0.29038475453853602 15.800000190734865 0.00052314938511699449 0.39880958199501043 -1.3849841952323911
decision_type=8 2 2 2 2 2 2 2 2 2 2 2 2 2 2 2 2 2 2 2 2 2 2 2 10 2 2 2 8 10
left_child=1 5 4 13 9 12 14 8 -8 20 -6 -9 21 15 29 -3 -14 -5 19 -12 22 25 -2 26 -23 -1 -19 -11 -29 -7
right_child=2 3 -4 17 10 6 7 11 -10 27 18 -13 16 -15 -16 -17 -18 23 -20 -21 -22 24 -24 -25 -26 -27 -28 28 -30 -31
leaf_value=0.0097647877171805186 0.0017629024086079721 -0.0022398410880521825 0.050071201791492576 -0.011346416822826347 2.0486737676118595e-05 0.00086505481188019965 0.045826678669443371 0.019182786532685774 -0.0036063469313496444 0.0021740728179997304 -0.000637110049913834 -0.0068042589289115715 0.023547438375221916 -0.0019132748220890812 0.012760986490273482 0.053163659427219866 -0.0079852040335928829 0.022253432778314795 0.0037454808562461658 0.047085433511512079 -0.0011420111090636007 -0.0019304064721167578 0.021676872695297809 -0.0044067274912902455 -0.020704990794156723 -0.0081354065877931037 -0.0021051657791090841 -0.016643728371567031 0.00187953387592863 -0.015426878198968822
leaf_weight=193.00986965000629 735.63716120272875 70.673163253813982 784.22329143993556 509.0713890902698 469.81840328499675 111.79461155459285 182.69920596852899 488.89308838918805 272.26608608104289 76.794111719354987 84.781009268015623 2459.4310539439321 92.062559403479099 139.10908559709787 119.52546112425625 345.1064369212836 289.12464627064764 228.712487552315 285.80718237347901 847.58087040297687 788.72697380371392 545.95672838762403 1555.8937430381775 182.8057801425457 5898.0548090990633 289.2787805814296 49.839254235848784 661.95766763947904 48.587777992710471 2910.7404528204352
leaf_count=7069 25170 2874 5711 20282 13322 3680 6261 20900 11495 2639 2938 105451 3411 4521 2976 6074 15395 4725 7651 11235 25825 21488 44079 5814 318444 13847 1423 15654 777 134203
internal_value=0.00262121 -0.00637507 0.0233577 0.0206528 0.0157144 -0.00998777 -0.00230625 0.00692589 0.0295307 0.00652938 0.030321 -0.000251429 -0.0162414 0.0396515 -0.0119663 0.0473375 0.00832994 0 0.0384258 0.0438289 0.0126449 -0.0181039 0.0168523 0.0119102 -0.0194111 4.68197e-05 0.0189568 -0.0127816 -0.0148761 -0.0147019
internal_weight=21718 15378.2 6339.81 1525.32 5555.58 13852.8 6545.35 3403.29 454.965 3867.6 1687.99 2948.32 7307.49 554.889 3142.06 415.78 381.187 970.429 1218.17 932.362 3080.26 6926.3 2291.53 461.358 6444.01 482.289 278.552 787.34 710.545 3022.54
internal_count=865334 710333 155001 45713 149290 664620 284966 144107 17756 114144 35146 126351 379654 13469 140859 8948 18806 32244 21824 14173 95074 360848 69249 11962 339932 20916 6148 19070 16431 137883
is_linear=0
shrinkage=0.03


Tree=27
num_leaves=31
num_cat=0
split_feature=24 53 72 72 60 59 47 73 47 63 73 16 51 57 0 65 49 17 57 45 57 61 44 11 56 65 47 44 61 57
split_gain=4649.5 1499.88 1319.21 1033.1 791.646 834.936 654.091 519.514 580.67 581.06 496.102 490.796 479.331 467.156 452.666 323.14 446.303 280.151 269.911 211.069 207.319 185.516 172.245 144.616 121.988 76.869 71.0886 66.8491 60.3376 55.2369
threshold=-3.4999999999999996 0.019706219434738163 -0.037241758778691285 -0.47603972256183619 0.37927569448947912 4.0999999046325692 0.019044885411858562 1.0757752656936648 0.011372546199709179 0.021982686594128612 1.0265893340110781 0.023386034183204178 0.0068317726254463204 0.40043962001800543 -0.14608496427536008 0.03221555799245835 0.70183452963829052 0.39880958199501043 0.45002940297126776 3.5000000000000004 0.46159170567989355 0.015148374717682602 0.24174228310585025 -0.014144703745841978 -0.075724247843027101 0.037981061264872558 0.011372546199709179 0.45773810148239141 0.019599878229200843 0.3196601420640946
decision_type=2 2 2 2 2 2 2 2 2 2 2 8 2 2 10 2 2 8 2 2 2 2 2 10 2 2 2 2 2 2
left_child=1 11 14 21 5 12 -7 8 10 13 -4 24 -5 -10 -2 18 -17 -6 23 -12 -20 -3 -18 -16 29 -9 -26 -13 -19 -1
right_child=2 3 7 4 17 6 -8 25 9 -11 19 27 -14 -15 15 16 22 28 20 -21 -22 -23 -24 -25 26 -27 -28 -29 -30 -31
leaf_value=0.00068317994419279146 0.011090762625452177 -0.011111372217960738 -0.0091872588695339433 -0.009161658782637595 -0.0060432828920350184 0.01282784079668265 0.060396439210065017 -0.010960430275961134 0.042568083089158174 -0.002339653611890433 0.029088911772890025 0.017697410932609896 0.021696621072223553 -0.0036792996176328269 -0.0031001707117326517 -0.011349518005960261 0.026810473555807981 0.020151535262776639 0.01515793908139268 -0.0033476928436371625 -0.0083602098299788239 0.010061792903519027 -0.0031654385863861718 -0.019579844046163593 -0.0026408664813269409 0.0040373570500872417 0.0092965245377643162 0 -0.00020814604484215647 -0.010267792353102866
leaf_weight=406.15609193593264 250.80037333257496 477.02351474016905 1237.9713903293014 377.39156790822744 549.14266860485077 699.11353450827301 1463.9463870562613 983.30557533539832 579.59325527586043 413.21385887823999 71.897351074963808 1285.2850603461266 625.52632661350071 135.40620724484324 780.80811961181462 449.28486330062151 107.54649685136974 296.89929653890431 127.28314476460218 108.02550552040339 249.13276312127709 122.88806637004018 86.850683800876141 7234.9512667041272 511.44111876934767 80.793510850518942 392.38076292164624 246.1127992849797 110.34940895065665 1182.1499613653868
leaf_count=16258 8971 17279 54094 8665 14557 9067 15680 44351 18376 17040 1442 39034 6281 5707 35026 23382 3156 3816 4868 4529 11621 3278 4022 402093 17815 2678 13251 7993 2094 48410
internal_value=0.00276856 0.0190888 -0.00857576 0.0297536 0.0346079 0.041102 0.0504297 0.00615593 0.0128738 0.0251084 -0.000712659 0.00460033 0.0107004 0.035653 -0.0143553 -0.0156375 0.00267298 0.00617378 -0.017147 0.0210324 0.00336075 -0.00389913 0.02035 -0.0182861 -0.00358539 -0.00870328 0.00379319 0.0156728 0.0172298 -0.0078307
internal_weight=21642.7 8745.81 12896.9 4722.28 4122.37 3165.98 2163.06 3610.21 2546.11 1128.21 1417.89 4023.53 1002.92 714.999 9286.66 9035.86 643.682 956.391 8392.18 179.923 376.416 599.912 194.397 8015.76 2492.13 1064.1 903.822 1531.4 407.249 1588.31
internal_count=864834 223478 641356 80717 60160 39693 24747 148217 101188 41123 60065 142761 14946 24083 493139 484168 30560 20467 453608 5971 16489 20557 7178 437119 95734 47029 31066 47027 5910 64668
is_linear=0
shrinkage=0.03


Tree=28
num_leaves=31
num_cat=0
split_feature=19 51 59 50 47 50 57 56 46 60 43 50 63 53 49 62 66 70 33 49 70 73 56 69 0 62 43 59 62 11
split_gain=4399.56 1706.58 1440.87 1102.79 865.356 825.011 585.916 539.117 666.744 617.951 515.659 401.371 389.023 340.488 319.268 268.752 263.704 250.783 233.662 232.32 225.779 178.33 180.978 148.38 136.12 99.3874 89.213 83.8988 83.148 67.8508
threshold=-0.61293685436248768 0.0059561927337199458 5.7000000476837167 0.0078423321247100847 0.011372546199709179 -0.027990445494651791 0.37506106495857244 -0.38176001608371729 0.00092742915148846816 1.1427178978919985 0.0021663814550265674 -0.010340809822082518 0.041617799550294883 0.0098900953307747858 0.93774259090423595 -0.91916343569755543 0.59413576126098644 -1.5977824926376341 0.090210080146789565 0.96284538507461559 0.59184911847114574 0.80914098024368297 -0.2618486732244491 -0.011106071062386034 -0.099527180194854722 1.0471337437629702 0.0064090483356267222 13.09999990463257 0.57639396190643322 -0.017913650721311566
decision_type=10 2 2 2 2 2 2 2 2 2 2 2 2 2 2 2 2 2 8 2 2 2 2 2 10 2 2 2 2 10
left_child=2 14 10 11 5 6 25 -6 -9 -10 24 16 -5 -8 18 -12 27 -17 21 -16 -19 22 -2 -7 -1 -3 -23 -4 -13 -26
right_child=1 4 3 12 7 23 13 8 9 -11 15 28 -14 -15 19 17 -18 20 -20 -21 -22 26 -24 -25 29 -27 -28 -29 -30 -31
leaf_value=0.0080036310397974351 0.0076090798604811771 -0.011314761955899085 0.031215400820734374 0.061339359653248784 -0.0095020305387207519 0.002682289909501351 -0.0032811434913703865 -0.009251105970703161 0.030093952521052163 -0.0045763264548945339 -0.0031912596383302451 -0.0068133607081594313 0.0021306067819762521 0.034532691659806075 0.016241629468453686 -0.0041011531847516425 -0.0039344409139613814 0.027343732300085723 0.0068978357159647577 -0.0082719460820676171 -0.00030013627502407903 -0.019776114112431405 -0.011088377629121024 -0.015192126208203543 0.0024861598995262438 0.0060920900637749797 0.00067092277153640075 0 0.006594565052203666 -0.0089727234684875527
leaf_weight=367.03750978782773 399.35719382017851 439.08672721870244 557.36160520650446 941.71302266977727 379.78546564280987 296.69217446446419 158.75161041505635 355.35684318095446 2023.9843547791243 402.03304572217166 327.83674556203187 577.15733836404979 158.45991818979383 393.50570852681994 177.4944217056036 159.26491857878864 117.68553876876831 1488.5298663079739 98.138023937121034 255.1518795248121 269.90399025380611 6329.3941623028368 485.2280758805573 2481.2784893922508 343.88447447121143 38.538505075499415 135.37025255337358 73.188129290938377 186.06539289280772 1178.2877919767052
leaf_count=10386 17020 12852 8644 11853 17018 11225 6359 16233 69320 17317 11884 16447 3241 6738 5217 2993 2892 39028 3460 10562 7613 339949 24198 118149 9496 800 6147 1650 5385 50602
internal_value=0.00288932 -0.0062597 0.0221107 0.0378407 0.00439816 -0.00499228 0.0137586 0.0149286 0.0192955 0.0244457 0.00909992 0.0135771 0.0563293 0.0269836 -0.0154211 0.0174455 0.0241336 0.0210278 -0.0168592 0.00477892 0.0238407 -0.0176338 -0.002731 -0.0130736 -0.00226909 -0.00720595 -0.0192875 0.0290608 -0.00199075 -0.00626098
internal_weight=21595.5 14849.1 6746.38 2611.63 6969.01 3807.85 1029.88 3161.16 2781.37 2426.02 4134.75 1511.46 1100.17 552.257 7880.13 2245.54 748.235 1917.7 7447.49 432.646 1758.43 7349.35 884.585 2777.97 1889.21 477.625 6464.76 630.55 763.223 1522.17
internal_count=864678 682564 182114 50112 276011 156123 26749 119888 102870 86637 132002 35018 15094 13097 406553 61518 13186 49634 390774 15779 46641 387314 41218 129374 70484 13652 346096 10294 21832 60098
is_linear=0
shrinkage=0.03


Tree=29
num_leaves=31
num_cat=0
split_feature=7 19 72 65 50 51 57 61 71 50 73 61 45 58 73 57 53 47 43 65 65 63 70 43 7 53 16 62 55 58
split_gain=4255.73 1211.93 995.394 706.5 691.75 582.774 592.063 591.641 483.145 470.291 578.822 526.662 691.214 501.737 382.387 308.647 242.249 228.12 225.461 361.7 223.255 206.952 140.458 131.162 128.877 114.362 107.323 98.8194 84.8856 76.3169
threshold=-0.033355709165334695 -0.67638278007507313 -0.037241758778691285 0.03221555799245835 0.0070024430751800546 0.007367688464000822 0.32957169413566595 0.0028858100995421414 0.17651379853487018 -0.011930346488952635 0.8184763789176942 0.0019804212497547273 5.5000000000000009 0.75565761327743541 1.1668795347213747 0.45002940297126776 0.0047635391820222148 0.050994144752621658 0.0065915666054934272 0.024049143306910995 0.035012127831578262 0.023615293204784397 0.68594262003898632 0.0032302360050380234 -0.025854874402284619 0.028907654806971553 0.071160297840833678 0.62374606728553783 0.00458791432902217 -0.58408254384994496
decision_type=10 10 2 2 2 2 2 2 2 2 2 2 2 2 2 2 2 2 2 2 2 2 2 2 10 2 10 2 2 2
left_child=1 8 3 15 -5 17 28 29 18 11 -11 27 13 -13 -9 24 23 26 19 25 -6 -21 -19 -17 -2 -1 -3 -4 -7 -8
right_child=2 5 9 4 20 6 7 14 -10 10 -12 12 -14 -15 -16 16 -18 22 -20 21 -22 -23 -24 -25 -26 -27 -28 -29 -30 -31
leaf_value=0.0097820069979603335 -0.0084533797544372683 -0.011585839466548772 -0.0087316370497111922 -0.0099735464989899204 0.035991632411596454 0.0037680969957205302 0.0087886516060543679 0.039171261426509563 0.044682932426370628 0.020414336868412201 -0.012857661580619352 0.0449465849149445 -0.0071911841095057966 0.00015982011619640262 -0.0039069565204512329 -0.0030597465089856461 -0.0083633058026222219 0.016825194497438412 0.0011806834009354312 0.0019938399034380712 -0.0019101411887170584 0.03468115346061082 -0.003846955479526144 0.023318915369549581 -0.020345251138193791 -0.005791632146716524 0.0027395655957110558 0.0071378932690149242 -0.010687089597338682 -0.004097507476709613
leaf_weight=1292.0696578007191 2323.4132682196796 1559.5208852030337 633.55207417160273 479.72460802085698 145.21012301743031 239.7352561224252 156.6283507514745 801.80349609442055 1041.3276305552572 130.49252261221409 1529.348487270996 444.05531873553991 292.07250461354852 318.08915424905717 103.4747409094125 72.799658173695207 249.21650292910635 175.91246157698333 710.02632209286094 289.93154862895608 99.241216922178864 1092.1482031159103 227.95240166597068 48.611008858308196 5501.2929524090141 168.75075160339475 356.46024896018207 61.872624091804028 421.80217699706554 610.11417551524937
leaf_count=36370 114343 61797 28083 24507 3696 8139 3723 14406 8644 3304 69444 13369 12086 12448 2787 3436 11658 3364 15813 7991 3983 21890 7336 1368 321419 3276 13036 1850 10538 21292
internal_value=0.00269395 0.017594 -0.0087089 -0.0137783 0.00956252 0.00573422 0.0149966 0.0228164 0.0278057 0.00454232 -0.00598266 0.0137709 0.0237205 0.0339603 0.0343957 -0.0163065 0.00479478 -0.00448358 0.0178829 0.0211641 0.0292531 0.0303348 0.00915176 0.0172839 -0.01757 0.00681188 -0.00878109 -0.0046738 -0.00582331 0.000727991
internal_weight=21576.7 9247.66 12329 8919.51 724.176 4653.4 2333.56 1672.02 4594.25 3409.48 1659.84 1749.64 1054.22 762.144 905.278 8195.33 370.627 2319.85 3552.93 2842.9 244.451 1382.08 403.865 121.411 7824.71 1460.82 1915.98 695.425 661.537 766.743
internal_count=865396 240402 624994 484410 32186 146418 60885 42208 93984 140584 72748 67836 37903 25817 17193 452224 16462 85533 85340 69527 7679 29881 10700 4804 435762 39646 74833 29933 18677 25015
is_linear=0
shrinkage=0.03


Tree=30
num_leaves=31
num_cat=0
split_feature=7 19 56 61 51 19 71 72 19 52 53 65 43 65 71 61 56 71 49 50 65 55 72 71 53 67 64 43 54 73
split_gain=3993.3 1083.5 1060.2 566.626 556.984 511.284 457.729 357.272 354.904 352.823 267.341 267.226 248.528 274.476 245.992 225.737 223.631 185.764 173.497 159.412 151.946 145.487 140.159 120.93 111.865 78.095 69.6519 68.4421 68.3904 60.2596
threshold=-0.033928973600268357 -0.67638278007507313 1.0518071055412295 0.0036549614742398266 0.0053161240648478278 -0.54714423418045033 0.17651379853487018 -0.38881509006023401 -0.029087198898196217 0.72651216387748729 0.014879378490149977 0.030707207508385185 0.0065915666054934272 0.024049143306910995 0.30872301757335668 0.00091732892906293284 -0.48340311646461481 0.062874954193830504 0.69978630542755138 0.026228368282318119 0.025683787651360038 0.0047131311148405084 -0.037241758778691285 0.018767679110169414 0.028907654806971553 0.38841131329536444 -0.9244461953639983 0.0021663814550265674 -0.15706264972686765 0.84927403926849376
decision_type=10 10 2 2 2 10 2 2 10 2 2 2 2 2 2 2 2 2 2 2 2 2 2 2 2 2 2 2 2 2
left_child=1 6 5 15 20 11 12 9 19 -6 -5 27 13 24 17 -4 -15 -9 -13 22 25 -10 -7 -23 -1 -3 -14 -2 -22 -17
right_child=2 4 3 10 7 8 -8 14 21 -11 -12 18 26 16 -16 29 -18 -19 -20 -21 28 23 -24 -25 -26 -27 -28 -29 -30 -31
leaf_value=0.010108111200079095 -0.0079548206915992653 0.0037001671502708226 0.013203788666769177 0.040796750614759049 -0.0049281889439977645 -0.018389947653364606 0.042948065455113538 0.004870708456041135 -0.0047953956253564984 0.034286683708339497 -0.00050951158222126483 -0.0014308649019314722 0.0071204383203456291 0 0.019073773806273776 0.0028429596034745771 0.032303251000215895 -0.011236339747610572 0.024344342527169799 0.0036781597703907801 0.011028471081788234 0.019878210676309606 -0.0059436413691523931 -0.002967277427487158 -0.0054924536336648649 -0.011978241520361992 -0.0050337631216251918 0.0018463039642166537 -0.0027489554887784877 -0.011661717845045686
leaf_weight=1274.6165678482503 986.49806834664196 71.681446528062224 125.62023467756808 170.64209357462823 103.55357116647065 6653.215809315443 1064.9685578625649 1327.3513997439295 423.3290443783626 469.91532611474395 145.28802063316107 263.42292355839163 267.19708376936615 205.15548053383827 265.55661979690194 82.527147673070431 1179.8251622710377 494.06871557421982 115.36783000081778 175.15873524080962 162.69071786850691 93.617926409468055 1714.8104182388633 118.48780204448849 165.87099215947092 1312.5002431478351 444.31016813591123 785.8613536413759 282.49301393702626 580.94335061870515
leaf_count=35120 49058 3116 3327 2712 2669 382555 8624 46443 23324 6183 5059 10516 5754 6781 2422 2360 22250 12449 2749 7505 4660 3906 77855 5611 3250 50702 9904 32935 10211 25403
internal_value=0.00258091 0.0172085 -0.00834269 0.0151663 0.00564666 -0.0112051 0.0267709 0.0134834 -0.014154 0.0279289 0.0327617 0.00156069 0.0171097 0.0205571 0.00476729 -0.00162052 0.0286907 -0.000848273 0.0154626 -0.0157276 -0.00606939 0.00434821 -0.0163522 0.0135722 0.00720476 -0.0102407 0.000337881 -0.00402698 0.00513914 -0.00915327
internal_weight=21526.5 9091.76 12434.8 1105.02 4489.81 11329.8 4601.94 2660.45 9178.62 573.469 315.93 2151.15 3536.98 2825.47 2086.98 789.091 1384.98 1821.42 378.791 8543.18 1829.37 635.435 8368.03 212.106 1440.49 1384.18 711.507 1772.36 445.184 663.47
internal_count=865413 230538 634875 38861 138855 596014 91683 70166 500756 8852 7771 95258 83059 67401 61314 31090 29031 58892 13265 467915 68689 32841 460410 9517 38370 53818 15658 81993 14871 27763
is_linear=0
shrinkage=0.03


Tree=31
num_leaves=31
num_cat=0
split_feature=7 20 56 59 61 19 51 53 72 72 42 69 69 71 52 71 64 65 71 65 61 50 43 45 74 53 70 52 43 72
split_gain=3814.6 1046.89 1042.45 516.935 502.268 472.799 456.309 393.605 358.691 435.012 439.798 329.372 444.598 292.917 255.932 255.491 234.14 227.775 220.384 210.571 208.299 155.044 124.067 96.9354 90.3431 88.263 87.5144 79.4216 78.5824 75.958
threshold=-0.033355709165334695 -0.30177927017211909 1.0518071055412295 5.7000000476837167 0.0036549614742398266 -0.54714423418045033 0.0053161240648478278 0.072124548256397261 -0.38881509006023401 -0.47603972256183619 0.016792955808341507 -0.0033046037424355741 -0.0033701746724545951 0.30872301757335668 1.1508054137229922 0.062874954193830504 0.37190929055213934 0.030707207508385185 0.0072793758008629092 0.025640578009188179 0.00091732892906293284 0.0070024430751800546 0.0011670892126858237 5.5000000000000009 0.074845839291811003 0.011239191982895138 -1.5977824926376341 0.71776500344276439 0.0021663814550265674 -0.5559835135936736
decision_type=10 10 2 2 2 10 2 2 2 2 2 2 2 2 2 2 2 2 2 2 2 2 2 2 2 2 2 2 2 2
left_child=1 3 5 22 20 17 19 18 9 -8 -11 12 16 15 23 -10 -7 28 -5 25 -4 -19 -1 -6 -20 -3 -24 -28 -2 -21
right_child=2 6 4 7 14 11 8 -9 13 10 -12 -13 -14 -15 -16 -17 -18 21 24 29 -22 -23 26 -25 -26 -27 27 -29 -30 -31
leaf_value=-0.00063995542049413105 -0.0081158439781383162 0.0014675573637785678 0.012970170685986647 0.003098302624600579 0.041610966976006268 -0.012973769626226525 -0.005277350674296433 0.0015755794245838639 0.0058604779749900993 -0.0044563805665114066 0.041370509042998493 -0.018324346314554242 0.019114991659377963 0.020952323301624432 -0.0027187145566126055 -0.012303597233177694 0.0028793540684358718 -0.0017421753569540352 0.048882376929800686 -0.0033029193880004769 -0.008582467423110347 0.022540365988314354 -0.0019183609092794085 0.00034438293596344624 0.003985476003452908 -0.011483433479269466 -0.0015060899148635512 0.01851922547592072 0.0024323559979566966 0.011292534203803059
leaf_weight=453.38509409315884 942.95729593280703 468.73263182118535 124.12749099172652 207.61487600207329 154.54822092875838 2411.5443813409656 150.91482007689774 289.62374003604054 1626.1764765046537 108.65222958382219 486.2113718399778 5484.6761167962104 114.50596435181797 316.82675979472697 80.031401632353663 536.59384945221245 918.33867781423032 242.03703169710934 1217.0889538899064 160.58173142001033 640.53341309353709 122.14886548556387 109.17355939745903 80.816159835085273 153.17114554345608 1134.026968867518 88.381468157283962 1355.2532046530396 756.02535785827786 539.38211730960757
leaf_count=13749 47528 20513 3252 5340 2027 127304 4986 4520 54620 2551 3961 316428 4845 2730 2818 13144 46512 9938 12396 5544 27088 2860 1940 2836 3778 40549 2463 31478 31821 16373
internal_value=0.0028482 0.0167297 -0.00817416 0.0278868 0.0152943 -0.0110713 0.00719736 0.0383844 0.0137365 0.0273344 0.0345136 -0.013926 -0.00541111 0.00564539 0.031714 0 -0.00871823 0.00147278 0.0429915 -0.00267139 -0.00110192 0.0143843 0.0122867 0.0377179 0.0464313 -0.00810486 0.0154438 0.0170668 -0.00379981 0.00771307
internal_weight=21474.1 9401.79 12072.3 3873.69 1080.06 10992.2 5528.1 1867.5 3225.38 745.778 594.864 8929.07 3444.39 2479.6 315.396 2162.77 3329.88 2063.17 1577.87 2302.72 764.661 364.186 2006.19 235.364 1370.26 1602.76 1552.81 1443.63 1698.98 699.964
internal_count=865892 240635 625257 75664 38021 587236 164971 26034 81992 11498 6512 495089 178661 70494 7681 67764 173816 92147 21514 82979 30340 12798 49630 4863 16174 61062 35881 33941 79349 21917
is_linear=0
shrinkage=0.03


Tree=32
num_leaves=31
num_cat=0
split_feature=24 72 53 56 62 44 53 73 59 61 1 57 49 16 59 57 65 50 57 61 61 59 72 73 66 33 65 44 44 38
split_gain=3615.7 1199.08 1092.52 920.986 596.437 741.717 734.021 504.002 519.693 778.548 467.816 465.275 460.931 408.035 292.072 246.9 249.317 310.755 187.662 163.743 157.082 106.145 103.179 100.294 90.2066 85.9215 77.1333 73.0289 72.6583 62.8718
threshold=-3.4999999999999996 -0.037241758778691285 0.019706219434738163 -0.42773613333702082 -0.055397190153598778 0.43874999880790716 0.072124548256397261 1.0757752656936648 4.9000000953674325 0.00298130966257304 -0.18501180410385129 0.45002940297126776 0.25054253637790685 0.023386034183204178 3.1000000238418584 0.45002940297126776 0.03221555799245835 0.0070024430751800546 0.46159170567989355 0.011437317822128536 0.015148374717682602 5.2999999523162851 -0.21354252099990842 1.0004318952560427 -0.66878780722618092 0.078468918800354018 0.037981061264872558 0.38548950850963598 0.38548950850963598 0.69565239548683178
decision_type=2 2 2 2 2 2 2 2 2 2 10 2 2 8 2 2 2 2 2 2 2 2 2 2 2 8 2 2 2 8
left_child=2 10 13 20 5 6 -5 8 9 14 29 -7 -11 22 -3 16 25 -18 23 -6 -4 -21 -1 -17 -24 -12 -9 -15 -26 -2
right_child=1 7 3 4 19 11 -8 26 -10 12 15 -13 -14 27 -16 18 17 -19 -20 21 -22 -23 24 -25 28 -27 -28 -29 -30 -31
leaf_value=-0.0086622882139107335 -0.0014005132713718767 0.013576680576307537 -0.010765813332663382 0.045832175048019674 -0.0039721075911520916 -0.011861817436808805 -0.002610773131843012 -0.010856018340989213 -0.0071070550459811964 0.052257490293559861 -0.018324871742783997 0.019867093495087917 -0.0017065132458271876 0.017180418315104341 -0.0068872918260533909 -0.0028164582064607075 -0.010365662174297602 0.016980585917514026 -0.0077004848404073414 -0.0028935548787467238 0.0086485893585106065 0.017970837766592741 -0.0053625432219583232 0.020050779707412494 0.010875186835836338 0.0020745707693358025 0.0040696830000488326 0.0013045251811055546 -0.002058207427101963 0.011278117582058485
leaf_weight=1095.3272993862629 386.97904065530747 910.00616603717208 521.32957658171654 2437.6587297208607 560.04044919088483 407.56213623285294 240.98871624283493 963.93357732892036 606.97745569050312 222.29078570753336 7106.6775517668575 278.91315571218729 126.24109225347638 1119.5783073548228 693.49797363206744 65.556609047576785 385.15322997886688 147.95247808471322 231.93303166143596 103.01241206564009 128.78073900192976 329.27825015969574 480.12204783223569 58.495143711566925 527.19344094209373 65.104270180687308 84.320380266755819 466.40118788555264 359.60795557312667 309.29365987796336
leaf_count=46641 15840 36829 18817 25405 14316 6878 3055 44524 24559 4261 420462 2197 5266 32577 30302 2948 21865 5383 11457 1986 3230 5005 17555 1812 18335 2683 2721 14575 13110 11018
internal_value=0.00276899 -0.00766608 0.0167036 0.0254567 0.0300078 0.0354747 0.0416544 0.00623719 0.0127925 0.0192899 -0.0134531 0.00371639 0.0428698 0.00420213 0.00505026 -0.0154683 -0.0165867 0.00147847 0.003936 0.00559352 -0.00457119 0.0137918 -0.00336685 0.0149113 0.00189923 -0.0179774 -0.00853509 0.0140873 0.00656307 0.0063406
internal_weight=21420.2 12364.4 9055.79 5007.56 4357.45 3365.12 2678.65 3607.27 2559.01 1952.04 8757.15 686.475 348.532 4048.23 1603.5 8060.87 7704.89 533.106 355.985 992.331 650.11 432.291 2462.25 124.052 1366.92 7171.78 1048.25 1585.98 886.801 696.273
internal_count=865612 641930 223682 80889 58842 37535 28460 148462 101217 76658 493468 9075 9527 142793 67131 466610 450393 27248 16217 21307 22047 6991 95641 4760 49000 423145 47245 47152 31445 26858
is_linear=0
shrinkage=0.03


Tree=33
num_leaves=31
num_cat=0
split_feature=7 71 17 72 44 61 63 73 63 72 72 44 58 70 52 58 57 16 44 50 53 19 65 60 43 60 73 52 53 60
split_gain=3536.59 1043.49 908.693 885.849 692.265 638.778 700.705 444.549 432.75 493.791 561.148 424.628 529.894 387.64 340.312 358.768 334.541 314.807 300.72 290.153 209.915 155.243 135.209 133.863 123.642 122.354 105.594 107.773 103.063 84.5084
threshold=-0.031247863546013829 0.17651379853487018 -0.21838331222534177 0.21863811463117602 0.30690738558769232 0.00298130966257304 0.021015712060034279 0.8184763789176942 0.020307419821619991 -0.47603972256183619 -0.28252463042736048 0.29361055791378027 -0.65806511044502247 -0.59955355525016774 0.66890722513198864 -1.011211037635803 0.45002940297126776 0.16338446736335757 0.39852941036224371 0.026228368282318119 0.0047635391820222148 -0.9592684507369994 0.014495047740638258 -0.89757290482521046 0.0032302360050380234 -0.45008228719234461 0.90968385338783275 0.76926282048225414 0.0065344877075403937 -0.024237834848463532
decision_type=10 2 8 2 2 2 2 2 2 2 2 2 2 2 2 2 2 8 2 2 2 10 2 2 2 2 2 2 2 2
left_child=1 4 -3 7 8 22 18 11 26 -10 -11 12 -2 23 -4 -16 19 28 -7 21 24 -9 25 -6 -18 -5 27 -1 -15 -25
right_child=3 2 14 5 13 6 -8 16 9 10 -12 -13 -14 17 15 -17 20 -19 -20 -21 -22 -23 -24 29 -26 -27 -28 -29 -30 -31
leaf_value=-0.0031628054385519286 -0.0053761748935137127 -0.0016197099210766164 -0.0013710169487622058 -0.0050973484969916039 -0.0037938973258576708 0.046963813637216918 -0.0047762937947646873 0 -0.001827060637391271 0.038655701195147975 0.0064319867706122491 -0.010259824365862825 0.033840240731361736 0.0035552177883458594 -0.00055704322031499857 0.047666505973826399 -0.0030634384089218958 0.010264197825097323 -0.0019053055770582863 0.0073305024506080752 -0.0070843571214440218 -0.018548513376572477 -0.0092448666108087586 0.021320451531622903 0.022329088182373939 0.014233633648163411 -0.0037972512134274916 0.014090208137461953 -0.011543422993459429 0.0028479519450583684
leaf_weight=238.77626255806535 352.86327457148582 507.58165984041989 113.94176730699837 169.92219768278301 178.56706686224788 212.83788302727044 329.07430708780885 408.50482405535877 515.29723844863474 1259.6239112680778 1034.9782267892733 567.67814728524536 149.46783818583935 208.50864393543452 124.81137151643634 1295.4421843569726 69.67629194073379 462.57772938348353 76.520545629784465 166.4533159956336 254.67377427779138 6971.2353264931589 980.80816745385528 421.34934313315898 74.113629361614585 122.6480387467891 838.49756981432438 383.08432124368846 2304.9857830526307 589.23931632749736
leaf_count=7672 19084 9096 2076 7898 6865 4052 12908 18121 18459 18299 31526 31027 4627 8845 1162 10427 3406 11692 3146 6784 12358 411725 42999 12559 2592 3474 29723 12820 82548 17674
internal_value=0.00280325 0.0149138 0.0322061 -0.00894819 0.00912678 0.00805962 0.0248734 -0.0127849 0.0169301 0.0229727 0.0279798 0.00371897 0.0170533 0.000105273 0.0411921 0.0442308 -0.0151318 -0.0055753 0.0406395 -0.0165558 0.00570739 -0.0175636 -0.00464771 0.0119416 0.0167357 0.00649497 0.00225654 0.00874105 -0.00980929 0.0152561
internal_weight=21383.7 10477.3 2041.78 10906.5 8435.49 1891.81 618.433 9014.67 4270.26 2809.9 2294.6 1070.01 502.331 4165.23 1534.2 1420.25 7944.66 2976.07 289.358 7546.19 398.464 7379.74 1273.38 1189.16 143.79 292.57 1460.36 621.861 2513.49 1010.59
internal_count=865644 281443 22761 584201 258682 74477 20106 509724 118499 68284 49825 54738 23711 140183 13665 11589 454986 103085 7198 436630 18356 429846 54371 37098 5998 11372 50215 20492 91393 30233
is_linear=0
shrinkage=0.03


Tree=34
num_leaves=31
num_cat=0
split_feature=19 51 50 47 61 45 53 70 72 56 51 69 65 65 44 74 56 67 35 64 69 62 58 44 56 73 56 72 57 55
split_gain=3314.78 1506.96 992.247 810.188 789.984 1012.51 675.479 548.341 515.04 505.64 494.363 763.309 477.289 306.159 401.373 292.105 275.772 222.674 183.72 175.359 172.467 143.914 137.986 129.025 123.551 115.704 112.195 105.907 104.463 102.606
threshold=-0.61293685436248768 0.0059561927337199458 0.0096139609813690203 0.011372546199709179 0.0039230044931173333 3.5000000000000004 0.019706219434738163 -0.4268940389156341 -0.45920740067958826 -0.38176001608371729 0.020310297608375553 -0.0078729959204792959 0.037264185026288039 0.03221555799245835 0.24174228310585025 -1.1061128377914426 2.9810222387313847 0.38692022860050207 0.085444152355194106 -0.22308062016963956 -0.0051350772846490136 -0.91916343569755543 -1.1319620609283445 0.15459298342466357 -0.37920556962490076 1.0324909687042239 2.7479499578475957 -0.076416093856096254 0.48259460926055914 0.0015032690716907384
decision_type=10 2 2 2 2 2 2 2 2 2 2 2 2 2 2 2 2 2 8 2 2 2 2 2 2 2 2 2 2 2
left_child=2 13 7 4 28 15 -4 21 -8 -5 11 -11 22 17 -15 -6 -12 20 27 -9 -2 -1 -10 -23 -21 -25 -7 -19 -3 -26
right_child=1 3 6 9 5 26 8 19 12 10 16 -13 -14 14 -16 -17 -18 18 -20 24 -22 23 -24 25 29 -27 -28 -29 -30 -31
leaf_value=-0.00046638705638047518 -0.0082590167843203926 -0.014865523680205063 -0.00041584071971656478 -0.0093720350035429098 -0.0033767375197438047 -0.012856576293350333 -0.00035015412649503866 -0.0060520624902419152 0.0047702606279107461 -0.0039911444521249471 -0.0098555079749644038 0.033308079616828308 -0.0027488254864062108 0.020113222544632953 -0.01063252617107339 0.0380843797586062 0.014766802223702994 -0.019972344665435932 -0.00068433076388496096 -0.0024790466250304609 0.011376528591847485 -0.0024130078884073295 0.054174709891434254 0.028536044394611146 -0.0019458662315260731 0.0043713835606390486 0.0053579596052360364 0.0018228687033645591 0.0035115551114673336 0.013945592166601637
leaf_weight=210.12586909998208 423.82818929944187 2429.9422001419589 374.92067137826234 367.47225736360997 77.570882119238377 644.30665115639567 209.43911101482809 1166.1774366851896 173.49904851615429 503.1921606855467 640.67782944068313 1547.3196207787842 98.082662055268884 178.11241400241852 391.78110548760742 403.69816796761006 138.34071199782193 5427.7993431212381 588.22718731686473 689.47103131562471 212.62853700947016 60.160855256021023 1082.3518178937957 1218.3079231176525 293.71507729589939 464.97303501423448 77.913349650800228 99.266568224877119 93.042076850309968 1041.8294525370002
leaf_count=7398 25698 116711 13675 17048 1844 24835 6047 37300 3083 19322 21702 59136 2427 6412 20942 7196 3294 313074 23279 24018 12181 832 9108 23103 11608 13369 1924 4903 3762 30547
internal_value=0.00291298 -0.00543154 0.0189863 0.0044482 -0.00480816 0.0120641 0.0353034 0.0102031 0.0420398 0.0145098 0.0186431 0.0250492 0.0470849 -0.0144995 0.00360516 0.0327805 -0.00118506 -0.0162122 -0.0178442 0.00163218 0.000156034 0.0208957 0.0508222 0.0231342 0.00649838 0.0245282 -0.0092581 -0.0194124 -0.0136199 0.0107092
internal_weight=21328.2 14245.1 7083.05 6923.48 3726.47 1203.49 1938.29 5144.76 1563.37 3197 2829.53 2050.51 1353.93 7321.64 569.894 481.269 779.019 6751.75 6115.29 3191.19 636.457 1953.57 1255.85 1743.44 2025.02 1683.28 722.22 5527.07 2522.98 1335.54
internal_count=865778 683263 182515 276774 156272 35799 34340 148175 20665 120502 103454 78458 14618 406489 27354 9040 24996 379135 341256 103473 37879 44702 12191 37304 66173 36472 26759 317977 120473 42155
is_linear=0
shrinkage=0.03


Tree=35
num_leaves=31
num_cat=0
split_feature=37 42 71 19 65 69 60 57 53 69 47 55 71 71 60 56 44 70 13 35 52 59 49 65 42 44 72 49 34 52
split_gain=3343.84 1034.86 929.923 577.303 527.999 840.339 627.933 497.139 456.521 453.795 386.158 453.874 604.294 387.704 278.472 248.29 447.278 244.726 172.872 147.071 144.73 122.13 113.099 108.029 132.127 82.6567 74.8129 63.0606 57.8974 57.2455
threshold=0.049555154517292983 0.018225305713713173 0.30872301757335668 -1.0548689961433408 0.022719985805451873 0.0013095110771246257 1.0467001199722292 0.33917611837387091 0.03822505101561547 -0.0028397202258929606 0.011372546199709179 0.0056510884314775476 0.019776246510446075 0.0043880341108888396 -1.1314909458160398 4.4686520099639901 0.31440092623233801 0.6738804578781129 -12.117986202239988 0.14649116992950442 0.75134810805320751 15.800000190734865 0.96284538507461559 0.023146951571106914 0.0050533805042505273 0.38047619163990026 -0.5559835135936736 0.07739791646599771 0.097617089748382582 0.93741112947464
decision_type=8 2 2 10 2 2 2 2 2 2 2 2 2 2 2 2 2 2 10 8 2 2 2 2 2 2 2 2 8 2
left_child=1 9 3 20 14 6 7 -6 -7 10 23 13 -13 -12 -3 16 17 -5 29 -18 -2 22 -22 -1 -25 -17 -10 -20 -29 -11
right_child=2 4 -4 15 5 8 -8 -9 26 18 11 12 -14 -15 -16 25 19 -19 27 -21 21 -23 -24 24 -26 -27 -28 28 -30 -31
leaf_value=-0.013943369057873335 -0.00018638951852288703 0.012273973221875449 0.04003463523556245 0.015817616399354108 0.052233381251337536 -0.013736681149679925 -0.0051636296336024755 -0.0030538115815298104 -0.002086838167865175 0.0021908566762901646 0.013327077287093233 0.036863055101107225 -0.0039726373452885887 -0.011268113504456835 -0.012151390741273606 -0.0011137860148576252 -0.0083268288650996426 -0.0021426585562015423 0.0017074543363185556 0.0075794492954960185 0.027311945508732088 -0.0018000343884592989 -0.0013643764369883407 0.010697577651659027 -0.0071162748428535913 0.025100485124213836 0.018296918063342108 -0.01976313516609746 0.001247975864583251 -0.007787886008045735
leaf_weight=1701.4351009167731 188.69300154037774 131.55210928618908 966.33807903528214 1704.6568863680586 382.21042560972273 638.26283388864249 159.54167362861335 100.58202801179141 56.064213659614325 482.5206631841138 365.3056648876518 216.05377048440278 419.2942981692031 1294.1091369967908 930.42411385290325 55.499247912317514 2278.718401231803 793.63637889362872 24.845121623948216 214.83958462439477 1924.8305674307048 62.166096981614828 61.061670137569308 147.1796422759071 387.49805332534015 168.21345919556916 290.53979915753007 4227.5140514625236 34.845405915752053 884.22334541846067
leaf_count=89669 3423 2794 6162 44954 7976 32212 7344 4192 2135 21471 17756 7600 20051 68187 40237 1790 78759 27580 579 5961 35841 1203 1729 6252 18966 3432 5546 257760 1683 42250
internal_value=0.00296965 -0.0065757 0.0171506 0.0118149 0.00877318 0.0176801 0.0352271 0.0447162 -0.00157046 -0.0108774 -0.00318596 0.00492338 0.0197683 -0.00388264 -0.0059732 0.00528986 0.00256394 0.0106062 -0.0162326 -0.0058191 0.0231738 0.0250581 0.0262125 -0.0109966 0.000297266 0.0219062 0.0153602 -0.0190648 -0.0194154 -0.00446104
internal_weight=21292.7 12874 8418.65 7452.32 2689.18 1627.2 642.334 482.792 984.867 10184.8 4530.88 2294.76 635.348 1659.41 1061.98 5215.56 4991.85 2498.29 5653.95 2493.56 2236.75 2048.06 1985.89 2236.11 534.678 223.713 346.604 4287.2 4262.36 1366.74
internal_count=865494 654660 210834 204672 102436 59405 19512 12168 39893 552224 228481 113594 27651 85943 43031 162476 157254 72534 323743 84720 42196 38773 37570 114887 25218 5222 7681 260022 259443 63721
is_linear=0
shrinkage=0.03


Tree=36
num_leaves=31
num_cat=0
split_feature=37 46 61 45 62 47 47 43 47 54 43 65 58 74 71 65 62 66 44 48 16 16 66 58 43 54 66 56 70 71
split_gain=3117.38 975.292 971.589 615.936 539.427 623.165 513.863 467.849 585.928 522.804 485.565 435.954 388.63 424.551 364.406 360.247 329.253 315.896 231.087 223.84 173.609 164.601 124.818 119.695 107.709 100.793 98.7737 96.8403 79.7203 76.5491
threshold=0.045545894652605064 0.0070143223274499187 0.0028858100995421414 5.5000000000000009 -0.24629881232976911 0.039266627281904228 0.056471822783350951 0.0023550209589302544 0.011372546199709179 -0.71025282144546498 0.0032688986975699667 0.032973164692521102 -1.011211037635803 0.93861263990402233 0.0043880341108888396 0.020870264619588855 -0.8825586438179015 0.36693516373634344 0.31440092623233801 0.026875987648963932 0.15675598382949832 0.086641866713762297 -1.3689758777618406 -1.1319620609283445 0.0016406901995651426 1.9392585158348086 0.47564709186553961 4.4686520099639901 -0.53960990905761708 0.0051969557534903297
decision_type=8 2 2 2 2 2 2 2 2 2 2 2 2 2 2 2 2 2 2 2 8 8 2 2 2 2 2 2 2 2
left_child=1 7 19 18 12 20 15 11 27 10 -10 22 -4 16 -11 -7 -14 -13 23 21 28 29 -1 -3 -21 -24 -5 -9 -6 -2
right_child=2 3 4 26 5 6 -8 8 9 14 -12 17 13 -15 -16 -17 -18 -19 -20 24 -22 -23 25 -25 -26 -27 -28 -29 -30 -31
leaf_value=-0.00034823559410081137 0.0025854786816789294 -0.00011282111597439599 -0.003746813184477039 0.0047076032611376153 0.0025795586027797675 -0.003939990223627129 -0.0025041274378037309 -0.01405996402524861 0.038586516625382497 0.014985355157459739 -0.0043779147995615317 0.022598594922500201 -0.0026927712918710712 -0.0021530684683201051 -0.0071884793141218407 0.036414021440734023 0.040178060535667845 -0.0077119644199162441 -0.0021131493593362131 -0.001031219227552323 0.0093492760756234538 0.0074218843199777944 -0.01963774899751565 0.038729174746089841 0.016117686056968346 0.0019246993376761559 -0.010385299511121359 0.003824664835196538 -0.0095483084025639736 -0.0089243460668745524
leaf_weight=395.76913457270712 394.77045338321477 58.35825190320611 140.30093932431191 287.83368547540158 426.36845756229013 111.56450819876045 414.57440564222634 2222.1309435879812 175.98230955563486 423.54817041289061 206.96544960141182 77.243846627883613 93.810106726363301 187.19047791417688 1899.6204191958532 890.308778565377 2081.4657572843134 263.59254365228117 93.556335348635912 335.66287833824754 551.7215126696974 628.33721816632897 4877.9962142752483 309.0186773147434 674.54326431639493 88.440539839677513 354.44640755467117 68.338963411748409 927.83261567354202 1586.8531655967236
leaf_count=23278 17574 2467 2181 7985 10990 3945 10496 115353 5601 19075 9575 1931 3021 5713 88867 12573 26230 16056 3557 13574 11662 19485 297739 4529 19217 4761 16206 1719 29868 60665
internal_value=0.00286851 -0.00728328 0.0153127 0.0151262 0.0224274 0.0115677 0.0236516 -0.0101928 -0.00295102 0.00601315 0.0256966 -0.0157399 0.032417 0.0349488 -0.00110157 0.0319049 0.0380594 0.00815391 0.0306112 0.00245941 -0.000337056 -0.00235887 -0.0178757 0.0357049 0.0117661 -0.019058 -0.00425891 -0.0128292 -0.00590215 -0.00645158
internal_weight=21248.1 11802.8 9445.3 1103.21 5825.14 3322.37 1416.45 10699.6 4996.59 2706.12 382.948 5703.04 2502.77 2362.47 2323.17 1001.87 2175.28 340.836 460.933 3620.17 1905.92 2609.96 5362.21 367.377 1010.21 4966.44 642.28 2290.47 1354.2 1981.62
internal_count=865893 618699 247194 34744 116679 79534 27014 583955 240190 123118 15176 343765 37145 34964 107942 16518 29251 17987 10553 130515 52520 97724 325778 6996 32791 302500 24191 117072 40858 78239
is_linear=0
shrinkage=0.03


Tree=37
num_leaves=31
num_cat=0
split_feature=37 71 46 46 73 74 71 45 51 44 74 51 57 73 51 18 1 47 57 66 74 66 68 72 19 19 66 62 60 59
split_gain=2939.57 960.496 807.241 790.529 621.27 945.11 592.626 539.393 488.205 399.452 330.27 319.794 339.634 294.205 269.98 291.329 213.176 192.862 186.464 156.051 153.999 97.6468 95.3156 87.9809 68.2993 57.651 57.268 52.3487 45.0304 41.4231
threshold=0.042415423318743713 0.30872301757335668 0.0070143223274499187 0.0070143223274499187 0.8184763789176942 -0.47612103819847101 0.062874954193830504 5.5000000000000009 0.022583224810659889 0.28524126112461096 0.16829347610473636 0.0075717158615589151 0.39177833497524267 1.1181111335754397 0.0042293488513678321 -0.43810680508613581 -0.13736951351165769 0.04482701979577542 0.28586374223232275 -0.66878780722618092 0.55802279710769664 -1.4950853586196897 1.5462428331375124 4.7635984420776376 -0.74159982800483693 -0.9819783866405486 0.47564709186553961 -0.97372445464134205 3.040570974349976 7.2999999523162851
decision_type=8 2 2 2 2 2 2 2 2 2 2 2 2 2 2 10 10 2 2 2 2 2 2 2 10 10 2 2 2 2
left_child=3 2 6 4 5 21 11 18 10 17 13 16 -13 -4 25 19 -2 -7 -5 -16 -12 -1 -23 27 -17 -6 29 -8 -27 -9
right_child=1 -3 8 7 14 9 23 26 -10 -11 20 12 -14 -15 15 24 -18 -19 -20 -21 -22 22 -24 -25 -26 28 -28 -29 -30 -31
leaf_value=0.0043456658947152293 0.0090121610299674394 0.036957298477596746 0.038319723918197109 -0.0022811727052595987 -0.0012025936226473775 0.045357468774363086 0.0015146517131383701 -0.0038808755865706026 -0.004751689731023221 -0.0042445715613651531 -0.0070922375622454502 0.018145603689300561 -0.0043021581187376633 -0.0028673688693501825 -0.0066592768585237907 0 -0.0052957481707695915 -0.0013996863036808169 0.032549177625935594 0.010322673923229643 0.011801453078190331 -0.014186149280223695 0.0039857116963167441 0.0021708561813324726 -0.012327219621894718 -0.020194009169619706 -0.0096423412653265997 -0.016238941454532189 0 0.007273361757286375
leaf_weight=136.00959070771933 1061.6633439641446 1023.1061423867941 1201.7861896157265 73.263763448223472 263.40940556302667 151.55308709107339 44.265176646411419 101.07386322971433 310.11577633209527 106.02282973751426 196.79019975103438 2472.9922580206767 527.52826580870897 84.281663984060287 334.39160891901702 414.10646267421544 1838.6948072649539 43.52033706009388 340.46576911024749 797.4421662138775 505.79228351730853 820.24832554720342 65.146196860820055 154.34896873310208 3027.856267362833 3620.6519808210433 314.95400352124125 917.03346159681678 101.20909078326076 134.67129358835518
leaf_count=6238 32667 6483 14133 2699 11446 2776 1700 4488 6446 5591 4956 73348 19579 1883 17275 16468 78972 2468 6815 39517 13962 42260 2856 3487 166189 232751 14812 23663 6792 2402
internal_value=0.00302488 0.0141491 0.00985849 -0.00770855 -0.0103679 0.00669788 0.0040509 0.0135713 0.0235873 0.0319808 0.0281939 0.00795437 0.0140625 0.0354055 -0.0132621 -0.00698055 0.000408434 0.0409914 0.0281798 0.0046185 0.00551148 -0.00861891 -0.0116766 -0.0124818 -0.0109728 -0.0188226 -0.00530558 -0.0149776 -0.0197084 0.00269591
internal_weight=21184.4 10338.4 9315.29 10846 9881.57 1322.5 7016.53 964.429 2298.77 301.096 1988.65 5900.88 3000.52 1286.07 8559.07 4573.8 2900.36 195.073 413.73 1131.83 702.582 1021.4 885.395 1115.65 3441.96 3985.27 550.699 961.299 3721.86 235.745
internal_count=865122 281279 274796 583843 552627 62189 233416 31216 41380 10835 34934 204566 92927 16016 490438 239449 111639 5244 9514 56792 18918 51354 45116 28850 182657 250989 21702 25363 239543 6890
is_linear=0
shrinkage=0.03


Tree=38
num_leaves=31
num_cat=0
split_feature=7 20 72 71 44 65 44 50 73 44 61 63 44 64 74 53 53 61 49 50 72 48 50 16 61 39 37 71 49 52
split_gain=2820.2 860.757 840.256 451.013 615.837 414.543 452.357 402.215 536.559 442.495 488.073 564.941 392.3 269.528 252.011 193.792 177.864 354.887 147.971 167.887 155.701 132.993 130.637 129.121 112.691 97.1313 87.737 69.3652 60.2559 45.0751
threshold=-0.031093799509108063 -0.50134342908859242 -0.037241758778691285 0.30872301757335668 0.30690738558769232 0.03221555799245835 0.24174228310585025 -0.011930346488952635 0.8184763789176942 0.38799282908439642 0.0019804212497547273 0.021015712060034279 0.27207793295383459 0.97540152072906505 -0.61310011148452748 0.013424533419311048 0.0047635391820222148 0.00073043967131525289 0.96284538507461559 0.0096139609813690203 -0.19535903632640836 0.03567196428775788 0.0089830458164215105 0.15675598382949832 0.0028121840441599493 -0.012717992067337034 0.0633877068758011 0.00056373194092884671 0.65640699863433849 0.66890722513198864
decision_type=10 10 2 2 2 2 2 2 2 2 2 2 2 2 2 2 2 2 2 2 2 2 2 10 2 10 8 2 2 2
left_child=1 18 5 4 12 16 22 9 -9 10 -4 -12 14 -14 -3 24 17 -2 19 28 -21 -11 -7 -17 -6 -18 -5 -27 29 -1
right_child=2 3 7 26 15 6 -8 8 -10 21 11 -13 13 -15 -16 23 25 -19 -20 20 -22 -23 -24 -25 -26 27 -28 -29 -30 -31
leaf_value=-0.00031125640583132313 -0.010853921359572787 -0.0076376145267580686 -0.0037972255702623569 0 -0.0016460366043522336 -0.0017922860162919571 -0.010063170017411374 0.019312487632947711 -0.013006668001871592 -0.0085422526864854919 0.04562773705405665 -0.0022661946695498735 0.029577616848527097 -0.0037639250630989371 0.0093717027819422323 -0.012476539617769861 0 0.0188557217067165 -0.0018745797922098018 0.039362656593552585 0 0.0087570286146132631 0.027146757970464078 0.0041370437224508699 0.012843338226450852 0.0012115371911944088 0.027217423276431649 -0.017973103583465877 -0.00035876218160326443 0.016850523586869511
leaf_weight=91.125865516252816 455.02413601614535 730.86498489230871 294.52133654244244 134.30202816613019 1269.1010232828557 81.921793087385595 396.10863259620965 135.13398848101497 1342.7776786666363 620.06896024942398 310.94780785031617 227.21526115015149 750.99615285545588 121.08555546030402 1778.8820167044178 1804.5231540231034 274.1902044666931 82.167739395983517 88.164087840355933 945.28759747091681 100.87855121679604 136.58241737633944 141.66439446806908 230.9100458547473 181.03320035804063 81.75826714746654 537.24348027259111 5826.4536340488121 158.18478465825319 1843.7887192862108
leaf_count=1688 29455 22641 13412 1653 54341 4327 21840 3079 65073 28653 6901 8665 19291 4554 51195 59135 15039 3352 2529 9064 2246 4486 3196 5949 5686 4944 3421 368554 4385 36902
internal_value=0.0028136 0.0132952 -0.00811528 0.00685982 0.00358688 -0.013375 0.00603597 0.00449675 -0.00576486 0.0132786 0.0238141 0.0337651 0.0119325 0.025045 0.00387279 -0.00491622 -0.0155007 0.000300268 0.0253104 0.026309 0.0368469 -0.00293903 0.0222173 -0.0100293 0.00283813 -0.0168383 0.0242583 -0.017587 0.014837 0.0160211
internal_weight=21172.9 10766.4 10406.5 7538.94 6867.4 7339.29 619.695 3067.25 1477.91 1589.34 832.684 538.163 3381.83 872.082 2509.75 3485.57 6719.59 537.192 3227.43 3139.27 1046.17 756.651 223.586 2035.43 1450.13 6182.4 671.546 5908.21 2093.1 1934.91
internal_count=865656 284680 580976 227866 222792 450707 29363 130269 68152 62117 28978 15566 97681 23845 73836 125111 421344 32807 56814 54285 11310 33139 7523 65084 60027 388537 5074 373498 42975 38590
is_linear=0
shrinkage=0.03


Tree=39
num_leaves=31
num_cat=0
split_feature=19 51 59 50 47 61 48 52 71 52 55 55 51 48 70 71 65 44 67 71 70 60 72 69 33 35 53 52 59 60
split_gain=2724.66 1256.59 931.18 822.548 673.123 693.463 615.529 436.822 549.454 512.488 524.517 405.931 400.291 352.726 335.161 264.597 242.486 320.554 237.56 233.426 222.855 215.487 167.362 151.592 145.694 140.554 115.766 99.0868 107.419 95.4627
threshold=-0.56755551695823658 0.0059561927337199458 5.7000000476837167 0.0078423321247100847 0.011372546199709179 0.0039230044931173333 0.0070330537855625161 0.89066079258918773 0.0083084711804986017 0.78474208712577831 0.0056510884314775476 0.0013419491006061437 0.0071181666571646937 0.040082879364490516 -0.53960990905761708 0.033868191763758666 0.03221555799245835 0.24174228310585025 0.38692022860050207 0.00056373194092884671 -1.5977824926376341 1.1107771396636965 -0.38881509006023401 -0.0051350772846490136 0.090210080146789565 0.074427843093872084 0.014995424542576076 0.71776500344276439 5.2999999523162851 0.98800230026245128
decision_type=10 2 2 2 2 2 2 2 2 2 2 2 2 2 2 2 2 2 2 2 2 2 2 2 8 8 2 2 2 2
left_child=2 16 12 14 5 -3 15 9 11 -6 -11 -9 25 21 -4 -7 18 -18 23 -20 -14 -5 -10 -2 -21 -1 -8 -22 -29 -16
right_child=1 4 3 13 7 6 26 8 22 10 -12 -13 20 -15 29 -17 17 -19 19 24 27 -23 -24 -25 -26 -27 -28 28 -30 -31
leaf_value=-0.0052593765008869418 -0.007304595620926225 -0.013457737449332891 0.019437679659513901 0.048945007988843013 -0.0023923683445785213 -0.0037135549355983518 0.0063096961058685648 -0.0061000204809799523 0.0072731910698390217 -0.0025678012221689158 0.045019468022876978 0.026433464040013718 -0.0044156406431659512 -0.00048634731395518486 -0.0080484151986096528 0.032763249249396116 0.017530559021198738 -0.010175155070705849 0.004967104809975296 -0.019391678213385534 -0.0021700444710267817 0.00026818993193651966 -0.011835312006857652 0.011315060087431243 0.00359003721983514 0.0070162548017641841 -0.010911412510104697 0.021440399568461863 -0.0010605728486285469 0.0055381915833395533
leaf_weight=1918.9835234601051 390.20401367358863 2355.2004095632583 832.63126039411873 1116.6324271904305 341.77760857436806 90.836277249269187 112.89289375022054 258.93819633871317 158.94479025620967 187.35987157281488 436.12175691686571 568.44476844370365 237.02139282785356 133.82649004086852 581.69217846449465 376.08284583408386 174.44416626170278 357.71341219637543 182.29470682609826 5273.8911803178489 75.595728148706257 105.14712514355779 1139.5298344278708 204.35523541737348 87.682824219577014 784.24470192473382 572.4368824409321 1583.9777550315484 132.45937622152269 339.92779976781458
leaf_count=78383 24999 117451 12952 9391 9551 3628 4231 13900 3270 8930 11281 21343 4995 3710 14945 4089 5992 20186 7789 319671 2401 3028 48322 11907 3119 21292 22319 38110 3363 10619
internal_value=0.00285672 -0.00539518 0.0163417 0.0280147 0.00376363 -0.00492831 0.011121 0.0130228 0.00331375 0.0257735 0.0356737 0.0175632 0.00666923 0.042563 0.00969237 0.0271059 -0.0141276 0.0027089 -0.0157265 -0.0175164 0.0152654 0.0462245 -0.0079577 0.0010664 -0.0186905 -0.0010651 -0.00635657 0.0183948 0.0197211 -0.00264081
internal_weight=21111.3 13269.2 7842.14 3109.86 6598.57 3507.45 1152.25 3091.12 2125.86 965.259 623.482 827.383 4732.28 1355.61 1754.25 466.919 6670.59 532.158 6138.43 5543.87 2029.05 1221.78 1298.47 594.559 5361.57 2703.23 685.33 1792.03 1716.44 921.62
internal_count=865167 661978 203189 54645 268315 151718 34267 116597 86835 29762 20211 35243 148544 16129 38516 7717 393663 26178 367485 330579 48869 12419 51592 36906 322790 99675 26550 43874 41473 25564
is_linear=0
shrinkage=0.03


Tree=40
num_leaves=31
num_cat=0
split_feature=7 50 49 56 71 16 46 51 71 61 56 20 61 61 46 13 53 61 56 59 43 66 65 67 57 0 50 62 44 65
split_gain=2658.34 906.718 1082.34 751.816 725.505 518.975 447.897 391.804 614.534 381.895 357.545 346.892 271.749 269.889 190.685 179.766 150.342 137.757 112.491 102.777 102.292 96.8281 88.6595 73.1209 51.5883 46.7291 42.7865 40.5793 40.2768 27.5503
threshold=-0.028598480857908722 0.017990231513977054 0.96284538507461559 1.0518071055412295 0.30872301757335668 0.16338446736335757 0.0017590180505067112 0.0072147645987570294 0.084852013736963286 0.019599878229200843 -0.38527868688106531 0.27244177460670477 0.0029172572540119295 0.0036549614742398266 0.0030082773882895712 -11.884216785430906 0.014879378490149977 0.00091732892906293284 -0.20772045105695722 15.800000190734865 0.014046320226043464 -0.66878780722618092 0.030707207508385185 0.45852933824062353 0.31656153500080114 -0.1154353618621826 -0.010692268610000609 -1.0084669589996336 0.19876543432474139 0.03221555799245835
decision_type=10 2 2 2 2 8 2 2 2 2 2 8 2 2 2 10 2 2 2 2 2 2 2 2 2 10 2 2 2 2
left_child=1 4 6 11 5 7 -3 14 -9 10 -8 15 -6 17 -1 22 -15 -5 29 27 25 -20 26 -23 -24 -17 -2 -7 -19 -13
right_child=3 2 -4 13 12 19 9 8 -10 -11 -12 18 -14 16 -16 20 -18 28 21 -21 -22 23 24 -25 -26 -27 -28 -29 -30 -31
leaf_value=0.00059163385022544196 0.0018492314747174331 -0.0042174344718867423 -0.0095805859522046025 0.010089934544132378 -0.0017738436493548713 0 -0.0017574946752567232 0.01257277811517226 -0.012305767344769776 -0.0029745245011196584 0.044860608780199207 -0.0074716641291612991 0.033246341107468769 0.029534162255835935 -0.011857962769414823 0.00050244548102284267 -0.0011192872243004446 0.0026103507465089723 -0.0038070035767020071 -0.0024056712517583727 0.0023928263715244217 0.016623135715497998 0.010756782075068723 -0.00083094748178364083 -0.0027602325070836238 -0.01767133836733456 -0.0084451397746937995 0.020783049774939957 -0.0099625855686506035 0.002089064830683645
leaf_weight=1947.4707537284121 214.64538443088531 124.17646488174796 357.92156737949699 116.7508547604084 162.69501082412899 97.885162408463657 107.00983544997871 3062.0117043340579 742.13682163320482 103.18818595446646 1497.7101141922176 460.52305693738163 674.23369083739817 174.2572845891118 1822.011580510065 69.669465400278568 115.32717081718147 30.673282898962498 176.45051827095449 72.598561258986592 100.6343646235764 295.31897021830082 100.21771430782974 191.63487226236612 116.13249949552119 5301.4468437740579 1063.4712180411443 1212.2244399096817 462.64757984504104 71.004230368882418
leaf_count=88121 10449 4347 12378 2805 1985 2665 3652 95864 16561 1857 13806 30073 3798 2233 65186 3305 4148 1091 10111 1434 4093 14519 3251 11364 6069 336734 61515 27582 21364 3090
internal_value=0.00296995 0.0120383 0.0277716 -0.0089943 0.00731274 0.00395593 0.035687 0.000385529 0.00678391 0.0390222 0.0419304 -0.011954 0.0280968 0.0123192 -0.00603968 -0.0143744 0.0239682 -0.00124518 0.00205725 0.0180569 -0.0167783 0.00814053 -0.00342269 0.0125092 0.00622006 -0.0173618 -0.00651374 0.0197079 -0.00795837 -0.00551012
internal_weight=21044.1 11983.3 2190.01 9060.81 9793.27 8956.34 1832.08 7573.63 3804.15 1707.91 1604.72 8161.15 836.929 899.656 3769.48 6966.22 289.584 610.072 1194.93 1382.71 5471.75 663.404 1494.47 486.954 216.35 5371.12 1278.12 1310.11 493.321 531.527
internal_count=865450 339236 36040 526214 303196 297413 23662 265732 112425 19315 17458 494573 5783 31641 153307 425416 6381 25260 69157 31681 344132 35994 81284 25883 9320 340039 71964 30247 22455 33163
is_linear=0
shrinkage=0.03


Tree=41
num_leaves=31
num_cat=0
split_feature=37 46 71 63 59 71 45 43 57 44 44 71 69 50 45 57 72 57 52 64 44 61 65 59 11 56 46 65 57 53
split_gain=2444.37 819.637 756.556 657.83 586.805 527.477 521.346 419.108 463.078 448.448 467.562 695.576 389.295 374.474 307.409 256.538 252.895 205.597 197.662 141.54 117.462 111.014 98.0161 90.7337 89.5698 87.6081 84.2364 73.1844 68.331 64.8249
threshold=0.045871607959270484 0.0070143223274499187 0.30872301757335668 0.029044248163700107 4.9000000953674325 0.084852013736963286 5.5000000000000009 0.0023550209589302544 0.24495092034339908 0.38548950850963598 0.36700680851936346 0.0052937243599444636 0.0060663700569421062 -0.01150354743003845 2.5000000000000004 0.333077222108841 -0.5559835135936736 0.28586374223232275 0.73402211070060741 -0.22308062016963956 0.31440092623233801 0.011437317822128536 0.032973164692521102 7.2999999523162851 -0.017018716782331463 -0.29038475453853602 0.00052314938511699449 0.029855263419449333 0.49824759364128118 0.016345736570656303
decision_type=8 2 2 2 2 2 2 2 2 2 2 2 2 2 2 2 2 2 2 2 2 2 2 2 10 2 2 2 2 2
left_child=1 7 3 5 29 13 17 8 22 10 11 -9 16 14 -2 -12 -6 -3 25 -15 -19 -14 -1 -8 -20 -10 -7 -11 -4 -5
right_child=2 6 28 4 12 26 23 9 18 27 15 -13 21 19 -16 -17 -18 20 24 -21 -22 -23 -24 -25 -26 -27 -28 -29 -30 -31
leaf_value=-0.0025175952977672298 -0.0033453463439391297 -0.0025541376337727861 0.036255564270466174 0.0046489647468911507 -0.00070980258260752054 0.0026380878037333584 -0.0099723767145262748 0.018015100279552467 0.0089891615448522578 -0.014447300585267747 -0.0035689016414417237 -0.0098657856534628205 -0.0056884873479629994 -0.0056619076679872149 0.022927918413315568 0.03032733405497615 0.038379272762339593 0.035242506401515744 0 0.0052814522076141323 -0.00047504965825302567 0.010221218358869553 0.018520906603432492 0.0044170329821530581 -0.018821285844731372 -0.0063044078791659065 -0.015720725151273124 0.0013752762846247 0.0027282666107065123 -0.0069658183335959403
leaf_weight=115.22926858626306 350.48384192399681 81.943926801905036 891.25699451938272 353.75576658733189 127.63131331559271 84.974660171195865 340.18751845415682 662.2379250433296 190.2324603330344 1556.4440741185099 124.03156707901508 2123.9584976071492 260.96219233516604 1268.3328394722193 1188.2515492336825 266.21982884034514 1148.8532192520797 349.00559786893427 257.92033043783158 2162.9527616016567 59.140422768890858 381.4355150423944 54.224585667252541 308.76909983996302 4617.1935752974823 166.0156966233626 816.28219052404165 169.48662712983787 167.68657390587032 379.90065045747906
leaf_count=6867 13617 3025 4830 12860 4321 3055 15702 30639 8266 83368 6116 103440 8372 43098 30355 10336 13203 5173 10190 74276 2309 5618 510 8698 309349 10078 19837 7726 1503 8742
internal_value=0.00292454 -0.00631656 0.0137546 0.00951062 0.0206363 0.00321213 0.0138878 -0.00911737 -0.014535 -0.00230058 0.00428694 -0.00141488 0.0277884 0.00724221 0.0174436 0.0232634 0.0352023 0.027845 -0.0164854 0.000954426 0.0323246 0.00383458 0.0125712 -0.00392209 -0.0179512 0.00199215 -0.013452 -0.0127988 0.0337167 -0.00150783
internal_weight=21025 11442.2 9582.76 8523.82 2652.54 5871.28 1139.05 10303.2 5400.82 4902.38 3176.45 2786.2 1918.88 4970.02 1538.74 390.251 1276.48 490.09 5231.36 3431.29 408.146 642.398 169.454 648.957 4875.11 356.248 901.257 1725.93 1058.94 733.656
internal_count=865479 621792 243687 237354 53116 184238 34907 586885 345260 241625 150531 134079 31514 161346 43972 16452 17524 10507 337883 117374 7482 13990 7377 24400 319539 18344 22892 91094 6333 21602
is_linear=0
shrinkage=0.03


Tree=42
num_leaves=31
num_cat=0
split_feature=7 56 50 49 71 38 56 63 73 44 44 74 61 61 43 43 54 61 70 70 45 61 49 63 35 49 73 14 59 46
split_gain=2356.82 782.571 756.656 949.372 633.151 429.838 401.22 420.741 339.037 338.906 474.42 321.935 292.971 284.846 275.553 350.302 377.968 255.769 219.935 176.013 173.939 153.346 122.791 101.731 69.5483 54.8754 50.6573 35.5206 19.8352 18.3878
threshold=-0.0293506346642971 1.0518071055412295 0.017990231513977054 0.96284538507461559 0.30872301757335668 0.98275795578956615 -0.38527868688106531 0.041617799550294883 0.8184763789176942 0.31440092623233801 0.27953489124774938 -0.59611782431602467 0.0036549614742398266 0.0030587136279791598 0.0021194330183789138 0.0038860169006511573 -0.71670022606849659 0.0029172572540119295 -0.59955355525016774 0.35122884809970861 5.5000000000000009 0.00091732892906293284 0.35271765291690832 0.027844881638884548 0.093854546546936049 0.93774259090423595 0.84927403926849376 -4.0164730548858634 8.0999999046325701 0.0014818800264038148
decision_type=10 2 2 2 2 8 2 2 2 2 2 2 2 2 2 2 2 2 2 2 2 2 2 2 8 2 2 10 2 2
left_child=2 8 4 6 5 9 -4 13 11 10 -1 23 21 -8 25 16 -16 -6 -11 22 -14 -3 -13 -2 -17 27 -23 -10 -9 -25
right_child=1 12 3 -5 17 -7 7 28 14 18 -12 19 20 -15 15 24 -18 -19 -20 -21 -22 26 -24 29 -26 -27 -28 -29 -30 -31
leaf_value=0 -0.011331640201017469 0.010784358651925374 -0.0032380151340323056 -0.0092438350019556671 -0.0019706153475678918 0.023099752627021821 0.0022463942708118786 -0.0040986305296919004 -0.0007616212410942911 0.0041220393765138818 0.021127082294532168 -0.0020700588901244508 0.030817112754704636 0.045248729093115024 0.018256686605641878 -0.014367335249326462 -0.0055090608475475275 0.031179644791394047 -0.0082563743455896614 -0.0039433900400655921 -0.0014934366772888358 0.002903273351912419 0.027878467952144409 0.0076838060545198301 0.0026540537610851922 0 -0.010637939960977109 -0.019718552287033449 0.0035024864259467982 -0.0014088270366700894
leaf_weight=2638.9949489207938 546.06837952882051 123.47980619221926 152.76337474770844 348.8759008012712 165.11004545353353 441.62557738181204 225.69271819200367 129.45235405303538 166.90284899156541 1653.2134449118748 1025.1468252055347 50.730677174404263 198.76730486750603 1250.0680841086432 457.08221755642444 1837.6425454420969 1174.333792434074 704.76814260333776 2912.0492662331089 93.488629280589521 113.19115879572928 56.796138664707541 153.5286808963865 59.891996952705085 51.586250204592943 108.12370628956705 451.00074020214379 3581.5334434686229 97.219846535474062 38.587397425435483
leaf_count=83632 32570 2918 4882 12116 1978 12451 5122 2742 10305 48091 29322 2716 2416 9803 22750 100581 66828 3853 108005 6096 4238 1636 5468 2483 2137 4918 21595 251074 640 2421
internal_value=0.00286803 -0.00818443 0.0115874 0.0259127 0.00712259 0.00384512 0.0332103 0.0366097 -0.0112302 0.00151355 0.00780662 0.00383322 0.0130553 0.0410569 -0.0133135 -0.00586289 0.00372951 0.0262458 -0.00375016 0.0177236 0.0250237 -0.00103982 0.0238255 -0.00726081 -0.0133188 -0.0185927 -0.00813672 -0.0191341 -0.000258904 0.00541928
internal_weight=21007.7 9262.74 11745 2204.07 9540.91 8671.03 1855.2 1702.43 8319.5 8229.4 3664.14 942.296 943.235 1475.76 7377.2 3520.64 1631.42 869.878 4565.26 297.748 311.958 631.277 204.259 644.548 1889.23 3856.56 507.797 3748.44 226.672 98.4794
internal_count=865787 543150 322637 35305 287332 281501 23189 18307 510347 269050 112954 51754 32803 14925 458593 192296 89578 5831 156096 14280 6654 26149 8184 37474 102718 266297 23231 261379 3382 4904
is_linear=0
shrinkage=0.03


Tree=43
num_leaves=31
num_cat=0
split_feature=37 46 45 71 43 47 54 43 71 45 51 56 54 59 56 73 48 69 59 42 13 68 66 56 71 45 48 1 61 61
split_gain=2260.04 982.327 655.771 526.833 515.147 652.706 575.177 534.805 470.151 455.331 385.458 264.836 262.13 252.156 220.865 197.927 160.119 157.184 157.098 155.776 145.225 139.842 113.95 105.07 99.1236 93.5614 56.9819 48.8277 47.0143 38.8935
threshold=0.05458988435566426 0.0070143223274499187 5.5000000000000009 0.30872301757335668 0.0023550209589302544 0.011372546199709179 -0.71025282144546498 0.0032688986975699667 0.0043880341108888396 7.5000000000000009 0.27779987454414373 -0.42773613333702082 -0.30849754810333246 4.5000000000000009 4.4686520099639901 0.73795291781425487 0.040082879364490516 0.0060663700569421062 7.2999999523162851 0.018225305713713173 -12.787660121917723 -0.84157750010490406 0.58735823631286632 -0.29038475453853602 0.050889605656266219 2.5000000000000004 0.026515440084040168 -0.28243881464004511 0.0029172572540119295 0.018196970224380497
decision_type=8 2 2 2 2 2 2 2 2 2 2 2 2 2 2 2 2 2 2 2 10 2 2 2 2 2 2 10 2 2
left_child=1 4 11 10 9 14 7 -7 -8 15 13 -3 -11 21 27 23 17 -15 -4 -13 -17 25 26 -1 -23 -2 -20 -6 -5 -18
right_child=3 2 18 28 5 6 8 -9 -10 12 -12 19 -14 16 -16 20 29 -19 22 -21 -22 24 -24 -25 -26 -27 -28 -29 -30 -31
leaf_value=0.0097864290045045783 -0.00098093522344257461 -0.0029422286920026204 -0.010763782052121472 0.0039759302226847638 0.0016080373989345216 0.041084495427343125 0.018218834519340688 -0.0033830870154966603 -0.0060372999572873365 0.021946034192073072 -0.0083252790911880897 -0.00068661444946004947 -0.0062494746923882141 0.022260940805998917 0.0085264234729869465 -0.00097415314411784055 -0.0047753163385405211 0.0011806793214720508 -0.0016203953238200465 0.037874028885322313 -0.01884982384643313 0.0031646329156597547 -0.0053083954969318026 -0.0065405034153701988 -0.0089912311012869933 0.017019672181182288 0.015450337898861164 -0.013855427047029471 0.035193387613815331 0.0053382568085135534
leaf_weight=182.42780306003988 245.79421646147966 95.899778210557997 445.52405255939811 213.39354255795479 55.687831156887114 212.06950927060097 477.37063039373606 246.04568970948458 2218.7239488335326 103.92693676427007 520.42306509241462 68.231043456122279 233.70649690926075 2571.2573380796239 123.18463440984488 544.96831418573856 255.41814267449081 454.09647094085813 79.490516648627818 480.69420455489308 4586.4522463623434 1652.3655354371294 155.65704808291048 241.70328922849149 337.76437699981034 445.64593192189932 232.16331130079925 2515.8462123731151 816.05309695750475 123.85147562809289
leaf_count=6887 9091 4131 19305 1727 1890 6146 20548 11182 102009 3332 9829 1684 15111 52331 2718 23274 7353 9439 1603 7063 311413 53968 6775 13751 10462 11910 2757 131466 4122 2274
internal_value=0.00288195 -0.00456826 0.0148298 0.0153782 -0.00766662 -0.00107969 0.0076142 0.0275865 0.000341918 -0.0135614 0.0106049 0.0300477 0.00999067 0.0127783 -0.0109489 -0.0157491 0.0178041 0.0197982 -0.00253726 0.0347524 -0.0172597 0.00450781 0.00650533 0.00165282 -0.000169102 0.0126427 0.0124107 -0.0132156 0.0323338 0
internal_weight=20935.8 13299.8 1557.66 7636.06 11742.1 5848.93 3154.21 458.115 2696.09 5893.19 6606.62 644.825 337.633 6086.19 2694.72 5555.55 3404.62 3025.35 912.835 548.925 5131.42 2681.57 467.311 424.131 1990.13 691.44 311.654 2571.53 1029.45 379.27
internal_count=865551 693045 43318 172506 649727 275959 139885 17328 122557 373768 166657 12878 18443 156828 136074 355325 71397 61770 30440 8747 334687 85431 11135 20638 64430 21001 4360 133356 5849 9627
is_linear=0
shrinkage=0.03


Tree=44
num_leaves=31
num_cat=0
split_feature=13 43 50 19 49 42 50 57 65 47 63 46 55 43 55 63 61 52 55 34 50 59 60 67 61 30 43 52 60 57
split_gain=2159.04 995.546 631.085 517.792 503.989 503.585 441.896 437.518 406.743 318.418 313.198 299.79 287.051 283.386 267.156 226.694 503.135 234.119 182.338 174.176 171.811 171.609 167.606 165.922 147.261 141.718 141.501 130.443 128.483 126.215
threshold=-12.09368324279785 0.0031354106031358246 0.017990231513977054 -0.030950374901294705 0.96284538507461559 0.018225305713713173 -0.01150354743003845 0.31576651334762579 0.026105082593858246 0.017041265033185485 0.041617799550294883 0.0029621112626045947 0.0031876115826889877 0.0032688986975699667 0.0011047233710996809 0.022395038045942787 0.0028121840441599493 0.66890722513198864 0.0056510884314775476 -0.012322187423706053 0.0089830458164215105 6.2999999523162851 -0.95247760415077198 0.37678934633731848 0.0030587136279791598 1.0000000180025095e-35 0.0031354106031358246 0.62593635916709911 -1.0953388810157774 0.31713037192821508
decision_type=10 2 2 8 2 2 2 2 2 2 2 2 2 2 2 2 2 2 2 8 2 2 2 2 2 2 2 2 2 2
left_child=2 7 6 5 10 13 15 8 -2 -8 24 14 21 18 -11 16 -1 -18 -3 -17 -10 -7 -14 -15 -4 27 -13 -9 -5 -30
right_child=1 3 4 28 -6 12 9 25 20 11 -12 26 22 23 -16 19 17 -19 -20 -21 -22 -23 -24 -25 -26 -27 -28 -29 29 -31
leaf_value=0 -0.0097104525968647985 -0.0040648399213596966 0.0024343012416600195 -0.0021979851252671018 -0.0054155245919970301 0.032846512080726566 -0.0058711541575080569 0.0025010638201678464 -0.0024040939490335019 -0.0033226641511664812 -0.00053381623668634489 -0.0057482198793775115 0.01196788717039675 0.00030414323722677256 0.021913972510834014 -0.0061097105756536653 -0.0015657514304335167 0.036706669713128678 0.021924743640544739 0.011938453167923692 0.019571010615642061 -0.0021058354991517476 -0.0069184478210895699 -0.012350731052466993 0.040367417753088011 0.0036219361675897872 0.0079458189196475772 -0.020126690941745906 -0.0015284283671947064 0.02834696306542487
leaf_weight=560.98745354823768 1475.2713304422796 175.43731490336359 187.41073650214821 68.821881825104356 193.31573933642358 176.42558674607426 1874.2045628195629 108.1828291118145 316.78693530615419 316.10991523042321 189.31963160261512 1195.2242556763813 206.58744699601084 1300.2254352783784 1070.2035446865484 496.93518068268895 100.20092079602182 840.37736779823899 56.067884992808104 465.06174494232982 376.43322328198701 66.849392073228955 550.26796410419047 2276.5833640685305 1088.2424912899733 82.675598155707121 631.31568071059883 3914.9560656230897 68.911614187061787 466.93618849199265
leaf_count=19309 90303 8741 3737 3231 6314 2882 71367 6050 19421 15154 2820 40653 2282 56323 36511 10673 1491 10315 857 8689 10622 2965 19862 110996 8497 2930 14816 257048 3319 17557
internal_value=0.00305355 -0.00541651 0.0135595 0.00382292 0.0284318 -0.00033617 0.00869299 -0.0131259 -0.00149587 0.00293591 0.0332924 0.00825307 0.0146085 -0.00557044 0.016645 0.0179787 0.0239065 0.0332929 0.0125031 0.00350914 0.012478 0.0278827 0.000708224 -0.0082038 0.0372182 -0.0183739 -0.000195695 -0.0192427 0.0223505 0.0253321
internal_weight=20896.3 11687.4 9208.91 5413.11 1658.29 4808.44 7550.62 6274.31 2168.49 5087.06 1464.97 3212.85 1000.13 3808.31 1386.31 2463.56 1501.57 940.578 231.505 961.997 693.22 243.275 756.855 3576.81 1275.65 4105.81 1826.54 4023.14 604.67 535.848
internal_count=865735 615389 250346 229015 21368 204908 228978 386374 120346 178501 15054 107134 27991 176917 51665 50477 31115 11806 9598 19362 30043 5847 22144 167319 12234 266028 55469 263098 24107 20876
is_linear=0
shrinkage=0.03


Tree=45
num_leaves=31
num_cat=0
split_feature=7 61 67 73 56 62 66 59 60 73 59 57 59 16 66 52 17 73 67 58 66 73 73 47 53 16 63 71 66 35
split_gain=2098.84 743.45 681.807 663.103 602.946 558.099 585.713 432.805 370.036 337.632 395.452 337.557 274.992 248.503 245.181 205.77 204.664 167.609 161.466 183.557 161.457 113.5 108.552 99.3957 97.4971 94.247 93.713 88.6082 66.6418 59.1295
threshold=-0.026919811032712456 0.0028121840441599493 0.41086713969707495 1.1853320598602297 0.19903520494699481 -0.04146576672792434 0.24344018101692202 4.2999999523162851 -0.69208687543869007 0.87115815281867992 4.0999999046325692 0.45002940297126776 4.7000000476837167 0.022216903977096084 0.01147277280688286 0.99620649218559276 0.13887822628021243 1.0757752656936648 0.41086713969707495 -0.085087515413761125 0.26227484643459326 0.93012133240699779 1.0040374398231509 0.013061564881354572 0.045394137501716621 -0.14797957241535184 0.017813421785831455 0.0028067674720659856 -1.4950853586196897 -0.17542815208435056
decision_type=10 2 2 2 2 2 2 2 2 2 2 2 2 8 2 2 8 2 2 2 2 2 2 2 2 10 2 2 2 10
left_child=1 13 4 5 11 6 7 -3 -6 10 28 27 17 18 -7 -8 -5 -10 19 23 -12 -16 -15 -1 25 -11 -13 -2 -4 -20
right_child=2 3 9 16 8 14 15 -9 12 24 20 26 -14 22 21 -17 -18 -19 29 -21 -22 -23 -24 -25 -26 -27 -28 -29 -30 -31
leaf_value=-0.0021247553516050427 0.003124442315304956 0.0061499445811039376 0.0034844473062682463 -0.010889167799829355 -0.0059973260715425868 -0.0065943716664140358 -0.0082239468324225608 0.034561449234085495 0.03368978666192244 -0.00038982035530822536 0.025040349053852041 -0.0027701582505930693 -0.0032167921086080444 0.013460453583253255 -0.0023470807330650966 0.011290847504268314 0.0079693104342618733 -0.0011285054786106398 0.0030016873086261453 -0.0052156159984827087 -0.003409046130322895 0.013817801051018059 0 0.01638256125895848 0.0024789622937138297 -0.019806782787161588 0.018818780958024691 -0.013780277419514651 -0.011625748883971531 -0.010599239366567724
leaf_weight=190.12981195561588 104.41999963112175 889.22297390736639 57.740108099766076 763.97951473668218 245.72418633196503 700.2320913542062 474.07426740322262 2817.7240400267765 513.14083335548639 292.06996369175613 116.5202067559585 72.387123547494411 148.13883925415576 948.22400345280766 297.79644412361085 475.44876829069108 406.91028235014528 87.292992943897843 76.726181761361659 787.1167641915381 81.346758536994457 1267.3405304867774 868.18780937790871 365.83487610705197 64.493608389049768 3856.0315277148038 60.931790625676513 1484.9660859489813 698.79620701633394 1635.7253616964445
leaf_count=8622 7342 15484 2866 27288 12277 23587 12215 39445 14824 17194 3700 3885 5831 34015 10445 8400 9740 4508 2031 31807 4878 37391 31844 10553 2000 263080 1496 95237 45244 78042
internal_value=0.00303217 0.0103189 -0.00881534 0.0156306 0.00295865 0.0189772 0.0245346 0.0293583 0.0174078 -0.0147743 0.000799335 -0.00728592 0.024656 0.000806312 0.00507473 0.00186469 -0.00373228 0.0301424 -0.00419087 0.00293266 0.0188518 0.0107733 0.00843211 0.0117601 -0.0180767 -0.0186932 0.0136905 -0.0120442 -0.00930613 -0.00931361
internal_weight=20848.7 12964.7 7884 8092.73 2717 6921.84 4656.47 3706.95 994.297 5167 954.403 1722.7 748.573 4871.94 2265.37 949.523 1170.89 600.434 3055.53 1343.08 197.867 1565.14 1816.41 555.965 4212.6 4148.1 133.319 1589.39 756.536 1712.45
internal_count=865271 380909 484362 183995 145400 146967 75544 54929 37440 338962 56688 107960 25163 196914 71423 20615 37028 19332 131055 50982 8578 47836 65859 19175 282274 280274 5381 102579 48110 80073
is_linear=0
shrinkage=0.03


Tree=46
num_leaves=31
num_cat=0
split_feature=19 51 47 61 45 56 46 50 51 57 70 53 49 49 67 54 72 57 60 0 69 58 16 62 72 56 57 44 43 63
split_gain=2006.26 1218.13 720.59 627.992 900.282 461.971 561.848 433.955 433.058 362.24 336.55 305.322 303.209 294.645 291.353 266.674 242.078 227.597 156.555 137.085 130.868 130.214 129.511 121.035 120.781 116.113 115.528 109.046 99.3622 95.0805
threshold=-0.73044395446777333 0.0059561927337199458 0.011241305619478227 0.0039230044931173333 3.5000000000000004 -0.38176001608371729 0.00092742915148846816 0.0089830458164215105 0.020310297608375553 0.31576651334762579 -0.59955355525016774 0.019706219434738163 0.96284538507461559 0.85787397623062145 0.38692022860050207 -0.38332279026508326 -0.21287770569324491 0.32754376530647283 0.087601415812969222 -0.15534830093383786 -0.0049731403123587361 -0.55175867676734913 0.16338446736335757 -0.91916343569755543 -0.45920740067958826 2.7479499578475957 0.48259460926055914 0.2437146455049515 0.0062706908211112031 0.029044248163700107
decision_type=10 2 2 2 2 2 2 2 2 2 2 2 2 2 2 2 2 2 2 10 2 2 8 2 2 2 2 2 2 2
left_child=7 9 3 26 17 -4 -7 10 -8 13 23 -9 16 15 20 21 24 -5 29 -16 -11 -2 -12 -1 -13 -6 -3 -25 -21 -15
right_child=1 2 5 4 25 6 8 11 -10 14 22 12 -14 18 19 -17 -18 -19 -20 28 -22 -23 -24 27 -26 -27 -28 -29 -30 -31
leaf_value=-0.0015581309686976085 -0.0051191725371837167 -0.013394446543654355 -0.0085078499776268194 -0.0032281570609389806 -0.012858667113526184 -0.008644004961592882 0.027693388598684282 0 0.0007233973619949842 -0.0051993387232668487 -0.0021199311492949998 0.0014426445335667026 -0.0030460468685272139 -0.0015281405479575566 0.0027036579947152719 -0.012418341952437488 -0.00091509862343465474 0.032768778137857488 -0.0042573697454475288 -0.020144910885135675 0.013011950408235693 0.014396863656063113 0.0094416987537842868 -0.0016219609194227423 0.039580994276670778 0.0053000679156136885 0.0045906286197320905 0.022786753147637562 0.0016671404868881193 0.021763375008453704
leaf_weight=140.19240110740066 159.76211873441935 2389.2885078368708 400.02275496348739 71.438544985838234 687.03887421544641 355.53254553303123 2078.8743632994592 331.63692774251103 740.1486128307879 407.55480095557868 1992.3263960257173 136.09058682247996 112.868911286816 92.552944237366319 121.08720416948199 1499.5829734317958 120.05434315465391 522.92857366520911 161.82582462113351 3996.913435800001 94.104477566666901 254.10124692786485 856.82319373171777 87.128352929838002 1205.7481079893187 96.483254723250866 92.77533539570868 1247.0186258805916 93.666179399006069 262.79109340906143
leaf_count=4672 10202 121650 19024 2536 26987 17587 69787 11318 21935 27329 64899 3324 3352 4184 4592 88078 2547 7095 8099 259552 4858 14991 19708 1553 8253 2069 3873 21356 5534 4624
internal_value=0.00291788 -0.00321832 0.00511136 -0.0036941 0.0102632 0.01398 0.0176674 0.016494 0.0218784 -0.0116934 0.00928503 0.0273922 0.0316656 -0.00162917 -0.0161719 -0.00718982 0.0345918 0.0286699 0.0120705 -0.0185329 0.00270728 0.00785594 0.00215791 0.0188717 0.0373175 -0.00919527 -0.0119646 0.0210215 -0.0194529 0.0179991
internal_weight=20808.4 14578.5 7434.53 3859.95 1377.89 3574.58 3174.56 6229.89 2819.02 7143.94 4323.49 1906.4 1574.76 2430.62 4713.33 1913.45 1461.89 594.367 517.17 4211.67 501.659 413.863 2849.15 1474.34 1341.84 783.522 2482.06 1334.15 4090.58 355.344
internal_count=865568 724586 292543 164210 38687 128333 109309 140982 91722 432043 112188 28794 17476 130178 301865 113271 14124 9631 16907 269678 32187 25193 84607 27581 11577 29056 125523 22909 265086 8808
is_linear=0
shrinkage=0.03


Tree=47
num_leaves=31
num_cat=0
split_feature=19 43 71 43 56 46 47 46 44 57 56 56 58 69 51 60 73 70 16 71 65 52 56 42 59 56 74 33 60 66
split_gain=1938.09 1097.91 669.422 525.18 599 537.558 521.394 366.769 341.376 339.534 305.544 321.873 342.654 296.531 291.041 323.723 241.696 201.015 175.92 155.482 151.939 147.096 142.345 137.196 125.936 122.76 104.811 94.2639 65.5029 60.4624
threshold=-0.54714423418045033 0.0031354106031358246 0.17651379853487018 0.0037514514988288288 4.4686520099639901 0.0071790469810366639 0.011372546199709179 0.0086257131770253199 0.32305502891540533 0.31576651334762579 -0.42773613333702082 -0.24539673328399655 -0.75100266933441151 -0.0010644167196005581 0.0042293488513678321 0.2943361103534699 0.82910767197608959 -0.59955355525016774 0.16338446736335757 0.00056373194092884671 0.018388536758720878 0.62593635916709911 -0.17063107341527936 0.0067043814342468986 4.0999999046325692 -0.43521706759929651 1.8197673559188845 0.090210080146789565 -0.96469798684120167 0.45424474775791174
decision_type=10 2 2 2 2 2 2 2 2 2 2 2 2 2 2 2 2 2 8 2 2 2 2 2 2 2 2 8 2 2
left_child=2 9 8 6 5 16 -3 -7 10 13 -1 12 -12 20 -8 -16 -5 28 -19 -15 -2 -11 -13 -6 -4 -22 -21 -23 -10 -30
right_child=1 3 24 4 23 7 14 -9 17 21 11 22 -14 19 15 -17 -18 18 -20 26 25 27 -24 -25 -26 -27 -28 -29 29 -31
leaf_value=-0.0011523646489999487 -0.003998855968631458 -0.0073756166184226176 0.0019932226902320172 0.0046182268160038344 0.02792434168436609 0.025582364776304923 -0.0021748879119377657 -0.0063148463316265203 -0.0026879209770218622 0.0032268381801600207 0.0012692839086846394 -0.0052846416161778714 0.033940668028865306 0.0063781165763364582 0.044152120207662071 -0.001044363217060304 -0.010770141717077866 -0.0094398517877677529 0.0064996102313471596 -0.014899063436772669 -0.002593199075298674 -0.019489309541920657 0.0098853232863206388 -0.001770803077972819 0.032074017697975452 0.020031404115094242 0.0039616648310937816 0.0023281394893270961 0.014593157841663606 -0.00052619310427490934
leaf_weight=918.94412610400468 281.20591070502996 213.27010645903647 233.14581535197794 842.53458099998534 252.33525882661343 369.68424734380096 128.15867869835347 240.74897726345807 125.11866795551032 121.5657129464671 441.00622697733343 408.42987136915326 879.64851555321366 132.51168632041663 298.88815130759031 130.65395816788077 3622.60729382094 1525.1292044017464 467.24733668845147 1210.1274028010666 123.64659686107188 3938.4762398423627 1288.1926289433613 80.614232953637838 1255.656296139583 335.31562147475779 73.185269627720118 56.019901779480278 563.92723247222602 215.46010701730847
leaf_count=33471 18219 12557 2831 24556 3843 3168 7525 8218 4889 6615 10499 14450 14617 4151 7421 5927 173851 59203 11576 75403 7883 268004 32890 2825 8064 16035 3639 2073 13855 6801
internal_value=0.00256774 -0.00486802 0.0133727 0.00395797 -5.91956e-05 -0.00364627 0.021312 0.0155533 0.00812763 -0.0132582 0.0133586 0.0173989 0.0265402 -0.00259147 0.0308668 0.0369149 -0.0076334 1.15192e-05 -0.00502741 -0.0096952 0.00918535 -0.0178946 0.00572521 0.0236273 0.0291996 0.0154493 -0.0128461 -0.0188916 0.00916288 0.0116068
internal_weight=20773.5 12451.5 8321.91 6179.5 5408.52 5075.58 770.971 610.433 6833.1 6272.05 3936.22 3017.28 1320.65 2155.99 557.701 429.542 4465.14 2896.88 1992.38 1415.82 740.168 4116.06 1696.62 332.949 1488.8 458.962 1283.31 3994.5 904.506 779.387
internal_count=865059 651913 213146 249891 216461 209793 33430 11386 202251 402022 105927 72456 25116 125330 20873 13348 198407 96324 70779 83193 42137 276692 47340 6668 10895 23918 79042 270077 25545 20656
is_linear=0
shrinkage=0.03


Tree=48
num_leaves=31
num_cat=0
split_feature=24 69 62 56 60 62 56 44 62 53 46 0 59 63 50 63 73 46 56 48 56 61 20 60 50 47 69 74 69 64
split_gain=1875.91 926.135 572.712 470.077 884.324 418.431 447.93 435.03 545.566 391.014 302.38 279.188 277.459 254.146 212.166 200.194 192.978 176.916 135.688 120.925 101.819 101.39 105.432 98.0793 88.8643 80.6436 60.0029 59.1382 50.2942 38.0763
threshold=-3.4999999999999996 -0.0028397202258929606 -0.66042730212211598 0.35258156061172491 -0.75470882654190052 -0.91916343569755543 -0.43521706759929651 0.45773810148239141 -0.055397190153598778 0.072124548256397261 0.00062159835943020891 -0.11085617542266844 4.7000000476837167 0.014031729660928251 0.0020158886909484868 0.022776566445827488 0.80472871661186229 0.0077837840653955945 -0.33265399932861323 0.025348776951432232 4.4686520099639901 0.015148374717682602 -0.25348311662673945 -0.69208687543869007 0.027672290802001957 -0.0066178895067423573 0.0015560835599899294 -1.5208960771560667 -0.010832953266799448 0.26698975265026098
decision_type=2 2 2 2 2 2 2 2 2 2 2 10 2 2 2 2 2 2 2 2 2 2 8 2 2 2 2 2 2 2
left_child=5 2 23 4 13 27 21 8 9 -8 -9 -3 14 -4 -5 -6 18 -12 26 -10 24 22 -7 29 -18 -25 -13 -1 -27 -2
right_child=1 11 3 12 15 6 7 10 19 -11 17 16 -14 -15 -16 -17 20 -19 -20 -21 -22 -23 -24 25 -26 28 -28 -29 -30 -31
leaf_value=0.0041967356094162675 -0.013995218219869024 0.005259256417684547 -0.0018528680484048167 0.033082304165088741 -0.012390917266692551 0.0038083660740151955 0.027445511884413645 0.017546201151384871 -0.0029168822926310027 -0.00348464203646275 -0.01133434032028207 0.015338892563539304 -0.0021724042450255551 0.036048111312649213 -0.0010254514127726023 0.0042975792072442974 -0.01738891994837773 0.0070818416235638925 -0.0068801305544635002 0.0096624752787886851 0.003406205367504701 0.007967254372780971 -0.011193350124177123 0.0082886000348944139 0.0015881063871894575 0.0035249826879543058 -0.0020903335876737142 -0.0083163592208166763 -0.008146358984289127 0.00099972548086524403
leaf_weight=91.236443901434541 951.36087876651436 433.38108904566616 127.81816942524165 677.04879431519657 1400.5944320773706 318.36125579010695 4081.7354888562113 186.67146928329021 795.63403923436999 267.22534067556262 917.41682879440486 87.345047106035054 218.24356602225453 190.91297127865255 137.19196419697255 638.96178020071238 4900.2765999920666 278.8859446272254 309.31083933543414 1207.9816142357886 49.610326750203967 143.40154824592173 642.34902706369758 174.93735056743026 118.55252740439028 122.82748815044761 66.181051592342556 692.90639753174037 460.41610773839056 58.965093444101512
leaf_count=3231 56567 16924 6596 18433 84327 9552 66202 2583 24863 3088 24704 3459 8240 5154 5999 32569 330483 3253 19741 30836 1157 3269 25270 8211 5608 5604 3872 26750 26061 3317
internal_value=0.00301472 -0.00527001 0.00383897 0.0105926 0.00167496 0.0124078 0.0142461 0.0166713 0.0197734 0.0253198 0.000796048 -0.012883 0.0235733 0.0286331 0.0289034 -0.00722777 -0.0146724 -0.00604228 0.00172153 0.00496247 -0.0162434 -0.00245865 -0.00641475 -0.00845819 -0.016783 0 0.0115156 -0.00555964 -0.00491897 -0.0128802
internal_weight=20747.7 11123.9 5159.28 3390.77 2358.29 9623.81 8839.66 7735.55 6352.58 4348.96 1382.97 5964.66 1032.48 318.731 814.241 2039.56 5531.28 1196.3 462.837 2003.62 5068.44 1104.11 960.71 1768.51 5018.83 758.181 153.526 784.143 583.244 1010.33
internal_count=865923 642322 261078 161318 128646 223601 193620 155529 124989 69290 30540 381244 32672 11750 24432 116896 364320 27957 27072 55699 337248 38091 34822 99760 336091 39876 7331 29981 31665 59884
is_linear=0
shrinkage=0.03


Tree=49
num_leaves=31
num_cat=0
split_feature=7 20 67 56 43 57 73 59 71 59 62 57 43 73 48 74 57 69 66 67 56 1 66 60 60 56 63 71 61 30
split_gain=1798.63 675.764 599.128 524.488 363.08 327.659 326.448 380.069 321.445 295.911 273.561 365.945 394.966 349.703 219.639 201.556 177.191 171.693 154.393 132.668 123.888 111.64 110.409 109.333 94.1926 91.3799 87.7538 84.6488 76.6035 67.5689
threshold=-0.026919811032712456 -0.4000136256217956 0.41086713969707495 0.19903520494699481 0.0018860850250348451 0.45002940297126776 0.87115815281867992 4.0999999046325692 0.009848475921899082 5.7000000476837167 -0.91916343569755543 0.33242170512676245 0.0065915666054934272 1.1753923892974856 0.040082879364490516 -0.25283384323120112 0.3196601420640946 -0.0010644167196005581 0.26227484643459326 0.38692022860050207 6.5999212265014657 0.14150676131248477 0.73275533318519603 0.37927569448947912 0.74340707063674938 -0.43521706759929651 0.017813421785831455 0.0028067674720659856 0.011437317822128536 1.0000000180025095e-35
decision_type=10 10 2 2 2 2 2 2 2 2 2 2 2 2 2 2 2 2 2 2 2 8 2 2 2 2 2 2 2 2
left_child=1 9 3 5 16 27 7 -4 15 -1 -6 12 -12 -13 23 -5 17 25 -9 -18 -10 28 -19 -11 -25 -3 -7 -2 -8 -21
right_child=2 4 6 8 10 26 21 18 20 14 11 13 -14 -15 -16 -17 19 22 -20 29 -22 -23 -24 24 -26 -27 -28 -29 -30 -31
leaf_value=0.0077920312317174651 0.003034557794483791 -0.0013389416416542427 -0.0090246331135787217 -0.0018248970234609511 -0.0064022906957682873 -0.0026475984251757506 -0.018990245025212831 0.024547504510155877 -0.0060538930702681805 0.034421859351630217 0.009541329209728033 0.018892988601023075 -0.012116840831308694 -0.0071674491648013386 -0.0017340754065623091 0.034026898720006755 0.0055493233790116624 -0.0089790035092822615 -0.0033278511045538284 -0.014394175078365058 0.010784103129068984 0.0012613420867894464 0.005540885201274443 -0.0031768300535576573 0.013334367630086372 0.018190277715160928 0.018365039329517076 -0.013548789597208448 0.0016721232915453989 0.002255341027184088
leaf_weight=2139.1718674348667 103.35965762939304 181.41072278376669 734.82686283718795 95.732344939373434 650.14772878400981 69.897143914364278 3774.5238094814122 123.81408924702555 548.33901493623853 1134.2802056409419 1272.1722816992551 2981.1351243387908 823.16319144144654 252.75541936326772 160.32717204280198 239.56653022672981 113.83227042481303 672.18154771160334 79.638174083083868 1223.070094791241 128.50146500021219 179.77288021240383 335.2742481706664 166.87157310266048 670.24870031606406 199.51931001245975 66.387646177783608 1444.6741510061547 60.205629105679691 76.575130453333259
leaf_count=52658 7360 7782 48292 4176 28513 3846 270208 3721 25634 9355 39520 79729 23434 8845 3884 5187 5812 27343 4860 61205 2387 10191 11370 2815 9762 6174 1504 95606 1946 2397
internal_value=0.00285887 0.00950895 -0.00833878 0.00268582 0.00424579 -0.00701554 -0.0140919 0.00114044 0.01601 0.0186884 0.00822401 0.0104559 0.00022206 0.0160888 0.025951 0.0284665 -0.0041129 0.00297355 0.0185999 -0.0101885 0.000111563 -0.0174504 -0.00371279 0.0282192 0.00986148 0.0130681 0.0135048 -0.0118245 -0.0184412 -0.0128924
internal_weight=20701.4 13052.1 7649.24 2696.46 8781.24 1684.32 4952.78 938.279 1012.14 4270.9 5979.37 5329.23 2095.34 3233.89 2131.73 335.299 2801.86 1388.39 203.452 1413.48 676.84 4014.5 1007.46 1971.4 837.12 380.93 136.285 1548.03 3834.73 1299.65
internal_count=865516 380598 484918 145700 302124 108316 339218 56873 37384 78474 180041 151528 62954 88574 25816 9363 122083 52669 8581 69414 28021 282345 38713 21932 12577 13956 5350 102966 272154 63602
is_linear=0
shrinkage=0.03


Tree=50
num_leaves=31
num_cat=0
split_feature=19 43 71 19 16 56 44 69 63 56 56 57 69 70 63 60 52 56 61 71 57 59 48 71 74 62 63 33 55 49
split_gain=1736.22 932.916 719.226 476.524 403.076 390.663 350.169 342.804 343.998 300.073 428.811 252.196 215.802 189.587 155.589 151.698 145.363 141.977 140.374 134.749 126.424 106.501 89.0339 88.9103 80.1681 79.7992 74.1658 72.0741 62.0587 55.9144
threshold=-0.48098650574684138 0.0031354106031358246 0.17651379853487018 -0.030950374901294705 0.18846879154443744 -0.33550544083118433 0.32305502891540533 -0.0028707950841635461 0.014031729660928251 -0.42773613333702082 -0.24539673328399655 0.31576651334762579 -0.0010644167196005581 -0.59955355525016774 0.023326510563492778 -1.0953388810157774 0.62593635916709911 -0.42773613333702082 0.0029172572540119295 0.00056373194092884671 0.31713037192821508 15.800000190734865 0.034405507147312171 0.062874954193830504 1.8197673559188845 0.4809968918561936 0.041617799550294883 0.078468918800354018 0.0048928558826446542 0.060668891295790679
decision_type=10 2 2 10 8 2 2 2 2 2 2 2 2 2 2 2 2 2 2 2 2 2 2 2 2 2 2 8 2 2
left_child=2 11 4 5 6 17 9 8 -7 -1 -11 12 14 28 -2 -5 -13 -3 -4 -14 -17 26 -9 -22 -21 -15 -6 29 -8 -18
right_child=1 3 18 15 21 7 13 22 -10 10 -12 16 19 25 -16 20 27 -19 -20 24 23 -23 -24 -25 -26 -27 -28 -29 -30 -31
leaf_value=-0.0050251447375874473 -0.0039915810761025957 -0.0035303845675639395 0.00021293793369832299 -0.0029823075737431949 0.021720837885333355 -0.0056586499397483477 -0.0016209368860537682 -0.015327931760043961 0.012207539091693956 0.023074732354492356 0.00045549339952344163 0.0034272410600502791 0.0058969451955596733 -0.011472742603177911 0.015305890302496895 -0.0016455031371651471 0.001400427402624531 0.021043327804905049 0.03034884767236774 -0.014276641958863816 0.029858334377939336 -0.0023906027576526094 0.0011058215252963367 0 0.003083092468605966 0.0017222097129081255 -0.00068429846236048352 0.0015616933506620186 0.010095734620113567 -0.019303946504467082
leaf_weight=764.14678452350199 363.79428478237242 86.731121459044516 179.12914570979774 79.209272218868136 1393.2160846469924 1726.8556538820267 471.06273240689188 1372.5911060171202 1230.1983442539349 1264.0941392211244 1402.1647614203393 117.91468397155404 119.43371728807688 1531.5467281099409 313.99328505061567 73.171987291425467 26.412151206284761 405.75650217011571 1451.5387540757656 1060.323137355037 429.22870631236583 69.963520545512438 237.25384640414268 80.907596128061414 67.718936393037438 322.56394394673407 83.270690139383078 57.208774352446198 379.25705713499337 3489.9984118137509
leaf_count=31713 24427 3562 2661 3627 27070 73205 17862 74202 46455 26642 46944 6464 3791 61833 15127 3533 748 3421 9294 70041 14908 1304 10060 3250 3455 13470 2358 2214 9463 251093
internal_value=0.0029101 -0.00488342 0.0121957 0.0035112 0.00729621 -0.000373866 0.00310962 -0.00376309 0.00237788 0.00896088 0.0132246 -0.0130721 -0.00299435 -0.00445885 0.00739606 0.0208382 -0.0172723 0.0168151 0.028006 -0.00931233 0.0242333 0.0189404 -0.0130757 0.0272194 -0.0124234 -0.00917153 0.020452 -0.0183658 0.00518597 -0.0189188
internal_weight=20650.7 11338.7 9311.95 5721.9 7681.29 5059.39 6134.84 4566.9 2957.05 3430.41 2666.26 5616.8 1925.26 2704.43 677.788 662.518 3691.53 492.488 1630.67 1247.48 583.308 1546.45 1609.84 510.136 1128.04 1854.11 1476.49 3573.62 850.32 3516.41
internal_count=864197 613583 250614 236223 238659 210905 207927 203922 119660 105299 73586 377360 116841 102628 39554 25318 260519 6983 11955 77287 21691 30732 84262 18158 73496 75303 29428 254055 27325 251841
is_linear=0
shrinkage=0.03


Tree=51
num_leaves=31
num_cat=0
split_feature=19 43 71 43 56 46 47 44 62 46 56 56 58 57 62 73 69 70 56 16 59 52 42 65 71 56 74 16 62 66
split_gain=1625.95 914.203 695.345 491.99 571.695 479.081 436.282 389.6 361.794 308.269 301.371 363.907 387.259 249.63 249.522 226.044 225.039 189.943 176.997 169.769 132.326 129.441 129.367 125.383 123.235 93.5659 82.9999 78.2229 71.9696 75.1589
threshold=-0.48098650574684138 0.0031354106031358246 0.17651379853487018 0.0037514514988288288 4.4686520099639901 0.0071790469810366639 0.011372546199709179 0.32305502891540533 -0.26880162954330439 0.0086257131770253199 -0.42773613333702082 -0.24539673328399655 -0.75100266933441151 0.31576651334762579 -0.66042730212211598 0.82910767197608959 -0.0010644167196005581 -0.59955355525016774 -0.17063107341527936 0.17886596918106082 4.0999999046325692 0.62593635916709911 0.0067043814342468986 0.018388536758720878 0.00056373194092884671 -0.39517524838447565 1.8197673559188845 0.15012267231941226 -0.90110513567924488 0.45424474775791174
decision_type=10 2 2 2 2 2 2 2 2 2 2 2 2 2 2 2 2 2 2 8 2 2 2 2 2 2 2 8 2 2
left_child=2 13 7 6 5 15 -3 10 14 -7 27 12 -12 16 -8 -5 23 28 -13 -19 -4 -15 -6 -2 -18 -25 -26 -1 -9 -30
right_child=1 3 20 4 22 9 8 17 -10 -11 11 18 -14 21 -16 -17 24 19 -20 -21 -22 -23 -24 25 26 -27 -28 -29 29 -31
leaf_value=-0.0061350437749461487 -0.0041412489457215559 -0.0066935731559205026 0.0019068265746832365 0.0041787319300222066 0.026746267161902208 0.023672421669399941 -0.0019816479821234689 -0.0033958789879929537 -0.00076513911342884061 -0.006248462213419694 0.00092077801639881462 -0.0064197905270162881 0.033021012020828175 0.002954924202667629 0.043929143474847145 -0.011187876911326939 0.005393947558122337 -0.0092629423247962868 0.009655837942996074 0.0064157989294504466 0.030314557081510214 -0.018100017964906148 -0.001889345498978377 -0.0023081798872748565 -0.014259812034683459 0.017577444681788561 0.0032340157697748782 0.0058694488780560222 0.013617405995789127 -0.0014598132734872005
leaf_weight=675.1996780205518 259.36024279426783 193.0705837700516 261.71717202290893 791.95901125762612 253.72400583699346 342.91604551952332 61.885927729308605 152.17739420477301 235.65808273293078 203.73236631415784 499.59848838485777 469.42873041145504 1004.1585663212463 117.68587276060134 241.70971268694848 3339.9009133335203 119.1999767543748 1795.8040779866278 1455.7929150629789 430.43593533989042 1368.5056206583977 3512.6422383915633 75.749363824725151 115.34252390544862 1046.8654278414324 309.69908975623548 67.852075386792421 336.42420078255236 653.90512332785875 236.18523355107754
leaf_count=29057 17194 11771 3189 23169 3751 2781 3417 6073 10977 7381 12330 17888 17054 6462 5482 165618 3840 74177 38298 10147 8683 254084 2653 7689 70136 14753 3470 9338 16725 7892
internal_value=0.00291025 -0.00466404 0.011868 0.00359498 -0.000478116 -0.00419136 0.0205849 0.00707474 0.0291616 0.0145766 0.0123973 0.0161748 0.0253969 -0.0128488 0.0387872 -0.00804463 -0.0028591 -0.000762271 0.00509697 -0.00550077 0.0274128 -0.0170698 0.0226306 0.0076557 -0.00939009 0.013526 -0.0123375 -0.00132345 0.00766649 0.0103148
internal_weight=20628.3 11289 9339.33 5740.31 5007.98 4678.51 732.324 7709.11 539.254 546.648 4440.6 3428.98 1503.76 5548.65 303.596 4131.86 1918.32 3268.51 1925.22 2226.24 1630.22 3630.33 329.473 684.402 1233.92 425.042 1114.72 1011.62 1042.27 890.09
internal_count=865479 614628 250851 237000 205353 198949 31647 238979 19876 10162 123965 85570 29384 377628 8899 188787 117082 115014 56186 84324 11872 260546 6404 39636 77446 22442 73606 38395 30690 24617
is_linear=0
shrinkage=0.03


Tree=52
num_leaves=31
num_cat=0
split_feature=7 20 43 43 47 67 62 62 46 59 73 44 49 57 67 50 56 59 48 56 70 67 53 29 53 51 51 72 61 73
split_gain=1579.93 613.629 564.119 370.244 348.329 358.664 297.898 363.344 358.345 291.136 265.691 233.47 217.718 200.708 167.009 165.504 157.55 156.363 193.229 126.593 116.783 105.12 77.7319 66.3298 65.3007 60.3065 65.3401 56.001 51.7258 49.76
threshold=-0.025730553083121773 -0.50134342908859242 0.0031354106031358246 0.0018860850250348451 0.011372546199709179 0.46008330583572393 -0.91916343569755543 -0.32090379297733301 0.0071790469810366639 4.9000000953674325 0.80472871661186229 0.4171940833330155 0.58284348249435436 0.3196601420640946 0.38692022860050207 0.0089830458164215105 -0.29038475453853602 5.7000000476837167 0.040082879364490516 4.4686520099639901 0.71811911463737499 0.48635932803153997 0.045394137501716621 1.0000000180025095e-35 0.072124548256397261 0.0080943345092237013 0.0077145684044808158 0.28399291634559637 0.00087770671234466146 1.1799609661102297
decision_type=10 10 2 2 2 2 2 2 2 2 2 2 2 2 2 2 2 2 2 2 2 2 2 2 2 2 2 2 2 2
left_child=1 17 10 13 19 9 -5 11 -9 12 16 -8 -6 15 -15 21 28 29 24 25 -17 -3 27 -16 -19 26 -4 -12 -2 -1
right_child=2 3 4 6 5 -7 7 8 -10 -11 22 -13 -14 14 23 20 -18 18 -20 -21 -22 -23 -24 -25 -26 -27 -28 -29 -30 -31
leaf_value=0.0097261420225692834 -0.001735263730187302 0.0059125534834245218 -0.0052502523233626704 -0.0064344682063884441 0.02732667330286875 -0.0067528525775403846 0.023847686385996106 -0.0029665314010430327 0.01421864630370916 -0.0053902384806490747 -0.018595290814339693 0.0018014551746842729 -0.0028703085832892565 0.0068457165239758765 -0.014125370970351703 0.018278979241262851 -0.0070421571429260844 0.028324480057330008 -0.0019317603215353754 0.0061902912848225324 -0.00015648952212460348 -0.0090771478906749147 0.0021990030770918747 0.0024528318730126747 0.0021105007713773109 -0.013042009124134852 0.0087795405049402604 0 0.015777554245015799 -0.0020197195267300481
leaf_weight=1675.0336924484 44.846468282863498 219.50985877774656 190.93447004258633 725.71404770854861 737.1231008945033 473.91283140238374 1600.8560470985249 2491.6204146659002 1255.037402048707 189.50494151096791 3369.5117407375947 692.57433847431093 132.7927025500685 130.22787097189575 1390.7075820658356 260.85401986073703 261.81905160844326 1586.9804164627567 143.32510479260236 132.6304964069277 453.66086681745946 649.4078257791698 46.72638438642025 61.4320437470451 204.15236388519406 1000.3136979574338 24.059475107118487 158.39192781876773 142.23297759518027 155.79338871780783
leaf_count=39185 3190 10390 13236 32452 25396 28085 40362 86935 21002 9702 270699 23551 7228 6857 72241 3912 18499 16264 3418 2854 18217 28237 1352 1830 2365 58871 1176 8006 5761 4425
internal_value=0.00312387 0.00893094 -0.00818017 0.00453481 0.00180978 0.010228 0.00831864 0.0104935 0.00371575 0.017746 -0.0148096 0.0188116 0.0231329 -0.00350163 -0.00980398 0.00349385 0.00339611 0.0185653 0.0243816 -0.0077803 0.0110813 -0.00429478 -0.0173057 -0.0128218 0.0265802 -0.0108399 0.000941856 -0.0178794 0.0129351 0.00837907
internal_weight=20601.7 13696.9 6904.8 9931.6 2881.27 1533.33 6765.8 6040.09 3746.66 1059.42 4023.53 2293.43 869.916 3165.8 1582.37 1583.43 448.898 3765.28 1934.46 1347.94 714.515 868.918 3574.63 1452.14 1791.13 1215.31 214.994 3527.9 187.079 1830.83
internal_count=865698 411643 454055 345986 146548 70411 204302 171850 107937 42326 307507 63913 32624 141684 80928 60756 27450 65657 22047 76137 22129 38627 280057 74071 18629 73283 14412 278705 8951 43610
is_linear=0
shrinkage=0.03


Tree=53
num_leaves=31
num_cat=0
split_feature=61 69 73 67 63 55 52 24 54 54 63 63 59 49 62 16 48 46 65 65 58 48 71 0 58 57 48 63 33 55
split_gain=1501.38 797.555 856.936 656.234 630.104 556.609 545.668 518.954 408.662 464.604 455.107 397.893 370.486 359.546 329.735 322.437 237.61 235.801 214.601 202.107 134.312 119.456 110.763 100.313 98.4325 89.4738 82.2217 76.0251 55.8065 54.4772
threshold=0.0028858100995421414 -0.0032351255649700757 1.1061795949935915 0.41086713969707495 0.017813421785831455 0.0031473215203732256 0.75134810805320751 -2.4999999999999996 -0.45254762470722193 -0.26998938620090479 0.031635293737053878 0.023096830584108833 3.5000000000000004 0.14597826451063159 -0.76610752940177906 0.084157459437847151 0.026160030625760559 0.00094229681417346012 0.01688948925584555 0.030707207508385185 -0.7142314314842223 0.03567196428775788 0.00056373194092884671 0.17584192752838138 -1.5223263502120969 0.25343836843967443 0.040082879364490516 0.0081479907967150229 0.078468918800354018 0.00079252038267441105
decision_type=2 2 2 2 2 2 2 2 2 2 2 2 2 2 2 8 2 2 2 2 2 2 2 8 2 2 2 2 8 2
left_child=3 2 5 4 17 -2 13 8 -3 10 -10 12 18 -7 -8 19 -11 -1 -6 22 24 25 -5 -24 -19 -9 -23 -22 -27 -21
right_child=1 7 -4 15 11 6 14 21 9 16 -12 -13 -14 -15 -16 -17 -18 20 -20 29 27 26 23 -25 -26 28 -28 -29 -30 -31
leaf_value=-0.010836833024323346 -0.0068835664341172784 -0.010816912829846752 -0.0096546056178626848 0.0037683864422164595 -0.001405913369954769 0.015476724341627475 -0.0028067369555826943 0.0037834541963401411 0.032410060757091443 -0.0058766711941747587 -0.0052383915508918358 -0.0008375101038049363 -0.002700452167802017 -0.010592227988055387 0.035873702011360704 0.0028823715286418711 0.0096607736386262501 -0.0034659495212263601 0.044364090125979673 -0.0035453413686238888 0.0042150099705590312 0.0082013559660102913 -0.016160956628566241 0.0028789139609403931 0.014693438145212597 -0.015590335803329124 -0.0060339676106691631 -0.0071639644387765135 0.0021352314305519158 0.0097806609640688508
leaf_weight=1303.074061862193 261.98895556945354 436.95448279473931 491.83269198797643 72.44022096786648 56.878668220713735 556.52341241948307 123.14144432451576 43.733751940540969 798.67384897917509 1035.5008135093376 195.78533069603145 452.89526074193418 143.7444762038067 394.38660814519972 2444.6341106323525 1083.9114851271734 1685.5463564144447 113.24638311099261 256.31012811232358 103.80540028680116 486.64074502605945 279.42860128730536 4917.7098447391763 88.389336265623569 539.75661273580045 1182.7972005065531 194.51724330615252 675.9740933412686 22.727773026563227 131.94700364209712
leaf_count=69945 9166 11464 14842 4531 3193 4054 4815 2702 11702 28514 6214 23011 7870 8856 43969 40325 38992 6277 8456 7893 23496 13750 319258 2611 17880 77200 11751 34219 724 7427
internal_value=0.00278838 0.0107608 0.0199147 -0.00508098 0.00405876 0.0245099 0.0274876 0.00301779 0.00855478 0.0119169 0.0255245 0.0208065 0.0318013 0.00453369 0.0337658 -0.0107562 0.00366044 -0.002944 0.0399293 -0.0135982 0.00370794 -0.00911313 -0.0148971 -0.0155394 0.0111466 -0.0128409 0.00195255 -0.00238536 -0.0145523 0.00508345
internal_weight=20574.9 10148.2 4272.51 10426.7 4028.52 3780.67 3518.69 5875.67 4152.46 3715.51 994.459 909.829 456.933 950.91 2567.78 6398.2 2721.05 3118.69 313.189 5314.29 1815.62 1723.2 5078.54 5006.1 653.003 1249.26 473.946 1162.61 1205.52 235.752
internal_count=865107 288715 85702 576392 194347 70860 61694 203013 96886 85422 17916 42530 19519 12910 48784 382045 67506 151817 11649 341720 81872 106127 326400 321869 24157 80626 25501 57715 77924 15320
is_linear=0
shrinkage=0.03


Tree=54
num_leaves=31
num_cat=0
split_feature=7 69 44 63 56 56 67 63 63 61 53 73 73 59 56 16 59 54 54 48 71 73 66 53 67 48 16 56 48 66
split_gain=1464.12 573.278 720.305 587.445 552.506 610.562 492.715 439.917 505.301 406.844 572.634 364.989 306.834 325.181 264.423 251.619 243.417 159.142 153.534 153.529 136.183 148.12 117.195 100.345 99.8434 98.4888 81.4164 73.0534 57.4742 57.3412
threshold=-0.025730553083121773 -0.014302345924079416 0.31440092623233801 0.020307419821619991 -0.42773613333702082 -0.30925214290618891 0.41086713969707495 0.017813421785831455 0.022821112535893921 0.0028121840441599493 0.047495109960436828 1.0773957967758181 0.87115815281867992 4.0999999046325692 0.45487557351589208 0.15675598382949832 4.2999999523162851 -1.1281140446662901 -0.7919161021709441 0.027219073846936229 0.0051969557534903297 0.95622479915618908 0.26227484643459326 0.045394137501716621 0.45638257265090948 0.036079997196793563 -0.14797957241535184 1.1381472349166872 0.0079734488390386122 -1.4950853586196897
decision_type=10 2 2 2 2 2 2 2 2 2 2 2 2 2 2 8 2 2 2 2 2 2 2 2 2 2 10 2 2 2
left_child=1 9 3 20 -5 -6 7 14 16 -1 11 25 13 29 -2 17 18 24 -9 -19 21 -3 -15 26 -4 -11 -14 -22 -12 -8
right_child=6 2 15 4 5 -7 12 8 -10 10 28 -13 23 22 -16 -17 -18 19 -20 -21 27 -23 -24 -25 -26 -27 -28 -29 -30 -31
leaf_value=-0.00015356036174036188 -0.012953929749796608 0.016242459734370714 -0.0035529537732961838 -0.003154544854095821 0.035417680386759659 0.0077625835276699294 0.0032753172291658528 -0.0013544678283910596 -0.006304427343797471 0.038147057874329975 0.0040219863345433253 -0.0037481564546502102 0 0.022515718783985117 0.0069535003657941715 0.008913466283524964 -0.002447063945194383 -0.011670346019551751 0.037517713243094733 0 -0.0078483614754360966 -0.0043560756824699929 -0.0027402790925643815 0.0029274306456313179 0.01405737762173912 0.0038049847598898064 -0.019063475400430432 0.0048444281524670698 -0.0082317164846400469 -0.010803010738574537
leaf_weight=686.09136006515473 1134.848157485947 185.30653398204595 212.8430293109268 779.02354643493891 1317.7901458861306 1861.1331123737618 54.005630840547383 48.93788302410394 372.55485545936972 1228.7389812991023 212.17090240307152 125.79124271869659 238.61522309109569 121.01337760686874 534.20171716157347 786.79878950957209 108.48612088244408 2592.560047048144 279.33239443600178 1449.8495126245543 1411.2370920013636 246.47570239100605 67.498138258233666 56.869685342535377 117.89290892053396 224.69735262729228 3201.682056629099 127.35675692278892 205.98360953107476 596.68552562966943
leaf_count=18686 79804 7448 9784 29341 12907 54074 2642 3066 20823 9030 1919 3282 15170 3396 19215 17701 6585 109589 7094 57873 55399 11833 4386 1709 4355 2175 247702 3754 2782 42471
internal_value=0.00283306 0.00837956 0.00486371 0.011604 0.0176484 0.0225638 -0.00814133 0.00222233 0.0157375 0.0197674 0.025391 0.0319148 -0.0137439 0.00156399 -0.00630985 -0.00316826 0.028189 -0.00609504 0.0340411 -0.00789344 -0.00153075 0.00813426 0.017614 -0.0172285 0.00704587 0.0353243 -0.017967 -0.00572007 -0.00288308 -0.00845836
internal_weight=20586.5 13771.7 11088.3 5928.32 3957.95 3178.92 6814.73 2478.36 809.311 2683.47 1997.38 1579.23 4336.37 839.203 1669.05 5159.94 436.756 4373.15 328.27 4042.41 1970.38 431.782 188.512 3497.17 330.736 1453.44 3440.3 1538.59 418.155 650.691
internal_count=865995 411932 374058 174756 96322 66981 454063 136587 37568 37874 19188 14487 317476 52895 99019 199302 16745 181601 10160 167462 78434 19281 7782 264581 14139 11205 262872 59153 4701 45113
is_linear=0
shrinkage=0.03


Tree=55
num_leaves=31
num_cat=0
split_feature=37 42 61 73 44 73 69 69 53 67 63 53 74 20 70 51 44 61 74 37 48 70 50 48 67 69 65 57 63 51
split_gain=1367.53 521.106 419.39 341.113 407.47 337.854 346.689 422.14 420.163 315.054 509.295 291.423 284.598 267.165 260.446 254.025 201.884 182.443 182.062 151.467 131.099 118.949 137.833 105.362 82.4843 88.0596 79.8578 76.9317 60.2682 57.1675
threshold=0.042415423318743713 0.018225305713713173 0.0028121840441599493 0.8184763789176942 0.30690738558769232 1.1853320598602297 -0.014302345924079416 -0.0065794049296528092 0.047495109960436828 0.54377403855323803 0.020307419821619991 0.03822505101561547 -0.47612103819847101 0.28261327743530279 0.98162874579429638 0.024009575136005882 0.23845060169696811 0.0018895153771154585 -1.4990229606628416 0.075770922005176558 0.035020561888813979 -0.59955355525016774 -0.013078927993774412 0.030805222690105442 0.41086713969707495 -0.0078729959204792959 0.010847798082977535 0.43770308792591101 0.04069523140788079 0.0016869643586687746
decision_type=8 2 2 2 2 2 2 2 2 2 2 2 2 8 2 2 2 2 2 8 2 2 2 2 2 2 2 2 2 2
left_child=1 3 19 4 16 6 8 -8 18 10 -3 -11 -12 21 -14 -9 -1 -18 -4 24 -7 22 -5 -15 25 -2 -21 -23 -13 -22
right_child=2 9 5 13 -6 20 7 15 -10 11 12 28 14 23 -16 -17 17 -19 -20 26 29 27 -24 -25 -26 -27 -28 -29 -30 -31
leaf_value=-0.0039098742858750283 -0.0035220298035154034 -0.0080162104851131434 -0.00026068807229980066 -0.010069603993518228 -0.0092969491932255212 -0.0084216432070381882 -0.0085887684134646029 0.015989231768608947 -0.0021971958163573154 -0.012283710742138437 -0.0026085297708261972 0.013348522954608937 0.037879432588423773 -0.0034676946272009452 -0.0022577802172850771 -0.0043526701233442752 0.028963950911594007 -0.0029234530741789402 0.034123135846828169 -0.0034870931465912072 -0.0027820498508446334 -0.017132268661561364 0.0044371127416676336 0.011109515569266372 -0.0065666912099129884 0.0088401147083236112 0.010830058083912223 0 -0.002387901084157918 0.010684818269541121
leaf_weight=129.85618746466935 643.56046346854419 289.0664916690439 122.99029446952045 830.74098136369139 529.27173287793994 560.05122626479715 591.25998444389552 3220.3795303478837 299.44535951130092 738.49367727804929 155.18191694654524 319.03681309893727 386.45310213137418 758.86451096367091 93.80680571962148 405.64611359592527 274.03123397845775 77.655406565405428 1359.0537629108876 155.95923184230924 135.27775098755956 3895.1175379967317 632.95651110168546 199.11380607262254 1458.6425431929529 481.62226689793169 1095.7553857881576 271.44990249350667 80.777241678908467 307.45706055127084
leaf_count=8377 25226 15490 1841 45728 31937 16906 14597 67766 3250 40141 6455 5239 9450 48672 5728 7778 9152 4318 10880 5282 4723 285076 37924 11435 64405 20191 31067 16050 3102 7242
internal_value=0.00266156 -0.00538433 0.00978248 -0.00893325 0.00516179 0.01392 0.0164322 0.00966052 0.0267009 0.00676446 0.0163588 -0.00345918 0.0263585 -0.0113497 0.0325808 0.0133892 0.0179998 0.023988 0.0317724 0.0014261 -0.00137559 -0.0136782 -0.00411111 0.00212723 -0.00266286 0.00267662 0.00838877 -0.0161742 0.0102756 0.00695865
internal_weight=20499 9661.87 10837.1 7599.06 1010.81 7001.56 5998.78 4217.29 1781.49 2062.82 924.508 1138.31 635.442 6588.24 480.26 3626.03 481.543 351.687 1482.04 3835.54 1002.79 5630.26 1463.7 957.978 2583.83 1125.18 1251.71 4166.57 399.814 442.735
internal_count=865428 584274 281154 498669 53784 134983 106112 90141 15971 85605 37123 48482 21633 444885 15178 75544 21847 13470 12721 146171 28871 384778 83652 60107 109822 45417 36349 301126 8341 11965
is_linear=0
shrinkage=0.03


Tree=56
num_leaves=31
num_cat=0
split_feature=19 43 19 59 68 43 46 43 70 46 47 57 62 66 69 70 62 68 48 47 56 60 52 57 63 74 35 60 53 65
split_gain=1404.01 817.992 481.918 456.552 655.432 363.731 388.161 315.781 300.995 262.672 253.702 229.055 209.145 200.349 192.524 190.304 214.255 209.865 164.618 195.902 148.214 138.479 132.665 125.502 125.097 120.175 111.337 96.5381 91.2424 81.1518
threshold=-0.47602766752243036 0.0031354106031358246 -0.030950374901294705 5.7000000476837167 0.42305012047290808 0.0037514514988288288 0.0071790469810366639 0.0021663814550265674 -0.53960990905761708 0.0086257131770253199 0.011372546199709179 0.31576651334762579 -0.26880162954330439 0.59413576126098644 -0.0010644167196005581 -1.5977824926376341 -0.91916343569755543 0.51260030269622814 0.040603285655379302 0.027377867139875892 4.4686520099639901 -1.0953388810157774 0.62593635916709911 0.3182667344808579 0.023326510563492778 0.6904229223728181 0.076403498649597182 1.0467001199722292 0.03822505101561547 0.0083556273020803946
decision_type=10 2 10 2 2 2 2 2 2 2 2 2 2 2 2 2 2 2 2 2 2 2 2 2 2 2 8 2 2 2
left_child=3 11 5 7 8 10 20 26 13 -8 -3 14 -12 -5 24 -9 -17 -18 19 -6 -7 -4 -13 -23 -2 -10 -1 -21 29 -16
right_child=1 2 21 4 18 6 9 15 25 -11 12 22 -14 -15 28 16 17 -19 -20 27 -22 23 -24 -25 -26 -27 -28 -29 -30 -31
leaf_value=-0.0066463257215556206 -0.0034564460247119544 -0.0059345748755728163 -0.0027306834850951739 0.01738078923324108 8.1339723916705255e-05 -0.0096165780895333883 0.020959570222225197 -0.005887046327719159 -0.010936789549440214 -0.0063004488755549759 0.028564352829461469 0.0031666237617061651 -0.001177786705653212 -0.0056425499883566476 0.004189371684928102 -0.0040201630919778526 0.01857996312249207 -0.00084158205848346493 0 0.036896192208966963 0.0066658679112100898 -0.0017241248557761444 -0.0178251970147804 0.026511757471610081 0.013963272244649981 0.005501448868838534 0.0049313521207922885 0.003230752390876761 0.0041283972401847868 -0.013257053250363112
leaf_weight=1763.3316618259996 352.38807541877031 171.83416379708797 78.237583838403225 876.85124969482422 184.6887482535094 3588.6906495224684 349.68007953744382 275.8628767086193 716.10637812130153 196.6196462912485 273.71506519243121 118.21391956135631 215.44323069788516 163.52086113486439 18.072457563132048 387.98205566219985 2129.4821852892637 530.87595234625041 156.30239493958652 1259.0343581624329 196.9682850856334 74.612157663330436 3311.4807938486338 534.19692795816809 318.56813994050026 204.35417252965271 657.83552434761077 208.43714472092688 123.36993769463152 1033.7230721274391
leaf_count=83510 24425 10918 3654 11271 5207 167169 2688 5753 20094 7122 7867 6499 10193 4160 764 15488 51517 13794 4603 9243 4261 3625 253123 18090 15043 5835 19048 4169 2821 73278
internal_value=0.00266789 -0.00455852 0.00323079 0.010831 0.018399 -0.000725006 -0.00433642 0.00474233 0.0042512 0.0125393 0.0143592 -0.0125502 0.0211877 0.0129104 -0.00277269 0.0101853 0.012349 0.0150895 0.0293656 0.0315247 -0.00802054 0.0204277 -0.0167145 0.0235637 0.00698887 -0.00642421 -0.00309231 0.0343031 -0.00894761 -0.0115107
internal_weight=20470.5 10955.8 5680 9514.67 3769.3 4992.95 4331.96 5745.37 1960.83 546.3 660.992 5275.82 489.158 1040.37 1846.12 3324.2 3048.34 2660.36 1808.46 1652.16 3785.66 687.047 3429.69 608.809 670.956 920.461 2421.17 1467.47 1175.17 1051.8
internal_count=865232 611540 235587 253692 64582 210218 181240 189110 41360 9810 28978 375953 18060 15431 116331 86552 80799 65311 23222 18619 171430 25369 259622 21715 39468 25929 102558 13412 76863 74042
is_linear=0
shrinkage=0.03


Tree=57
num_leaves=31
num_cat=0
split_feature=13 19 46 50 49 44 60 71 0 67 69 46 67 71 65 54 64 43 61 48 48 44 57 71 57 57 54 61 67 60
split_gain=1300.39 716.24 436.485 356.754 392.004 309.401 309.553 299.342 333.262 234.865 234.492 207.616 183.955 164.719 157.979 170.096 151.049 130.145 110.989 109.784 108.293 107.254 103.997 94.6688 88.2987 87.9783 87.9767 75.8792 75.8031 74.0061
threshold=-12.044480323791502 -0.029087198898196217 0.0053176153451204309 0.017990231513977054 0.96284538507461559 0.31726674735546118 0.9702529013156892 0.30872301757335668 -0.0010544657707214353 0.41086713969707495 0.015392494387924673 0.0087135205976665037 0.62593576312065136 0.0051969557534903297 0.030707207508385185 -1.1281140446662901 -0.48588278889656061 0.0031354106031358246 0.0030587136279791598 0.021352004259824756 0.003563405829481781 0.32305502891540533 0.45415253937244421 0.0083084711804986017 0.32493849098682409 0.31713037192821508 -0.7257360816001891 0.052591865882277496 0.32551915943622595 -1.0953388810157774
decision_type=10 8 2 2 2 2 2 2 10 2 2 2 2 2 2 2 2 2 2 2 2 2 2 2 2 2 2 2 2 2
left_child=3 2 9 7 10 6 11 8 12 13 18 -4 21 26 15 -11 28 -3 -5 -15 -19 -1 -9 -18 -16 -22 -2 -14 -10 -27
right_child=1 17 5 4 -6 -7 -8 22 16 14 -12 -13 27 19 24 -17 23 20 -20 -21 25 -23 -24 -25 -26 29 -28 -29 -30 -31
leaf_value=0.017406926255988515 -0.0032494290063088604 -0.00080611879166462446 0.024449972124276846 0.00167835289779496 -0.0061147332676791746 -0.0088088715123431742 -0.0067889116753072588 0.024283551421880396 0.0024539107058481092 0.0034107834027360378 -0.0015090928792908999 -0.0018829941457444174 -0.0070073851969868822 -0.0094566899675585063 0.0092272329196660275 -0.016062547112460454 0.0080667740515958566 -0.0012255889828821365 0.031187286299551913 0.0022957500708736152 -0.00099480284892312595 0.0042271996579331282 0 -0.0024855736867426753 -0.0056087832112919579 -0.00085859373651349282 0.01323509699839666 0.0063621537021163847 -0.010910761709795986 0.027925800867524268
leaf_weight=1572.4151009768248 163.4512657308951 247.0331984013319 666.87507900688797 209.82586988992989 206.43926910217851 493.73141893930733 273.29395766183734 566.49583079852164 244.69836020935327 240.85915642045438 188.83894553780556 236.79719092417508 537.23590787034482 1538.9025253821164 170.62387068290263 4540.0103992382064 921.43494775239378 102.26304893754423 1227.9840937573463 796.13006173074245 57.805764927528799 1434.5611031325534 204.58825794234872 1222.2064455477521 284.68362242728472 34.52172508276999 330.59861828759313 122.04662326164544 1203.112982114777 423.67265996523201
leaf_count=45787 12260 18392 16587 4211 6673 23362 13015 2600 6355 15364 2317 7836 17404 82671 7508 308642 39902 4344 9265 35725 3078 47652 1929 38114 19992 1752 17726 1060 41187 13343
internal_value=0.00280252 -0.00438966 -0.0069628 0.0104016 0.0211836 0.00563837 0.0126972 0.00680719 0.00408268 -0.00978488 0.0254123 0.0191232 0.0098989 -0.00215328 -0.0133088 -0.0147946 -0.00226548 0.0162896 0.0285799 -0.00564568 0.0206949 0.0127039 0.0205217 0.00260464 0.00155644 0.0237997 0.00858832 -0.00259709 -0.00844786 0.0261276
internal_weight=20463.1 10601.3 9735.96 9861.88 1833.09 1670.7 1176.97 8028.8 7257.71 8065.26 1626.65 903.672 3666.26 2829.08 5236.18 4780.87 3591.45 865.296 1437.81 2335.03 618.263 3006.98 771.084 2143.64 455.307 516 494.05 659.283 1447.81 458.194
internal_count=866053 601597 560688 264456 22466 60800 37438 241990 237461 499888 15793 24423 111903 148382 351506 324006 125558 40909 13476 118396 22517 93439 4529 78016 27500 18173 29986 18464 47542 15095
is_linear=0
shrinkage=0.03


Tree=58
num_leaves=31
num_cat=0
split_feature=37 73 44 58 61 73 43 66 49 53 55 58 64 43 16 60 47 67 60 1 54 55 42 70 67 55 45 33 72 57
split_gain=1247.05 421.751 551.101 479.214 370.919 371.719 343.231 489.601 330.924 294.706 341.831 327.393 259.586 240.107 166.985 159.878 157.454 144.088 210.566 133.261 118.229 155.432 89.8053 89.014 69.902 95.9924 66.9492 59.8312 47.9027 43.8869
threshold=0.039968054741621024 0.8184763789176942 0.30690738558769232 -0.73054611682891835 0.0028858100995421414 1.1853320598602297 0.0021194330183789138 0.93675422668457042 0.94606110453605663 0.072124548256397261 0.011114805005490782 -1.011211037635803 0.58596238493919384 0.0067031101789325484 0.1032390706241131 1.1107771396636965 0.043522452935576446 0.41086713969707495 -1.0800239443778989 -0.29906642436981196 -1.1281140446662901 0.0015672834124416115 0.0093860006891191023 0.49181991815567022 0.73522683978080761 0.27248167991638189 4.5000000000000009 0.040291428565979011 -0.18844153732061383 0.31074589490890508
decision_type=8 2 2 2 2 2 2 2 2 2 2 2 2 2 8 2 2 2 2 10 2 2 2 2 2 2 2 10 2 2
left_child=1 2 3 28 14 9 8 20 27 10 13 -12 -9 -6 17 -14 23 18 -2 -7 22 -22 -8 -5 25 -11 -20 -3 -1 -10
right_child=4 6 -4 16 5 19 7 12 29 24 11 -13 15 -15 -16 -17 -18 -19 26 -21 21 -23 -24 -25 -26 -27 -28 -29 -30 -31
leaf_value=-0.0083310208314636962 -0.0084217581938231378 -0.017132670596265335 -0.0099671928925237335 0.037680982669094872 0.012930262411181649 0.0078243520343865558 -0.0039997132842072508 -0.0033112665004761768 0.012234187202840792 -0.011645648206398984 -0.0051326836466461427 0.028227796487139613 0.027199091310733028 -0.0038388900425358361 0.010365505554611316 -0.0029093423463048716 -0.001092942612225399 -0.0069104938688154755 0.012070367700636717 -0.0079504114485815149 0.0060509540437900548 -0.010726872874856051 0.013124958166075151 0 0.0060129458837337299 0.0047769456830114151 -0.0013454643366627001 0.0021745883841222235 0.0037968311801219617 -0.0021034226800888383
leaf_weight=245.32932408712804 419.12243458349258 3378.1743486402556 543.22013941779733 306.44544271565974 2396.8558927448466 288.39715282525867 176.9804331921041 322.57694213185459 120.69875586405396 340.71034365519881 122.59767369367182 2260.9987936392426 356.52608473785222 752.85563377756625 939.58562217280269 65.343171648681164 70.682305472902954 1704.2205590670928 994.33140209317207 764.98212122544646 230.56687628291547 2798.2455972256139 43.385756187140942 45.028267630375922 175.17762269824743 139.79066723957658 263.50547828804702 12.414980864152311 75.264797973446548 52.48472807649523
leaf_count=13773 17711 272103 33197 5620 62623 6629 10620 16613 891 5967 1608 18281 11618 20003 27110 3292 3548 79443 35117 24319 11082 161504 416 2473 1171 875 10913 549 3821 2836
internal_value=0.00274776 -0.0055375 0.00809952 0.0202482 0.00907599 0.0130226 -0.00825383 -0.00169281 -0.0144195 0.0156547 0.0177496 0.0258154 0.014728 0.00886304 0.00173396 0.0231616 0.0316526 -0.00161369 0.00398227 -0.00231008 -0.00699755 -0.00868826 0.00572513 0.035365 -0.00179511 -0.00656233 0.00950592 -0.0167145 -0.0045396 0.00910842
internal_weight=20406.5 8843.37 1285.97 742.75 11563.1 7242.37 7557.4 3993.62 3563.77 6188.99 5533.31 2383.6 744.446 3149.71 4320.77 421.869 422.156 3381.18 1676.96 1053.38 3249.18 3028.81 220.366 351.474 655.679 480.501 1257.84 3390.59 320.594 173.183
internal_count=865726 553956 62432 29235 311770 141476 491524 215145 276379 110528 102515 19889 31523 82626 170294 14910 11641 143184 63741 30948 183622 172586 11036 8093 8013 6842 46030 272652 17594 3727
is_linear=0
shrinkage=0.03


Tree=59
num_leaves=31
num_cat=0
split_feature=7 67 20 63 63 43 73 59 56 62 62 51 59 65 44 44 58 67 66 59 66 62 1 52 60 60 61 66 44 74
split_gain=1225.32 513.152 457.654 407.871 471.2 348.677 284.11 259.954 259.598 247.024 307.815 360.239 219.805 203.595 189.32 181.661 161.242 157.539 123.43 113.517 100.345 84.3653 80.539 70.1645 65.7409 74.5139 63.511 55.9598 50.8032 37.5194
threshold=-0.025730553083121773 0.41086713969707495 -0.6690581440925597 0.017813421785831455 0.022821112535893921 0.0018860850250348451 0.87115815281867992 4.0999999046325692 0.45487557351589208 -0.91916343569755543 -0.32090379297733301 0.02571932785212994 4.2999999523162851 0.03221555799245835 0.24174228310585025 0.4171940833330155 0.12850306928157809 0.38692022860050207 0.38934938609600073 15.800000190734865 0.26227484643459326 -0.91916343569755543 0.12555268406867984 0.66890722513198864 -1.0800239443778989 -0.13043276220560071 0.011437317822128536 -1.4950853586196897 0.45773810148239141 -1.5208960771560667
decision_type=10 2 10 2 2 2 2 2 2 2 2 2 2 2 2 2 2 2 2 2 2 2 8 2 2 2 2 2 2 2
left_child=2 3 19 8 12 13 7 27 -2 29 15 -12 16 17 -15 -11 -5 -4 -19 21 -9 -1 26 -23 -10 -26 -8 -3 -25 -7
right_child=1 6 5 4 -6 9 22 20 24 10 11 -13 -14 14 -16 -17 -18 18 -20 -21 -22 23 -24 28 25 -27 -28 -29 -30 -31
leaf_value=0 -0.012426842651228887 0.0034376475811495615 0.0078461405077996493 0.036631321995710724 -0.0059805493134230912 0.0024533679226812965 -0.018630877033442836 0.020252971870021515 -0.003498814273553827 0.021205713778671174 0.0087016712626306336 -0.0086494877911727063 -0.0022388592672347332 0.017965069300202773 -0.0048919186836834504 0.0020535170071380028 -0.0012298410860030814 -0.012895396457405763 -5.8392517143014351e-05 -0.0030654950956130072 -0.0027024745220082416 -0.00052337370943348705 0 0.021633961052367742 0.014599574983180411 -0.0022043113468008502 0.0013508902612186329 -0.010153156495102761 0.002976493440543244 -0.007866988531063256
leaf_weight=186.408955687657 1097.7551339222118 55.648850571364164 195.37582393269986 286.32423462811857 367.19386170338839 121.61162781808525 3055.706833361648 123.45416262280196 107.59188892226666 1800.7920674392954 3030.7541370168328 1077.1313405847177 106.11622111033648 223.64660743065178 263.44205084070563 742.18618309311569 62.867193115875125 1632.0797777278349 1061.7544136103243 76.678753020241857 64.627305227331817 100.61485324986279 207.72597148455679 2298.9424447286874 298.48262818343937 135.03166882973164 52.698361452668905 573.8079927470535 363.56021149270236 623.32471197471023
leaf_count=5928 79983 2627 9876 6572 20881 5157 249300 3314 5507 42390 89214 24064 6589 3485 11297 24687 3641 78252 45894 1354 4382 1622 13219 33206 7859 5854 1627 42468 6526 28666
internal_value=0.00260827 -0.0076392 0.00762299 0.00281808 0.0156284 0.00428023 -0.0135628 0.00137263 -0.00562131 0.00777765 0.00961043 0.00364204 0.0273785 -0.00331851 0.00908294 0.0169705 0.032751 -0.00652931 -0.00873095 0.0171427 0.0156971 0.0181232 -0.017021 0.0192479 0.00723447 0.0106669 -0.0180687 -0.0076961 0.0200546 -0.00563253
internal_weight=20393.3 6595.03 13798.3 2461.36 822.502 10772.1 4133.67 817.538 1638.86 7395.8 6650.86 4107.89 455.308 3376.3 487.089 2542.98 349.191 2889.21 2693.83 3026.21 188.081 2949.53 3316.13 2763.12 541.106 433.514 3108.41 629.457 2662.5 744.936
internal_count=865441 453823 411618 136886 37683 362982 316937 52791 99203 214178 180355 113278 16802 148804 14782 67077 10213 134022 124146 48636 7696 47282 264146 41354 19220 13713 250927 45095 39732 33823
is_linear=0
shrinkage=0.03


Tree=60
num_leaves=31
num_cat=0
split_feature=37 71 63 69 71 57 50 73 74 46 49 73 20 72 67 47 64 43 64 66 46 43 57 73 70 50 19 44 49 17
split_gain=1170.06 453.702 500.093 541.445 485.481 389.884 383.164 372.206 422.666 361.116 330.745 265.738 230.557 192.543 186.796 178.206 159.307 156.066 112.228 103.535 99.5356 88.7076 83.8542 78.6085 71.2843 112.678 57.9209 56.8435 52.9671 51.6956
threshold=0.035480821505188949 0.30872301757335668 0.029044248163700107 0.0033311456209048633 0.084852013736963286 0.33639819920063024 -0.01150354743003845 0.8184763789176942 -0.5033050775527953 0.0050662886351346978 0.22570618242025378 1.0077027678489687 0.26928180456161505 -0.5559835135936736 0.57476508617401134 0.043177289888262756 -0.22308062016963956 0.0011815677280537786 1.2883231043815615 -1.4950853586196897 0.00052314938511699449 0.0029600812122225766 0.49824759364128118 0.98741680383682262 -0.68176159262657154 -0.013078927993774412 -0.9592684507369994 0.28524126112461096 0.8435983955860139 0.50273820757865917
decision_type=8 2 2 2 2 2 2 2 2 2 2 2 8 2 2 2 2 2 2 2 2 2 2 2 2 2 10 2 2 8
left_child=7 2 4 5 6 13 10 8 19 12 -2 29 24 -4 27 -11 -8 -13 -17 -1 -6 -14 -3 -23 25 -9 -26 -10 -21 -5
right_child=1 22 3 11 20 -7 16 9 14 15 -12 17 21 -15 -16 18 -18 -19 -20 28 -22 23 -24 -25 26 -27 -28 -29 -30 -31
leaf_value=0.0059500148340087535 0.003753203982595237 0.025332957929931101 -0.00048803066006248706 -0.012387304188174176 0.002818905139608243 -0.00082373358433066371 -0.0069027224886566204 -0.0097356943591684775 0.030100387263497969 -0.0042037537430372829 0.026995417894014582 -0.0050837989714858324 -0.0057358449741849674 0.032816346425425191 -0.0031716043796658168 0.019160928338351466 0.0032362221571173898 0.012989822806485184 -0.0026403727081724527 -0.012155715200380163 -0.01681584610758078 -0.0024263484028122441 0.00053436125119438768 0.012868041016704785 -0.00029221388196532655 0.0051999808703288809 -0.017433133649666921 0 0.002233016969164166 0.00194417949279749
leaf_weight=136.75670307688415 1714.4819626910612 1005.0010474808514 136.65685487259179 515.85384244099259 95.082823906093836 404.38980361260474 1758.456721726805 529.87733349390328 203.62956913746893 582.39269085414708 525.10253772605211 264.60959104448557 404.15002215001732 1202.9250416494906 85.110045610927045 262.78557296935469 3135.0713133597746 1011.4089362407103 115.61149994283915 545.84969903249294 902.72123481240124 249.14412484876812 184.71802745759487 214.24814498890191 241.56947473902255 365.05574958305806 3350.7462729318067 48.243838131427765 80.222861739806831 93.966463401913643
leaf_count=5314 56217 5108 4718 13026 3408 13998 72599 31016 3512 31718 12771 10645 33023 18038 5733 3601 124285 16438 6540 34297 22814 13938 1611 10764 11450 22902 268024 3188 3644 1044
internal_value=0.00272453 0.00806556 0.00565981 0.0141762 0.00122217 0.0241661 0.00425238 -0.00648558 0.00719603 -0.00926527 0.0132445 0.00168364 -0.0121761 0.0300465 0.0225106 0.00536704 -0.000653673 0.00869688 0.014447 -0.00556583 -0.0144281 0.00116064 0.0229577 0.00734207 -0.0146725 -0.00374806 -0.0165303 0.0279259 -0.00987272 -0.0100277
internal_weight=20365.8 12950.4 11760.7 3629.81 8130.92 1743.97 7133.11 7415.39 1099.81 6315.58 2239.58 1885.84 5354.79 1339.58 336.983 960.79 4893.53 1276.02 378.397 762.829 997.804 867.542 1189.72 463.392 4487.25 894.933 3592.32 251.873 626.073 609.82
internal_count=865384 376720 370001 77907 292094 36754 265872 488664 55688 432976 68988 41153 391117 22756 12433 41859 196884 27083 10141 43255 26222 57725 6719 24702 333392 53918 279474 6700 37941 14070
is_linear=0
shrinkage=0.03


Tree=61
num_leaves=31
num_cat=0
split_feature=7 20 72 43 62 62 51 69 63 73 47 57 44 65 65 44 39 57 73 66 57 56 62 33 44 69 74 44 54 71
split_gain=1139.57 452.563 419.101 351.027 257.394 301.332 330.907 243.368 330.852 220.684 293.173 220.509 211.285 195.834 155.843 119.07 118.561 105.54 98.6331 83.6619 72.2406 69.1552 67.6962 62.8685 60.5755 63.1566 63.5582 53.7911 39.5919 37.3644
threshold=-0.024349213577806946 -0.60240375995635975 -0.037241758778691285 0.0018860850250348451 -0.91916343569755543 -0.32090379297733301 0.02571932785212994 -0.00068958700285293151 0.022776566445827488 1.0345094799995425 0.011372546199709179 0.45002940297126776 0.4171940833330155 0.023086804896593097 0.032973164692521102 0.27735044062137609 0.011978447437286379 0.40106776356697088 1.0265893340110781 0.22087702900171283 0.46159170567989355 4.4686520099639901 -0.91916343569755543 -0.041848719120025628 0.45773810148239141 0.015392494387924673 -1.5516718626022337 0.13100686669349673 -1.3058125376701353 0.030219870619475845
decision_type=10 10 2 2 2 2 2 2 2 2 2 2 2 2 2 2 8 2 2 2 2 2 2 10 2 2 2 2 2 2
left_child=1 22 11 7 29 12 -7 8 28 10 18 14 -6 17 23 -10 27 -12 -4 -16 -13 -11 -1 -2 25 26 -24 -9 -3 -5
right_child=2 3 9 4 5 6 -8 16 15 21 13 20 -14 -15 19 -17 -18 -19 -20 -21 -22 -23 24 -25 -26 -27 -28 -29 -30 -31
leaf_value=0 0.0019384378707093012 0.0034163389893222752 -0.0087032448690602549 -0.0085548272193003826 0.020674460291967033 0.0080892685597535596 -0.0084403830798995289 0.0022022637810623627 0.022117246106042845 -0.010580194381829406 0.025957856600217287 0.011518076718063772 0.0012391960828596292 -0.0029943029639135483 0.010338875246312842 -0.0010243607857441024 0.002979460617295844 -0.0017984934560688289 0.0076901104338739489 -0.0050909164645047775 -0.0040104188628841009 0.0039044946173591049 -0.00044292105883526347 -0.017212160917057736 0.0021074742727585274 0 0.0201244344832597 -0.013052236508999001 -0.007386609319949413 0.0016909244257155276
leaf_weight=214.72321405261755 32.537192262709141 37.049738693982363 571.50055210758001 586.39629119168967 1875.8795080976561 3091.6356331994757 1088.1248796870932 49.307030607946217 328.21292654890567 609.48117356467992 464.20552423410118 108.74476783443242 766.75291517004371 174.94396467972547 53.884661944583058 176.66542156040668 341.26974800415337 48.722852358594537 20.033345052972436 247.41291400231421 107.54843811877072 79.672808289527893 89.643833541311324 3351.2323056655005 415.16160036250949 169.86688725836575 2510.1709538316354 1698.7530708992854 846.01951535884291 192.38206247426569
leaf_count=6980 1722 2120 33094 28908 46125 95366 25183 1104 8050 35663 10893 3571 26798 7957 1356 9229 10781 2297 707 16975 7533 1429 1262 293267 7821 2354 37787 85120 46084 7891
internal_value=0.0025932 0.00707054 -0.00809114 0.00374406 0.00722315 0.00910073 0.00327994 -0.00373762 0.00488195 0.00268141 0.00904483 -0.0132821 0.0162252 0.018033 -0.0150617 0.0172405 -0.00941649 0.0234388 -0.00460491 0.00202363 0.00596829 -0.00771574 0.0159639 -0.0167249 0.0169184 0.0183849 0.0193614 -0.0120944 -0.00564525 -0.00611769
internal_weight=20347.9 14478 5869.92 11078.4 7601.17 6822.39 4179.76 3477.28 1387.95 1968.56 1279.41 3901.36 2642.63 687.872 3685.07 504.878 2089.33 512.928 591.534 301.298 216.293 689.154 3399.57 3383.77 3184.84 2769.68 2599.81 1748.06 883.069 778.778
internal_count=865427 448963 416464 392759 230271 193472 120549 162488 65483 92040 54948 324424 72923 21147 313320 17279 97005 13190 33801 18331 11104 37092 56204 294989 49224 41403 39049 86224 48204 36799
is_linear=0
shrinkage=0.03


Tree=62
num_leaves=31
num_cat=0
split_feature=13 19 46 50 56 44 60 70 63 64 67 70 67 70 70 71 70 44 74 52 71 33 43 61 60 60 68 44 64 42
split_gain=1112.67 634.913 426.203 304.726 315.352 301.808 298.342 287.056 285.602 223.706 202.69 192.492 177.664 194.934 144.79 142.159 135.941 131.411 195.906 247.027 161.767 129.103 120.194 107.912 100.051 84.3411 82.9331 74.7073 71.8639 56.8232
threshold=-12.044480323791502 -0.029087198898196217 0.0053176153451204309 0.017990231513977054 -0.38527868688106531 0.31726674735546118 0.9702529013156892 -0.4268940389156341 0.041617799550294883 -0.18669037520885465 0.41086713969707495 0.69854879379272472 0.57807645201683056 0.064776051789522185 -0.68687686324119557 0.0051969557534903297 -0.76473113894462574 0.21913109719753268 -0.73661375045776356 0.66890722513198864 0.0092305019497871416 0.078468918800354018 0.014046320226043464 0.0026533846976235513 -0.85769367218017567 1.1361460089683535 0.46533884108066564 0.36285266280174261 0.59731513261795055 0.092042282223701491
decision_type=10 8 2 2 2 2 2 2 2 2 2 2 2 2 2 2 2 2 2 2 2 8 2 2 2 2 2 2 2 2
left_child=3 2 10 7 -5 6 11 17 23 25 15 -4 13 -11 16 27 -12 -1 19 -19 -20 -16 -17 -6 -3 -9 28 -2 -26 -14
right_child=1 24 5 4 8 -7 -8 9 -10 12 14 -13 29 -15 21 22 -18 18 20 -21 -22 -23 -24 -25 26 -27 -28 -29 -30 -31
leaf_value=-0.0036022914495905441 0.012039323771201801 -0.0020195067148357721 0.024703204759905159 -0.0053277413325522943 0.00046497592857496222 -0.0086351304453871191 -0.0066453249267424078 -0.0086458757493308117 -0.0024085683038878674 -0.0025875028896453428 -0.0066646102709212235 -0.00045039915189094631 -0.0070442527810114144 0.013818182638289976 -0.015572585148362444 -0.0086304825991062682 0.010801732986520797 -0.0038866631587467066 0.012475186847208927 0.025283167028779582 -0.0026206669063666348 0.003998435440409457 0.0044871529519899082 0.029352951297085612 0.022843721953840376 0.0047085071212356212 -0.00072958465483149461 -0.0030865127595518416 -0.00068839405123017759 0.0045810018966412182
leaf_weight=191.10551659576595 332.16831094864756 126.19881277251989 612.12570326775312 201.29557018447667 164.87175323348492 485.49490464758128 268.50036777928472 1497.5625846879557 235.37150872685015 685.13489639945328 557.64020422380418 309.36438884120435 744.69728353340179 1737.590406271629 4225.5985623029992 1834.1608865177259 145.96277300920337 147.6355819106102 718.71683393511921 1118.818780827336 997.99803039524704 105.85185152944177 473.75526014901698 1256.2064503626898 548.91392435505986 168.33665485307574 119.58451989293098 158.3280113786459 72.036578752100468 114.39770983532071
leaf_count=4325 18062 7692 12696 6613 3061 23301 12972 54912 3402 25321 31316 11652 27505 56109 308954 103619 7468 2074 23935 15868 24604 3550 14539 9416 21220 6419 8193 11882 3821 1146
internal_value=0.00267759 -0.00409951 -0.00657767 0.00961162 0.019532 0.00578801 0.0126637 0.00630664 0.023227 0.00137226 -0.00944713 0.0188595 0.0057114 0.00942712 -0.0128162 -0.00227041 0 0.0126828 0.0141795 0.0215753 0.00495236 -0.0146679 -0.0055114 0.0271509 0.015329 -0.00638248 0.0181496 0.00776056 0.0207568 -0.00415968
internal_weight=20355.4 10375.7 9508.95 9979.74 1857.75 1675.49 1189.99 8121.99 1656.45 4947.72 7833.47 921.49 3281.82 2422.73 5035.05 2798.41 703.603 3174.27 2983.17 1266.45 1716.71 4331.45 2307.92 1421.08 866.734 1665.9 740.535 490.496 620.951 859.095
internal_count=865647 600937 560011 264710 22492 60621 37320 242218 15879 171412 499390 24348 110081 81430 351288 148102 38784 70806 66481 17942 48539 312504 118158 12477 40926 61331 33234 29944 25041 28651
is_linear=0
shrinkage=0.03


Tree=63
num_leaves=31
num_cat=0
split_feature=19 43 71 43 56 47 46 16 57 46 58 58 58 68 71 73 18 52 56 67 59 67 66 59 74 49 63 33 63 60
split_gain=1010.83 640.107 478.897 466.852 470.717 364.762 354.231 267.367 262.202 252.682 226.427 230.109 217.261 235.848 205.264 185.038 140.587 126.615 110.439 82.3893 80.0147 78.2593 77.7951 105.48 74.2524 71.5003 64.5889 64.0233 60.8414 57.8246
threshold=-0.47602766752243036 0.0031354106031358246 0.17651379853487018 0.0037514514988288288 4.4686520099639901 0.011372546199709179 0.0071790469810366639 0.18846879154443744 0.31576651334762579 0.0086257131770253199 -0.54311645030975331 0.75565761327743541 0.16431949287652972 0.51260030269622814 0.010114790871739389 0.82910767197608959 -0.41560058295726771 0.62593635916709911 -0.12489349395036696 0.54377403855323803 15.800000190734865 0.6943841576576234 0.54472282528877269 4.2999999523162851 0.043913500383496291 0.085185844451189055 0.045761309564113624 -0.043382644653320306 0.041617799550294883 2.6186275482177739
decision_type=10 2 2 2 2 2 2 8 2 2 2 2 2 2 2 2 10 2 2 2 2 2 2 2 2 2 2 10 2 2
left_child=2 8 7 5 6 -3 15 12 16 -8 -7 -12 13 14 -1 -5 19 -10 26 -2 28 -15 23 -4 -20 -6 -14 -19 -9 -29
right_child=1 3 22 4 25 10 9 20 17 -11 11 -13 18 21 -16 -17 -18 27 24 -21 -22 -23 -24 -25 -26 -27 -28 29 -30 -31
leaf_value=0.016183289845082938 0.012324658715541168 -0.0062216440135033288 0.0018014311928800457 0.0032715734257494963 0.02215314742418804 -0.0023407373949766736 0.019862648449692308 0.017052618304448219 0.0033448865527808441 -0.0064284592983356965 0.036571037280013083 -0.0024356406371279856 -0.011215070633291633 -0.0055381038105677743 -0.00038355512839126219 -0.010767481430828106 -0.006637684566297747 0.0014965264372441452 0.0068781034627453733 -0.0023727806227851521 -0.002446353634917047 0.0058764971871819744 0.00087318012821293093 0.026837630680996215 -0.0050431063581892399 -0.001092030009286218 0.0033216256897116215 -0.018186146411363929 -0.0010831229539598416 0
leaf_weight=1582.0423308005556 332.76271457970142 177.36115594394505 278.53699392639101 804.13824875745922 301.53404744714499 114.29247484356165 366.80556235741824 1512.4008241454139 115.76871004514396 203.19482350535691 380.99765521287918 74.706401964649558 1152.0258134985343 1336.541417372413 909.89298932161182 3181.014710993506 1146.8538925489411 59.564169104211032 605.89429851155728 306.43903393670917 72.070812271907926 285.39901245012879 212.24404870904982 1201.2869326453656 333.50492192152888 59.244504718109965 63.872232352383435 2903.145406095311 85.760941970162094 136.3322407817468
leaf_count=53803 19758 11685 3435 23172 4360 6163 2755 27104 6435 7386 9900 3715 49925 48208 23317 164881 82140 2924 18958 14442 1326 4742 2049 6575 11535 2060 684 239459 2358 10560
internal_value=0.00251627 -0.00376066 0.00933843 0.0030407 -0.000964984 0.0194547 -0.0044256 0.00545407 -0.0110938 0.0115856 0.0268985 0.0319338 0.00207505 0.00591649 0.0109807 -0.00781884 -0.00112914 -0.015652 -0.00487765 0.00706636 0.0145988 -0.00247677 0.0220262 0.0239218 0.00215576 0.0195704 -0.00953123 -0.0168111 0.0159102 -0.0174153
internal_weight=20295.6 10664.2 9631.47 5663.29 4915.93 747.358 4555.15 7939.41 5000.87 570 569.997 455.704 6269.17 4113.88 2491.94 3985.15 1786.06 3214.81 2155.3 639.202 1670.23 1621.94 1692.07 1479.82 939.399 360.779 1215.9 3099.04 1598.16 3039.48
internal_count=865814 611795 254019 236077 204614 31463 198194 241960 375718 10141 19778 13615 211172 130070 77120 188053 116340 259378 81102 34200 30788 52950 12059 10010 30493 6420 50609 252943 29462 250019
is_linear=0
shrinkage=0.03


Tree=64
num_leaves=31
num_cat=0
split_feature=7 59 60 72 49 42 63 72 16 44 49 51 44 44 73 47 57 61 65 65 66 73 73 53 57 60 73 0 56 62
split_gain=1013.12 436.198 440.499 596.844 650.285 858.743 367.289 310.475 237.703 222.603 465.754 302.464 234.576 304.638 207.541 270.328 205.432 188.593 178.185 161.708 138.359 120.503 113.339 100.748 79.3605 78.8127 77.6725 68.6132 68.3201 68.1326
threshold=-0.022530263289809224 4.0999999046325692 0.37927569448947912 -0.45920740067958826 0.5342957377433778 0.0094212233088910597 0.029044248163700107 -0.037241758778691285 0.10952311754226686 0.36899313330650335 0.46689543128013616 0.0042293488513678321 0.25904139876365667 0.31440092623233801 1.0345094799995425 0.011372546199709179 0.45002940297126776 0.0049507885705679664 0.029855263419449333 0.023086804896593097 0.93675422668457042 0.80914098024368297 1.0066165924072268 0.0059365232009440669 0.40106776356697088 0.74340707063674938 1.0265893340110781 -0.18081307411193845 -0.29038475453853602 0.26640293002128607
decision_type=10 2 2 2 2 2 2 2 8 2 2 2 2 2 2 2 2 2 2 2 2 2 2 2 2 2 2 10 2 2
left_child=1 9 3 29 5 -5 -6 16 17 10 12 -12 -1 -14 15 26 21 20 23 24 -4 28 -13 -11 -17 -10 -9 -25 -2 -3
right_child=7 2 8 4 6 -7 -8 14 25 18 11 22 13 -15 -16 19 -18 -19 -20 -21 -22 -23 -24 27 -26 -27 -28 -29 -30 -31
leaf_value=-0.0025936316523732009 0.007595627701020161 -0.01058899264906143 -0.0035155805326849356 0.022390612018360682 0.0063625998947642939 -0.006660091706688168 0.03675911517963211 -0.0091186415379099564 -0.001695992784575949 0.0024962193062324375 -0.011531627230984491 0.010698514011970887 0.02807610234485975 0 -0.0087646508420990803 0.024087802123935301 0.0057342001508869792 -0.01195440480808597 0.0083832542256083564 -0.0028772163601968538 0.012728771155341581 -0.017174255511437413 -0.0044105769235294207 0.0027500944198145332 -0.0013963826622860615 0.012357474838379923 0.0060438707752986419 -0.012895877208348115 -0.0058449652337999531 0.0036957662867603039
leaf_weight=384.99032003153116 121.34051227290183 529.39130617585033 753.86616752296686 1165.5082341078669 772.0433738892898 1636.6558819822967 1443.976871041581 469.80676668975502 280.25845782458782 333.5227590687573 1352.02801144775 821.32550117745996 704.83773581683636 504.84653980191797 579.3199663925916 419.54175600875169 193.48776359297335 947.85331508610398 215.20530875120312 148.52048269659281 284.80155206564814 2693.9946640031412 306.3958810120821 74.966752346605062 41.145504964515567 1037.9222074411809 18.017177217639983 1688.3600955707952 250.56276185531169 99.36701740231365
leaf_count=17220 6640 19215 38245 23938 19938 46805 12002 28314 6697 17052 66023 21171 19516 23071 32763 9480 9843 35616 4088 6916 11173 249064 12413 1968 1969 18781 620 81063 19154 4958
internal_value=0.00268333 0.0064738 0.0105678 0.0153294 0.0186499 0.00689288 0.0294005 -0.00855259 0.00140741 0.000341149 0.00444046 -0.00361686 0.0149856 0.0198781 0.00158789 0.00827514 -0.0133653 -0.00471612 -0.00628125 0.0170646 0.00343251 -0.0152898 0.0063153 -0.00922616 0.0219573 0.00955984 -0.00547921 -0.0116376 3.72266e-05 -0.0074286
internal_weight=20273.9 15338.1 8951.64 5646.94 5018.18 2802.16 2216.02 4935.74 3304.7 6386.48 4074.42 2479.75 1594.67 1209.68 1676.35 1097.03 3259.39 1986.52 2312.05 609.208 1038.67 3065.9 1127.72 2096.85 460.687 1318.18 487.824 1763.33 371.903 628.758
internal_count=865716 500953 237368 126856 102683 70743 31940 364763 110512 263585 159414 99607 59807 42587 80062 47299 284701 85034 104171 18365 49418 274858 33584 100083 11449 25478 28934 83031 25794 24173
is_linear=0
shrinkage=0.03


Tree=65
num_leaves=31
num_cat=0
split_feature=19 51 18 57 44 64 59 70 57 67 65 43 52 70 63 46 71 43 52 55 66 37 35 73 74 70 54 74 56 65
split_gain=960.161 720.13 370.67 331.662 487.04 369.193 277.755 357.448 236.684 286.859 227.603 180.593 177.614 171.111 168.048 156.041 154.861 152.645 132.861 130.991 125.278 117.021 107.438 107.103 119.827 105.17 87.0394 83.5637 81.991 75.8078
threshold=-0.62197011709213246 0.0059561927337199458 -0.38011522591114039 0.33350536227226263 0.38548950850963598 0.61963796615600597 5.7000000476837167 0.23048857599496844 0.31576651334762579 0.38692022860050207 0.031043703667819503 0.065743060782551779 1.0177659988403323 -0.53960990905761708 0.041617799550294883 0.0077837840653955945 0.00099520065123215339 0.0011670892126858237 0.75499579310417186 0.0017957484233193102 0.59413576126098644 0.057403996586799629 0.15590494871139529 1.0488090515136721 0.79477187991142284 -0.12838409841060636 -0.53207471966743458 0.6904229223728181 0.23173905164003375 0.024687458761036399
decision_type=10 2 10 2 2 2 2 2 2 2 2 2 2 2 2 2 2 2 2 2 2 8 8 2 2 2 2 2 2 2
left_child=6 8 3 12 5 -5 17 13 10 26 16 -6 -3 20 19 21 -2 -1 -19 -9 -8 -4 28 -20 -25 -18 -10 -15 -11 -17
right_child=1 2 15 4 11 -7 7 14 9 22 -12 -13 -14 27 -16 29 25 18 23 -21 -22 -23 -24 24 -26 -27 -28 -29 -30 -31
leaf_value=-0.0039517582728982306 0.0077348005792208969 -0.01089983602930588 -0.0085680871622702878 0.029327652577280563 -0.0078678400941925887 -0.0022056531636167362 0.014195544134601369 -3.1285993382165354e-05 -0.0041150664118102627 -0.018519783375763182 0.01254988698199915 0.010003287880131842 0.0072022348473921209 -0.0093091382005671252 -9.956499899703612e-05 0.014775916297167992 0.0029130101915067321 -0.0035210391085842628 0.013106647487106353 0.029116140482471284 -0.004656374340731689 0.0033130360720789332 0.0025862926313350433 -0.0069212681640029956 0.0080572438711057608 -0.012390592300982316 0.01112550850409323 0.0049135758436463116 0.0020157287190305695 -0.0028320352454581847
leaf_weight=1026.4711847817525 191.41698379442096 592.42710892483592 2249.752604261972 1191.2301003439352 747.82524314895272 312.59730350133032 786.41406693682075 126.39057927019894 254.94984897598624 3096.4307827781886 313.0490971179679 357.79617124795914 408.7215234125033 529.37439377885312 198.03905312530696 113.53261893894523 276.36820179317147 525.28898622281849 1974.2499889293686 1406.9848381616175 127.01361536979675 675.99914138112217 95.73818739131093 466.86661388166249 452.84628816973418 1231.6687805065885 177.33507019840181 167.42135988455266 59.440221838653088 96.580642090179026
leaf_count=42545 7632 24269 127374 32239 39182 7974 8755 3701 20531 248807 10948 5015 16157 13628 3217 1350 19782 10598 50980 13186 2819 20335 3997 13995 11419 83279 10309 4104 4058 3786
internal_value=0.00260561 -0.00255204 0.00394953 0.00995187 0.0148806 0.0237084 0.0105396 0.0166266 -0.00999788 -0.0140796 -0.00109181 -0.000583517 -0.00337238 0.00414107 0.0245741 -0.00329716 -0.0060228 0.00468529 0.00752807 0.0271492 0.010642 -0.00565248 -0.0168825 0.00984527 0.000482754 -0.0094096 0.00442893 -0.00501603 -0.0178282 0.00996456
internal_weight=20230.2 12442.9 6746.46 3610.6 2609.45 1503.83 7787.36 3341.64 5696.4 3683.89 2012.5 1105.62 1001.15 1610.22 1731.41 3135.87 1699.45 4445.72 3419.25 1533.38 913.428 2925.75 3251.61 2893.96 919.713 1508.04 432.285 696.796 3155.87 210.113
internal_count=865971 687024 277681 124836 84410 40213 178947 49410 409343 287702 121641 44197 40426 29306 20104 152845 110693 129537 86992 16887 11574 147709 256862 76394 25414 103061 30840 17732 252865 5136
is_linear=0
shrinkage=0.03


Tree=66
num_leaves=31
num_cat=0
split_feature=7 67 37 44 58 62 63 63 67 62 73 46 59 71 51 42 49 59 42 44 44 58 54 48 62 71 51 67 66 18
split_gain=928.592 397.22 346.901 416.607 348.69 434.807 330.043 351.18 295.869 315.852 233.903 212.885 198.407 168.153 347.797 177.29 157.39 155.549 146.646 183.565 146.573 114.69 111.084 107.447 92.9513 90.4165 85.624 86.2969 81.7488 78.6326
threshold=-0.024349213577806946 0.41086713969707495 0.061944099143147476 0.30690738558769232 -0.48809416592121119 -0.23724265396594998 0.017813421785831455 0.022821112535893921 0.42577308416366583 -0.20973450690507886 0.87115815281867992 0.010504527948796751 4.0999999046325692 0.30872301757335668 0.024009575136005882 0.0057316706515848645 0.96284538507461559 4.2999999523162851 0.0095320697873830813 0.38548950850963598 0.35450267791748052 0.12850306928157809 -0.26998938620090479 0.029512599110603336 -0.39875371754169459 0.00068282929714769136 0.14446362107992175 0.40957868099212652 1.3631354570388796 -0.19062881171703336
decision_type=10 2 8 2 2 2 2 2 2 2 2 2 2 2 2 2 2 2 2 2 2 2 2 2 2 2 2 2 2 8
left_child=2 6 3 4 8 22 26 17 9 -1 12 -10 -3 14 16 -16 24 21 19 20 -5 -8 -6 -21 -4 -7 27 -2 -20 -17
right_child=1 10 13 18 5 25 7 -9 11 -11 -12 -13 -14 -15 15 29 -18 -19 28 23 -22 -23 -24 -25 -26 -27 -28 -29 -30 -31
leaf_value=-0.0037385149361564198 -0.010226225456346244 -0.0070212078034892454 0.0030062237898626689 -0.0028918025296728466 0.034934429046202066 0.0074887042155692887 0.031518650763312915 -0.0054048873600546533 -0.0083701038247720565 0.023418198300003558 -0.016426065107042132 0.008377045738530731 0.013991368953216673 0.021331070430541801 0.0079389541914559325 -0.012541403814319105 -0.0050289385801408851 -0.0020216673013559554 -0.010390136727415761 -0.0086641297427564982 0.017326740838063778 -0.0010522367787222458 0 0.0059303307176444076 0.016045049413245541 -0.0077636130663417584 0.0056962643753178397 0.0050679341348677971 0.0031253027124220315 0.0019922810303618097
leaf_weight=421.70250531844795 1262.3942015636712 539.90287791006267 970.05540858767927 284.39552628993988 409.86407362949103 105.11306701228023 284.92328717280179 325.03930109087378 1733.8656623968855 449.4013944612816 2788.8307685740292 511.42356810905039 162.02887111343443 1025.9718431830406 346.43822371400893 790.81716328021139 180.59319290425628 86.95114286057651 2080.0129410466179 963.39809783920646 361.74945586547256 55.462790099903941 108.20226844027638 225.13234358280897 2742.6134934462607 335.30272352043539 108.12025886774063 63.157406196929514 206.74699333589524 244.09264122508466
leaf_count=17459 87606 41525 25948 16552 5949 617 6126 19373 77506 11689 243126 7832 6671 5283 8826 15536 5940 5807 90094 52492 12418 3381 3572 11214 51436 14555 2019 1294 9545 4210
internal_value=0.00246695 -0.0073754 0.00645849 0.00211223 0.00845537 0.0206514 0.00231001 0.0140608 0.00228474 0.0134836 -0.0130454 -0.00361526 0.0013822 0.0114974 0.00785129 -0.00392611 0.0120695 0.0241213 -0.00433062 0.00170653 0.0107866 0.0283861 0.031504 -0.00478451 0.0134706 -0.00175822 -0.00574274 -0.00814471 -0.00871905 -0.00938571
internal_weight=20173.7 5676.81 14496.9 8196.31 4074.88 958.482 2186.05 752.377 3116.39 871.104 3490.76 2245.29 701.932 6300.58 5274.61 1381.35 3893.26 427.337 4121.44 1834.68 646.145 340.386 518.066 1188.53 3712.67 440.416 1433.67 1325.55 2286.76 1034.91
internal_count=865601 416928 448673 331494 139179 24693 125606 34687 114486 29148 291322 85338 48196 117179 111896 28572 83324 15314 192315 92676 28970 9507 9521 63706 77384 15172 90919 88900 99639 19746
is_linear=0
shrinkage=0.03


Tree=67
num_leaves=31
num_cat=0
split_feature=13 43 43 57 44 44 65 19 46 63 71 69 71 73 57 50 58 46 57 53 33 37 44 52 74 69 60 59 73 49
split_gain=874.919 579.089 369.566 366.794 362.557 468.182 286.933 267.616 274.487 223.574 400.246 368.316 270.861 223.579 190.029 179.898 156.363 144.874 139.823 130.001 116.334 105.053 103.803 102.241 97.9563 93.543 91.5159 74.4825 69.6736 67.4742
threshold=-12.105532646179197 0.0031354106031358246 0.0038860169006511573 0.31576651334762579 0.30060242116451269 0.39852941036224371 0.026105082593858246 -0.030950374901294705 0.0071790469810366639 0.029044248163700107 0.30872301757335668 0.0038361370097845797 0.084852013736963286 1.0324909687042239 0.33639819920063024 -0.013078927993774412 -0.95606547594070423 0.0086257131770253199 0.45415253937244421 0.03822505101561547 0.078468918800354018 0.067506507039070143 0.28317609429359442 0.62593635916709911 -0.31251943111419672 0.015392494387924673 1.8696210980415346 4.0999999046325692 1.1753923892974856 0.42500868439674383
decision_type=10 2 2 2 2 2 2 8 2 2 2 2 2 2 2 2 2 2 2 2 8 8 2 2 2 2 2 2 2 2
left_child=9 3 4 6 -3 15 29 8 21 10 12 14 13 16 26 -6 -1 -10 -12 -13 23 -4 27 -5 -9 -21 28 -8 -11 -2
right_child=1 2 7 20 5 -7 22 24 17 11 18 19 -14 -15 -16 -17 -18 -19 -20 25 -22 -23 -24 -25 -26 -27 -28 -29 -30 -31
leaf_value=-0.0042456218083408437 0.00063333255404987804 -0.0057463692637768609 -0.0097111092554531091 0.0023623066078302685 -0.001794919398742889 -0.0046636779675276428 -0.001836248445495806 -0.001951067355502738 0.017309193933724716 0.031443093715258073 0.023383145724174981 -0.0066653804084080698 -0.012523817474543845 -0.0038644240771146571 0.00239320391590529 0.03759687958613344 0.010671635772068118 -0.0036005614226976615 -0.00090422397170251848 0.012215338415247393 0.0035201037117833667 0.0017833404113261201 -0.002412659102091444 -0.017457120189158133 0.016953639742723882 -0.0022678381115340423 0 0.01819276687238337 0 -0.011166251582512866
leaf_weight=462.89308749791235 519.12495877500623 263.80354336369783 2633.1349258115515 104.27107254695147 52.502003388479352 226.58236663043499 68.846254324540496 174.64250019192696 273.64150690380484 977.34166862536222 701.58895137906075 449.49792463425547 569.67354409955442 1762.2209377363324 453.12491927389055 398.61814267933369 2819.871752589941 220.95369510818273 187.31987400352955 611.21772566996515 85.953768606297672 695.03521591518074 197.39486761111766 3048.6868783710524 404.82105786819011 371.26652160193771 92.630187613889575 454.2746745320037 83.08730673417449 761.84331760089844
leaf_count=18091 32923 15408 139114 6123 2167 14414 5737 7768 2393 11778 3096 13486 11595 63937 10786 10083 93579 6969 1835 7341 3015 18427 13296 257548 12935 5494 3142 11347 2481 57841
internal_value=0.00261467 -0.00325066 0.00353196 -0.00992451 0.0167297 0.0244586 0.000235525 -0.000647879 -0.00397889 0.00898855 0.00510843 0.015314 0.00135769 0.00396722 0.0233665 0.0341634 0.00820574 0.0105523 0.019566 0.00241682 -0.015475 -0.00731291 0.0114982 -0.0164859 0.0127135 0.007621 0.0282102 0.0156544 0.0299306 -0.0073806
internal_weight=20125.9 10584.1 5343.73 5240.4 941.506 677.703 2001.48 4402.23 3822.77 9541.73 6503.57 3038.17 5614.66 5044.99 1606.18 451.12 3282.76 494.595 888.909 1431.98 3238.91 3328.17 720.516 3152.96 579.464 982.484 1153.06 523.121 1060.43 1280.97
internal_count=864149 617508 229678 387830 42072 26664 121144 187606 166903 246641 192133 54508 187202 175607 28187 12250 111670 9362 4931 26321 266686 157541 30380 263671 20703 12835 17401 17084 14259 90764
is_linear=0
shrinkage=0.03


Tree=68
num_leaves=31
num_cat=0
split_feature=13 51 47 56 69 51 43 62 56 57 47 57 68 60 44 65 65 56 51 16 43 71 73 35 49 38 70 47 43 55
split_gain=872.006 575.646 421.234 335.756 308.996 329.712 373.842 259.919 240.033 236.414 220.816 305.961 258.609 215.144 304.95 192.503 142.375 134.137 131.126 130.642 113.153 109.795 107.278 104.11 91.0591 84.931 81.0008 68.6289 44.4018 43.9058
threshold=-12.044480323791502 0.0059561927337199458 0.011241305619478227 4.4686520099639901 -0.0078729959204792959 0.020310297608375553 0.0026022320380434398 -0.91916343569755543 -0.42773613333702082 0.31576651334762579 0.011003429535776378 0.31656153500080114 -1.0182871818542478 0.37927569448947912 0.44913792610168463 0.03221555799245835 0.0042212110711261639 2.9810222387313847 0.0024681268259882931 0.15012267231941226 0.0062706908211112031 0.00099520065123215339 0.66379487514495861 0.15590494871139529 0.70183452963829052 0.97560876607894909 -0.12838409841060636 -0.01401254767552018 0.00061153949354775261 0.27248167991638189
decision_type=10 2 2 2 2 2 2 2 2 2 2 2 2 2 2 2 2 2 2 8 2 2 2 8 2 8 2 2 2 2
left_child=7 9 3 16 17 6 -6 -1 19 15 11 -10 -13 14 -12 21 -3 29 -15 -9 22 28 -11 -24 -17 -18 -23 -5 -2 -4
right_child=1 2 4 27 5 -7 -8 8 10 20 13 12 -14 18 -16 24 25 -19 -20 -21 -22 26 23 -25 -26 -27 -28 -29 -30 -31
leaf_value=-0.0047931815618285191 -0.0028848180070997313 0.0071346545295339998 -0.010984195975276174 0.016815469903546387 -0.0033108299639924288 -0.0061664470135459094 0.026167313617317001 -0.0070620468485428608 -0.0097962044293944863 0.002607309304779361 0.021085532033970979 0.015879019639636817 -0.0038740676509419303 -0.004686984818963188 -0.0046976214832688788 -0.0030310513436452992 -0.012343392977062925 0.0088686623016943529 0.0091062527101175971 0.0076358552254420326 0.0033689788886036888 0.0024213186528173614 -0.017918740191892154 0.0025385463615292345 0.016298309949213208 0.004044596027598258 -0.011675088237444961 -0.0019757883900193103 0.0099640559166413092 0.0019381569922348476
leaf_weight=854.482486192137 68.217465189285576 79.907149730250239 554.90041565243155 202.24174116924405 341.05103767849505 256.30944562889636 1288.5545404292643 859.76838875655085 642.06893714889884 112.44831926282495 3509.8525384543464 1143.6945475619286 648.15129003394395 568.10833552107215 258.85546307917684 93.212104247882962 2139.1422492600977 100.07420737855136 1164.0540336100385 407.96076249331236 101.26458110008389 243.53381421975791 2852.9045224315487 89.871552712284029 192.79787456616759 55.063029190525413 1040.7356217904016 72.358366166241467 105.22760723996907 89.100083753466606
leaf_count=38705 4485 434 24552 2544 23555 11290 40235 39670 16555 6802 67779 17777 22657 17085 8540 4869 123296 2114 26011 9913 6431 18032 243835 3474 3095 2609 74236 2558 2411 461
internal_value=0.00261124 -0.00353054 0.00329545 -0.00489251 0.0108402 0.0162426 0.0205283 0.0086705 0.0101342 -0.0104372 0.0119738 0.00336216 0.00931661 0.0151365 0.0189015 -0.0008928 -0.00922584 -0.00363612 0.00441146 -0.00134053 -0.0147847 -0.00587245 -0.0158599 -0.0169289 0.0116963 -0.0111465 -0.00890442 0.0133974 0.00607521 -0.00886841
internal_weight=20135.9 10078.9 5178.7 2548.71 2629.99 1885.92 1629.61 10057 9202.51 4900.21 7934.79 2433.91 1791.85 5500.87 3768.71 1743.72 2274.11 744.075 1732.16 1267.73 3156.49 1457.71 3055.22 2942.78 286.01 2194.21 1284.27 274.6 173.445 644
internal_count=866010 601318 233648 131441 102207 75080 63790 264692 225987 367670 176404 56989 40434 119415 76319 107128 126339 27127 43096 49583 260542 99164 254111 247309 7964 125905 92268 5102 6896 25013
is_linear=0
shrinkage=0.03


Tree=69
num_leaves=31
num_cat=0
split_feature=24 67 65 59 63 71 67 71 73 65 74 0 35 74 57 47 60 43 74 67 73 61 57 72 72 16 19 73 46 16
split_gain=827.677 591.31 351.524 390.497 298.709 492.697 453.233 383.29 330.541 272.015 258.397 241.892 223.053 219.306 182.012 176.539 165.516 160.937 134.954 133.725 131.828 115.397 100.801 97.521 91.3984 78.0004 66.7825 61.6014 59.2307 49.2524
threshold=-2.4999999999999996 0.41086713969707495 0.022385041229426864 4.7000000476837167 0.029044248163700107 0.30872301757335668 0.54377403855323803 0.084852013736963286 1.0066165924072268 0.028195117600262169 -0.95604750514030445 -0.056643307209014886 0.11591976881027223 -1.0579713582992551 0.45415253937244421 0.013839392922818662 -0.81430447101593006 0.00078400675556622456 -0.40620326995849604 0.30432355403900152 0.87379205226898204 0.0015241830842569473 0.33639819920063024 -0.5559835135936736 -0.18536994606256482 -0.14181745052337644 -0.77815338969230641 1.0786762833595278 0.00052314938511699449 0.08923590183258058
decision_type=2 2 2 2 2 2 2 2 2 2 2 10 8 2 2 2 2 2 2 2 2 2 2 2 2 10 10 2 2 8
left_child=4 2 15 16 5 7 9 11 29 -6 13 27 25 -3 -7 -2 -4 -10 -17 -18 -13 -20 -11 -19 -15 -12 -27 -1 -9 -8
right_child=1 10 3 -5 6 14 8 28 17 22 12 20 -14 24 -16 18 19 23 21 -21 -22 -23 -24 -25 -26 26 -28 -29 -30 -31
leaf_value=0.014493851245118088 -0.0088484987695735106 -0.0066708659634532571 -0.0018355955925855076 -0.0052630081848451336 0.00018346031842685884 0.023375757995834381 -0.01184098856054047 0.0018159691167474986 -0.0046979728128329337 0.034034428955957589 -9.7722790101786348e-05 0.0063614121171525735 0.0055714726568862165 -0.0022517934668536237 -0.0012202614717965665 -0.0046201678334918594 -0.0016334568086863899 -0.0023675142974953858 0.016221704660202566 0.031174136682027079 -0.003604439427265918 -0.0028961396130724646 0.0024579322983956319 0.016032301536171245 0.019865848034975334 -0.0011093465050818908 -0.016635575669375322 0.00029322122423925561 -0.015921179289129787 0.0011336029510075358
leaf_weight=1137.9131499435753 1082.5401194952428 402.24752787826583 101.08758025337011 331.17169438488781 347.36831237375736 838.20646476186812 507.49580241553485 52.899445815011859 236.14178914669901 829.66662255953997 367.83106011850759 1242.3389429422095 280.51440213993192 72.921089123468846 251.60615161806345 409.23661445640028 52.85842053219676 134.19146767258644 434.81449742335826 530.58089077938348 3282.7776380889118 186.33083818666637 209.11972798313946 1309.0501204449683 159.79514974262565 390.04107268899679 3544.839674340561 408.32608019467443 782.76551890186965 194.28488315828145
leaf_count=27518 68793 27720 5744 17443 10145 3871 12948 1938 8910 6453 24975 44167 11436 6171 2516 27838 2607 4262 17059 15024 128102 10224 3087 16357 4814 20047 301213 12373 18185 3514
internal_value=0.00260831 -0.00444161 0.00529657 0.0163928 0.00761193 0.00384853 0.0141432 0.000315358 0.00426935 0.0253176 -0.0102853 0.00331057 -0.0126518 0.00458034 0.0189107 -0.00203885 0.0249222 0.0107569 0.00547298 0.0285428 -0.000447961 0.0114852 0.0307368 0.0139981 0.0157186 -0.0143586 -0.0154628 0.0118784 -0.0143143 -0.0090222
internal_weight=20111 8346.81 3128.62 1015.7 11764.2 7996.83 3767.32 6907.02 2381.16 1386.15 5218.19 6071.36 4583.23 634.964 1089.81 2112.92 684.527 1679.38 1030.38 583.439 4525.12 621.145 1038.79 1443.24 232.716 4302.71 3934.88 1546.24 835.665 701.781
internal_count=865454 561108 164732 40818 304346 238670 65676 232283 45991 19685 396376 212160 357671 38705 6387 123914 23375 29529 55121 17631 172269 27283 9540 20619 10985 346235 321260 39891 20123 16462
is_linear=0
shrinkage=0.03


Tree=70
num_leaves=31
num_cat=0
split_feature=37 73 74 61 62 47 47 46 65 66 73 52 67 60 20 16 47 70 16 54 50 71 46 44 58 69 66 68 70 66
split_gain=819.425 324.999 355.288 312.266 389.58 392.124 433.697 278.901 247.34 218.012 325.656 247.73 205.227 321.499 197.865 157.741 137.97 127.187 119.72 107.378 103.404 91.1205 85.2829 79.2017 78.3832 61.402 58.5393 59.6248 57.8251 50.9344
threshold=0.033060861751437194 0.8184763789176942 -0.5033050775527953 0.0028858100995421414 -0.24629881232976911 0.039266627281904228 0.056471822783350951 0.0050662886351346978 0.020870264619588855 0.26227484643459326 1.1613202691078188 0.79818522930145275 0.41086713969707495 -1.0800239443778989 0.26612192392349249 0.16338446736335757 0.040249230340123184 0.52235201001167308 0.12929907441139224 -0.57777610421180714 0.0027649998664855961 0.15518724918365481 0.0086257131770253199 0.28524126112461096 0.50726121664047252 -0.0046227218117564908 -1.4950853586196897 1.5462428331375124 0.98162874579429638 0.93675422668457042
decision_type=8 2 2 2 2 2 2 2 2 2 2 2 2 2 8 8 2 2 8 2 2 2 2 2 2 2 2 2 2 2
left_child=1 2 26 12 9 15 8 14 -7 10 11 -5 13 -2 -3 24 -9 23 -14 -16 21 -15 28 -4 -6 -17 -1 -28 -18 -11
right_child=3 7 17 4 5 6 -8 16 -10 29 -12 -13 18 20 19 25 22 -19 -20 -21 -22 -23 -24 -25 -26 -27 27 -29 -30 -31
leaf_value=0.0038338488007187126 -0.0082966752757655908 -0.014295147512030822 0.027862731342968929 0.0061997294354215445 -0.010635960817207846 -0.0050171691898745138 -0.0064507424770038867 -0.004891642449633 0.022075877849945715 -0.0055745830456248686 -0.0057608877474528133 0.028550364590996295 -0.0070271051927673694 0.016832161111381756 0.0096377567605362841 -0.0037279866651833723 0.018758477750910628 -0.0023497859258027969 0.0047889757046480578 -0.0053732662809851534 -0.00051035239022088885 -0.0018982131625673848 -0.0022264807572730761 -0.00053364064021971767 0.00059932674271032744 0.0089387823209402268 -0.011312501852432122 0.0033319400403930706 -0.0013393547270650653 0.0053690850819656088
leaf_weight=117.04840233828872 563.76755276415497 3746.4172461256385 198.16682258062065 1039.2171717416495 1352.3195065706968 147.34248861949891 551.7720804605633 404.74262253846973 1441.7238341821358 288.9551675831899 196.05266861431301 1702.5253251893446 2374.3880947032012 1324.1624570302665 253.81880055041984 136.26805747114122 229.548139821738 69.429517413489521 627.29126119893044 494.80744889006019 399.33443819265813 128.2197164259851 129.75192066840827 56.869567080400884 657.93389769922942 600.27322312816978 488.04087934270501 49.461401427164674 48.614318143576384 240.21775757148862
leaf_count=4836 25605 306595 2268 10575 51458 5935 14188 23141 18621 7796 6690 26580 125783 51193 15589 2285 4537 5451 17058 37761 15156 4240 5520 3871 20329 10832 33047 2152 3548 3340
internal_value=0.00253345 -0.00610368 0.00712423 0.00657297 0.0100491 0.00384002 0.0122055 -0.00899853 0.0188206 0.0171395 0.0199011 0.0224341 0.000765119 0.00662922 -0.0117683 -0.00346314 0.00474047 0.0208834 -0.00414089 0.00129723 0.0120989 0.0149623 0.0120587 0.0249732 -0.00745232 0.00579285 -0.00552663 -0.00871944 0.0162568 -0.000120295
internal_weight=20058.5 6286.72 979.017 13771.8 8354.6 4887.63 2140.84 5307.7 1589.07 3466.97 2937.8 2741.74 5417.16 2415.48 4495.04 2746.79 812.657 324.466 3001.68 748.626 1851.72 1452.38 407.914 255.036 2010.25 736.541 654.551 537.502 278.162 529.173
internal_count=865980 448316 51625 417664 178629 123648 38744 396691 24556 54981 43845 37155 239035 96194 359945 84904 36746 11590 142841 53350 70589 55433 13605 6139 71787 13117 40035 35199 8085 11136
is_linear=0
shrinkage=0.03


Tree=71
num_leaves=31
num_cat=0
split_feature=7 69 44 63 69 74 67 61 53 63 63 43 74 35 74 70 49 74 66 71 43 44 58 74 57 67 48 72 63 1
split_gain=769.887 325.878 468.467 385.043 456.664 477.866 319.425 292.6 400.725 288.759 272.382 257.974 240.499 240.134 153.114 151.721 352.145 148.506 135.993 126.507 124.851 122.167 126.717 102.267 84.0372 70.1358 67.0141 58.4611 53.0294 42.6708
threshold=-0.022530263289809224 -0.014302345924079416 0.31072796881198889 0.020307419821619991 0.0011444538831710818 -0.47612103819847101 0.41086713969707495 0.0028121840441599493 0.047495109960436828 0.017813421785831455 0.023096830584108833 0.0011815677280537786 0.53825280070304882 0.14649116992950442 -1.4990229606628416 -0.59955355525016774 0.22945462167263034 -0.95604750514030445 0.94500067830085765 0.0051969557534903297 0.0015431109350174668 0.24865591526031497 0.12850306928157809 -1.0579713582992551 0.24495092034339908 0.37421816587448126 0.035860389471054084 0.19631727784872058 0.031313559040427215 0.1774273216724396
decision_type=10 2 2 2 2 2 2 2 2 2 2 2 2 8 2 2 2 2 2 2 2 2 2 2 2 2 2 2 2 8
left_child=1 7 3 19 5 -5 9 26 12 27 21 -6 14 15 -9 16 -4 23 -17 20 -3 -11 -23 -8 -19 -21 -1 -2 -10 -26
right_child=6 2 13 4 11 -7 17 8 28 10 -12 -13 -14 -15 -16 18 -18 24 -20 25 -22 22 -24 -25 29 -27 -28 -29 -30 -31
leaf_value=-0.0057048748930086639 -0.0099682894841537709 -0.0042823674618579144 -0.0075141160891133707 0.00045164122184928143 -0.0089382474506909271 0.03195641614204791 -0.0064489192358946094 -0.00045863434232010816 -0.0086545964303128692 -0.0021459598274640884 -0.0050538974666787979 0.0086580116517487715 -0.0037580128000212795 0.011139369779592845 0.028892683547280952 -0.010454572320365911 0.013937761230500985 0.0027381109774653489 0.002461641130772736 0.003527951271769446 0.014161268991601816 0.029184454654628808 -0.0013718417194226963 0.010033382992730168 -0.01685705554450773 -0.0080361207147250785 0.0062797554172860873 0.0010845410729239783 0.0033212714338479612 0.00099266919164545824
leaf_weight=572.9861147692427 710.45740731246769 235.46487683104351 1117.7470099315979 638.41874384926632 594.71801396366209 1117.3976895110682 210.41659315815195 135.69101275969297 201.73712838813663 65.490362542681396 276.32443258259445 2020.6193632930517 116.0239065149799 502.19625546876341 1444.4685803288594 2988.6521192202345 702.32544182660058 54.07000598218292 674.77693811664358 273.45923069678247 264.12382124736905 256.53213956113905 72.81717570964247 152.84489304851741 2392.2090584235266 1353.327872778289 188.83240078669041 461.16713348217309 212.51635947450995 36.997276816051453
leaf_count=19396 59715 14476 44052 17011 27341 26116 16955 2078 3168 4868 16987 38560 3350 11709 10091 148983 20238 3448 33040 10535 9643 4230 4817 7820 224462 57864 1982 18902 1523 2168
internal_value=0.00245318 0.00569537 0.00327583 0.00858098 0.0132492 0.0232733 -0.00763157 0.0140772 0.0188733 0.00180657 0.0130265 0.00376803 0.0241211 -0.00265428 0.0267236 -0.00479296 0.00185416 -0.0131883 -0.00799353 -0.00159665 0.00737447 0.0217689 0.0253128 0.00193316 -0.0154541 -0.00557876 -0.00118524 -0.00641518 -0.00372631 -0.0163597
internal_weight=20044.8 15355.5 12483.2 6497.53 4371.15 1755.82 4689.33 2872.26 2110.44 1842.79 671.164 2615.34 1696.18 5985.7 1580.16 5483.5 1820.07 2846.54 3663.43 2126.38 499.589 394.84 329.349 363.261 2483.28 1626.79 761.819 1171.62 414.253 2429.21
internal_count=865528 501156 459568 201546 109028 43127 364372 41588 20210 109519 30902 65901 15519 258022 12169 246313 64290 254853 182023 92518 24119 13915 9047 24775 230078 68399 21378 78617 4691 226630
is_linear=0
shrinkage=0.03


Tree=72
num_leaves=31
num_cat=0
split_feature=19 43 43 56 47 60 57 62 72 73 50 70 49 62 69 53 46 52 71 72 72 71 56 1 64 33 53 47 44 60
split_gain=758.24 589.883 398.333 387.087 346.996 312.644 291.903 279.787 271.302 254.527 229.357 239.552 220.413 187.047 186.431 174.582 211.651 130.84 130.476 128.441 126.225 111.473 108.71 99.0447 94.7288 84.5194 76.9384 101.041 64.4597 87.5497
threshold=-0.56755551695823658 0.0031354106031358246 0.0037602822994813327 0.3233007043600083 0.011372546199709179 -0.49410577118396753 0.31576651334762579 -0.26880162954330439 -0.38881509006023401 1.0939679145812991 0.0096139609813690203 -0.4268940389156341 0.96284538507461559 -0.66042730212211598 -0.0010644167196005581 0.019706219434738163 0.012820713687688114 0.62593635916709911 0.00056373194092884671 -0.47603972256183619 -0.45920740067958826 0.0053360958117991695 -0.39517524838447565 -0.34132575988769526 -2.7607363462448116 0.090210080146789565 0.024183413013815883 0.016457123681902889 0.15459298342466357 -0.024237834848463532
decision_type=10 2 2 2 2 2 2 2 2 2 2 2 2 2 2 2 2 2 2 2 2 2 2 10 2 8 2 2 2 2
left_child=10 6 4 8 -3 24 14 13 19 -7 11 28 15 -6 22 -12 20 -8 -16 -4 -17 -10 -2 -13 -5 -19 27 -25 -1 -30
right_child=1 2 3 5 7 9 17 -9 21 -11 12 23 -14 -15 18 16 -18 25 -20 -21 -22 -23 -24 26 -26 -27 -28 -29 29 -31
leaf_value=-0.0028074476001891066 -0.0037888337819806553 -0.0060986018317649516 -0.0054698315555884976 0.0062771318653444801 -0.0018721343332973172 0.018825389392264063 0.0038224533268215923 -0.00029652068522797103 0.0030368797172564852 -0.0059552724180191533 0 0.0077856286308065044 -0.0051072509245783503 0.036814467881331081 0.0067336800008739482 0 0.0031479488935043758 -0.01649006828233799 -0.010116609517163956 0.013051883238901957 0.029300150465141117 -0.012372181689634268 0.013138834836692792 -0.0060219417466924824 -0.0095128971872578405 0.0026581138590394591 -0.0095798219387116211 0.0043910617429472236 0.015701198001477505 0.0023160412810763202
leaf_weight=68.977748707868159 204.53628604486585 203.46335009858012 158.85549226310104 72.004719546064734 59.827716501429677 1306.3987367432564 120.99914327729493 270.79094313457608 259.76816378999501 197.45238327700645 380.85596987046301 552.19151726085693 177.43908754270524 343.09234811458737 149.84589292481542 150.02892284095287 640.59670264739543 3106.2715964028612 1094.3241345854476 421.11971441470087 1112.184557877481 2331.9185398137197 544.81562090478837 919.80786028224975 602.86740693077445 56.791413506492972 533.33243957534432 1546.285527298227 1517.3927551275119 890.39691146090627
leaf_count=1099 15337 13970 6597 866 3645 37631 6709 12548 16163 11091 14257 10449 5505 6345 4350 3096 6902 272077 80453 3114 7602 116511 27685 38087 25966 2166 13239 53842 28542 20045
internal_value=0.00229637 -0.00268195 0.00345025 -0.000181089 0.0178418 0.00845616 -0.00964225 0.0248454 -0.00653959 0.0147479 0.00885038 0.00490573 0.0159514 0.0328821 -0.000158415 0.0183189 0.0213112 -0.0145383 -0.00656662 0.00751732 0.0268504 -0.0104893 0.0086111 -0.000239855 -0.00561841 -0.0157485 -0.00270438 4.56378e-05 0.0111861 0.0121039
internal_weight=19994.6 11505.1 6227.56 5350.39 877.174 2178.72 5277.58 673.711 3171.66 1503.85 8489.49 6028.38 2461.11 402.92 1993.52 2283.67 1902.81 3284.06 1244.17 579.975 1262.21 2591.69 749.352 3551.62 674.872 3163.06 2999.43 2466.09 2476.77 2407.79
internal_count=865889 663224 254447 217939 36508 75554 408777 22538 142385 48722 202665 165303 37362 9990 127825 31857 17600 280952 84803 9711 10698 132674 43022 115617 26832 274243 105168 91929 49686 48587
is_linear=0
shrinkage=0.03


Tree=73
num_leaves=31
num_cat=0
split_feature=7 43 71 44 63 56 56 19 47 16 53 65 67 71 73 73 57 56 44 71 56 16 62 44 72 68 65 53 66 34
split_gain=717.785 326.144 320.577 450.737 449.19 431.697 679.258 327.515 250.527 214.155 226.491 187.397 178.484 149.338 148.958 145.883 111.666 88.0808 77.3203 69.5646 68.605 62.3396 57.9856 50.1411 41.3766 37.4473 32.9488 31.571 28.9611 24.5956
threshold=-0.022530263289809224 0.0031354106031358246 0.30872301757335668 0.31072796881198889 0.020307419821619991 -0.42773613333702082 -0.30925214290618891 -0.051834983751177781 0.011241305619478227 0.15675598382949832 0.013126987963914873 0.023086804896593097 0.46008330583572393 0.0051969557534903297 0.95622479915618908 0.80472871661186229 0.45415253937244421 -0.072589918971061693 0.38548950850963598 0.062874954193830504 -0.29038475453853602 0.17886596918106082 -0.25038604438304896 0.35355392098426824 0.28399291634559637 -1.3584797978401182 0.023567778989672664 0.045394137501716621 0.26227484643459326 -0.0027381777763366695
decision_type=10 2 2 2 2 2 2 8 2 10 2 2 2 2 2 2 2 2 2 2 2 8 2 2 2 2 2 2 2 8
left_child=2 15 3 4 13 21 -7 9 25 10 -5 12 18 14 -1 20 -4 -15 -10 23 28 -6 -18 -9 27 26 -3 -17 -2 -11
right_child=1 8 16 7 5 6 -8 19 11 29 -12 -13 -14 17 -16 24 22 -19 -20 -21 -22 -23 -24 -25 -26 -27 -28 -29 -30 -31
leaf_value=0.015913192737280601 0.010907167122706295 -0.0042722618480610835 0.022054805037587968 0.00035298553663470379 -0.0077288768448646097 0.029740761558732488 0.0051736460804482015 -0.00065290334674871105 0.021643426791065568 -0.00029777539219984808 -0.011460195982981126 -0.0054309013108737843 -0.0037040680135757217 -0.0092685446293579391 -0.0043366461724912951 -0.017054961220553017 -0.0057697704185861514 0.0019196909294443407 -0.00024129418411563238 -0.0012591666729699681 -0.0052155688319875044 0.004043092078878016 0.0065512814804881189 0.019607297594005989 0 -0.010737291866719633 0.0054199077619551993 0.00054074994399772177 -0.0014628435701091755 0.0085787350895976371
leaf_weight=247.49996482022107 106.40630822163075 144.50086884293705 851.96108244173229 2465.3740012878552 609.73180667636916 1647.1107185836881 2486.1469207014889 58.721779216546565 573.20964911673218 242.49899605102837 2829.9497125246562 296.84249943122268 202.32226434443146 1212.1736160623841 252.74657562607899 2112.7970920340158 129.16934692114592 713.13959471229464 124.45238816272467 107.70237186737359 169.15595061983913 215.408208174631 255.18507784605026 319.44790849462152 123.39453587494791 604.08946975227445 112.16943890042603 29.933449268341064 39.781421004794538 692.14292218815535
leaf_count=10104 3889 7593 4155 129277 26933 14432 67745 3239 16886 4742 110319 17363 14552 53755 13957 222027 1922 23555 6137 4239 14471 5115 1254 10975 6933 45581 4451 875 3251 15273
internal_value=0.00243401 -0.00736274 0.00555529 0.00387263 0.00875343 0.0135427 0.0171814 -0.00168684 0.00143015 -0.00398355 -0.00635256 0.00898632 0.0141972 -0.00157569 0.00832866 -0.0135634 0.0179314 -0.0054593 0.0190181 0.0145426 0.00212736 -0.00406336 0.00115029 0.0175392 -0.0158452 -0.00829721 0.000349459 -0.0166398 0.00854946 0.00676544
internal_weight=19975.2 4639.06 15336.1 14099.8 7383.96 4958.4 4133.26 6715.84 2057.59 6229.97 5295.32 1196.83 899.984 2425.56 500.247 2581.47 1236.32 1925.31 697.662 485.872 315.344 825.14 384.354 378.17 2266.13 860.76 256.67 2142.73 146.188 934.642
internal_count=865000 364009 500991 493660 215596 114225 82177 278064 112563 259611 239596 54938 37575 101371 24061 251446 7331 77310 23023 18453 21611 32048 3176 14214 229835 57625 12044 222902 7140 20015
is_linear=0
shrinkage=0.03


Tree=74
num_leaves=31
num_cat=0
split_feature=13 43 43 56 62 58 58 56 60 60 58 46 58 57 67 57 65 73 16 3 63 1 74 59 56 65 70 54 34 49
split_gain=681.591 503.456 326.485 471.811 265.431 261.432 308.899 230.788 226.337 206.328 293.418 283.107 231.119 189.336 185.74 164.391 155.416 142.023 132.407 119.649 91.9931 90.5381 80.8934 61.3828 56.5491 55.9885 53.3986 45.09 39.4482 39.0739
threshold=-11.862008571624754 0.0031354106031358246 0.0038860169006511573 0.3233007043600083 -0.91916343569755543 -0.54311645030975331 0.75565761327743541 -0.42773613333702082 -0.49410577118396753 0.37927569448947912 0.97519317269325267 0.00062159835943020891 -1.1319620609283445 0.31576651334762579 0.41712234914302831 0.3196601420640946 0.026105082593858246 1.0283342599868777 0.15012267231941226 -0.0058915957342833272 0.034603599458932884 -0.15211737155914304 -1.5516718626022337 4.0999999046325692 -0.39517524838447565 0.029855263419449333 -0.21798536181449887 -0.49449034035205836 0.10264492034912111 0.060668891295790679
decision_type=10 2 2 2 2 2 2 2 2 2 2 2 2 2 2 2 2 2 8 10 2 10 2 2 2 2 2 2 8 2
left_child=4 13 5 19 22 -3 15 18 -5 10 12 -12 -9 16 -10 -7 26 20 -6 -4 -11 -15 -1 -18 -25 -21 -2 -28 -19 -23
right_child=1 2 3 8 7 6 -8 9 14 17 11 -13 -14 21 -16 -17 23 28 -20 25 -22 29 -24 24 -26 -27 27 -29 -30 -31
leaf_value=0.004863845629282014 0.0012804739946431453 -0.0051133279848372855 0.0029342830119070502 -0.0054033205823149641 -0.0074218162989483916 -0.0013232030338191931 -0.004728645501822594 -0.0020375887590375497 0.019882441917838219 0.0096421055912668807 0.013480684726752568 -0.010797531048737159 0.01685426899325157 0.00057810797577577909 -0.0018759533615758514 0.032751690736588769 -0.0031811438008216815 -0.007520626492891762 0.0070524590641055989 -0.014073598098190041 -0.0046053938714545163 0.0010394163444171042 -0.0088530461469924025 -0.0019155222018132417 0.013624430675914904 0.00037479072694161325 0.0016790031171709939 -0.012177252522406732 0.0025353458638025317 -0.017041125361108515
leaf_weight=149.21904327441007 299.83929891046137 200.49881769996136 319.35175383090973 393.07966564688832 959.16614902997389 85.662099477835 146.19718186557293 505.811155192554 823.38770320359617 1285.9324265727773 190.09088296443224 666.35511804558337 5202.3129984345287 231.7522482923232 340.17471715435386 393.83615708164871 104.65037907613441 791.55977578740567 440.58083715289831 1530.354374602437 172.92305767908692 22.048494201153517 826.75390953850001 93.611404315568507 347.34971135575324 199.7774404399097 81.044626111164689 655.16577790444717 151.67620783951133 2338.2087403577752
leaf_count=6598 20286 12446 8583 19309 47741 4558 9907 14251 20103 31181 2609 19508 109180 12876 17927 10550 8997 28641 10600 90511 5431 617 40797 5974 10837 8618 6803 52932 3212 223949
internal_value=0.00236326 -0.00385667 0.00303401 -0.00138755 0.00707152 0.0158063 0.02207 0.00849699 0.00938931 0.0101966 0.0128059 -0.00220492 0.0151026 -0.0107803 0.014689 0.0287899 -0.00157706 0.00198476 -0.00205093 -0.00992668 0.00705569 -0.015136 -0.00561536 0.00754018 0.0107418 -0.0125607 -0.00746525 -0.0103471 -0.00537758 -0.0166152
internal_weight=19948.4 8605.99 4432.32 3606.13 11342.4 826.194 625.695 10366.4 1556.64 8966.66 6564.57 856.446 5708.12 4173.67 1163.56 479.498 1581.66 2402.09 1399.75 2049.48 1458.86 2592.01 975.973 545.611 440.961 1730.13 1036.05 736.21 943.236 2360.26
internal_count=865532 545783 202512 165051 319749 37461 25015 272354 57339 214013 145548 22117 123431 343271 38030 15108 105829 68465 58341 107712 36612 237442 47395 25808 16811 99129 80021 59735 31853 224566
is_linear=0
shrinkage=0.03


Tree=75
num_leaves=31
num_cat=0
split_feature=7 56 47 56 65 57 62 43 35 43 42 47 17 65 57 70 52 74 51 64 52 57 47 1 56 14 53 57 35 42
split_gain=664.967 352.328 468.693 564.796 554.207 464.456 344.603 233.718 189.575 189.103 166.995 141.42 134.16 104.904 96.9201 85.8333 82.8561 69.557 43.2889 30.2367 25.2633 25.0123 22.6764 18.3906 17.3537 16.8363 14.9417 14.4277 7.88495 6.29489
threshold=-0.02011037431657314 4.4686520099639901 0.011003429535776378 -0.39517524838447565 0.0042212110711261639 0.36222022771835333 -0.11387440562248229 0.0031354106031358246 0.11140286922454835 0.0029600812122225766 0.0067043814342468986 0.011372546199709179 0.12931288778781894 0.023086804896593097 0.4696770459413529 0.41783195734024053 0.73402211070060741 0.28021626174449926 0.0080943345092237013 1.6869757771492007 0.91827809810638439 0.24495092034339908 -0.0066178895067423573 0.17308545112609866 -0.29038475453853602 -3.9332951307296748 0.045394137501716621 0.48259460926055914 0.14649116992950442 0.0085293166339397448
decision_type=10 2 2 2 2 2 2 2 8 2 2 2 8 2 2 2 2 2 2 2 2 2 2 8 2 10 2 2 8 2
left_child=1 2 4 12 -1 6 -5 16 14 -7 -3 18 19 15 -6 17 24 -13 22 -4 -14 -18 -9 27 -2 -23 -27 -20 -10 -12
right_child=7 10 3 5 8 9 -8 11 28 -11 29 13 20 -15 -16 -17 21 -19 23 -21 -22 25 -24 -25 -26 26 -28 -29 -30 -31
leaf_value=0.0187454143700727 0.0046822741553124722 0.025415918047669614 -0.012231821870932989 0.021615961850648659 -0.010504353908671393 -0.0083938066476619798 0.006403531529919018 0.0058747286687960403 0 0.0053645107371956069 -0.0028685066904934877 0.017294290773511807 -0.0025045091842811817 -0.0045032235317824095 0.0035023581184878048 -0.0027619855459323542 0.00020063300716231678 -0.0010254047048302453 -0.011566517929790012 0.00099965763681147501 0.0051221563985502034 0 -0.0027621606416035616 0.0007468818630445125 -0.002677495802212361 -0.016794693990642044 0 0.00027766780297182889 0.0078662586741040652 0.0014485660467825952
leaf_weight=364.8574651516974 93.443378370255232 550.80430434457958 1118.8046820037998 2781.8707091296092 3862.671370732598 1017.5500320065767 3434.5187150468118 39.447456720285118 139.98574706399813 1702.807135344483 138.80744952522218 428.0723859462887 198.45547741325572 226.23376375623047 223.55266392137855 132.50898857973516 37.339848351664841 129.91106253117323 468.2016557501629 47.85934092849493 499.74096062872559 51.929175821598619 78.175320443697274 18.200530241243541 63.503152509219944 1727.8299492173828 17.563489368185401 23.635440752841532 250.38626312930137 56.503928644582629
leaf_count=1936 4359 4473 62376 61744 177385 57228 114229 2663 4374 50387 2498 12495 6605 13457 6000 8777 2878 6895 32832 3278 15873 4691 6423 794 5460 186035 528 1282 5806 1317
internal_value=0.00246272 0.00503583 0.00365917 0.00704615 -0.00379348 0.0101216 0.0143583 -0.00853557 -0.00738955 -0.000192848 0.0206087 0.000338913 -0.00658885 0.00669647 -0.00937436 0.0109681 -0.0142247 0.0142766 -0.00753258 -0.011372 0.00256347 -0.0157249 0.00205966 -0.00996625 0.00147636 -0.016158 -0.0165489 -0.0108418 0.00664675 -0.00104455
internal_weight=19925.2 16389.2 15643.1 10801.6 4841.45 8936.75 6216.39 3536 4476.6 2720.36 746.116 1544.39 1864.86 916.726 4086.22 690.492 1991.61 557.983 627.66 1166.66 698.196 1834.66 117.623 510.038 156.947 1797.32 1745.39 491.837 390.372 195.311
internal_count=865078 575509 567221 371720 195501 283588 175973 289569 193565 107615 8288 85618 88132 41624 183385 28167 203951 19390 43994 65654 22478 194132 9086 34908 9819 191254 186563 34114 10180 3815
is_linear=0
shrinkage=0.03


Tree=76
num_leaves=31
num_cat=0
split_feature=7 20 56 44 63 69 74 52 67 63 63 30 63 73 42 44 59 58 49 52 52 47 61 0 56 0 61 73 14 50
split_gain=621.287 325.905 373.585 263.71 326.054 401.367 284.273 686.687 230.11 246.875 197.434 156.551 140.043 118.366 94.0694 83.54 80.1836 70.7138 58.7905 54.0257 51.835 51.7743 50.4838 37.9767 36.3199 25.2221 17.0306 16.9731 13.5907 10.4733
threshold=-0.02043084520846605 -0.6690581440925597 4.4686520099639901 0.31440092623233801 0.020307419821619991 0.0011444538831710818 -0.73146134614944447 0.84093570709228527 0.41086713969707495 0.017813421785831455 0.023096830584108833 1.0000000180025095e-35 0.012016552034765484 0.87115815281867992 0.0067043814342468986 0.24865591526031497 15.800000190734865 0.12850306928157809 0.96284538507461559 1.3149374127388003 0.66890722513198864 0.013350283261388542 0.00298130966257304 0.063936173915863051 -0.33780869841575617 0.10834878683090211 0.011437317822128536 0.73795291781425487 -3.9724594354629512 -0.04294279217720031
decision_type=10 10 2 2 2 2 2 2 2 2 2 2 2 2 2 2 2 2 2 2 2 2 2 8 2 8 2 2 10 2
left_child=1 16 3 4 12 -6 7 -5 9 19 15 -8 -3 22 -4 -11 18 -17 20 25 -1 -22 24 26 27 29 28 -10 -15 -2
right_child=8 2 14 6 5 -7 11 -9 13 10 -12 -13 -14 23 -16 17 -18 -19 -20 -21 21 -23 -24 -25 -26 -27 -28 -29 -30 -31
leaf_value=-0.00079324516044979834 0 0.003586448024101227 0.023351354508531697 -0.0082359758145958521 0.01859167884643317 0.00014827579133352417 -0.0087281722168390669 0.022287536478882181 0.0056781838827548881 -0.0017449856474698493 -0.0047009727327619235 0.0078250305887154984 -0.00850687911759874 0 -0.00080953662820587699 0.024520308666051503 -0.0030171015646884743 -0.00072413127012107528 -0.0017565240035332258 0.0034123257502371332 0.0045231380750446809 0.017365297033812243 0.0072615335956842499 0.00078612025635821153 -0.0075162597073518316 0.0013846463831625566 0 -0.0020206776401210666 -0.017515067597633591 -0.010856760090789043
leaf_weight=113.0422280523926 38.771532113663852 1202.9926216085441 392.33565189689398 1084.0509042916819 1817.2154083056375 2036.580517727416 4196.538919637911 674.66063901828602 58.184744072146714 52.404977949336171 219.6263887565583 171.35555594693869 1309.0790332467295 39.022414261940867 106.51867998857051 238.28596192132682 79.718830365687609 57.269255396910012 78.528175258077681 62.718636654317379 901.14169255783781 2086.0387419424951 58.579258956946433 35.877565586008132 273.2300280816853 16.131369804032147 20.943993930704892 54.820853895973414 1629.8555322121829 785.78032165113837
leaf_count=2267 760 46783 3645 45308 50121 62541 210397 18259 2191 4111 14230 4787 67075 3546 2796 3698 1388 3946 2295 1007 17361 30478 1438 2366 24095 599 651 5858 169665 61488
internal_value=0.00223482 0.0047708 0.00238795 0.000913635 0.00502123 0.0100503 -0.00336594 0.00568204 -0.008219 0.000845658 0.0116642 -0.00728011 -0.00298197 -0.0134827 0.0200692 0.0190286 0.0126097 0.0218708 0.01344 -0.0074717 0.0140987 0.0147813 0 -0.0163088 -0.00424654 -0.00947724 -0.0169054 0.00285211 -0.0171936 -0.0103587
internal_weight=19891.3 16249.8 12991.3 12492.5 6365.87 3853.8 6126.61 1758.71 3641.5 1470.99 567.587 4367.89 2512.07 2170.51 498.854 347.96 3258.47 295.555 3178.75 903.402 3100.22 2987.18 444.815 1725.7 386.236 840.683 1689.82 113.006 1668.88 824.552
internal_count=865150 565501 511712 505271 226520 112662 278751 63567 299649 89839 25985 215184 113858 209810 6441 11755 53789 7644 52401 63854 50106 47839 33582 176228 32144 62847 173862 8049 173211 62248
is_linear=0
shrinkage=0.03


Tree=77
num_leaves=31
num_cat=0
split_feature=19 19 51 46 50 59 70 43 60 73 47 49 37 67 63 65 69 73 69 61 60 66 54 57 63 54 55 43 33 48
split_gain=638.049 549.382 303.26 262.323 256.822 347.46 283.824 227.189 193.738 139.646 309.035 150.85 131.885 128.007 188.864 149.341 111.644 104.692 130.921 125.118 100.764 99.1062 90.5037 90.3101 84.3603 81.7273 77.0762 157.119 73.148 64.5783
threshold=-0.48098650574684138 -0.030950374901294705 0.007367688464000822 0.0050662886351346978 0.0089830458164215105 5.7000000476837167 -0.4268940389156341 0.0082295509055256861 1.0467001199722292 0.87115815281867992 0.011372546199709179 0.07739791646599771 0.094077520072460188 0.40957868099212652 0.019317323341965679 0.030707207508385185 -0.0018988847732543943 1.0324909687042239 -0.0032087295548990365 0.0086553990840911883 -1.0953388810157774 0.15406268090009692 0.38734222948551184 0.28586374223232275 0.041617799550294883 -0.40466897189617151 0.0042363291140645751 0.0023550209589302544 0.090210080146789565 0.003563405829481781
decision_type=10 10 2 2 2 2 2 2 2 2 2 2 8 2 2 2 2 2 2 2 2 2 2 2 2 2 2 2 8 2
left_child=4 2 13 9 6 21 17 23 24 10 -4 -11 26 14 -2 28 -17 18 19 -1 -3 -6 29 -5 -7 -19 27 -8 -15 -22
right_child=1 20 3 7 5 8 12 -9 -10 11 -12 -13 -14 15 -16 16 -18 25 -20 -21 22 -23 -24 -25 -26 -27 -28 -29 -30 -31
leaf_value=0.019225253723462774 -0.0075542933916620293 -0.0030231941006943412 -0.0089061200850153611 -0.0015154007325476398 -0.0062317506673757461 0.027208173069125253 -0.0054945318783510199 -0.0035628604562248463 0 0.0058367689794093435 0.014720350925245155 -0.009639418021810342 0.0078607348626502753 -0.015055021068939443 0.011989003625757536 0.010391325582865566 -0.0060853999310515163 -0.0063327838737666639 0 -0.0015012436509486725 -0.00022119880060016416 0.006690709403503828 -0.0012422030758171786 0.022744290171680785 0.00015294752207644529 0.0066503120771074257 -0.0089357332884039461 0.0077944426201304847 0.0022847924704088979 0.021166660511034965
leaf_weight=1341.396825268399 633.42558981385082 90.284300742205232 472.42648535035551 67.214693125337362 509.5028178379871 1210.6781182191335 1525.6435217405669 362.36215755157173 330.63205993548036 332.10529798828065 560.99563978333026 2223.8854641644284 622.83436795603484 3345.0195995322429 232.56284782290459 153.51389084383845 353.08143087197095 368.45693650841713 550.90211183484644 195.14053779654205 100.26606706576422 629.46381142362952 131.49230825528502 391.21001892117783 140.32843939866871 375.63244676077738 1077.545536799822 822.53736147610471 71.974075325764716 666.94314848352224
leaf_count=25192 53215 5495 19842 2894 15692 8769 72393 8534 6424 9369 12796 127516 10834 280779 11692 5205 26677 12870 12712 1428 4569 15430 8580 7235 1461 9054 32525 26402 2582 27666
internal_value=0.00222188 -0.00294382 -0.00545005 0.000263884 0.00755524 0.0145602 0.00385088 0.0119156 0.0215814 -0.00345824 0.00434171 -0.00690443 -0.00127331 -0.0102957 0 -0.0123611 0.00129102 0.0103591 0.0132131 0.0167234 0.0141697 0.000589362 0.0165747 0.0199394 0.0253605 1.88724e-05 -0.00380007 -0.000183107 -0.0143682 0.0191504
internal_weight=19889.5 10188.8 9199.78 4410.2 9700.69 2820.61 6880.09 820.787 1681.64 3589.41 1033.42 2555.99 4048.56 4789.58 865.988 3923.59 506.595 2831.53 2087.44 1536.54 988.986 1138.97 898.702 458.425 1351.01 744.089 3425.73 2348.18 3416.99 767.209
internal_count=865832 614646 568336 188186 251186 47776 203410 18663 16654 169523 32638 136885 142154 380150 64907 315243 31882 61256 39332 26620 46310 31122 40815 10129 10230 21924 131320 98795 283361 32235
is_linear=0
shrinkage=0.03


Tree=78
num_leaves=31
num_cat=0
split_feature=7 38 69 58 70 72 67 63 65 63 52 73 73 55 74 59 74 59 59 48 58 49 72 53 66 47 66 1 57 0
split_gain=599.224 291.186 326.328 286.259 342.79 295.517 279.832 246.527 241.919 232.428 227.717 330.687 203.694 176.187 168.758 146.34 194.49 127.681 112.25 74.9453 73.2939 63.2233 56.955 50.7301 38.1158 36.2007 35.0039 26.2422 25.1145 22.1351
threshold=-0.022530263289809224 0.98275795578956615 -0.015597060322761534 0.049835650250315673 0.64147832989692699 -0.31953975558280939 0.41086713969707495 0.017813421785831455 0.032515916973352439 0.023096830584108833 0.75499579310417186 1.0773957967758181 0.87115815281867992 0.27248167991638189 0.53825280070304882 4.7000000476837167 -0.73661375045776356 4.0999999046325692 4.2999999523162851 0.033662894740700729 0.12850306928157809 0.96284538507461559 0.19631727784872058 0.045394137501716621 0.31438778340816503 0.013061564881354572 -1.4950853586196897 0.1524227857589722 0.45415253937244421 -0.049452662467956536
decision_type=10 8 2 2 2 2 2 2 2 2 2 2 2 2 2 2 2 2 2 2 2 2 2 2 2 2 2 8 2 10
left_child=1 2 10 4 5 -4 7 22 -6 18 13 14 17 -1 -12 19 -17 26 20 -5 -9 29 -2 27 -19 -24 -8 -14 -15 -3
right_child=6 21 3 15 8 -7 12 9 -10 -11 11 -13 23 28 -16 16 -18 24 -20 -21 -22 -23 25 -25 -26 -27 -28 -29 -30 -31
leaf_value=-0.0086933043109131761 -0.0095603178077509933 0.022201528189728578 0.016444300956926061 -0.010622843728297568 -0.0095530935575067477 0.0022411837229102949 0.002827827100622772 0.025767709460095645 0.0085888385818510445 -0.0047783999791271726 0.025506419686215771 -0.0052945179035329276 -0.017001237165340057 0.011641034769474604 -0.0022451005706081027 0.013603655340208236 -0.0035426310453099468 0.014302033874197593 -0.0020254738579816136 0.0024240981413478952 -0.00081265098820714192 -0.0011423446727688849 -0.003492289464781756 0.0014586811805258088 -0.001366675557445402 0.0059264845427455474 -0.0079778994367329398 0 0 0.0035683980259166265
leaf_weight=491.40537974052131 671.33623468736187 598.74463647697121 1995.3791164173745 2089.1141793727875 1695.1212658486329 3322.4695953265764 46.813354946207255 295.98462800588459 487.09978892933577 269.21746758557856 1179.8091171421111 246.61442105378956 2020.6722889519297 284.22946721315384 115.1387391500175 316.65313058160245 1696.194096500054 103.27177353203297 75.444636372849345 233.52349558845162 47.959296725690365 62.234166255686432 265.12330577522516 35.794307035394013 36.857142582070082 204.3987770145759 381.5127299358137 54.347558728884906 208.88103099167347 342.50432633515447
leaf_count=9282 59771 11538 43177 105723 77638 130386 2155 5666 7370 16990 12811 6117 208694 1174 3308 8643 59233 2434 5340 10951 3094 2222 13829 1047 3080 5131 33937 3706 1684 9754
internal_value=0.0022083 0.00502863 0.00354752 0.00121705 0.00467614 0.00857733 -0.00688562 0.00185813 -0.00454555 0.0120513 0.0123622 0.0180802 -0.0123037 0.000132718 0.0229337 -0.00456965 0.00120547 0.00197292 0.0199044 -0.00900775 0.0234203 0.0177973 -0.00590896 -0.0159049 0.0118637 0.00124038 -0.00558675 -0.016546 0.00917885 0.0192196
internal_weight=19873.8 15365.1 14361.6 11835.6 7500.07 5317.85 4508.73 1829.46 2182.22 688.606 2526.08 1541.56 2679.27 984.516 1294.95 4335.48 2012.85 568.455 419.389 2322.64 343.944 1003.48 1140.86 2110.81 140.129 469.522 428.326 2075.02 493.11 941.249
internal_count=865885 501011 477497 443121 258571 173563 364874 109821 85008 31090 34376 22236 255053 12140 16119 184550 67876 41606 14100 116674 8760 23514 78731 213447 5514 18960 36092 212400 2858 21292
is_linear=0
shrinkage=0.03


Tree=79
num_leaves=31
num_cat=0
split_feature=19 19 51 71 42 0 43 43 44 56 56 67 63 56 61 65 56 71 69 60 45 69 53 47 72 61 48 68 48 47
split_gain=567.57 546.149 252.355 248.603 236.328 198.913 190.455 159.892 154.928 208.46 285.495 145.336 175.957 140.565 126.734 125.286 122.661 117.949 107.21 102.358 98.1828 87.8557 84.9789 83.5049 75.7986 63.1622 83.8175 60.6378 56.4564 38.6756
threshold=-0.45523931086063379 -0.030950374901294705 0.007367688464000822 0.17651379853487018 0.017706387676298622 -0.15534830093383786 0.0082295509055256861 0.0031545745441690092 0.31440092623233801 -0.42773613333702082 -0.24539673328399655 0.40957868099212652 0.019317323341965679 -0.12387965619564055 0.0028858100995421414 0.030707207508385185 4.4686520099639901 0.00056373194092884671 -0.001366054988466203 -1.0953388810157774 11.500000000000002 0.015392494387924673 0.021265507675707344 0.028570904396474365 -0.21202890574932096 0.0086553990840911883 0.0079734488390386122 0.46533884108066564 0.003671996528282762 0.042320212349295623
decision_type=10 10 2 2 2 10 2 2 2 2 2 2 2 2 2 2 2 2 2 2 2 2 2 2 2 2 2 2 2 2
left_child=3 2 11 5 7 21 14 13 9 -7 -11 12 -2 -4 -6 17 -9 -13 -17 -3 24 -1 -5 27 -10 -24 -27 28 -21 -14
right_child=1 19 4 22 6 8 -8 16 20 10 -12 15 29 -15 -16 18 -18 -19 -20 23 -22 -23 25 -25 -26 26 -28 -29 -30 -31
leaf_value=0.017365218136951566 -0.0067906360169372945 -0.003053658471003585 -0.0043000669406051389 -0.00093809589390264386 -0.0032343997062901563 -0.0050512232227678186 -0.004901113101640704 -0.0088347603539053118 -0.0083773723926999395 0.01720169717679652 0.00032699300554307135 0.0032612922336684017 0.01427951373785259 0.014624501853065276 0.019581165039435664 0.0096852502757715075 0.0060393717639544049 -0.015180953307307669 -0.0065526707107762304 0 0.0087781493605257211 -0.00044527040546218249 0.021388168030606582 -0.00045609486771746102 0.00018182193178511524 0.0093446365632884297 -0.0052149027845410324 -0.00044304302332504882 0.022929058330437613 -0.0013810200984714928
leaf_weight=837.08216868713498 605.88783343648538 90.793511539231986 307.83566021313891 147.11123268213123 90.648300547618419 858.38822016958147 266.12004131544381 2503.6595094483346 1353.2925987183116 1414.9465171336196 1814.2722883084789 140.3002675534226 196.65544435568154 251.58191509451717 591.23462481983006 170.11885524634272 209.75018661655486 3071.0945560787804 303.64291545888409 82.414733261335641 129.13875386165455 236.70731567032635 1088.8540586344898 165.40999592607841 1696.830217176117 254.85572946257889 208.0212042722851 78.295957842841744 590.61518240300938 36.18930009752512
leaf_count=14801 51862 5535 24663 2630 4964 33955 6812 121632 60709 26320 53055 6258 8260 9418 10888 6597 4191 268669 23783 3177 1828 3198 6116 10115 60680 1466 2157 6060 21513 3086
internal_value=0.00247008 -0.00260797 -0.00524974 0.00732102 7.83779e-05 0.00457236 0.0104298 -0.00382535 0.00225727 0.00584958 0.00911641 -0.00979369 0.000819978 0.00681295 0.0162091 -0.0120904 -0.0068308 -0.0139636 0.000949166 0.0142584 -0.00244713 0.0143543 0.0165711 0.0166573 -0.00417628 0.0182013 0.00317963 0.0193414 0.0211066 0.0121546
internal_weight=19791.7 9752.25 8744.72 10039.5 4220.83 8340.66 948.003 3272.83 7266.87 4087.61 3229.22 4523.89 838.733 559.418 681.883 3685.16 2713.41 3211.39 473.762 1007.53 3179.26 1073.79 1698.84 916.736 3050.12 1551.73 462.877 751.326 673.03 232.845
internal_count=864398 597483 551083 266915 182568 254546 22664 159904 236547 113330 79375 368515 63208 34081 15852 305307 125823 274927 30380 46400 123217 17999 12369 40865 121389 9739 3623 30750 24690 11346
is_linear=0
shrinkage=0.03


Tree=80
num_leaves=31
num_cat=0
split_feature=7 56 47 56 65 69 44 50 67 34 63 63 16 46 74 44 58 74 67 39 64 0 55 73 69 74 71 19 61 64
split_gain=560.711 288.082 386.637 475.332 459.329 416.9 422.364 231.231 227.558 226.834 208.168 175.989 141.411 110.461 99.1688 70.2973 65.7312 55.1711 49.7976 47.8089 47.762 33.1362 30.3817 26.595 26.4833 20.1523 13.7481 11.5884 10.3627 6.57668
threshold=-0.020218330435454842 4.4686520099639901 0.011003429535776378 -0.39517524838447565 0.0042212110711261639 0.0029720425372943286 0.38548950850963598 0.017990231513977054 0.41086713969707495 0.04882937669754029 0.017813421785831455 0.023096830584108833 0.15012267231941226 0.0030487844487652187 -0.95604750514030445 0.24865591526031497 0.12850306928157809 -1.0579713582992551 0.40957868099212652 -0.042272299528121941 1.4450182318687441 0.10121557116508485 0.024487885646522049 0.80472871661186229 0.0030769139993935828 -0.31251943111419672 0.0039758731145411738 -0.5746960937976836 0.011437317822128536 -1.197618246078491
decision_type=10 2 2 2 2 2 2 2 2 8 2 2 8 2 2 2 2 2 2 8 2 8 2 2 2 2 2 10 2 2
left_child=1 2 4 12 -1 6 -5 -7 10 19 18 15 20 -3 17 -12 -17 -10 22 -6 -4 23 27 -16 -11 -14 -19 -2 -25 -13
right_child=8 13 3 5 9 7 -8 -9 14 24 11 29 25 -15 21 16 -18 26 -20 -21 -22 -23 -24 28 -26 -27 -28 -29 -30 -31
leaf_value=0.017102431560783126 0 0.021633551816174983 -0.011609668282137652 0.016459503382327385 0.001418085707972513 -0.007493839168088808 -0.0028426713682920836 0.0075703024758557664 -0.0052618724754472492 0.0072983122506582072 -0.0015275972920994203 0.00044855899599159594 -0.0011622600119324529 -0.0017815404655494517 0 0.022816604979447465 -0.00085632922339109465 -0.00066227188787979559 0.0034750772997978918 -0.01042296235799166 0.0015338910929823737 0.00099762761164192077 0.0015159099483589842 -0.016883840377531004 -0.0017513713384309411 0.0068092093546864895 0.0086482039143418316 -0.010637625286956843 0 -0.0054593305636671391
leaf_weight=357.60550048574805 42.635877800174057 637.66208908706903 1257.8015434863046 5202.5680094030686 164.68552318122238 1492.098483630456 1049.3084978391416 1196.6610903888941 149.83056431356817 623.82750277267769 51.366878736764193 18.902198370546103 162.80885431636125 103.70399651490152 105.00491121318191 250.12136481609195 54.686626511625946 29.359828896354884 55.944837404415011 3499.9965810412541 120.20712265744805 15.075958293396978 52.602378830313683 1620.5241062152199 109.10052881296724 309.41228093439713 96.361746842041612 717.52211750671268 19.220869329757988 195.94526770431548
leaf_count=1895 2606 6413 69602 155158 2991 56544 50744 19531 13373 17959 4029 1204 4230 1728 8578 3651 3771 2981 898 167534 6564 637 1766 175861 4056 7465 3510 57133 605 12743
internal_value=0.00223927 0.00460149 0.00334731 0.00640854 -0.00349116 0.00922322 0.0132048 -0.000559537 -0.00794294 -0.00680208 0.00104816 0.01086 -0.00613347 0.0187182 -0.0133736 0.017751 0.0203033 0.00101547 -0.00679341 -0.00971244 -0.0102003 -0.0154856 -0.00878311 -0.0159521 0.00554394 0.004568 0.00720269 -0.0100526 -0.0166777 -0.0045697
internal_weight=19762.6 16287.4 15546.1 10790.9 4755.22 8940.64 6251.88 2688.76 3475.11 4397.61 1439.73 571.022 1850.23 741.366 2035.38 356.175 304.808 275.552 868.705 3664.68 1378.01 1759.83 812.76 1744.75 732.928 472.221 125.722 760.158 1639.74 214.847
internal_count=865760 572414 564273 369838 194435 281977 205902 76075 293346 192540 87801 25398 87861 8141 205545 11451 7422 19864 62403 170525 76166 185681 61505 185044 22015 11695 6491 59739 176466 13947
is_linear=0
shrinkage=0.03


Tree=81
num_leaves=31
num_cat=0
split_feature=7 43 36 73 61 62 47 57 47 69 53 50 48 73 69 59 70 19 56 51 72 57 34 51 53 66 64 50 57 19
split_gain=520.604 272.863 251.388 287.484 290.242 344.958 368.329 337.363 192.735 170.287 162.28 254.426 141.786 139.437 128.525 114.425 114.052 79.201 61.7632 41.3371 35.5179 31.098 30.6051 29.0251 28.7888 27.9657 25.7288 19.2898 19.0332 16.9176
threshold=-0.022530263289809224 0.0031354106031358246 -1.0000000180025095e-35 1.1799609661102297 0.0028121840441599493 -0.24629881232976911 0.039266627281904228 0.333077222108841 0.011372546199709179 -0.0028707950841635461 0.011239191982895138 0.0033077895641326909 0.032263064756989486 0.80472871661186229 -0.0078729959204792959 4.9000000953674325 1.5289709568023684 -1.6504302620887754 -0.29038475453853602 0.0080943345092237013 0.28399291634559637 0.24495092034339908 -0.078166574239730821 0.0077145684044808158 0.045394137501716621 0.33443769812583929 -0.2360882759094238 0.041142225265502937 0.48259460926055914 -1.081934332847595
decision_type=10 2 8 2 2 2 2 2 2 2 2 2 2 2 2 2 2 10 2 2 2 2 10 2 2 2 2 2 2 8
left_child=2 13 3 4 10 7 -7 -6 19 14 11 -1 -12 18 26 -16 17 -5 25 23 24 -19 -21 -3 29 -2 -10 -18 -24 -15
right_child=1 8 -4 16 5 6 -8 -9 9 -11 12 -13 -14 20 15 -17 27 21 -20 22 -22 -23 28 -25 -26 -27 -28 -29 -30 -31
leaf_value=0.0078378850678542996 0.010705997857123162 -0.0030974737617921128 0.020867007791815599 0.0024726224603387951 0 -0.0048563884557137858 0.010877060180372733 0.020020318143593313 0.0035402656867770071 -0.00494544600888737 -0.0098953783790296374 -0.007787033982167413 0.005261950134684795 0 0.021076499429423842 -0.0025276469889555387 0.0084367666160152666 0.00053180054580568019 -0.0047189488627986343 0.0015432113711094852 0 -0.012892122872896358 -0.011446653295785949 0.0065466329049758973 0.0005132012878858712 -0.0014507041394636769 -0.0051748287180306404 -0.001224542989969769 0.00059370628009625549 -0.016314936460988898
leaf_weight=2675.5391343603842 111.42153205256909 118.37346008699387 356.1772300414741 201.76508170180023 1008.3838524096645 2467.5650128023699 1958.74736260809 2525.4285238184966 50.885362785309553 342.10544207692146 1553.1265832390636 859.97892072796822 376.25372755108401 45.881573989056051 525.65281392261386 80.17681922391057 77.508515384048223 82.564035395160317 160.96344612631947 37.244851110503078 117.96847368590534 1144.8234957233071 620.83860770659521 25.394680049270391 31.178889555856586 37.511410684324801 201.20125181600451 43.797309692017734 27.91906575486064 1894.6115731368773
leaf_count=128218 3964 10598 6834 3936 22786 84657 33487 36044 1064 24803 67863 50558 10159 3308 13474 4787 1106 1225 14452 1230 6897 52493 43715 936 890 3247 10489 1836 1515 219522
internal_value=0.00211991 -0.00643903 0.00473682 0.00367199 0.00513318 0.00861524 0.00244245 0.0150115 0.00151974 0.0080633 -0.000185477 0.00346902 -0.0063414 -0.012376 0.0133825 0.0179509 -0.00700032 -0.00962094 0.00252755 -0.00719159 -0.0147633 -0.0119229 -0.0093485 0.00190157 -0.0155336 0.00842322 -0.00183266 0.00628741 -0.0106345 -0.0159667
internal_weight=19761 4429.33 15331.7 14975.5 13425 7960.12 4426.31 3533.81 2029.79 1200.02 5464.9 3535.52 1929.38 2399.54 857.916 605.83 1550.46 1429.15 309.896 829.771 2089.64 1227.39 686.003 143.768 1971.67 148.933 252.087 121.306 648.758 1940.49
internal_count=866093 364891 501202 494368 433772 176974 118144 58830 112611 54617 256798 178776 78022 252280 29814 18261 60596 57654 21663 57994 230617 53718 46460 11534 223720 7211 11553 2942 45230 222830
is_linear=0
shrinkage=0.03


Tree=82
num_leaves=31
num_cat=0
split_feature=43 65 66 47 61 45 56 74 71 65 52 35 74 64 57 51 67 56 1 72 16 57 49 11 71 39 69 66 56 62
split_gain=511.576 504.294 526.783 423.443 469.063 526.51 359.484 280.326 559.444 531.099 319.395 217.512 205.865 201.971 189.046 188.088 179.986 161.364 122.842 104.642 86.4215 84.3751 74.7207 70.9231 69.9139 66.9301 53.2602 52.1003 35.8927 27.4541
threshold=0.0020408177515491848 0.03221555799245835 0.26227484643459326 0.011372546199709179 0.0039230044931173333 3.5000000000000004 -0.37920556962490076 -0.0011242926120758054 0.0045664815697819003 0.022814814932644371 0.78474208712577831 0.082930266857147231 -1.1061128377914426 0.91283905506134044 0.2916694730520249 0.0016869643586687746 0.38692022860050207 2.7479499578475957 -0.098154127597808824 -0.11075395718216895 0.15675598382949832 0.48259460926055914 0.35394208133220678 -0.019280350767076012 0.048266069963574416 -0.0048823058605194083 0.00068395136622712027 0.73275533318519603 -0.35561330616474146 -0.4030319452285766
decision_type=2 2 2 2 2 2 2 2 2 2 2 8 2 2 2 2 2 2 10 2 8 2 2 10 2 8 2 2 2 2
left_child=1 11 28 4 18 12 -5 9 15 10 -8 16 -6 -11 -10 -9 25 20 -2 23 -7 -20 -14 -18 -4 -1 -13 -28 -3 -21
right_child=3 2 24 6 5 17 7 8 14 13 -12 26 22 -15 -16 -17 19 -19 21 29 -22 -23 -24 -25 -26 -27 27 -29 -30 -31
leaf_value=0.0092560260310241525 0.0025187594032538897 0.026876167245530963 -0.0098962372676207992 -0.0089891367826063027 -0.0039994776035306634 -0.012235675314627045 0.0012507342437315448 -0.0026706230924093068 0.0056454220888650973 -0.0056526457356334591 0.027816192228164734 0.0083947842014805672 0.026742817189553337 0.011703020549922822 -0.0094663387454639297 0.024958392671499702 -0.00023593107303472084 0.0080409839265380822 -0.01175432144988974 -0.0032816809325991606 0.0031673970169383992 0.003721513738209609 0 -0.015159628590709765 0.0043011583104087319 -0.0034082297023241351 -0.0058583887212771205 0.0047178380671224884 0.0023093304442248874 0.005476796181912681
leaf_weight=180.55367466295138 569.45661586755887 386.39441744610667 543.64497025124729 462.6005968474783 98.316800097003579 802.71875682473183 569.49164597131312 144.51668058848009 742.58088085101917 1052.7635061531328 2095.0037908493541 326.14541751192883 738.79779223352671 486.80804273486137 1519.500129813794 562.8960324046202 371.03848467487842 268.35281492397189 2402.6271566757932 136.15504395216703 170.63584342971444 94.320780085399747 91.203276281245053 3382.6416593655013 84.067808227613568 385.0422264393419 489.11926768533885 233.52363834157586 195.93415204808116 156.90143367368728
leaf_count=10922 20026 2855 32853 16104 2219 30085 16319 8939 17161 31219 54777 11171 5901 9586 61171 12865 10209 3044 135706 10309 3186 3824 3782 283033 1583 30612 17248 6260 2199 10128
internal_value=0.00212126 -0.00426754 0.0104758 0.00558598 -0.000931719 0.00860224 0.0098749 0.0116369 0.00357532 0.0162821 0.0233278 -0.00806197 0.0212175 0.00121173 -0.004273 0.020297 -0.0106746 -0.00404038 -0.00802291 -0.0127245 -0.00917327 -0.0105463 0.0248107 -0.0139561 -0.00666481 0.00279918 0.00297091 -0.00166361 0.0237728 0.00152581
internal_weight=19743.8 6871.16 1210.04 12872.6 5236.43 2170.03 7636.16 7173.56 2969.49 4204.07 2664.5 5661.12 928.318 1539.57 2262.08 707.413 4612.33 1241.71 3066.4 4046.74 973.355 2496.95 830.001 3753.68 627.713 565.596 1048.79 722.643 582.329 293.056
internal_count=865296 429382 39490 435914 207773 48217 228141 212037 100136 111901 71096 389892 11902 40805 78332 21804 355213 36315 159556 313679 33271 139530 9683 293242 34436 41534 34679 23508 5054 20437
is_linear=0
shrinkage=0.03


Tree=83
num_leaves=31
num_cat=0
split_feature=7 37 68 66 44 72 68 56 67 63 58 71 69 63 73 56 73 42 42 44 58 56 69 0 69 69 47 54 71 42
split_gain=509.692 279.506 286.339 396.111 413.241 382.408 350.95 338.444 219.723 192.928 184.048 179.986 165.164 164.754 126.94 109.575 97.8805 89.5411 71.9502 68.5764 60.9369 45.522 40.3025 37.5758 36.6373 29.7229 18.5122 15.0871 14.9926 12.7262
threshold=-0.020329182036221024 0.11334094032645227 -1.0182871818542478 -0.50442612171173085 0.30267794430255895 -0.45920740067958826 -1.0706101059913633 4.4686520099639901 0.41086713969707495 0.017813421785831455 0.64825314283370983 0.30872301757335668 0.0032951772445812826 0.023096830584108833 0.75805652141571056 0.51201243698596965 0.87115815281867992 0.0067043814342468986 0.0055422603618353614 0.24865591526031497 0.12850306928157809 0.45487557351589208 0.013210612349212171 0.063936173915863051 -0.0010644167196005581 -0.0033701746724545951 0.0084928367286920565 0.52222391963005077 0.0039758731145411738 0.064823225140571608
decision_type=10 8 2 2 2 2 2 2 2 2 2 2 2 2 2 2 2 2 2 2 2 2 2 8 2 2 2 2 2 2
left_child=1 2 6 15 5 -5 7 11 9 21 -8 -1 -6 19 -3 18 24 -9 -4 -11 -21 -2 -16 29 25 -10 -23 -17 -27 -18
right_child=8 14 3 4 12 -7 10 17 16 13 -12 -13 -14 -15 22 27 23 -19 -20 20 -22 26 -24 -25 -26 28 -28 -29 -30 -31
leaf_value=-0.0065859207992018031 -0.0095945599910470854 -0.0025597692437070753 0.0018697797721878692 -0.0064704458387773141 0.00012083951125083623 0.012471233048430222 0.028851945158466986 0.020335366987175238 -0.0025377161320209612 -0.0015872451227671575 -0.0005970881659971087 0.0097215720317468547 -0.012814456357107474 -0.0044425968183328182 0.018908049427156903 0.0061867716923504805 -0.016639896273220958 -0.00052180089506692888 -0.011676547474800021 0.022006636048491634 -0.0007710048675299739 -0.0027019307664991241 0 0.00086761813116768469 -0.0050443523223599324 -0.00071763547915181555 0.0044338100932813191 -0.001309094851835303 0.0089104855764853899 0
leaf_weight=1924.1567102856934 556.69584352243692 159.75853653531522 217.2120030997321 853.30655265785754 2764.6059673856944 4104.2178977844305 490.34362376807258 467.75491407886147 63.663289221003652 51.464428654871881 187.70397124020383 325.83632390759885 772.6841856255196 214.86182084679604 1152.9333737464622 172.26020748447627 1519.9187971265055 165.00475435145199 2349.368339151144 258.95775930397213 56.095815911889076 130.91306486912072 79.043159322813153 34.34801515378058 180.2471415088512 30.368989318609238 174.71056972071528 67.541526867076755 155.00339313363656 18.780501625500619
leaf_count=72808 51587 2365 14028 37318 139025 112691 6370 3944 4812 4045 6474 2037 40685 14162 14715 5866 171511 3008 103893 3653 3896 6690 1089 2293 17624 3272 4736 2664 7626 691
internal_value=0.00209453 0.00434533 0.0028313 0.000333518 0.00360758 0.00886185 0.00966767 0.0032801 -0.00765111 0.0011167 0.0236516 -0.00277705 -0.00386751 0.0104701 0.0153331 -0.00853307 -0.0130526 0.016802 -0.0103143 0.0170776 0.0195979 -0.0064975 0.0178957 -0.0157526 0 0.00457304 0.00122496 0.00421215 0.00752261 -0.0163926
internal_weight=19699.8 16253.7 14862 11301.2 8494.81 4957.52 3560.8 2882.75 3446.03 1443.7 678.048 2249.99 3537.29 581.38 1391.74 2806.38 2002.33 632.76 2566.58 366.518 315.054 862.319 1231.98 1573.05 429.283 249.036 305.624 239.802 185.372 1538.7
internal_count=865578 568980 550811 456170 329719 150009 94641 81797 296598 88769 12844 74845 179710 25756 18169 126451 207829 6952 117921 11594 7549 63013 15804 174495 33334 15710 11426 8530 10898 172202
is_linear=0
shrinkage=0.03


Tree=84
num_leaves=31
num_cat=0
split_feature=13 19 24 50 72 72 44 49 28 67 73 52 44 52 11 73 60 74 70 69 73 44 52 71 33 47 69 65 44 16
split_gain=491.196 417.201 321.479 282.98 222.464 344.329 275.238 213.755 148.419 137.204 82.5341 139.553 112.574 102.595 100.062 75.8778 75.5836 74.0758 69.3523 66.1866 90.9379 63.5346 58.1929 56.2247 53.5041 47.8595 46.3596 43.1989 39.4402 16.9239
threshold=-12.460687160491942 -0.030950374901294705 -1.4999999999999998 -0.01150354743003845 -0.38881509006023401 -0.47603972256183619 0.30839161574840551 0.22570618242025378 1.0000000180025095e-35 0.49534049630165106 0.8184763789176942 0.66890722513198864 0.2043135464191437 0.75134810805320751 -0.020530778914690014 0.8184763789176942 -1.0953388810157774 0.074845839291811003 0.4096559882164002 -0.0032087295548990365 1.0324909687042239 0.41967740654945379 1.2274365425109866 0.065343547612428679 0.078468918800354018 0.028570904396474365 0.015392494387924673 0.023567778989672664 0.29361055791378027 0.15675598382949832
decision_type=10 8 2 2 2 2 2 2 2 2 2 2 2 2 10 2 2 2 2 2 2 2 2 2 8 2 2 2 2 10
left_child=10 2 4 7 5 29 -7 27 9 -6 11 -1 -13 -12 26 28 -3 -9 23 20 -16 -14 -21 25 -17 -18 -15 -4 -5 -2
right_child=1 16 3 15 8 6 -8 17 -10 -11 13 12 21 14 19 24 18 -19 -20 22 -22 -23 -24 -25 -26 -27 -28 -29 -30 -31
leaf_value=-0.0028688844491078763 -0.0082451948552268398 -0.0023084579948765716 -0.0086905239197664404 0.0041068895803360664 0.00010383636202419017 0.021440878421502722 -0.0037891670974382649 0.017615340829828453 0.011079699613636517 -0.0094029193065368992 -0.0065796931481305236 -0.00097089653311892732 0.021435356952139231 0.013676749653122216 0.010737473181259231 -0.014706393498578848 0.021081918142588751 -0.0012399903346278773 -0.00067163712007977099 -0.0027705934170225445 -0.0020134789309283274 0.00017798909305627341 0.006241203281251227 -0.0004779141358781738 0.0019316759681448816 0 -0.00023247942694883778 0.0017902530667971235 -0.0056533302443785597 0.00051438342193096682
leaf_weight=208.18794712424278 461.48615532275289 84.200672035571188 499.3152344468981 286.94029562920332 3105.7612036280334 953.11574600078166 325.82544059306383 251.85430951556191 173.84745026752353 1842.8997161127627 181.23074950370938 201.55609148647636 969.08168746344745 1259.7708101682365 1024.9635106865317 3065.0383691280149 609.0274811736308 130.69465756509453 140.18755902117118 1900.8776877825148 495.10055356333032 179.09973893873394 378.40327655151486 85.013293317053467 36.216213068924844 90.577537920325994 179.23487946111709 262.70980685856193 201.26759212743491 103.15817374177277
leaf_count=4635 26071 5346 32614 14403 131935 9089 9879 6169 4116 96003 3729 3613 10563 19688 25855 289458 22446 6529 10139 61106 13825 3277 9793 2843 1425 5189 2052 14051 17363 2707
internal_value=0.00203282 -0.00148316 -0.003292 -0.00891906 0.000833078 0.00858066 0.0155862 0.00294483 -0.00241701 -0.00391944 0.00814806 0.0138967 0.0167213 0.00541066 0.00641493 -0.012673 0.0134337 0.0137807 0.0153847 0.00300071 0.00696544 0.0193614 -0.000312873 0.0176318 -0.0141876 0.0193645 0.0121764 -0.0055618 -0.000437783 -0.00687308
internal_weight=19686.6 12709.1 11700.1 4734.04 6966.09 1843.59 1278.94 1144.57 5122.51 4948.66 6977.51 1557.93 1349.74 5419.58 5238.35 3589.46 1009.01 382.549 924.806 3799.35 1520.06 1148.18 2279.28 784.618 3101.25 699.605 1439.01 762.025 488.208 564.644
internal_count=865911 707775 661812 382012 279800 47746 18968 59363 232054 227938 158136 22088 17453 136048 132319 322649 45963 12698 40617 110579 39680 13840 70899 30478 290883 27635 21740 46665 31766 28778
is_linear=0
shrinkage=0.03


Tree=85
num_leaves=31
num_cat=0
split_feature=7 36 71 44 63 69 19 67 63 13 63 71 57 65 1 52 55 52 33 57 53 61 44 61 19 1 52 42 0 61
split_gain=475.746 275.447 232.933 305.619 352.78 476.532 313.531 213.297 183.54 171.024 164.242 149.69 110.851 106.171 67.2377 65.3757 64.0817 48.7268 29.8732 27.9905 16.878 13.7939 20.8276 9.64273 9.11756 7.28477 7.21126 2.26568 1.98284 1.15822
threshold=-0.020329182036221024 -1.0000000180025095e-35 0.30872301757335668 0.31072796881198889 0.020307419821619991 0.0011444538831710818 -0.059070618823170655 0.41086713969707495 0.017813421785831455 -12.576515197753904 0.021982686594128612 0.0051969557534903297 0.45415253937244421 0.017653307877480987 0.10233005881309511 0.72651216387748729 0.0028647152939811353 1.3149374127388003 -0.043382644653320306 0.24495092034339908 0.045394137501716621 0.011437317822128536 0.15459298342466357 0.00298130966257304 -0.56755551695823658 -0.047136127948760979 0.7003026306629182 0.0047635256778448829 0.059124618768692024 0.0029982879059389238
decision_type=10 8 2 2 2 2 10 2 2 10 2 2 2 2 8 2 2 2 10 2 2 2 2 2 10 10 2 2 8 2
left_child=1 2 3 4 11 -6 9 8 17 -5 16 -1 -4 -8 15 26 -10 18 -2 29 -21 22 -14 28 -20 -12 -9 -27 -16 -17
right_child=7 -3 12 6 5 -7 13 14 10 -11 25 -13 21 -15 23 19 -18 -19 24 20 -22 -23 -24 -25 -26 27 -28 -29 -30 -31
leaf_value=0.0071042103058174379 0.0017994123765519511 0.021040722922430151 0.017941448681812831 0.0016077723749283771 0.018429167744875182 0.0006026986649321917 -0.0018803599406349914 -0.0014351893074985177 -0.0013934865780969707 -0.0081003161682773224 0.00062991169483065453 -0.0064144343358442189 0.0020715866481402713 0.016898878761762885 -0.0023971724638219036 -0.0003765505563680067 0.019762802626564359 0.0034904839632119312 0 -0.01624340927883286 4.6262141419861605e-05 0.0032103587768334079 -0.0059009508985379527 0.0037242217728128361 -0.010079399975396358 0 0.0033655375394774801 -0.0054513335902816647 0.00021089178368450528 0.0014566087999142818
leaf_weight=561.67769843386486 32.670703638345003 365.98524731304497 828.64418964833021 2232.5433125402778 2474.8561056829058 2600.3388040964492 217.40835377341136 56.947050423361361 49.905019893776625 4124.2741188872606 29.009951540268958 2014.6543410383165 129.94839519262314 425.07617665687576 112.45353507716209 17.318815738894049 287.4602079950273 68.657071128487587 43.227523968555033 1609.5097974380478 18.366493394598365 140.44069539010525 127.64167717285454 48.231461143121123 712.87713544862345 29.572220130823553 59.93429580423981 189.72998485341668 23.832210806198418 13.807701210025696
leaf_count=28926 1093 7005 4106 64203 54235 69327 11179 4996 4273 224948 1384 86598 632 15194 10648 1924 5909 1019 2742 182703 598 650 1895 2371 58156 1793 2412 12487 1595 527
internal_value=0.00215073 0.00431452 0.00328006 0.00195527 0.00593815 0.0102225 -0.00246436 -0.00732915 0.00123997 -0.00477842 0.0103029 -0.00269402 0.0137809 0.0122398 -0.0127292 -0.0141935 0.0173116 -0.00624433 -0.0083499 -0.0154646 -0.015951 0 -0.00277022 0.000999318 -0.00956898 -0.00402302 0.00127278 -0.00506561 -0.00166228 0.000477514
internal_weight=19647 16243.5 15877.5 14650.8 7651.53 5075.19 6999.3 3403.51 1443.11 6356.82 585.677 2576.33 1226.67 642.485 1960.4 1775.88 337.365 857.432 788.775 1659 1627.88 398.031 257.59 184.517 756.105 248.312 116.881 219.302 136.286 31.1265
internal_count=865528 568898 561893 554610 239086 123562 315524 296630 88856 289151 25846 115524 7283 26373 207774 193160 10182 63010 61991 185752 183301 3177 2527 14614 60898 15664 7408 14280 12243 2451
is_linear=0
shrinkage=0.03


Tree=86
num_leaves=31
num_cat=0
split_feature=43 65 66 47 61 45 56 46 74 65 55 35 57 67 56 74 35 46 53 57 46 66 71 14 69 66 71 44 61 56
split_gain=465.036 458.479 480.12 415.63 439.426 484.162 345.658 249.601 297.601 614.164 523.18 194.497 189.293 179.845 159.365 106.213 104.324 94.9282 89.1105 75.7169 73.1785 71.7796 69.496 51.5827 50.4317 42.486 40.3335 34.9417 34.1191 29.6982
threshold=0.0020408177515491848 0.03221555799245835 0.26227484643459326 0.011372546199709179 0.0039230044931173333 3.5000000000000004 -0.37920556962490076 0.00092742915148846816 -0.0011242926120758054 0.023086804896593097 0.0023177560651674871 0.085444152355194106 0.32754376530647283 0.38692022860050207 2.7479499578475957 -1.0186527967453001 0.058403909206390388 0.0097794951871037501 0.0083678779192268866 0.48259460926055914 0.00049103880883194517 -1.5145874619483946 0.048266069963574416 -3.9724594354629512 0.00068395136622712027 0.73275533318519603 0.0052937243599444636 0.42732919752597814 0.00077119088382460188 -0.35561330616474146
decision_type=2 2 2 2 2 2 2 2 2 2 2 8 2 2 2 2 8 2 2 2 2 2 2 10 2 2 2 2 2 2
left_child=1 11 29 4 16 12 -5 20 9 -9 -10 13 -6 18 17 -14 19 -7 27 26 28 -15 -4 -23 -13 -26 -2 -1 -8 -3
right_child=3 2 22 6 5 14 7 8 10 -11 -12 24 15 21 -16 -17 -18 -19 -20 -21 -22 23 -24 -25 25 -27 -28 -29 -30 -31
leaf_value=-0.0066487748825235435 -7.9727744826498523e-05 0.025400966697378728 -0.0097867233600082305 -0.0089361246683892226 -0.0039456462498484177 -0.011917776182151674 0.0077307311723626149 0.02594510346427047 0.022281517264322339 0.0013373186607142506 -0.0031157281708159247 0.008101382136594339 0.00062120777469229678 0.0010163893762079323 0.0080142396021649336 0.027314113483789593 0.0032178509475460299 0.004625678588064115 0.011097934235343219 0.0034970223867081917 -0.0094586697714046774 0 0.0043349882544015022 -0.014119960130817502 -0.0055162153277726117 0.0041058811221531726 -0.012256500279311199 0.0033232932182758663 -0.0025938777580943777 0.0023343131813205391
leaf_weight=350.58700996777043 331.07055711001158 393.85789292678237 535.27088101115078 456.77941932529211 94.257827605120838 875.43676262162626 130.19885917706415 2399.5752729889937 509.35566657269374 1454.0209379675798 2249.6861967206933 320.4945568498224 205.85403884015977 228.8841684111394 263.55543939955533 625.49135110899806 367.11012283992022 86.343355035409331 131.41181503050029 97.233738688752055 326.98141864780337 289.28910049470142 84.242275290191174 3455.73633885663 471.17713778605685 227.40445381402969 2223.6823900486343 81.371663141995668 133.8044866961427 202.88568667508662
leaf_count=27732 22986 2879 33028 16145 3009 30952 5949 54811 13354 36231 76221 10699 2037 16888 2967 6782 13393 2282 6860 3863 18119 15744 1561 282036 16458 5955 119250 6909 7567 2225
internal_value=0.00207638 -0.00406794 0.0099323 0.00537313 -0.00112792 0.00813861 0.00959775 0.0113156 0.0129439 0.0179491 0.00417997 -0.00774903 0.0202269 -0.0102253 -0.00403434 0.0236455 -0.0080334 -0.00915316 0.00308836 -0.00994945 -0.00421111 -0.012314 -0.00652 -0.0132231 0.00281523 -0.00172753 -0.0110481 -0.00367322 0.0038323 0.0224716
internal_weight=19603.1 6772.61 1216.26 12830.4 5170.04 2150.94 7660.4 7203.62 6612.64 3853.6 2759.04 5556.36 925.603 4537.28 1225.34 831.345 3019.1 961.78 563.37 2651.99 590.985 3973.91 619.513 3745.03 1019.08 698.582 2554.75 431.959 264.003 596.744
internal_count=864892 428974 39693 435918 207521 48029 228397 212252 180617 91042 89575 389281 11828 356169 36201 8819 159492 33234 41501 146099 31635 314668 34589 297780 33112 22413 142236 34641 13516 5104
is_linear=0
shrinkage=0.03


Tree=87
num_leaves=31
num_cat=0
split_feature=7 36 56 47 56 65 69 43 42 47 69 65 20 73 65 44 51 56 47 56 14 42 57 1 66 66 19 69 0 51
split_gain=430.611 273.062 288.618 315.349 432.878 427.316 405.757 200.083 131.213 116.955 105.493 98.711 92.1928 83.8185 73.1171 45.4968 41.0954 33.4498 21.9225 19.4483 17.9176 16.0973 15.1649 15.2214 14.7822 8.83673 8.59672 2.82439 2.20283 0.478675
threshold=-0.02043084520846605 -1.0000000180025095e-35 4.4686520099639901 0.011003429535776378 -0.39517524838447565 0.0042212110711261639 0.0029720425372943286 0.0031354106031358246 0.0067043814342468986 0.011372546199709179 -0.0028707950841635461 0.029855263419449333 -0.25348311662673945 0.80472871661186229 0.023440050892531875 0.38548950850963598 0.0080943345092237013 -0.29038475453853602 -0.0085800802335143072 0.51201243698596965 -3.6996957063674922 0.033768199384212501 0.4696770459413529 0.18725669384002688 0.33443769812583929 0.30773022770881658 -0.49791382253170008 -0.0034807263873517509 0.041022717952728278 0.00050112832104787241
decision_type=10 8 2 2 2 2 2 2 2 2 2 2 8 2 2 2 2 2 2 2 10 2 2 8 2 2 10 2 8 2
left_child=1 2 3 5 12 -1 -6 13 -4 16 14 -7 -5 17 15 -11 18 24 -9 20 -15 -22 23 -18 -2 -10 -12 -16 -28 -19
right_child=7 -3 8 4 6 11 -8 9 25 10 26 -13 -14 19 27 -17 22 29 -20 -21 21 -23 -24 -25 -26 -27 28 -29 -30 -31
leaf_value=0.015633888261884565 0.0075501361522078087 0.020729557760676077 0.021223943880002965 0.0017663597347837437 0.011304642926865584 -0.009238894767052315 -0.0022585415327104987 0.0060281598468884803 -0.0034654720612028664 0.015681755280849863 0.00076979963005678793 0.0023075588926888264 -0.010892833665102516 0 -0.003176371963356297 -0.00071730959537965688 -0.010647300376129425 0 -0.0025374877889000054 4.2767186248668991e-06 -0.015866735137686831 0 0.00056608622129251755 0.00055609001343137827 -0.0010441635846318875 0.0017126785039083836 -0.0057509451761402165 0.00024138704834508865 0 -0.0041386354031544307
leaf_weight=355.12760144285858 92.127034628763795 370.53509465698153 565.86034057103097 510.62749835522845 6199.3531378586777 3666.5552072934806 2565.5930310315453 32.120415227487683 135.60060920193791 489.47039540857077 21.960617332253605 538.80629685660824 1222.0365672754124 76.667311803437769 104.56454125419259 90.237934548873454 448.83566082827747 11.871034303680061 81.167691639624536 39.733736852183938 1442.0617098822258 36.957084137480706 24.567052522674203 14.359022307209669 30.081915276125073 55.473748676478863 224.57251413911581 18.50213676597923 13.073814553208647 108.75792808830738
leaf_count=1877 3314 6988 4414 18107 201023 173025 74030 1933 2455 12408 1213 15964 67182 7922 5550 4573 34245 1035 7460 1730 181409 2103 1367 570 2754 1246 17631 1162 805 10467
internal_value=0.00207825 0.00414282 0.00311243 0.00187099 0.00468623 -0.00437276 0.00739454 -0.00694031 0.017002 0.000914303 0.00640951 -0.00760776 -0.00746764 -0.012516 0.0108067 0.0137012 -0.006527 0.00111246 0.00233659 -0.014504 -0.0149314 -0.0154833 -0.00903007 -0.00988015 0.0058134 -0.00137656 -0.00437717 -0.00239968 -0.00545889 -0.00401329
internal_weight=19587.3 16185.6 15815 15058.1 10497.6 4560.49 8764.95 3401.69 756.935 1563.43 962.382 4205.36 1732.66 1838.26 702.775 579.708 601.05 242.838 113.288 1595.42 1555.69 1479.02 487.762 463.195 122.209 191.074 259.607 123.067 237.646 120.629
internal_count=865962 566311 559323 551208 360342 190866 275053 299651 8115 88917 43342 188989 85289 210734 23693 16981 45575 17570 9393 193164 191434 183512 36182 34815 6068 3701 19649 6712 18436 11502
is_linear=0
shrinkage=0.03


Tree=88
num_leaves=31
num_cat=0
split_feature=37 18 37 65 52 57 50 63 46 63 57 17 67 68 44 19 55 54 44 64 69 54 52 61 65 74 64 65 33 74
split_gain=462.966 280.561 201.473 205.385 298.918 496.815 289.439 232.211 231.685 216.682 210.872 165.707 146.985 121.188 173.569 111.728 110.84 108.45 105.12 78.1414 75.9159 74.9222 74.8288 62.4872 50.4378 49.826 45.2667 39.417 32.6824 30.2154
threshold=0.033060861751437194 -0.42168149352073664 0.11334094032645227 0.026297203265130523 0.90195912122726452 0.33141514658927923 -0.012470245361328123 0.029044248163700107 0.0014818800264038148 0.041617799550294883 0.33639819920063024 0.11147990822792055 0.38692022860050207 0.48817552626132971 0.38548950850963598 -0.54714423418045033 0.0038172922795638446 0.31583635509014135 0.68303570151329052 -0.50998744368553151 0.0032081783283501868 -0.038071408867835992 0.99620649218559276 0.019599878229200843 0.026105082593858246 -1.7607118487358091 0.26698975265026098 0.032973164692521102 0.032607674598693855 0.15718048065900805
decision_type=8 10 8 2 2 2 2 2 2 2 2 10 2 2 2 10 2 2 2 2 2 2 2 2 2 2 2 2 10 2
left_child=1 13 3 4 5 25 -7 8 22 10 -9 16 17 14 19 27 -6 29 23 -1 -21 -13 -5 -4 -15 -2 -10 -14 -17 -3
right_child=2 12 18 7 11 6 -8 9 26 -11 -12 21 15 24 -16 28 -18 -19 -20 20 -22 -23 -24 -25 -26 -27 -28 -29 -30 -31
leaf_value=-0.00065598395964066398 0.0025273457218924025 -0.0065122303829967506 0.017852395596289299 -0.002368811467385662 -0.00097491043845232203 0.021549837333514277 0.0022611104305595496 0.020928754059201367 -0.010129853866411437 -0.0027616058242129894 -0.00094866152443807397 -0.0026117785214496815 -0.0038380643978828625 -0.0084850389988599395 -0.0041638311836831761 -0.014478579169430883 -0.012125503288624873 0.010765066241117992 -0.0027995092027467651 0.019742224264715495 -0.0011749067476443482 0.0075479032246819752 0.015208982884731491 -0.00061665058639829543 0.0032891065139946112 -0.011035922155132013 0.00063262538436725118 0.0054565613080636973 0.001221901258999756 0.0025489770514106288
leaf_weight=187.09980124374852 61.614912437275052 561.96920758113265 1178.5515730082989 100.96883631870151 1530.4438727730885 1142.9219584530219 1519.7304513039999 1591.6734470468946 755.86487451987341 431.51783169666305 405.80594637757167 844.43090729648247 704.90142848994583 350.59359192801639 390.34730287687853 2409.7563721104525 1654.2122606239282 178.08317832741886 118.08450258150697 547.63665314251557 89.884976448956877 844.79396264534444 298.51599320629612 112.43847330287099 149.26335162343457 809.66055128537118 341.92947412421927 118.29820170812309 10.913219860754905 111.01448042504489
leaf_count=13660 2429 42042 15545 5529 82437 20533 53855 23749 25554 9396 12878 24783 40063 29517 31909 236225 69204 4327 1545 26946 5606 19641 5562 1373 7095 29766 13327 3470 654 5801
internal_value=0.00204191 -0.00476475 0.00500666 0.00340909 0.000581089 0.00675213 0.0127335 0.00864751 -0.000584829 0.0135693 0.0170639 -0.00404947 -0.00875187 0.00444722 0.00870665 -0.01134 -0.00770775 0.00143685 0.0142782 0.0142976 0.0173092 0.00289555 0.0115856 0.0163532 -0.00478251 -0.00928618 -0.00744095 -0.000718491 -0.014108 -0.00431236
internal_weight=19552.9 5809.76 13743.2 12334.1 8407.81 3533.93 2662.65 3926.28 1497.28 2429 1997.48 4873.88 4094.94 1714.83 1214.97 3243.87 3184.66 851.067 1409.07 824.621 637.522 1689.22 399.485 1290.99 499.857 871.275 1097.79 823.2 2420.67 672.984
internal_count=864421 447315 417106 398643 302648 106583 74388 95995 49972 46023 36627 196065 332582 114733 78121 280412 151641 52170 18463 46212 32552 44424 11091 16918 36612 32195 38881 43533 236879 47843
is_linear=0
shrinkage=0.03


Tree=89
num_leaves=31
num_cat=0
split_feature=7 36 56 70 68 74 64 43 42 47 69 69 52 59 51 51 59 33 34 51 56 55 64 57 66 19 18 59 35 14
split_gain=431.89 254.519 260.521 295.137 297.662 427.181 383.22 177.941 121.069 108.449 103.097 77.5049 71.6766 66.8432 39.7392 38.1597 31.9363 21.5922 20.7528 18.6106 14.9273 13.9596 8.97496 8.6214 8.07321 7.31393 6.2419 6.13857 4.46389 3.39433
threshold=-0.02043084520846605 -0.0037356887478381391 4.4686520099639901 -1.5977824926376341 -1.0182871818542478 -0.80747151374816883 -0.14725879579782483 0.0031354106031358246 0.0067043814342468986 0.011241305619478227 -0.0028707950841635461 -0.0078729959204792959 0.73402211070060741 4.9000000953674325 0.0080943345092237013 0.011424154974520208 6.2999999523162851 -0.023564666509628292 0.044312894344329841 0.0077145684044808158 -0.29038475453853602 0.029618988744914535 -0.2360882759094238 0.48259460926055914 0.30773022770881658 -0.54062640666961659 -0.57185038924217213 6.9000000953674325 0.078452289104461684 -2.0763114690780635
decision_type=10 8 2 2 2 2 2 2 2 2 2 2 2 2 2 2 2 8 8 2 2 2 2 2 2 10 8 2 8 10
left_child=1 2 3 15 5 -5 -6 12 -4 14 11 22 20 -13 19 -1 17 -14 -17 -9 29 23 -11 -16 -10 -12 -19 -18 -3 -2
right_child=7 28 8 4 6 -7 -8 9 24 10 25 13 16 -15 21 18 27 26 -20 -21 -22 -23 -24 -25 -26 -27 -28 -29 -30 -31
leaf_value=0.0013970646556445796 0.0050968939996357447 0.00028074905153095561 0.020216649302113577 0.024227719806148858 -0.0069507667760226269 0.00039941040165477362 0.0042916056354079099 -0.0022397727676380761 -0.0033399619620149163 0.0015064098858700728 0.00053914104978557164 0.016168375757857782 0 -0.0020968542932983556 -0.010451540464201763 -0.01365737570341964 0.0023648552152792661 0 0.00017466295249773343 0.0056497789967695717 -0.0023793898931131073 0.00048510530007102922 -0.0038396187570729399 0 0.0015985299761229037 -0.0055923940762294079 -0.015777056179148038 -0.0020693819759387997 0.019767805625867222 0
leaf_weight=47.807684862054884 74.703033929690719 57.574958658777177 566.39566884562373 817.48465448431671 3446.1338585843332 1482.5610908642411 8333.0682604834437 89.991456534247845 135.05051461048424 43.252865649759769 18.088897341862321 454.93514825124294 90.110544392839074 60.901728922501206 436.19526031659916 766.72344340011477 50.239677886012942 33.391070345416665 46.467385652475059 22.672959500923753 60.771136267576367 20.607945971190929 149.59520179219544 19.262719216756523 58.147673388011754 236.82364303804934 1400.0272992765531 71.527183394413441 419.92493564914912 23.992413653992116
leaf_count=2004 3337 2158 4365 12176 169859 53359 286676 8599 2454 1092 937 11239 7863 3798 33973 21894 3844 3824 1173 760 5656 791 7993 1203 1278 18586 176675 8393 7898 1178
internal_value=0.00195147 0.00401282 0.00296186 0.00177144 0.00298307 0.0117896 0.000828994 -0.00713661 0.0161402 0.000403519 0.00577105 0.0101662 -0.0124328 0.0137459 -0.00672191 -0.011638 -0.0139779 -0.0148776 -0.012873 0.00217336 0.001565 -0.00916934 -0.00198577 -0.00994542 -0.00133992 -0.00469099 -0.0155471 0 0.0190705 0.00445361
internal_weight=19534.4 16177.3 15699.8 14940.2 14079.2 2300.05 11779.2 3357.09 759.594 1552.33 963.597 708.685 1804.76 515.837 588.73 860.999 1645.3 1523.53 813.191 112.664 159.467 476.066 192.848 455.458 193.198 254.913 1433.42 121.767 477.5 98.6954
internal_count=865035 565294 555238 547141 522070 65535 456535 299741 8097 88971 43645 24122 210770 15037 45326 25071 200599 188362 23067 9359 10171 35967 9085 35176 3732 19523 180499 12237 10056 4515
is_linear=0
shrinkage=0.03


Tree=90
num_leaves=31
num_cat=0
split_feature=19 19 68 68 18 71 71 1 58 68 71 57 69 74 56 1 44 71 60 43 54 52 68 73 51 58 44 60 35 74
split_gain=433.564 394.001 230.974 523.155 164.513 191.12 159.461 159.269 152.43 142.757 133.205 223.436 262.4 148.313 99.6571 89.3497 85.5628 83.6383 77.8202 74.6239 72.643 72.3969 71.4948 54.8806 53.8132 46.5311 44.0893 45.1639 42.6268 28.3284
threshold=-0.48098650574684138 -0.030950374901294705 -1.0182871818542478 -1.0706101059913633 -0.41357178986072535 0.0044726869091391572 0.17651379853487018 -0.36990725994110102 0.64825314283370983 0.23903147876262668 0.0092305019497871416 0.33917611837387091 0.0033311456209048633 -1.0058630704879759 4.4686520099639901 -0.13068300485610959 0.15849281847476962 0.30872301757335668 -1.0953388810157774 0.014046320226043464 0.37833993136882788 0.74886998534202587 -1.7951642274856565 1.0199275612831118 0.0097926226444542425 -0.83740171790122975 0.53348213434219371 1.0880583524703982 0.021165907382965091 0.027294872328639034
decision_type=10 10 2 2 10 2 2 10 2 2 2 2 2 2 2 10 2 2 2 2 2 2 2 2 2 2 2 2 8 2
left_child=6 2 3 14 5 9 7 28 -5 -4 11 12 -9 24 17 -6 -7 -2 -3 -17 26 22 -8 -13 -12 -15 27 -20 -1 -23
right_child=1 18 4 8 15 16 21 10 -10 -11 13 23 -14 25 -16 19 -18 -19 20 -21 -22 29 -24 -25 -26 -27 -28 -29 -30 -31
leaf_value=0.00026441438925728432 -0.010709618723460266 -0.0028714428645973183 0.014653109716812222 0.024755618765491462 0.0006120844495766882 0.0036325167879861201 0.0078951365072537881 0.016130744577577877 -0.0025468387544077958 -0.0037264711848097099 -0.0013529701307265498 0.0013489974553410479 -0.0017165665207462242 0.00064477242958291823 0.0054118917669718318 -0.013294064432558286 -0.0083915332016002847 0.0036643124090180983 0.019012269407981761 0.0025723480092648405 -0.0013866980226354257 0.019352167327385757 -0.00487594887797868 -0.0084575153995272139 0.01067443012815268 -0.0077892807744026193 -0.00033886705679552745 -0.00045406286303701433 0.014692044180554911 0.0012976126908987452
leaf_weight=284.24774177232757 1269.1149776242673 86.034245202783495 449.52191589633003 420.60392255568877 432.34995004767552 347.80686051910743 324.4741193652153 1532.6451228759252 99.337826952338219 327.0736787058413 315.15743090724573 706.01562327099964 984.4209602070041 605.18859825842083 215.49899432063103 3274.8540950887837 1729.1694898852147 160.11174655146897 669.9882164769806 96.043649113737047 128.50691265333444 819.52774224523455 273.0221587754786 531.7164098508656 385.89746558759362 1855.9327353592962 80.063389708753675 60.317379732150584 869.56764954514802 203.19375334121287
leaf_count=4918 76432 5461 29055 7191 24185 7153 1746 51347 7001 21947 8561 33715 22854 15714 3751 286351 100746 1180 24049 2903 8586 5237 3390 28518 8425 51327 4073 4125 13532 1581
internal_value=0.00194369 -0.00241894 -0.00465228 0.0032305 -0.00730413 -0.00134039 0.0063069 0.00402359 0.0205538 0.00824958 0.00182774 0.00536832 0.00992354 -0.00245342 -0.00562099 -0.0110334 -0.00594747 -0.0084115 0.0118294 -0.0124906 0.0139147 0.0139082 0.00222335 -0.00391248 0.00670541 -0.00585536 0.0161734 0.0176295 0.0124737 0.017566
internal_weight=19537.4 9846.4 8821.49 2164.67 6656.82 2853.57 9691.01 8070.79 519.942 776.596 6916.97 3754.8 2517.07 3162.18 1644.73 3803.25 2076.98 1429.23 1024.91 3370.9 938.876 1620.22 597.496 1237.73 701.055 2461.12 810.369 730.306 1153.82 1022.72
internal_count=865054 614189 567895 95555 472340 158901 250865 238911 14192 51002 220461 136434 74201 84027 81363 313439 107899 77612 46294 289254 40833 11954 5136 62233 16986 67041 32247 28174 18450 6818
is_linear=0
shrinkage=0.03


Tree=91
num_leaves=30
num_cat=0
split_feature=0 43 65 66 47 49 56 57 74 71 65 54 67 69 54 72 71 53 68 56 57 44 44 62 67 57 38 34 18
split_gain=407.482 398.232 445.989 494.661 353.542 313.277 298.998 256.085 240.693 527.261 374.435 220.867 192.706 154.275 98.6148 97.871 107.417 70.6347 57.3082 44.416 43.4994 36.0095 30.3766 24.1935 15.882 12.1727 7.79249 0.584963 0.38671
threshold=-0.15534830093383786 0.0020408177515491848 0.03221555799245835 0.26227484643459326 0.011372546199709179 0.17986447364091876 -0.37920556962490076 0.31452098488807684 -0.0011242926120758054 0.0045664815697819003 0.023086804896593097 -0.7257360816001891 0.38692022860050207 0.015392494387924673 -0.45254762470722193 -0.11075395718216895 0.00027196513838134711 0.0083678779192268866 -0.46644213795661921 -0.35561330616474146 0.48259460926055914 0.11844342574477197 0.42732919752597814 -0.4030319452285766 0.37875562906265264 0.22530420124530795 0.98275795578956615 0.0037041306495666508 -0.18191531300544736
decision_type=10 2 2 2 2 2 2 2 2 2 2 2 2 2 2 2 2 2 2 2 2 2 2 2 2 2 8 10 10
left_child=13 2 12 19 5 7 28 27 10 -10 -8 -9 17 -1 20 16 -14 22 -16 -4 -7 -5 -2 -17 -19 -15 -23 -3 -6
right_child=1 4 3 21 6 14 8 11 9 -11 -12 -13 15 25 18 23 -18 24 -20 -21 -22 26 -24 -25 -26 -27 -28 -29 -30
leaf_value=0.018707404765884485 -0.0054253780970753623 -0.010427858155895579 0.024810886354632113 0.0020707832502655545 -0.010093584994066688 -0.013503306699152373 0.019321790204787213 -0.0021682195562003153 0.018397751544744177 -0.0060896806109725669 0.00016704879612133096 0.015935035017754947 0.0034211414817587895 0.0015515546070203404 0.0040773107352546443 -0.002792682561916737 -0.013258526723024652 0 -0.0057389173056526174 0.0015279404827202689 0.001826964784792278 -0.010459807231401651 0.00359332911403718 0.0054339119759089106 0.012510952573480581 -0.0043769647909169783 0 0 0
leaf_weight=1135.6407886147499 356.70697528962046 286.79015234578401 385.22160090506077 49.787752136588097 349.01648056693375 1485.24638775317 2666.9177666637115 754.5785026573576 656.47064756881446 2013.9353764150292 1350.86640221579 1128.438921446912 150.53807736095041 155.18813736736774 568.28574167983606 140.96631076885387 4025.3627597684972 59.432576059363782 566.70868000388145 187.79832554422319 25.479705119505525 468.89158613979816 82.895539588294923 166.55598695715889 79.249414300080389 122.80170323047787 27.061758297495544 36.37028549797833 33.084372614976019
leaf_count=21322 28319 7678 2785 784 12975 85959 70585 29050 20855 75144 38380 21860 2607 1329 22309 10778 313313 3953 33658 2145 1420 30762 7021 10717 3044 3220 1240 1402 1129
internal_value=0.00192345 0.000500524 -0.00540203 0.00897185 0.00367883 -0.00238243 0.00776056 0.00527048 0.00942756 0.00178759 0.0136792 0.00962185 -0.00915391 0.0150965 -0.00868271 -0.0111654 -0.0122915 0.00410902 -0.000896651 0.0217275 -0.0127055 -0.00811938 -0.00239827 0.00189715 0.0109352 -0.00181162 -0.00996961 -0.0101635 -0.00988255
internal_weight=19516.3 18102.7 6180.47 1118.76 11922.2 4851.9 7070.29 2206.18 6688.19 2670.41 4017.78 1883.02 5061.71 1413.63 2645.72 4483.42 4175.9 578.285 1134.99 573.02 1510.73 545.741 439.603 307.522 138.682 277.99 495.953 323.16 382.101
internal_count=865743 839872 417468 37716 422404 203336 219068 59990 204964 95999 108965 50910 379752 25871 143346 337415 315920 42337 55967 4930 87379 32786 35340 21495 6997 4549 32002 9080 14104
is_linear=0
shrinkage=0.03


Tree=92
num_leaves=31
num_cat=0
split_feature=20 18 70 67 74 19 54 62 72 59 68 70 67 51 54 33 46 62 44 70 74 44 54 38 53 51 52 55 33 49
split_gain=417.235 356.865 269.386 231.052 218.245 207.723 195.615 171.218 196.13 116.358 157.238 116.05 86.2802 80.5747 78.8985 79.8344 72.7427 68.3449 52.236 46.6957 42.5358 42.1212 40.0121 39.3356 38.738 46.7296 34.8806 36.7876 31.3504 30.9551
threshold=-0.30177927017211909 -0.41560058295726771 0.6738804578781129 0.38692022860050207 -1.1061128377914426 -0.47602766752243036 0.053796995431184776 -0.91916343569755543 -0.47603972256183619 5.7000000476837167 0.42305012047290808 -0.24880216270685193 0.30432355403900152 0.0041444529779255399 -1.113359212875366 0.078468918800354018 0.0007548594439867885 -0.80737078189849842 0.11844342574477197 -1.5977824926376341 -1.696025490760803 0.31440092623233801 -1.1333138346672056 0.89999887347221386 0.072124548256397261 0.00057148904306814085 0.71776500344276439 0.0013419491006061437 -0.010287016630172728 0.44957393407821661
decision_type=10 10 2 2 2 10 2 2 2 2 2 2 2 2 2 8 2 2 2 2 2 2 2 8 2 2 2 2 10 2
left_child=9 2 4 6 -2 23 16 -6 -9 13 11 -11 -8 29 22 -16 17 -3 -4 -15 -18 -14 -7 -5 25 -12 -21 -28 -20 -1
right_child=1 3 18 5 7 14 12 8 -10 10 24 -13 21 19 15 -17 20 -19 28 26 -22 -23 -24 -25 -26 -27 27 -29 -30 -31
leaf_value=0.0029880114872766184 -0.0063709416633843862 -0.0036438290953599069 0.0022675344037091931 -0.0022970803758390703 -0.0050391707972326817 -0.00393515314687801 -0.0021760468154095676 -0.004916980194697807 0.013519081230967383 0.0077888584119237695 0.00040590480311236378 -0.0060612793155995172 0.019087615991855354 -0.0026284270249833895 -0.013692057935478126 0.0030579467776574594 0.0031900949160484759 0.0098468691783338107 0.0012630940960625227 -0.0019203107258631037 -0.0080157287612788834 -0.00015717248406747528 0.0069847655100689745 0.005273530520612712 0 0.020993179627102614 -0.0012038988912227123 0.0098774003204812628 -0.011026631467509096 -0.0043652087060183616
leaf_weight=331.90906138066202 520.7351409913972 231.67298239609227 173.47018361510709 1931.5333526101895 331.65652266889811 145.57892433274537 107.25852740649134 314.06801322055981 3509.156957983505 971.30304346280172 159.2943645697087 394.13424269482493 318.01838962174952 155.70692898193374 3326.0061024986207 69.0741409631446 54.888211032841355 215.15284067252651 59.777275071013719 80.711364678107202 989.83900717739016 72.924218889325857 70.834208206739277 323.27191246626899 123.51951218396425 1083.5221001775935 140.12972442014143 1641.5924793356098 728.74731581378728 923.84180526761338
leaf_count=14753 23286 16817 1842 83780 21724 14107 4939 15088 128904 12914 1703 9952 6288 3289 289371 2456 2502 7060 3131 2731 51351 3326 2163 10434 1399 9553 5276 36056 46705 32884
internal_value=0.0019427 -0.00101101 0.00449502 -0.00503065 0.00745872 -0.0078763 0.00313544 0.0097546 0.0115417 0.00819294 0.0124037 0.00307712 0.0136271 0.00342206 -0.0118932 -0.0129255 -0.00275969 0.00430483 -0.00732887 0.00660968 -0.00639077 0.0170875 0.0016006 -0.00034263 0.0182421 0.0194001 0.00790184 0.00880156 -0.00973353 -0.00195336
internal_weight=19499.3 13493.7 5637.61 7856.05 4675.62 5866.3 1989.75 4154.88 3823.22 6005.66 2731.77 1365.44 498.201 3273.89 3611.49 3395.08 1491.55 446.826 961.995 2018.14 1044.73 390.943 216.413 2254.81 1366.34 1242.82 1862.43 1781.72 788.525 1255.75
internal_count=865784 735274 240680 494594 189002 402311 92283 165716 143992 130510 35521 22866 14553 94989 308097 291827 77730 23877 51678 47352 53853 9614 16270 94214 12655 11256 44063 41332 49836 47637
is_linear=0
shrinkage=0.03


Tree=93
num_leaves=31
num_cat=0
split_feature=13 19 24 50 72 72 44 68 38 42 63 73 57 71 69 62 54 61 52 42 73 74 64 67 42 44 67 36 61 44
split_gain=373.81 341.012 258.227 245.651 165.342 283.833 216.963 159.8 137.443 152.143 85.0424 166.039 226.576 175.439 126.199 82.2771 80.7742 78.32 83.6273 69.3541 61.2385 56.564 54.4852 54.4692 48.181 47.9671 44.3915 39.6054 38.1471 34.022
threshold=-12.460687160491942 -0.034764433279633515 -1.4999999999999998 -0.01150354743003845 -0.38881509006023401 -0.47603972256183619 0.30839161574840551 -1.1030365228652952 0.99980026483535778 0.011884225066751243 0.029044248163700107 1.0324909687042239 0.33141514658927923 0.0074464264325797567 0.0038361370097845797 -0.84817710518836964 0.38734222948551184 0.0028121840441599493 0.66890722513198864 0.0093860006891191023 0.73795291781425487 -1.0579713582992551 -1.4476791024208067 0.67101830244064342 0.0095320697873830813 0.53348213434219371 0.60291060805320751 -1.0000000180025095e-35 0.0025100575294345622 0.24544852972030642
decision_type=10 8 2 2 2 2 2 2 8 2 2 2 2 2 2 2 2 2 2 2 2 2 2 2 2 2 2 10 2 2
left_child=10 2 4 7 5 -2 -7 22 9 -6 11 12 13 29 24 -3 21 28 -19 -9 -5 -17 -4 26 -12 -23 -16 -22 -14 -1
right_child=1 15 3 20 8 6 -8 19 -10 -11 14 -13 17 -15 23 16 -18 18 -20 -21 27 25 -24 -25 -26 -27 -28 -29 -30 -31
leaf_value=-0.0011843342486886985 -0.0066489385830031033 -0.0016446828560873939 0.0030492464082060326 0.0011351544962693355 0.0014058493380951569 0.018814179919861753 -0.0034895194360737834 -0.0020850019572893536 0.0098718986232431381 -0.0084870141715882932 0 -0.0037731854466492151 0.0054646206860740195 -0.0092834019348614436 0.0026935524142803892 -0.0010495331756741636 -0.0013321699355530368 -0.0017775726289054226 0.018173167787054714 0.015032088288496859 -0.013147387713789864 0.019789176720165849 -0.0086073385705800354 0.0074061005445291974 0.018196396912931522 -0.00059306907634498795 -0.0071783561761876525 0.0015851497161254371 -0.0036929904898216652 0.010704315895056956
leaf_weight=118.34930558688939 550.96146685350686 205.29091517115012 207.55128529015929 184.06901368079707 2428.4105829088949 972.95507565094158 320.24989426881075 103.30503340810537 270.44940167525783 2346.1350478981622 110.4928132602945 1349.772261318285 816.49952800199389 768.16068790853024 405.96642579743639 60.860340274404734 146.20916070975363 89.702802110463381 1107.1323422472924 328.6149139739573 3146.4154732828029 670.39071669243276 475.54659161623567 410.84947510203347 1095.6905104867183 52.073276107665151 283.45645807264373 28.968541795853525 148.33982425136492 276.24915700079873
leaf_count=4057 28829 11555 9061 11767 126174 9104 9857 8027 9002 95729 3935 43452 29949 19745 4303 3486 9988 1160 12413 9074 304621 24463 32392 6593 14271 3072 6666 1497 2672 8711
internal_value=0.00187684 -0.00123193 -0.00297863 -0.0081953 0.000694247 0.00736398 0.0136907 0.00288452 -0.0021339 -0.00374218 0.00719332 0.00403594 0.00736379 -0.00252349 0.0116261 0.0116368 0.0143293 0.0122698 0.0164179 0.0116941 -0.0118477 0.0168664 -0.00502018 0.00222598 0.0168597 0.018433 -0.00242442 -0.012734 0.00307191 0.00813425
internal_weight=19479.1 12498.5 11363.6 4474.47 6889.16 1844.17 1293.2 1115.02 5045 4774.55 6980.66 4674.21 3324.43 1162.76 2306.46 1134.82 929.533 2161.67 1196.84 431.92 3359.45 783.324 683.098 1100.27 1206.18 722.464 689.423 3175.38 964.839 394.598
internal_count=865625 707698 655134 376439 278695 47790 18961 58554 230905 221903 157927 122159 78707 32513 35768 52564 41009 46194 13573 17101 317885 31021 41453 17562 18206 27535 10969 306118 32621 12768
is_linear=0
shrinkage=0.03


Tree=94
num_leaves=31
num_cat=0
split_feature=19 19 50 68 18 68 71 0 51 71 68 69 61 67 56 52 57 43 71 51 62 47 56 63 71 33 48 45 58 57
split_gain=372.591 362.039 211.114 352.989 191.507 166.695 156.062 177.798 130.794 130.378 117.049 96.2695 125.21 89.8748 89.1453 88.6394 86.0513 123.755 80.217 78.0326 75.9246 71.9384 71.5018 69.4199 66.0415 63.5908 50.3411 49.3006 81.1454 49.0266
threshold=-0.45011700689792628 -0.030950374901294705 -0.01150354743003845 -1.1030365228652952 -0.42360909283161158 -1.0182871818542478 0.17651379853487018 0.017441630363464359 0.021363479085266594 0.0044726869091391572 0.23903147876262668 0.0033311456209048633 0.011437317822128536 0.38692022860050207 4.4686520099639901 0.66890722513198864 0.34170475602149969 0.0065915666054934272 0.0083084711804986017 0.0016869643586687746 -0.83645135164260853 0.028570904396474365 -0.16570662707090375 0.019317323341965679 0.30872301757335668 0.078468918800354018 0.036079997196793563 4.5000000000000009 0.93493697047233593 0.33955661952495581
decision_type=10 10 2 2 10 2 2 10 2 2 2 2 2 2 2 2 2 2 2 2 2 2 2 2 2 8 2 2 2 2
left_child=6 2 3 14 9 8 7 11 -5 10 -4 16 -13 -6 24 -8 17 -1 29 -14 -3 27 -18 -11 -2 -15 -17 28 -22 -9
right_child=1 20 4 5 13 -7 15 18 -10 23 -12 12 19 25 -16 26 22 -19 -20 -21 21 -23 -24 -25 -26 -27 -28 -29 -30 -31
leaf_value=0.014606003833540547 -0.010999498811621223 -0.001634254390343697 0.013296350379064294 0.024338660212867774 -0.00036990197465800216 -0.0012589737880570216 -0.0022844225288680747 0.0074288834288340003 -0.0019762968847684172 -0.0090840911160583893 -0.0036141702527381762 -0.0047400794819097763 -0.0023922904190974768 -0.014080239755345232 0.0046752041060211811 0.016433712006879202 -0.0029922162145769103 -0.0022517195094382287 -0.0059524058419082905 0.010810033312228611 0.020898008675084529 -0.00095928020253506366 0.0072920535586602645 0.0010217108484309771 0.0026601351026395749 0.0021909021831514009 0 0 -0.0015335787724712921 -0.0026599948989040455
leaf_weight=1922.2939385552891 1049.2392380726524 199.1059731929563 410.67907817289233 400.76207239041105 647.07973842835054 350.22648803098127 137.72472991421819 481.53072253707796 98.3334866091609 871.17225591465831 296.480102524627 1199.186754597351 325.80937547050416 2853.9727114369161 210.68238220736384 1347.7322950586677 821.80504445964471 287.53985764458776 1667.2670292486437 718.29629263468087 504.09788906434551 158.79101182566956 650.75492980331182 855.91468601254746 150.12811633199453 65.357141118496656 188.57509438879788 126.47474316973239 66.30181826883927 369.663511603605
leaf_count=58479 61902 10923 26810 6786 41559 18399 2011 16527 4388 52800 19835 38428 4475 268863 3670 8929 39069 6858 47491 6976 15102 9498 20865 39427 1088 2368 1552 6895 3836 19179
internal_value=0.00190643 -0.00234326 -0.00463117 0.0026751 -0.00742245 0.0141334 0.00577306 0.0036181 0.0204594 -0.000524976 0.00739761 0.00631573 0.000925883 -0.0114131 -0.00596259 0.013173 0.00902425 0.0122911 -0.00262454 0.00705538 0.0111081 0.0138036 0.00209689 -0.00483614 -0.00883354 -0.0133611 0.0149267 0.0164136 0.0185119 0.0034624
internal_weight=19433 9314.8 8260.03 2259.37 6000.66 849.322 10118.2 8444.15 499.096 2434.25 707.159 5925.69 2243.29 3566.41 1410.05 1674.03 3682.39 2209.83 2518.46 1044.11 1054.77 855.665 1472.56 1727.09 1199.37 2919.33 1536.31 696.874 570.4 851.194
internal_count=864988 594149 547895 96233 451662 29573 270839 258347 11174 138872 46645 175150 49879 312790 66660 12492 125271 65337 83197 11451 46254 35331 59934 92227 62990 271231 10481 25833 18938 35706
is_linear=0
shrinkage=0.03


Tree=95
num_leaves=31
num_cat=0
split_feature=19 43 66 48 57 69 71 58 52 57 56 67 56 60 50 65 66 35 64 59 59 48 56 60 60 48 70 70 55 64
split_gain=356.65 324.253 261.576 317.173 261.361 367.164 219.645 308.768 278.459 328.535 224.192 196.155 177.107 170.944 151.032 96.3835 93.8979 80.8633 74.3192 61.3193 62.5942 80.9435 56.5805 55.9048 43.7186 39.3899 34.2079 47.8772 33.1413 35.3341
threshold=-0.9819783866405486 0.0018860850250348451 0.93675422668457042 0.040082879364490516 0.3196601420640946 -0.0010644167196005581 0.0050930639263242492 0.16431949287652972 0.87565043568611156 0.33242170512676245 6.5999212265014657 0.38692022860050207 -0.43521706759929651 1.0467001199722292 0.0027649998664855961 0.022385041229426864 0.73275533318519603 0.15590494871139529 0.93322640657424938 14.900000095367433 5.7000000476837167 0.040082879364490516 -0.2340041249990463 0.40111199021339422 0.1085803620517254 0.030805222690105442 -0.4268940389156341 -1.5977824926376341 0.0017957484233193102 -0.69379436969757069
decision_type=10 2 2 2 2 2 2 2 2 2 2 2 2 2 2 2 2 8 2 2 2 2 2 2 2 2 2 2 2 2
left_child=19 4 6 13 5 12 7 14 9 -8 -10 24 -2 15 -3 -4 -7 -13 -14 20 26 28 -5 -18 -6 -9 27 -1 -22 -30
right_child=1 2 3 22 11 16 8 25 10 -11 -12 17 18 -15 -16 -17 23 -19 -20 -21 21 -23 -24 -25 -26 -27 -28 -29 29 -31
leaf_value=-0.0020602846754153754 -0.0033192394767849885 0.02125922342824952 0.0010200415120422794 0.0037997595860015262 -0.0026079540119303721 -0.011634878469497801 -0.011173672584410049 -0.0084751313475629128 -0.0091651961747312126 0.00867566405611115 0.0095896565131671357 -0.016337221437180891 0.022210430095265618 -0.0015731473816730575 -0.0022688964797442806 0.027246263725422978 0.0072146768953636614 0.0017591728446584426 0 -0.0026058627152292881 0 -0.0020823388193357863 -0.0080025392586827691 -0.0045924633130143937 0.0089345737582771766 0.0027829665012174096 0.0011250051586588657 0.01070687594294463 0.0021798111512145264 0.017061122900823057
leaf_weight=116.94642182718962 249.66655111592263 697.02062042383477 215.55339138163254 201.26323698135093 183.734313222114 898.29947908315808 515.47138970252126 412.36036638729274 3709.1750652408227 2593.8716991129331 235.21382095478475 2088.0473739677109 397.93026427691802 199.79531372245401 169.63261082721874 595.13641148107126 244.47682017367333 111.36103168828413 157.18160805990919 172.15579232387245 167.50223261211067 139.30418508127332 369.98081935383379 210.54739039484411 123.12815290875733 73.866235288325697 1732.6404558024369 594.65623468905687 382.93754093162715 1451.9114275798202
leaf_count=2120 18076 24992 9197 2902 16346 65819 21554 31659 183975 80369 2977 204913 14473 9633 11638 15534 11355 3924 8056 3028 4284 3201 17583 12569 8124 3707 44577 11976 4496 12694
internal_value=0.00191387 -0.000456759 0.00256765 0.0120909 -0.00661291 0.00100456 0.000163975 0.00944102 -0.00208276 0.00420986 -0.00702627 -0.0123481 0.0131296 0.0195086 0.0172892 0.0235512 -0.00764089 -0.0151537 0.0188791 0.00862064 0.00931583 0.0129155 -0.00373157 0.00189314 0.00431825 -0.00591682 0.00440215 0.00837673 0.0142864 0.0152157
internal_weight=19410.8 14652.7 9988.34 1581.73 4664.37 2158.1 8406.61 1352.88 7053.73 3109.34 3944.39 2506.27 804.778 1010.49 866.653 810.69 1353.32 2199.41 555.112 4758.05 4585.9 2141.66 571.244 455.024 306.862 486.227 2444.24 711.603 2002.35 1834.85
internal_count=865751 779375 415720 54849 363655 130348 360871 71996 288875 101923 186952 233307 40605 34364 36630 24731 89743 208837 22529 86376 83348 24675 20485 23924 24470 35366 58673 14096 21474 17190
is_linear=0
shrinkage=0.03


Tree=96
num_leaves=31
num_cat=0
split_feature=7 0 56 47 56 65 69 18 69 42 62 2 72 58 20 47 19 19 66 47 49 66 61 66 39 14 64 55 71 35
split_gain=359.144 213.339 239.465 252.961 386.91 347.354 331.024 153.188 125.466 118.967 94.423 89.9014 64.8573 62.6982 48.4045 43.4872 23.5927 23.3179 21.7547 15.3844 15.3382 9.49242 5.89707 5.08888 4.57936 3.83548 2.07162 1.8413 1.70274 0.957063
threshold=-0.020329182036221024 -0.15534830093383786 4.4686520099639901 0.011003429535776378 -0.39517524838447565 0.0042212110711261639 0.0032951772445812826 -0.4117083996534347 0.015392494387924673 0.0067043814342468986 3.4812114238739018 -0.0077471807599067679 -0.20425327867269513 -0.86180907487869252 -0.60240375995635975 0.011372546199709179 -0.016357721760869023 -0.54062640666961659 1.2267318367958071 0.043522452935576446 0.25180546939373022 0.65948763489723217 0.0048790709115564832 0.30773022770881658 -0.011622667312622069 -2.8148096799850459 1.5608269572257998 0.0039273570291697988 0.0039758731145411738 0.020000040531158451
decision_type=10 10 2 2 2 2 2 10 2 2 2 10 2 2 10 2 10 10 2 2 2 2 2 2 10 10 2 2 2 8
left_child=1 8 3 5 13 -3 -6 12 -1 -4 14 -7 22 -5 28 25 17 -16 19 -17 -12 27 24 -11 -2 -14 -26 -10 -9 -27
right_child=7 2 9 4 6 11 -8 10 21 23 20 -13 15 -15 16 18 -18 -19 -20 -21 -22 -23 -24 -25 26 29 -28 -29 -30 -31
leaf_value=0.01645388287756646 0.00012623918848546025 0.013736838528078315 0.019014659646383249 0.0012701312595533596 0.0097497957532913116 0.00029135599969415724 -0.0033271918391919891 -4.4073983730323901e-05 0 -0.0031395634055189788 0.006352363908597042 -0.0097602928403551937 0.00075518592062879012 -0.010516706921257463 -0.0006567498837856782 0.012733940405254347 0 -0.013710868591670304 -0.00074176375583294017 -0.00023457855751372086 -0.0014510719339530813 0.0015612038814763474 0.00042730935843642698 0.00087588328180183582 -0.0057867952992761212 -0.0029708290523064438 0 -0.0042878883656055711 0.0025257014488019713 0
leaf_weight=1139.2999573238194 10.606730550993232 336.89345808513463 564.89114922098815 346.43351296568289 6127.678081644699 926.34281203197315 2038.7329863458872 25.49640589626506 76.157738466747105 133.50381558574736 73.215892553329468 3017.0305111198686 43.283112694974989 1221.986012254376 236.56811736896634 288.73100037034601 108.35104949912056 1880.5062075546011 29.535422404762357 22.68214186700061 46.54601183719933 69.718805935233831 20.97880088025704 56.625590625219047 243.94200216932222 121.4933559098281 12.547867019660769 124.49482701811939 44.278514180798084 12.330503258388488
leaf_count=20543 952 1779 4314 17592 202173 27311 64459 2989 820 2412 306 158602 3309 64258 18823 11956 6054 198809 2255 1833 3188 662 1434 1244 29627 10220 1365 2980 2220 1190
internal_value=0.00182389 0.00367555 0.00234241 0.00115202 0.0037946 -0.00456364 0.00644692 -0.00664063 0.0132162 0.0149377 -0.00996531 -0.00756445 0.00309165 -0.0080905 -0.0114112 0.00749134 -0.0121993 -0.012771 0.0106169 0.0118571 0.00411158 -0.00186176 -0.00417284 -0.00174081 -0.00496825 -0.00147931 -0.00551969 -0.00374464 0.00184551 -0.00270095
internal_weight=19400.9 16179.8 14770.1 14015.1 9734.83 4280.27 8166.41 3221.09 1409.67 755.021 2414.96 3943.37 806.131 1568.42 2295.2 518.056 2225.43 2117.07 340.949 311.413 119.762 270.371 288.075 190.129 267.097 177.107 256.49 200.653 69.7749 133.824
internal_count=865679 569149 544144 536174 348482 187692 266632 296530 25005 7970 232389 185913 64141 81850 228895 30763 223686 217632 16044 13789 3494 4462 33378 3656 31944 14719 30992 3800 5209 11410
is_linear=0
shrinkage=0.03


Tree=97
num_leaves=31
num_cat=0
split_feature=19 19 71 38 50 68 71 57 69 74 67 63 47 63 54 56 54 51 63 56 56 55 57 52 58 63 56 52 56 50
split_gain=352.049 441.325 171.343 181.399 159.532 275.074 141.72 331.165 332.083 152.056 117.499 115.462 126.971 112.57 111.779 108.744 103.991 89.9548 86.9579 82.0887 230.865 80.4821 89.2535 75.1813 68.7823 61.8317 54.9038 47.8253 38.0233 29.7347
threshold=-0.34874205291271204 -0.046233670786023133 0.17651379853487018 0.99980026483535778 -0.01150354743003845 -1.0706101059913633 0.0083084711804986017 0.33917611837387091 0.0030769139993935828 -1.0058630704879759 0.41386419534683233 0.025180091150105003 -0.0037822028389200564 0.019317323341965679 0.38734222948551184 0.62024489045143139 -0.98190271854400624 0.01364261005073786 0.0020181799773126845 -0.3468599915504455 -0.38176001608371729 0.0026815459132194523 0.31858325004577642 0.92573672533035289 -0.51512968540191639 0.022943665273487571 4.4686520099639901 0.74886998534202587 0.51201243698596965 -0.012671053409576414
decision_type=10 10 2 8 2 2 2 2 2 2 2 2 2 2 2 2 2 2 2 2 2 2 2 2 2 2 2 2 2 2
left_child=2 4 3 6 5 26 7 8 -1 17 13 12 -7 28 18 27 -17 -8 -3 20 -12 -20 -23 -9 -11 -15 29 -4 -6 -2
right_child=1 14 15 -5 10 11 9 23 -10 24 19 -13 -14 25 -16 16 -18 -19 21 -21 -22 22 -24 -25 -26 -27 -28 -29 -30 -31
leaf_value=0.017386823246173778 -0.010388907456214203 -0.0028274460211490794 0 0.014518338932549803 -0.0080975307646332338 -0.0034105097978115594 -0.0016721000687750685 0.0028364917802378067 -0.0019967710612112184 0.00012036592227749231 -0.010534540676866266 -0.0036450065479942798 0.0201575237716527 0.011924054807150173 -0.0034883852446502888 0.0086852200664757628 -0.0065518175719046223 0.012190441070368357 0 -0.014511065644592676 0.010507148466992243 -0.0020180628194292945 0.019640192576458142 -0.0081290147805065001 -0.0075351352495448328 -0.0023475951871429275 0.0027267720720810418 0.018113238575668534 0.0019363893850735793 0.0012844106577675918
leaf_weight=1752.1067599491216 870.95189226092771 100.08310586446896 164.21614197362214 645.08392624044791 772.57991638220847 75.475471852812916 506.15744175482541 507.69150291057304 1045.0456976592541 1590.9274239274673 645.53370568156242 111.91317671258003 425.36564733413979 223.78132145665586 224.87605683505535 262.79828101024032 351.49938293732703 457.70006576459855 259.71050414675847 2292.3331815870479 300.91355269402266 69.548907241784036 808.57634861720726 1086.7853025938384 2185.3491259934381 171.4019058290869 161.1751658571884 1064.7574483994395 183.06811173073947 60.622689491603523
leaf_count=64652 47962 6093 2245 13508 58223 4733 16108 28898 31749 38759 70856 5569 10418 6809 16273 1156 4054 10125 21622 200910 9512 4108 25887 63292 70395 9582 2869 7099 7585 4138
internal_value=0.00193346 -0.00288149 0.00515906 0.00317855 -0.00638101 0.00110643 0.00163426 0.00526025 0.0108493 -0.00184927 -0.00905765 0.0124556 0.0163766 -0.000879519 0.00981487 0.0126161 0.000669662 0.00662113 0.0127125 -0.0118146 -0.00231765 0.0147084 0.0175973 -0.00465066 -0.00460279 0.00754508 -0.00698148 0.0164934 -0.0059644 -0.00923642
internal_weight=19378 7757.91 11620.1 9776.85 6295.12 1705.5 9131.76 4391.63 2797.15 4740.13 4589.61 612.754 500.841 1350.83 1462.79 1843.27 614.298 963.858 1237.92 3238.78 946.447 1137.84 878.125 1594.48 3776.28 395.183 1092.75 1228.97 955.648 931.575
internal_count=865189 513149 352040 337486 439166 75689 323978 188591 96401 135387 363477 20720 15151 82199 73983 14554 5210 26233 57710 281278 80368 51617 29995 92190 109154 16391 54969 9344 65808 52100
is_linear=0
shrinkage=0.03


Tree=98
num_leaves=31
num_cat=0
split_feature=43 57 65 62 62 47 43 44 58 42 59 73 34 50 48 67 43 53 51 0 67 48 71 71 71 43 71 68 68 54
split_gain=330.418 374.149 334.118 309.969 281.628 407.742 322.603 662.676 684.114 320.866 271.743 199.645 194.563 188.351 186.05 181.412 169.172 164.682 163.155 134.921 109.329 122.364 93.5279 70.1359 66.568 63.1083 58.6598 45.2557 39.1716 36.4766
threshold=0.0020408177515491848 0.32109540700912481 0.031043703667819503 -0.91916343569755543 -0.32090379297733301 0.040249230340123184 0.0040278600063174972 0.4236596822738648 -0.54311645030975331 0.0049544968642294416 2.8999999761581425 0.82331565022468578 0.069769620895385756 0.00053662061691284191 0.028823044151067737 0.38692022860050207 0.0098588443361222761 0.0098900953307747858 0.0041444529779255399 -0.15534830093383786 0.48635932803153997 0.035573117434978492 0.030219870619475845 0.048266069963574416 0.005161403678357602 0.0018860850250348451 0.010446998756378891 1.6770821809768679 -0.32142461836338038 -0.66840717196464527
decision_type=2 2 2 2 2 2 2 2 2 2 2 2 8 2 2 2 2 2 2 10 2 2 2 2 2 2 2 2 2 2
left_child=1 2 20 22 6 10 7 8 -5 17 11 -6 -12 -11 -4 28 18 -8 -7 -17 26 27 -2 -16 -23 -21 -1 -22 -3 -24
right_child=3 15 14 4 5 16 9 -9 -10 13 12 -13 -14 -15 23 19 -18 -19 -20 25 21 24 29 -25 -26 -27 -28 -29 -30 -31
leaf_value=0.008243666726279816 -0.011338310739126015 -0.0022136941878328348 0.022296741344398279 -0.0038127225931188125 0.017662187025489669 0.00096549335874607407 -0.0013580464092035529 -0.0078762540118635527 0.039347757020321297 -0.0080718456180504453 -0.0094473252831036286 -0.0023692072942703146 0.0054068729753370603 0.0064526553727024451 -0.0066872604497623155 0.0035747822145154886 -0.0022877526826704229 0.021101937742611827 0.020422592135908378 -0.015452277046687505 -0.011405685006231677 0.0094742471795103388 -0.0029406730335858064 0.0062782118500529826 -0.0042636856755117461 0.000501365261514105 -0.0037618879865083847 0.0020587425448868836 0.008486481645550964 0.0073621630345243423
leaf_weight=528.97498506121337 895.90456751268357 207.35495304549113 471.42552597215399 315.97665853798389 385.41610416024923 631.7204132694751 287.02401295443997 318.72698226571083 816.16880692727864 1330.5758508876897 3173.1450149249285 655.75331205362454 631.70236101699993 939.84900817880407 234.90310199232772 200.49927507573739 460.78862415160984 633.49321764335036 1046.3480530171655 2418.2702316287905 1267.7057833764702 219.39269384602085 167.59168222267181 267.6555398479104 145.22329263621941 169.24407756049186 171.71950169093907 59.39063100842759 179.90922631509602 129.01509330049157
leaf_count=33094 57749 16636 7442 16470 4325 17600 14447 22441 17647 52515 125273 32923 13160 21758 10578 5557 7975 4834 14199 217939 80714 6865 7998 2864 6902 13750 10948 3162 12584 4618
internal_value=0.00180009 -0.00349 0.0032523 0.00455184 0.00610936 0.00197636 0.0114733 0.0213385 0.0296402 0.00462343 -0.00287733 0.00817572 -0.0065699 -0.00187165 0.0146302 -0.0101897 0.0115486 0.0158746 0.0151387 -0.0126685 -0.00300441 -0.00668225 -0.00777511 0 0.00435416 -0.0143994 0.00471027 -0.0102404 0.00440023 0.00297229
internal_weight=19360.9 6541.67 3366.39 12819.2 11626.7 6984.87 4641.81 1450.87 1132.15 3190.94 4846.02 1041.17 3804.85 2270.42 973.984 3175.28 2138.86 920.517 1678.07 2788.01 2392.41 1691.71 1192.51 502.559 364.616 2587.51 700.694 1327.1 387.264 296.607
internal_count=864967 429035 162569 435932 365567 215455 150112 56558 34117 93554 175681 37248 138433 74273 20884 266466 39774 19281 31799 237246 141685 97643 70365 13442 13767 231689 44042 83876 29220 12616
is_linear=0
shrinkage=0.03


Tree=99
num_leaves=31
num_cat=0
split_feature=43 69 63 62 60 71 63 62 60 67 63 42 58 54 44 50 16 43 58 71 55 64 63 54 45 0 60 60 14 34
split_gain=329.587 354.779 546.1 311.66 269.555 341.397 356.834 338.855 385.118 324.034 461.56 282.786 252.306 231.678 200.85 167.655 145.343 135.081 130.638 114.579 100.545 94.7911 65.4685 56.3775 55.9411 49.0679 35.9608 33.6317 30.1768 27.0973
threshold=0.0020408177515491848 -0.00068958700285293151 0.022776566445827488 -0.91916343569755543 -0.80535188317298878 0.010071832221001388 0.0075528146699070939 -0.24077358841896054 -0.85769367218017567 0.42408187687397009 0.023326510563492778 0.053907241672277458 0.27927398681640631 -0.56516337394714344 0.29459981620311743 -0.014804646372795103 0.16338446736335757 0.0059507286641746768 -0.93256223201751698 0.00027196513838134711 0.010451580397784712 0.8393896520137788 0.012016552034765484 -1.3058125376701353 5.5000000000000009 -0.042515099048614495 -0.69208687543869007 3.040570974349976 -4.0164730548858634 0.076960563659667983
decision_type=2 2 2 2 2 2 2 2 2 2 2 2 2 2 2 2 8 2 2 2 2 2 2 2 2 10 2 2 10 8
left_child=1 2 23 20 7 9 15 8 13 12 -11 -8 -6 -5 18 -7 19 -10 -4 -3 29 -20 -21 -1 -16 -25 -22 -24 -27 -2
right_child=3 16 14 4 5 6 11 -9 17 10 -12 -13 -14 -15 24 -17 -18 -19 21 22 26 -23 27 25 -26 28 -28 -29 -30 -31
leaf_value=0.0036512561276075511 -0.012414881988728359 0.0031373239876242506 8.8837142338448828e-06 -0.0060871113180955474 0.024686372764143951 0.016631559676076577 -0.0099153760409568022 -0.0077694988844678467 0.035639463467049055 -0.011060529669726293 0.010808605750143106 0.0073196547769174012 -0.0022966958718066729 0.011885542305593957 -0.0067779434622732308 -0.0035706437141362077 0.0021601630583511075 0.0014213160378063561 0.026584606463460544 0.00050079862487528986 -0.0027819667529680359 -0.00025307664228044804 -0.015368831672546709 0.00083974731543884384 0.0054446146135168931 0.00069518312490237961 0.0076691217895011269 0.00012932067367173771 -0.011243715501847017 0.00060507513627376696
leaf_weight=92.085732737090439 844.21988415718079 196.67689250502735 270.87273891223595 560.93465026747435 929.64632347133011 636.15215327590704 3186.5261274101213 292.18372436519712 470.43238979624584 974.08226067898795 1623.5146850380115 698.90893177129328 272.57139226142317 1488.7593261785805 262.97825182368979 294.88579132826999 592.13261000346392 185.54843859747052 650.11498508043587 199.48492218134925 147.67511232709512 97.162155189551413 2317.4334494685754 298.72088701277971 109.33708386169747 99.588317412883043 123.13366527482867 83.247370683588088 1233.3184014428407 63.017455335240811
leaf_count=7927 56924 4160 13467 25007 25162 9031 119178 12064 4562 56794 52714 7452 14869 26073 22057 11760 13992 1357 7309 19018 7903 5128 187539 13485 7700 6120 3157 8182 113780 2055
internal_value=0.00189278 -0.00341165 0.00357971 0.00463886 0.00619369 0.0030875 -0.00214803 0.0133181 0.0165455 0.00927168 0.00204936 -0.00626567 0.0195148 0.00662019 0.0151165 0.0110114 -0.00954751 0.0310213 0.0200448 -0.0120689 -0.00778917 0.024152 -0.0136363 -0.00689816 -0.00178126 -0.00835108 0.00347308 -0.0147983 -0.0102417 -0.0114037
internal_weight=19295.3 6503.15 3114.18 12792.2 11614.1 8616.29 4816.47 2997.86 2705.67 3799.81 2597.6 3885.44 1202.22 2049.69 1390.47 931.038 3388.98 655.981 1018.15 2796.84 1178.05 747.277 2600.17 1723.71 372.315 1631.63 270.809 2400.68 1332.91 907.237
internal_count=865926 429864 196973 436062 366023 296960 147421 69063 56999 149539 109508 126630 40031 51080 55661 20791 232891 5919 25904 218899 70039 12437 214739 141312 29757 133385 11060 195721 119900 58979
is_linear=0
shrinkage=0.03


Tree=100
num_leaves=31
num_cat=0
split_feature=13 18 35 67 52 67 60 69 67 44 66 13 63 53 47 66 56 50 57 55 63 63 47 43 53 55 42 66 61 16
split_gain=314.583 300.488 249.516 190.749 297.957 177.764 152.536 148.926 132.21 170.325 124.75 111.738 71.5436 69.705 83.582 94.877 70.8996 71.1445 96.7151 63.4901 61.0354 59.575 48.1436 45.7361 41.3321 38.8853 38.1097 36.3386 35.236 34.3092
threshold=-12.524242877960203 -0.39462152123451227 0.11591976881027223 0.54377403855323803 0.78474208712577831 0.38692022860050207 -1.1525862216949461 -0.0058816045057028523 0.30432355403900152 0.38799282908439642 0.8987252712249757 -11.829221248626707 0.01618294604122639 0.072124548256397261 0.0097049088217318075 -1.647102355957031 -0.48340311646461481 -0.015250384807586668 0.37146498262882238 0.0022145491093397145 0.012772096320986749 0.027702216990292076 0.074507597833871855 0.014046320226043464 0.0045238258317112931 0.47011993825435644 0.0061029999051243075 1.1569419503211977 0.0055069394875317821 0.26441122591495519
decision_type=10 10 8 2 2 2 2 2 2 2 2 10 2 2 2 2 2 2 2 2 2 2 2 2 2 2 2 2 2 8
left_child=13 3 5 4 19 7 -5 23 24 -10 22 21 -9 14 15 28 -16 26 -19 -2 -17 -7 -8 -3 -6 -21 -18 -12 -1 -22
right_child=1 2 -4 6 8 11 10 12 9 -11 27 -13 -14 -15 16 20 17 18 -20 25 29 -23 -24 -25 -26 -27 -28 -29 -30 -31
leaf_value=-0.00084698884452579296 0.0042690277654273585 -0.0070234795482425269 0.0086512922528377209 0.008805699074451688 0.0042984895205411666 -0.0058522664624775737 -0.013094532850048498 -0.001618495597547648 0.01665363286882366 0.00032510895589554507 0.0075088780387421988 -0.012968929060090655 0.014791911606109707 -0.0016625865460495857 0 0.0034354661068115608 0.0057781989029758833 0.014920908573015529 0.00077871512057562558 -0.010736557786790156 -0.0084308418336363142 0.0030777363451860683 0.002085860076929361 0.0020828529299759197 -0.0067968881234866099 0.0016046814812506515 -0.0039682151290867549 -0.0027678110443452686 0.011443370002556071 0.0021755382117369824
leaf_weight=138.94330583978444 81.956701760645956 864.58633302990347 631.63029826572165 206.81292139412835 43.758113205898553 1268.8441897691227 989.71265683555976 174.08420574292541 2094.5666692680679 813.37192741688341 201.01224279683083 2867.7720713606104 272.47793435491621 553.12000094354153 571.85340879345313 466.00811276491731 122.6091350466013 2535.2537548081018 628.21329921018332 628.41015899879858 710.57680646842346 640.32043173070997 36.14204616099596 427.20104884542525 259.59800933487713 93.174051539972425 358.04141310602427 149.26028945716098 315.51264655776322 79.834771705791354
leaf_count=4506 5088 51998 17252 2445 880 72381 51289 13292 93508 51581 6167 265972 7901 6565 21666 15462 1287 48209 15976 25001 22348 21741 170 10168 13250 526 5497 10246 1585 1256
internal_value=0.001757 -0.000990026 -0.0049361 0.00399053 0.00724974 -0.00681883 -0.00388778 0.0010644 0.0110771 0.0128922 -0.00779371 -0.00957346 0.010602 0.00688667 0.00779848 0.00143156 0.00989291 0.0112593 0.012684 -0.00619773 -0.00286153 -0.00271552 -0.0118548 -0.00410368 -0.00314377 -0.00889287 0 0.00372444 0.0088962 -0.0066992
internal_weight=19224.7 12744.7 7146.92 5597.78 4014.84 6515.29 1582.94 1738.35 3211.29 2907.94 1376.13 4776.94 446.562 6479.97 5926.85 1710.88 4215.97 3644.12 3163.47 803.541 1256.42 1909.16 1025.85 1291.79 303.356 721.584 480.651 350.273 454.456 790.412
internal_count=865213 720856 460705 260151 189834 443453 70317 83359 159219 145089 67872 360094 21193 144357 137792 45157 92635 70969 64185 30615 39066 94122 51459 62166 14130 25527 6784 16413 6091 23604
is_linear=0
shrinkage=0.03


Tree=101
num_leaves=28
num_cat=0
split_feature=35 11 73 47 56 57 69 61 56 69 71 68 67 74 20 57 2 65 72 73 61 69 69 73 57 58 20
split_gain=318.419 315.319 246.032 167.813 352.086 314.425 305.026 300.316 164.963 103.613 101.327 94.2079 84.6225 80.1015 70.1711 53.3851 51.1318 43.1006 59.8815 38.4552 28.6201 15.564 14.0685 12.7783 8.8357 8.65039 6.22922
threshold=0.18135243654251101 -0.0077686181757599107 1.1799609661102297 0.011003429535776378 -0.39517524838447565 0.37506106495857244 0.0032951772445812826 0.0039230044931173333 0.19903520494699481 0.015392494387924673 0.0059473654255270967 1.7074670791625979 0.41224266588687902 -0.31251943111419672 -0.25348311662673945 0.45002940297126776 -0.019842654466629025 0.030707207508385185 0.19631727784872058 1.0757752656936648 0.052591865882277496 -0.001366054988466203 0.0028889864915981893 1.0004318952560427 0.22530420124530795 -1.0318737030029295 0.15670883655548098
decision_type=8 10 2 2 2 2 2 2 2 2 2 2 2 2 8 2 10 2 2 2 2 2 2 2 2 2 8
left_child=1 2 3 5 14 10 -6 -7 15 -2 -1 16 13 25 -5 17 -4 18 -3 -15 -18 -19 -14 -17 -11 -10 -25
right_child=9 8 11 4 6 7 -8 -9 12 24 -12 -13 22 19 -16 23 20 21 -20 -21 -22 -23 -24 26 -26 -27 -28
leaf_value=0.0026959443043758293 0.017718704694629793 -0.014156687495972963 0.0020976756116502971 0.0020772010223287923 0.011610397092759156 -0.0026186160243135354 -0.0022069005029103183 0.018714233484482663 0.00094985423386886349 0.0015678019410255704 -0.0092613155299709621 0.005631211080040755 -0.0071852304744661911 0.01335209962750729 -0.0093527487149679383 -0.0022981068015891139 -0.01195333506812679 0.0031790281361736557 0.0011415101551308529 -0.00096823526350372808 0.00088390723464348679 -0.0034569093225444111 0.00095266344614414926 -0.00043966660734179081 -0.0035151122562184166 -0.0047766303332768927 0.0050934963990157817
leaf_weight=544.97992849117145 903.92670049099252 1814.3763160603121 100.61680709570646 438.43272552127019 6046.0841819373891 968.56864401465282 1615.8326979293488 649.70726141519845 43.756116076372564 122.8917937092483 2146.8857354195789 76.756412744056433 228.46639408683404 389.58536862581968 952.69129480281845 60.967320222407579 1202.8299778490327 148.19109896151349 137.58059377735481 84.20599630754441 53.330707184970379 123.98966935509816 39.609688415192068 33.375043876934797 93.995026013813913 155.60281683411449 81.11534153483808
leaf_count=35404 15564 204978 2017 16416 194116 52431 45114 6163 1325 1052 86306 2212 16643 7464 62622 5397 61702 6896 7493 4898 468 13170 1843 1576 2335 8160 2054
internal_value=0.00190588 0.000729317 0.00265495 0.00399401 0.00621748 -0.000774647 0.00870301 0.00820019 -0.00695667 0.014662 -0.00670343 -0.00747733 0.00255128 0.00715774 -0.00599503 -0.0105864 -0.00969718 -0.0116854 -0.0129432 0.0113086 -0.011141 0 -0.00575481 0.00123803 -0.00113182 -0.00331029 0.00394701
internal_weight=19258.4 18137.5 14796.7 13363.2 9053.04 4310.14 7661.92 1618.28 3340.82 1120.81 2691.87 1433.53 941.226 673.15 1391.12 2399.6 1356.78 2224.14 1951.96 473.791 1256.16 272.181 268.076 175.458 216.887 199.359 114.49
internal_count=865819 846868 564971 498572 318268 180304 239230 58594 281897 18951 121710 66399 40333 21847 79038 241564 64187 232537 212471 12362 62170 20066 18486 9027 3387 9485 3630
is_linear=0
shrinkage=0.03


Tree=102
num_leaves=31
num_cat=0
split_feature=35 11 56 73 67 66 66 69 61 74 57 18 69 73 68 43 65 72 19 54 54 66 69 11 44 65 67 43 16 35
split_gain=314.929 319.154 237.713 194.987 165.13 148.839 274.62 201.964 167.419 144.861 128.887 105.065 90.9219 90.6442 82.2926 67.5205 60.4842 54.2574 50.1831 50.0805 46.3505 37.4024 25.7459 18.4196 17.6395 6.76065 5.77728 4.81594 2.99133 2.7139
threshold=0.1993091702461243 -0.0095745776779949648 0.19903520494699481 1.1799609661102297 0.41712234914302831 -1.7039973735809324 -0.66878780722618092 0.0060663700569421062 0.0047186664305627355 -0.31251943111419672 0.37506106495857244 -0.46750357747077936 0.015392494387924673 1.0757752656936648 1.6026666760444643 0.0037514514988288288 0.030707207508385185 0.20411483943462375 -2.1503981351852413 -1.0437430143356321 -0.28423915803432459 0.26227484643459326 0.0028889864915981893 -0.030549624934792515 0.24865591526031497 0.029855263419449333 0.72179794311523449 0.0021194330183789138 -0.084653031080961214 0.085444152355194106
decision_type=8 10 2 2 2 2 2 2 2 2 2 10 2 2 2 2 2 2 10 2 2 2 2 10 2 2 2 2 10 10
left_child=1 3 11 5 9 8 10 -8 19 24 -7 15 -2 -11 18 20 17 -13 -5 -1 -3 -18 29 -20 -4 -17 -14 -16 -24 -6
right_child=12 2 4 14 22 6 7 -9 -10 13 -12 16 26 -15 27 25 21 -19 23 -21 -22 -23 28 -25 -26 -27 -28 -29 -30 -31
leaf_value=0.005411328226176561 0.01824909745451753 0.0092940934404741552 0.0019097616632965976 0.0023026052057740355 -0.0089386559242167866 -0.010168253573928306 0.0071381429407358938 -0.0058938349150493676 0.018431048305805098 0.017561029682278368 0.0028636856864208611 -0.013093039473392515 -0.0028663285257211125 -0.0017969903422944116 0 -0.0068552600799992019 0.005649770938283471 0.00082225625982094985 0.00059024771871582645 -0.0063530180868224253 -0.001913186197512017 -0.0042150633938330129 0.0026861356064592041 -0.010901889238861194 -0.0055670021731103383 0.00011309131367945607 0.0012617820438930547 0.0062798650471643982 -0.00052383875523096587 0
leaf_weight=63.900712920352817 772.50163543736562 302.86539774993435 69.408622603863478 109.93577516172081 335.85173606174067 1318.8928335974924 7465.0506090009585 826.72476242901757 783.35289805568755 606.98550546634942 761.50394619815052 2556.8495796648785 77.638288501650095 131.17388005089015 53.774156898725778 277.64794519357383 106.02444312954322 169.33075284818187 30.274673127569258 286.4505348354578 264.44619271392003 305.88269555196166 36.077867669053376 1027.5444702524692 258.61561395786703 33.299722685478628 105.99485224019736 45.49985334277153 28.203158070798963 15.07043856102973
leaf_count=2647 12850 19292 2136 2106 23414 53174 252688 23071 4452 11956 22729 267745 1439 7471 2310 17779 3677 9036 347 12036 23147 24250 1036 46980 12525 744 1351 399 1788 625
internal_value=0.00188995 0.000780565 -0.0049658 0.00337042 0.00420604 0.00465292 0.0031138 0.00554338 0.013288 0.0094943 -0.00565123 -0.00850628 0.0153358 0.0145422 -0.00612733 0.000311052 -0.0107601 -0.0121423 -0.0085958 -0.00193436 0.00533994 0 -0.00681381 -0.0102965 -0.00342475 -0.00612946 -0.000864598 0.005354 0.00152988 -0.00869563
internal_weight=19226.8 18270.6 5497.73 12772.9 1481.39 11505.9 10372.2 8291.78 1133.7 1066.18 2080.4 4016.35 956.135 738.159 1267.03 878.259 3138.09 2726.18 1167.75 350.351 567.312 411.907 415.203 1057.82 328.024 310.948 183.633 99.274 64.281 350.922
internal_count=865200 849560 426621 422939 60951 370797 351662 275759 19135 34088 75903 365670 15640 19427 52142 60962 304708 276781 49433 14683 42439 27927 26863 47327 14661 18523 2790 2709 2824 24039
is_linear=0
shrinkage=0.03


Tree=103
num_leaves=31
num_cat=0
split_feature=13 51 47 47 54 56 59 62 56 58 44 56 70 38 49 60 74 34 35 50 51 74 71 54 50 62 59 35 71 17
split_gain=298.994 313.567 173.983 166.785 170.396 142.935 140.529 123.861 112.833 138.157 138.263 351.376 268.769 112.378 112.308 84.4251 71.4533 67.0048 57.6779 50.3403 43.2866 42.6722 42.6656 48.3002 42.1643 37.8796 32.4063 24.4559 24.4429 23.6425
threshold=-11.766021251678465 0.0059561927337199458 0.011241305619478227 0.028570904396474365 0.32473129034042364 4.4686520099639901 5.2999999523162851 -0.91916343569755543 -0.42773613333702082 -1.1319620609283445 0.31440092623233801 -0.24539673328399655 -0.59955355525016774 0.99980026483535778 0.25054253637790685 0.71332243084907543 -1.5208960771560667 -0.033824622631072991 0.08822119235992433 -0.015250384807586668 0.0080943345092237013 0.37970496714115148 0.00056373194092884671 1.9392585158348086 0.009815096855163576 1.2713761925697329 11.500000000000002 0.058403909206390388 0.0043302751146256932 0.50273820757865917
decision_type=10 2 2 2 2 2 2 2 2 2 2 2 2 8 2 2 2 10 8 2 2 2 2 2 2 2 2 8 2 8
left_child=7 13 5 4 6 18 -4 16 15 21 11 -11 -12 17 19 25 -1 -2 20 -5 -3 -10 -19 -24 -16 29 28 -15 -17 -9
right_child=1 2 3 14 -6 -7 -8 8 9 10 12 -13 -14 27 24 26 -18 22 -20 -21 -22 -23 23 -25 -26 -27 -28 -29 -30 -31
leaf_value=0.0052272340338824887 0.00057254624773325053 0.00096513727003904627 0.020106890499098685 -0.0024939766646949256 -0.0043366899686316596 0.0081057042952463569 -0.0021896548930147659 -0.00895920284968167 -0.006006897749747192 0.019518290020789947 0.010274209786267623 0.0024038255735578493 -0.0031555880625595959 -0.001717903043427234 -0.0093884645047042463 -0.00073126683403061795 -0.0072146094358034388 0.00063360413615452837 0.0034591787349437272 0.011759658453941804 -0.010461828232072121 0.0038249329853280115 -0.013530922525147177 0 0.0018874906155787027 0.0026526111398008207 -0.0022395504682170509 0.0075491591223385548 0.010211852041996474 0.00095101125736343425
leaf_weight=163.86717546451837 350.48487814236432 209.42016917234287 925.09869929635897 75.622994869947433 187.23960359534249 278.82268566451967 170.91030431957915 762.0265880767256 657.82610120344907 1997.7342196707614 2131.3274770141579 2265.9193035233766 2326.5792169789784 116.76559998048469 546.33409162145108 97.659773397259414 799.37263819016516 143.20466211251915 102.66246621403843 145.7116779377684 1219.8136061104015 158.30433232011274 2387.5834865579382 218.06982833007351 162.22585388505831 94.754598803352565 84.981333693023771 101.59551130933687 247.6349806250073 91.962029381655157
leaf_count=7648 26914 18768 28965 3498 11419 4421 9136 38956 19769 26845 41867 54631 87047 11605 27211 6152 44546 7604 3647 1733 84883 5303 254431 12718 5012 4260 3144 3443 8204 2080
internal_value=0.00198934 -0.00263506 0.00284691 0.00780981 0.013237 -0.00346649 0.0168453 0.00486236 0.00578976 0.00691181 0.00800467 0.0116928 0.00359331 -0.00886451 -0.00147967 -0.00158516 -0.00383005 -0.0103697 -0.00719672 0.00812072 -0.00881578 -0.00314328 -0.0117306 -0.0124993 -0.00684577 -0.00591281 0.0056839 0.00442952 0.0081601 -0.00771335
internal_weight=19221.5 7341.57 4023.86 2213.14 1283.25 1810.72 1096.01 11879.9 10916.7 9537.69 8721.56 4263.65 4457.91 3317.7 929.895 1379.02 963.24 3099.34 1531.9 221.335 1429.23 816.13 2748.86 2605.65 708.56 948.743 430.276 218.361 345.295 853.989
internal_count=865860 515408 198693 86974 49520 111719 38101 350452 298258 235462 210390 81476 128914 316715 37454 62796 52194 301667 107298 5231 103651 25072 274753 267149 32223 45296 17500 15048 14356 41036
is_linear=0
shrinkage=0.03


Tree=104
num_leaves=31
num_cat=0
split_feature=0 13 19 66 65 63 63 61 56 67 63 18 65 61 69 69 47 62 65 30 46 54 69 56 56 72 61 69 63 66
split_gain=311.828 274.134 305.996 158.235 257.372 258.259 160.992 154.902 169.82 130.695 174.919 114.258 113.479 96.8402 91.5902 82.5818 77.5535 97.6539 75.343 66.4003 64.888 56.7038 35.058 25.1901 9.32025 8.1266 7.31639 5.35084 3.48204 3.02206
threshold=-0.19864898920059201 -11.766021251678465 -0.042464021593332284 -1.7039973735809324 0.029855263419449333 0.029044248163700107 0.041617799550294883 0.0046403759624809035 -0.079919498413801179 0.38692022860050207 0.017813421785831455 -0.46750357747077936 0.0245775580406189 0.0047186664305627355 -0.0075341938063502303 0.015392494387924673 0.028570904396474365 -0.6980018913745879 0.026297203265130523 1.0000000180025095e-35 0.0015037597622722389 0.38734222948551184 -0.0043462961912155143 0.45487557351589208 0.62024489045143139 -0.24190401285886762 0.0019804212497547273 0.0011444538831710818 0.058542229235172279 1.1448356509208681
decision_type=10 10 10 2 2 2 2 2 2 2 2 10 2 2 2 2 2 2 2 2 2 2 2 2 2 2 2 2 2 2
left_child=15 3 9 13 7 20 -7 8 -5 10 23 18 -9 22 -12 -1 17 26 -11 -13 -6 -19 -2 -3 -15 -24 -4 29 -17 -18
right_child=1 2 16 4 5 6 -8 12 -10 11 14 19 -14 24 -16 28 27 21 -20 -21 -22 -23 25 -25 -26 -27 -28 -29 -30 -31
leaf_value=0.017731706005767865 -0.0053435862907074 -0.0081264398710495806 -0.0036090830525979029 -0.0023303275340214673 0.004209250109343669 0.017776849679588192 -0.003052474035425491 -0.01336010233184335 0.0073376865604737893 -0.00480709455619731 -0.0024660989531762453 -0.012305128129810973 0 0.017558086602500834 0.01482246639177813 -0.0020826797679373136 -0.0046033678314919895 0.016193317975300259 0.0064993360406113386 0.0026758536485050632 -0.0081934351846254336 -0.0015226447049886721 -0.00052294945647903804 0.00025072620185545764 0.0019160912996631068 0.0058862072035568693 0.001200760914592521 0.00059480364146166946 0.0010661334269432027 0
leaf_weight=782.95160706574097 196.56164943939075 622.34309074981138 198.17221306171268 3644.6353424764238 200.14020309550688 1451.0600128751248 216.16726182121783 800.0712523967959 2207.7990802344866 925.10499269422144 187.48043834418058 3185.1934922523797 970.62149802688509 588.81382533721626 344.22148804087192 124.68239363841712 147.20374891161919 652.81886391341686 341.36243975255638 80.260487833060324 456.31766113312915 61.535895321518183 41.443584455177188 318.92847521230578 222.79255527444184 61.218888385687023 45.185207790695131 27.989500794559717 69.642510000616312 38.099568095523864
leaf_count=12921 6913 47417 12866 168125 3569 20795 6455 20152 67730 59247 8626 297008 20304 3422 10214 2299 9831 24281 14162 2912 14134 5380 2633 12448 1664 2334 2226 2357 625 2515
internal_value=0.00166116 0.000554494 -0.00383757 0.00347341 0.00191866 0.00967146 0.0148566 -0.000857468 0.00156013 -0.00660636 0.000812339 -0.00891834 -0.00756419 0.0122922 0.0101949 0.0149297 0.00790954 0.0107345 -0.000612701 -0.0115508 -0.00396769 0.0144216 -0.000878144 -0.00597759 0.0158603 0.00451381 -0.00210548 -0.00298746 -0.000567023 -0.0040055
internal_weight=19210.8 18233.5 7175.9 11057.6 9946.81 2323.69 1667.23 7623.13 5852.43 6004.89 1472.97 4531.92 1770.69 1110.83 531.702 977.277 1171 957.712 1266.47 3265.45 656.458 714.355 299.224 941.272 811.606 102.662 243.357 213.293 194.325 185.303
internal_count=865565 849720 511490 338230 321264 44953 27250 276311 235855 452034 78705 373329 40456 16966 18840 15845 59456 44753 73409 299920 17703 29661 11880 59865 5086 4967 15092 14703 2924 12346
is_linear=0
shrinkage=0.03


Tree=105
num_leaves=31
num_cat=0
split_feature=0 14 56 62 60 62 47 51 58 46 18 2 60 63 43 63 54 54 46 26 48 58 57 62 71 64 65 56 20 47
split_gain=297.29 275.302 204.498 179.727 174.691 218.395 160.55 152.564 149.9 135.957 110.63 134.83 107.361 88.5966 71.007 68.9349 70.0773 66.5595 63.6642 45.5063 39.2571 34.7025 30.2118 20.7985 20.4776 17.6404 15.8352 11.025 6.79235 6.78039
threshold=-0.19864898920059201 -2.261242032051086 0.35258156061172491 -0.80737078189849842 -0.65380823612213124 -0.20536878705024716 0.0097049088217318075 0.00059294444508850585 0.86823120713233959 0.0010967919952236118 -0.50585833191871632 -0.0077471807599067679 -0.49410577118396753 0.021982686594128612 0.005443255417048932 0.017813421785831455 0.088957376778125777 -1.1281140446662901 0.001552809961140156 5.5000000000000009 0.026991995051503185 -0.087942484766244874 0.48259460926055914 -0.23145107179880139 0.0034330859780311589 -2.7607363462448116 0.02418354153633118 3.9482336044311528 -0.27698385715484614 0.013570698443800213
decision_type=10 10 2 2 2 2 2 2 2 2 10 10 2 2 2 2 2 2 2 2 2 2 2 2 2 2 2 2 8 2
left_child=19 3 10 18 5 8 9 -8 -5 -6 15 23 25 14 -14 24 -17 -13 20 -1 22 29 -2 -12 -3 -4 -22 -15 -27 -20
right_child=1 2 12 4 6 -7 7 -9 -10 -11 11 17 13 27 -16 16 -18 -19 21 -21 26 -23 -24 -25 -26 28 -28 -29 -30 -31
leaf_value=0.016014081193069681 -0.010271801211666955 0.0018471739100530858 0.0016246188185174216 0.017035268483401447 0.0063205465084681493 -0.0053191230671495804 -0.0054555282898787888 0.0059733732630428979 -0.00012391124448807349 -0.0093006355911683294 0.0049583864546358858 0.0012444021812629924 -0.0022656213359695423 -0.0049105203201506506 0.01490792946985744 0.0096393316946935727 -0.0038416970801348838 -0.013062793542411855 0 -0.00066342034008390761 0.0042571537711915955 -0.0031064661643176194 0.0016152186030011836 -0.0018166457054239913 -0.0068880104180151901 0 -0.0025333693390430343 0.0014115607191441633 -0.0073699726340079241 0.0072771303802943131
leaf_weight=901.37633745977655 1033.6106326100416 28.715961463283747 32.068105168640614 1799.336339936126 279.08963259030133 362.46031029662117 834.71746422443539 5600.0061846394092 520.20733489934355 1253.7365416050889 243.40574082685634 190.31262159114704 86.903262170497328 147.32691441336647 633.59473085496575 465.36538612144068 169.06717005278915 2699.0689130206592 51.372908032033592 83.662620382383466 119.70981354266405 170.78371063387021 32.204365245997906 413.83412368549034 406.9099892238155 45.093903550878167 107.48376173665747 28.043491186574101 249.38743809983134 211.86176829831675
leaf_count=14831 72770 2317 398 41966 14498 20329 45258 209934 12109 58311 7955 14677 4658 6888 13430 13776 10693 220584 2516 974 6713 9809 1149 14375 21035 879 6280 600 11958 3897
internal_value=0.00172747 0.000639992 -0.00447701 0.00315752 0.00463026 0.0106398 0.0020631 0.00416109 0.013741 -0.00545378 -0.00725838 -0.00953975 0.00491088 0.00919607 0.0125112 0.000741978 0.00567255 -0.0119874 -0.00478988 0.0146491 -0.00752595 0.00270542 -0.00931995 0.00149146 -0.00531214 -0.00493365 0.00109905 -0.00315878 -0.00659841 0.00643403
internal_weight=19200.7 18215.7 5839.1 12376.6 10649.6 2682 7967.55 6434.72 2319.54 1532.83 4616.68 3546.62 1222.42 895.868 720.498 1070.06 634.433 2889.38 1727.03 985.039 1293.01 434.018 1065.81 657.24 435.626 326.549 227.194 175.37 294.481 263.235
internal_count=865567 849762 344223 505539 402405 74404 328001 255192 54075 72809 305412 257591 38811 25576 18088 47821 24469 235261 103134 15805 86912 16222 73919 22330 23352 13235 12993 7488 12837 6413
is_linear=0
shrinkage=0.03


Tree=106
num_leaves=31
num_cat=0
split_feature=7 36 73 68 50 59 57 18 68 46 20 72 65 74 33 20 62 57 60 73 44 70 39 3 54 57 57 71 44 18
split_gain=281.04 203.892 203.731 181.679 207.543 349.777 327.514 120.64 111.787 92.5573 67.1383 62.0886 60.8846 42.4232 39.448 38.8506 36.9465 31.403 22.9522 19.7729 16.9152 14.7522 13.0233 9.61706 8.23567 6.56722 4.35919 1.13492 1.07478 0.906826
threshold=-0.019589108414947983 -1.0000000180025095e-35 1.1799609661102297 1.3225365281105044 0.0096139609813690203 5.7000000476837167 0.28482079505920416 -0.38011522591114039 1.6026666760444643 0.0080441506579518336 -0.6690581440925597 -0.18844153732061383 0.033286614343523986 0.20478046685457232 1.0000000180025095e-35 -0.29279750585556025 -0.80737078189849842 0.24495092034339908 1.1107771396636965 0.73795291781425487 0.27300959825515753 -0.24880216270685193 -0.0081129670143127424 -0.0033439113758504386 1.1555703282356264 0.41986764967441564 0.25264681875705725 0.0025703430874273185 0.23205128312110904 -0.1678252965211868
decision_type=10 8 2 2 2 2 2 10 2 2 8 2 2 2 10 10 2 2 2 2 2 2 10 10 2 2 2 2 2 10
left_child=1 2 3 4 6 -6 -1 11 10 15 21 22 14 16 -5 27 -13 -12 -18 -17 -10 -4 -2 -21 -11 26 -24 -9 -15 -29
right_child=7 -3 8 12 5 -7 -8 9 20 24 17 13 -14 28 -16 19 18 -19 -20 23 -22 -23 25 -25 -26 -27 -28 29 -30 -31
leaf_value=-0.0095568136144259155 0.001303682209327021 0.017201364249499394 0.0048001670094069684 0.0013989436518645963 -0.0010652879362077574 0.019670567229589753 0.0044802860301053305 -0.00027775929677770504 0.008205781308602892 0.0054512265926557456 0.00065023321378741025 -0.0014748367474418623 0.0040267921341010579 0 -0.010303485265826674 0 0.012742611232149854 -0.012296252391134833 -0.00062801649760700661 0 -0.0010823212427306245 -0.0019346099107915931 0 -0.013461855437685358 -0.00065097297772105428 0.00011836943638297437 -0.0069232557980956249 0.0019488476734032742 -0.002626877349426778 0
leaf_weight=1266.500094155781 28.258442591875792 411.20590869477019 106.84564752411097 134.36764298565686 1087.4320480078459 1350.2880168557167 9600.0612111855298 31.618013122119009 93.690975029021502 73.77158275898546 86.029967202804983 77.107670248486102 93.390621834434569 16.854395220056176 844.56090465607122 84.643131570890546 305.31337412726134 1150.2683978620917 34.641929959412664 40.878465682733804 34.587785789743066 102.02837639860809 13.489790511317549 1546.804774094373 45.672859580721706 38.416118308901787 289.03624570276588 44.578901292290539 113.09746960317716 43.274831284303218
leaf_count=49287 2728 7006 1440 7610 27478 9845 371690 4027 1267 606 1254 6788 2106 1258 47728 5377 12082 61084 2830 3873 2510 2280 946 173264 3020 3216 38367 2742 8862 2989
internal_value=0.00169169 0.0032383 0.00234818 0.00352886 0.00454744 0.0117115 0.00246944 -0.00630948 -0.00654449 -0.00990046 -0.00918314 0.00182026 -0.00634525 0.0064384 -0.00856446 -0.0116262 0.00924134 -0.0112948 0.0114602 -0.0125926 0.00635562 0.00204306 -0.00444456 -0.013173 0.00399155 -0.00576959 -0.00649901 0.000662334 -0.00227604 0.00145948
internal_weight=19188.7 16361.3 15950.1 14376.6 13304.3 2437.72 10866.6 2827.46 1573.45 1911.24 1445.17 916.215 1072.32 547.015 978.929 1791.8 417.063 1236.3 339.955 1672.33 128.279 208.874 369.201 1587.68 119.444 340.942 302.526 119.472 129.952 87.8537
internal_count=865560 592585 585579 515744 458300 37323 420977 272975 69835 195898 66058 77077 57444 31820 55338 192272 21700 62338 14912 182514 3777 3720 45257 177137 3626 42529 39313 9758 10120 5731
is_linear=0
shrinkage=0.03


Tree=107
num_leaves=31
num_cat=0
split_feature=7 38 20 56 51 71 68 64 68 73 62 42 17 35 54 56 69 67 53 44 15 58 42 49 68 69 73 18 52 66
split_gain=283.888 169.441 168.676 166.636 219.835 269.942 263.17 285.812 275.389 104.227 129.745 86.6192 57.5333 53.465 52.0587 47.1312 42.4194 36.13 34.2763 31.1474 29.0377 24.3621 22.5345 21.5414 13.2024 12.9357 11.9249 8.18013 7.82282 5.54335
threshold=-0.021976401098072525 0.98275795578956615 0.23379537463188174 4.4686520099639901 0.024009575136005882 0.30872301757335668 -1.0182871818542478 -0.14725879579782483 -1.1030365228652952 0.8184763789176942 3.4812114238739018 0.0067043814342468986 0.50273820757865917 0.061210691928863532 -0.56516337394714344 -0.20772045105695722 -0.0080498512834310514 0.45852933824062353 0.04038741625845433 0.30690738558769232 0.011454999446868898 -0.93256223201751698 0.011423910502344372 0.25180546939373022 1.3225365281105044 0.015392494387924673 0.83086112141609203 -0.25474593043327326 0.75499579310417186 0.30773022770881658
decision_type=10 8 8 2 2 2 2 2 2 2 2 2 10 8 2 2 2 2 2 2 10 2 2 2 2 2 2 10 2 2
left_child=1 3 9 4 6 12 8 -8 -1 19 18 -5 -6 24 -7 26 -17 22 20 21 -11 -2 -18 -12 28 -15 -4 -23 -3 -13
right_child=2 13 15 11 5 14 7 -9 -10 10 23 29 -14 25 -16 16 17 -19 -20 -21 -22 27 -24 -25 -26 -27 -28 -29 -30 -31
leaf_value=-0.00040703466488271753 -0.0016387781513130084 -0.00078618330439086991 0.0016290661177138517 0.01653996786415959 -0.012457832139408516 -0.0020499856310909944 -0.0064524577969989182 0.0042319157195444389 0.022744076697420009 -0.013413916130859333 0.0076027176060839722 -0.0029183477950756776 0.0015064624643291028 0.017295762337573829 0.010858996510328716 -0.0015814260874122126 0.014247887843889299 -0.00058182791167221541 0.0014265728257091574 -0.002974870010938469 -0.00011175431386352717 0.0094410586719016198 -0.00030230660334003398 -0.0017266592787457649 -0.0024029495850663458 4.3315345194142714e-05 -0.0046111152021198511 0 0.004643744677010328 0.0011692379406493057
leaf_weight=707.94268494984135 54.601663572248071 48.46827422035858 47.437606932129711 546.02389558777213 1680.9663027189672 162.25539427995682 2684.3053625640459 7202.6087062717415 638.27476160833612 2161.8810415258631 101.5014221072197 135.46353404410183 146.26091030612588 588.76106037804857 394.70391854643822 147.57073789834976 267.38258707290515 122.9478937741369 25.863461961969733 144.51692579593509 213.7772456840612 140.20338110299781 41.325869475957006 48.563831482082605 99.134163019713014 79.681278788950294 183.98785049282014 68.723093079868704 257.47832803614438 55.958151200786233
leaf_count=30535 5493 1255 3275 4078 53509 1785 139715 245440 11599 243464 415 2373 1755 10534 1722 7437 11451 11244 721 14443 13692 4007 2485 3274 4330 980 24048 2634 6811 1164
internal_value=0.00173258 0.00354768 -0.00517039 0.00240365 0.00136775 -0.00608094 0.00316604 0.00113125 0.0135939 -0.00826686 -0.010293 0.013008 -0.0111276 0.0130298 0.00762373 0.00474669 0.00786063 0.0105269 -0.012075 0.00276381 -0.0125488 0.00619102 0.0129465 0.0051162 0.00115642 0.0163945 -0.00268262 0.00837306 0.00345723 -0.00130811
internal_weight=19198.6 15428.3 3770.28 14354.8 13617.3 2384.19 11233.1 9886.91 1346.22 2959.63 2551.59 737.446 1827.23 1073.52 556.959 810.653 579.227 431.656 2401.52 408.045 2375.66 263.528 308.708 150.065 405.081 668.442 231.425 208.926 305.947 191.422
internal_count=865668 517585 348083 493675 486060 58771 427289 385155 42134 288143 261566 7615 55264 23910 3507 59940 32617 25180 257877 26577 257156 12134 13936 3689 12396 11514 27323 6641 8066 3537
is_linear=0
shrinkage=0.03


Tree=108
num_leaves=31
num_cat=0
split_feature=1 43 57 65 62 62 64 62 62 59 48 48 61 52 55 51 55 35 52 56 55 54 36 62 72 55 65 14 71 57
split_gain=275.729 279.704 353.052 257.1 228.111 257.565 303.359 256.616 259.34 214.646 193.062 174.783 174.194 132.867 87.921 93.4405 85.5115 59.7909 37.1817 35.0477 31.7738 31.4589 28.9824 27.2338 26.8933 18.6637 13.5431 11.285 7.88858 7.60158
threshold=-0.34132575988769526 0.0018860850250348451 0.3196601420640946 0.031043703667819503 -0.91916343569755543 -0.32090379297733301 0.91283905506134044 -0.35312132537364954 -0.57223317027091969 2.8999999761581425 0.028823044151067737 0.034405507147312171 0.00298130966257304 0.66890722513198864 0.0018899757415056231 0.0022666314616799359 0.010451580397784712 0.14649116992950442 0.50836637616157543 0.15144387632608416 0.0047459320630878219 -0.66840717196464527 -1.0000000180025095e-35 -1.6161426305770872 -0.86962026357650746 0.0058000246062874803 0.033827854320406921 -4.5303387641906729 0.0020543753635138278 0.3474488258361817
decision_type=10 2 2 2 2 2 2 2 2 2 2 2 2 2 2 2 2 8 2 2 2 2 10 2 2 2 2 10 2 2
left_child=17 2 3 14 16 7 9 8 -6 -7 26 -8 -9 18 15 -2 23 25 -4 22 -12 -18 -15 -3 -16 28 -5 -25 -1 -27
right_child=1 4 13 10 5 6 11 12 -10 -11 20 -13 -14 19 24 -17 21 -19 -20 -21 -22 -23 -24 27 -26 29 -28 -29 -30 -31
leaf_value=0 -0.0048671761517142913 0.00099351387177961455 -0.0026758937423862613 0.021611240306938853 0.009533586115497034 0.0068910462888268128 -0.0013615944565736672 -0.0024976162856204186 -0.0054965502256247726 -0.0063402555987101877 -0.0063631168321725889 0.016513124619436631 0.026973564039202137 -0.014267611385407981 0.001454157036311242 0.0075859167410911648 -0.0026503387703168007 0.016992498492225911 0.0090600414580832393 0.0013912958293340468 0.0029093771826112567 0.0070931236651617892 0.00059794178787193712 0 -0.010225618623721171 -0.0019301691634725129 0.00064659315729721865 -0.012256281394790649 0.0072210857999425847 0.0022465446724038518
leaf_weight=72.634283734485507 594.10247692419216 39.403694118373096 77.507526055909693 357.05483289156109 2757.1428692415357 995.92383500607684 614.65779154468328 102.56139541650191 1097.1465855920687 3968.2826417027973 170.29898776952177 863.5587014532648 498.60960899665952 2460.8071396639571 25.928857705090195 579.07175145298243 149.91805506870151 662.50454529188573 42.267760400660336 14.930391867179422 192.65312454663217 112.71299381926656 42.14644549228251 33.607824677135795 741.4772090963088 406.63502486329526 92.731029870919883 823.64342137053609 407.74952264875174 186.29558235872537
leaf_count=2882 36657 3072 5115 4291 88603 36093 17932 4528 54299 150845 8778 17145 4339 234939 2294 40060 7095 9416 1398 1585 2203 3754 1570 1485 46737 5799 2863 58729 8443 2937
internal_value=0.00175855 0.000456264 -0.00493122 0.00242391 0.00298943 0.00442028 0.000385648 0.00956612 0.00504639 -0.00324321 0.012916 0.0104634 0.0228222 -0.0118673 -0.00359322 0.00153036 -0.00755933 0.0116853 0.00494957 -0.0134541 -0.00225969 0.00304675 -0.0138595 -0.0108593 -0.00917629 0.00385959 0.0202206 -0.0117904 0.00640617 0
internal_weight=19184 17448.1 5390.98 2753.32 12057.2 10897.9 6442.42 4455.46 3854.29 4964.21 812.738 1478.22 601.171 2637.66 1940.58 1173.17 1159.29 1735.82 119.775 2517.88 362.952 262.631 2502.95 896.655 767.406 1073.31 449.786 857.251 480.384 592.931
internal_count=865886 836409 388490 143883 447919 373784 222015 151769 142902 186938 18135 35077 8867 244607 125748 76717 74135 29477 6513 238094 10981 10849 236509 63286 49031 20061 7154 60214 11325 8736
is_linear=0
shrinkage=0.03


Tree=109
num_leaves=31
num_cat=0
split_feature=13 18 70 52 73 0 50 49 59 73 73 51 48 59 57 50 70 50 42 52 69 62 65 56 34 71 51 56 66 59
split_gain=267.299 246.103 254.395 224.154 303.895 215.871 180.061 196.457 172.47 138.411 125.345 64.803 59.739 72.0366 74.5596 68.9473 64.6525 64.027 58.403 53.8813 53.6893 53.6485 48.9275 38.5462 36.3513 35.0336 32.6141 31.198 29.1343 28.5013
threshold=-12.524242877960203 -0.36765652894973749 0.6738804578781129 0.78474208712577831 1.1753923892974856 -0.13822466135025022 -0.01150354743003845 0.22570618242025378 6.9000000953674325 0.70223340392112743 0.8184763789176942 0.024009575136005882 0.040082879364490516 5.7000000476837167 0.2662037611007691 0.0078423321247100847 -0.4268940389156341 -0.011930346488952635 0.0445205606520176 0.72651216387748729 -0.0010133564355783162 1.0000000180025095e-35 0.025683787651360038 -0.29038475453853602 -0.12747365236282346 0.0047119201626628646 0.00057148904306814085 6.5999212265014657 1.7949567437171938 10.500000000000002
decision_type=10 10 2 2 2 10 2 2 2 2 2 2 2 2 2 2 2 2 2 2 2 2 2 2 10 2 2 2 2 2
left_child=12 2 3 9 8 -3 7 27 -5 23 20 -9 13 14 -1 17 19 29 -12 -16 -8 -19 24 -2 -4 -18 -17 -7 -14 -15
right_child=1 5 22 4 -6 6 10 11 -10 -11 18 -13 28 15 16 26 25 21 -20 -21 -22 -23 -24 -25 -26 -27 -28 -29 -30 -31
leaf_value=-0.0053298410252544184 0.010060978788715293 0.008939688520776359 0.0015425979927179978 0.013151771379687552 -0.0082025614564648647 -0.0072252723396837608 0.0054109446761346283 0.014820057212767364 -0.0048367914724435209 -0.010369312422141948 -0.012494103072788119 -0.0016564796009460132 -0.0048694352763620028 0.009823191749650604 -0.0026243568544886747 0 0.0051602316407895737 -0.0068273476606749801 0.00048255233886837859 0.011215940143248927 -0.0053210714286579452 0.0040736624987583424 0.0012287502484630804 -0.0023845758285999585 -0.011690255300868122 -0.0014537779500639616 0.017114201798648587 0.0018577582473458007 0.0033082576972217927 -0.00066529541948319817
leaf_weight=303.14188632555306 140.89562059938908 457.87349702324718 50.282085411250591 3597.0485292561352 456.31209178408608 837.06316955201328 494.95490619586781 388.73688220372424 261.66721113305539 721.82632356323302 3358.7268067607656 122.75168673321605 364.54150128737092 630.63154520466924 67.599068691022694 143.02809297572821 643.97794097894803 357.98945931112394 252.13382115866989 1029.8304843152873 222.35788967786357 288.62929570255801 252.53443244844675 56.278268061112612 746.38749931845814 1434.6038268734701 911.21252284990624 163.76726210396737 219.71908521652222 153.90418395772576
leaf_count=8262 1897 10738 774 163965 29016 49822 18660 9183 11175 28387 296613 5145 8232 7645 1352 1596 22747 9117 5841 23067 18199 7112 12323 4281 52474 41835 7734 2241 4158 2005
internal_value=0.00167 -0.000896154 0.00315634 0.00591334 0.00867185 -0.00491785 -0.00667084 0.00169557 0.0114482 -0.0053192 -0.00952916 0.0117051 0.00635653 0.00721393 0.00348793 0.0108715 0.00502164 0.00400081 -0.0115665 0.00962102 0.00101858 -0.0020453 -0.00787311 0.00691585 -0.0103509 0.00108226 0.015718 -0.00541535 -0.00141 0.00807402
internal_weight=19130.4 12581.6 6283.23 5234.03 4315.03 6298.37 5840.49 1512.32 3858.72 919 4328.17 511.489 6548.81 5964.55 3479.15 2485.4 3176.01 1431.15 3610.86 1097.43 717.313 646.619 1049.2 197.174 796.67 2078.58 1054.24 1000.83 584.261 784.536
internal_count=865596 720734 304292 238721 204156 416442 405704 66391 175140 34565 339313 14328 144862 132472 97263 35209 89001 25879 302454 24419 36859 16229 65571 6178 53248 64582 9330 52063 12390 9650
is_linear=0
shrinkage=0.03


Tree=110
num_leaves=31
num_cat=0
split_feature=13 19 24 50 44 70 74 49 71 38 53 50 67 0 42 56 62 51 14 54 65 55 33 44 57 67 64 45 70 57
split_gain=257.301 241.89 202.806 174.477 143.281 179.425 229.387 138.091 99.6459 102.671 58.5058 64.8313 74.279 93.0194 81.554 70.1317 55.6931 53.6215 51.602 51.19 43.7757 41.6996 40.4035 39.943 39.7337 39.5304 37.3395 35.8229 31.2104 23.7379
threshold=-12.476521968841551 -0.030950374901294705 -1.4999999999999998 -0.011930346488952635 0.31072796881198889 0.6738804578781129 -0.61310011148452748 0.22570618242025378 0.30872301757335668 0.99980026483535778 0.072124548256397261 0.016384482383728031 0.58777830004692089 0.019482702016830448 0.0049865813925862321 -0.38527868688106531 -0.84817710518836964 0.024009575136005882 -2.9904685020446773 0.50389480590820324 0.032515916973352439 0.00061815429944545041 0.061978161334991462 0.53348213434219371 0.39405111968517309 0.67101830244064342 -1.4476791024208067 4.5000000000000009 -0.18958143889904019 0.31790475547313696
decision_type=10 8 2 2 2 2 2 2 2 8 2 2 2 10 2 2 2 2 10 2 2 2 8 2 2 2 2 2 2 2
left_child=10 2 4 7 5 6 -2 26 9 -6 11 12 13 21 -15 -13 -3 -9 29 23 -7 -1 -20 27 -14 28 -4 -18 -12 -5
right_child=1 16 3 18 8 20 -8 17 -10 -11 25 15 24 14 -16 -17 19 -19 22 -21 -22 -23 -24 -25 -26 -27 -28 -29 -30 -31
leaf_value=-0.0013826569683957732 -0.0036934907210931403 -0.001242928422632107 0.0021211030568040268 0.0027160847939582877 -0.0070453376123292433 -0.00707148147659386 0.013232823533528441 0.01386560009546833 0.0060689172936405546 0.0068079680661999997 0.0017341092354705506 -0.0017082394841624567 -0.0059111568963294983 0.0078884234933877095 -0.0023921451723770658 0.014576858278340489 0.017104361071891391 -0.0017230746413481237 -0.012834938545685969 -0.0012567632025552123 0.0031270228536873141 0.010438877028663139 0.0013586645526366928 -0.00093279382107449172 0.0039636638956501912 0.0040203147279803605 -0.00768201302219974 0 -0.0084633565314770239 -0.0043825942883284315
leaf_weight=130.05661181872711 747.13361205020919 191.84563725534827 211.63678799942136 260.51296272221953 2827.889102414716 791.12100941501558 1824.5475812372752 286.90532119804993 382.27164910547435 135.6839094911702 138.70642998069525 129.96572225587443 547.38702486595139 511.91746184369549 1699.9582833359018 1027.2290649930947 595.11066502146423 91.207214237190783 2404.92963331379 102.64335200935602 158.86129985190928 2152.5132309803739 56.445141296833754 54.499845048878342 110.07060429081321 208.99979816097766 482.06413206784055 145.76573115307838 239.02988001517951 471.47041982552037
leaf_count=6010 25880 10391 9702 20740 156166 37940 52268 6587 2260 4602 1137 4348 16750 9452 46174 8698 18510 4646 257450 6692 2922 54900 2449 2922 1350 1570 35676 7456 4260 45184
internal_value=0.00161001 -0.0010036 -0.00248806 -0.00725327 0.000722121 0.00467075 0.00841691 0.00226327 -0.0034229 -0.00543323 0.00603774 0.00685125 0.00450552 0.00585409 0.000892303 0.0126033 0.00998481 0.0109237 -0.0104026 0.0121847 -0.00466893 0.00953008 -0.0122337 0.0139664 -0.00300068 -0.00156127 -0.0048042 0.0152384 -0.00552226 -0.00153569
internal_weight=19118.4 12222.5 11132.7 4265.17 6867.51 3521.66 2571.68 1071.81 3345.84 2963.57 6895.83 6309.1 5151.9 4494.45 2211.88 1157.19 1089.87 378.113 3193.36 898.02 949.982 2282.57 2461.37 795.376 657.458 586.736 693.701 740.876 377.736 731.983
internal_count=865092 710443 664472 382434 282038 119010 78148 56611 163028 160768 154649 147682 134636 116536 55626 13046 45971 11233 325823 35580 40862 60910 259899 28888 18100 6967 45378 25966 5397 65924
is_linear=0
shrinkage=0.03


Tree=111
num_leaves=31
num_cat=0
split_feature=1 69 62 56 43 56 59 67 67 66 54 58 74 57 66 57 66 52 0 64 68 33 61 69 57 69 60 62 8 52
split_gain=270.308 255.708 284.57 286.229 276.933 307.775 206.852 341.866 254.821 205.689 129.835 149.285 94.0539 86.3018 110.179 77.3084 75.709 73.1845 57.3489 51.1 43.7377 40.51 38.9181 36.283 30.6196 20.2829 18.3572 15.871 12.2395 11.4211
threshold=-0.34132575988769526 -0.0012192457797937093 -0.83645135164260853 -0.39517524838447565 0.0018860850250348451 -0.25840087234973902 4.0999999046325692 0.41086713969707495 0.45638257265090948 0.92032435536384594 -0.26998938620090479 0.91011068224906932 -1.5208960771560667 0.29316122829914099 -1.5145874619483946 0.28989449143409735 1.3952125310897829 1.2011632323265078 -0.02249115705490112 0.46163642406463629 1.6770821809768679 0.078468918800354018 0.00029768678359687334 -0.0016858846065588293 0.25756196677684789 0.015392494387924673 -0.96469798684120167 -1.0289172530174253 -2.1710613965988155 1.0661187767982485
decision_type=10 2 2 2 2 2 2 2 2 2 2 2 2 2 2 2 2 2 10 2 2 10 2 2 2 2 2 2 10 2
left_child=18 2 12 23 13 10 7 -5 -8 19 11 -6 26 15 29 20 -11 22 25 -7 -3 -16 -14 28 -12 -1 -2 -28 -4 -15
right_child=1 4 3 6 5 9 8 -9 -10 16 24 -13 17 14 21 -17 -18 -19 -20 -21 -22 -23 -24 -25 -26 -27 27 -29 -30 -31
leaf_value=0.014874771437950265 -0.0015728026633488848 -0.0077463791343832591 0.00012506064698867788 0.0078802936257622892 0.018986391723375334 -0.011703324177615779 0.0050599363773030917 -0.0086316306121308022 0.020756289664024416 0.01085918955108969 0.0030609941944349057 -0.0038099796004597195 0.0010111077957127177 0.0053045816340294011 -0.01584201812454096 0.0070121542203488325 -0.0039489712184011946 0.0028742667130671551 0.0010755247309347448 0 0.0034041802085102517 0.00039506730219600003 -0.012668466428029412 0.0014961481665845052 -0.0053125351227161395 0 0.0080023903063953881 -0.00097483245258012813 -0.011143237163598342 -0.0013248617720705111
leaf_weight=1089.5303291445598 95.276684307027608 707.23855478595942 26.025613051373512 2265.3719504997134 741.79580042045563 1392.4557742034085 3364.3907436514273 1406.3626220249571 1182.9635775047354 409.26381955062971 401.28633214021102 117.10042683035135 87.398213143460453 85.178895453456789 1795.3990650852211 170.86081549990922 124.9018595633097 139.1721827252768 545.90058353357017 419.61097341123968 68.891230497509241 83.695823196321726 1192.3256406728178 89.74745075777173 188.95971152605489 95.473055700771511 136.20481346640736 38.61935326969251 616.64726232364774 32.884731894358993
leaf_count=17183 6569 44923 1495 90830 11759 83667 92008 81714 26210 15527 3407 5930 6548 5262 164303 3761 7577 5195 10685 19585 3930 2404 82241 6117 10034 1405 6318 2345 44043 3143
internal_value=0.00143082 0.000147174 0.00301148 0.0051767 -0.00422927 0.00114729 0.00689551 0.00120739 0.0108543 -0.00519871 0.0102736 0.0153993 -0.0068882 -0.0104078 -0.0133892 -0.00145885 0.00687138 -0.00959307 0.0112637 -0.00960305 -0.00557555 -0.0150617 -0.0115441 -0.00884027 -0.000551518 0.0140673 0.00393435 0.00632179 -0.0105693 0.00339468
internal_weight=19110.9 17380 10640.5 8951.51 6739.52 3795.37 8219.09 3671.73 4547.35 2346.23 1449.14 858.896 1689 2944.15 1997.16 946.991 534.166 1418.9 1730.9 1812.07 776.13 1879.09 1279.72 732.42 590.246 1185 270.101 174.824 642.673 118.064
internal_count=866118 836845 451633 342417 385212 157486 290762 172544 118218 126356 31130 17689 109216 227726 175112 52614 23104 93984 29273 103252 48853 166707 88789 51655 13441 18588 15232 8663 45538 8405
is_linear=0
shrinkage=0.03


Tree=112
num_leaves=31
num_cat=0
split_feature=20 50 49 56 65 57 47 73 74 47 43 43 63 72 50 47 41 42 60 57 33 49 61 52 69 57 70 74 66 42
split_gain=226.202 263.988 495.314 332.371 293.166 278.433 267.632 257.835 270.142 183.584 167.958 167.675 185.691 104.517 93.9385 83.2898 75.4219 74.7459 68.0396 57.1666 39.9363 26.4448 25.5424 21.0813 24.6975 22.0293 19.5204 9.03235 8.93693 8.36683
threshold=-0.82350742816925038 -0.01150354743003845 0.22570618242025378 4.4686520099639901 0.0042212110711261639 0.37336513400077825 0.01942504104226828 0.82910767197608959 -0.64966914057731617 0.036444148048758514 0.0077779428102076062 0.0005884088168386371 0.019317323341965679 -0.24558629095554349 -0.012317866086959837 -0.0019501402857713399 2.1125286817550664 0.0067043814342468986 2.5062742233276372 0.45769368112087255 0.090210080146789565 0.96284538507461559 0.00068060588091611873 0.75499579310417186 0.015392494387924673 0.22530420124530795 -0.82220563292503346 -1.0058630704879759 0.30773022770881658 0.010852728039026262
decision_type=10 2 2 2 2 2 2 2 2 2 2 2 2 2 2 2 8 2 2 2 10 2 2 2 2 2 2 2 2 2
left_child=21 2 3 4 -2 10 16 8 13 -10 15 20 -13 -8 -6 -4 18 -5 19 -3 -9 22 -1 27 25 -25 -12 -24 -19 -20
right_child=1 6 5 17 14 -7 7 11 9 -11 26 12 -14 -15 -16 -17 -18 28 29 -21 -22 -23 23 24 -26 -27 -28 -29 -30 -31
leaf_value=-0.00075473814543193627 0.01124558481726063 -0.011050832595556805 -0.0003453002044304637 0.016052157858856123 -0.010919384596315257 -0.0053111427473277973 -0.0076913949436285631 -0.01197783636388574 0.02448054525451215 -0.00069659867113839506 -0.0041831956975563007 -0.0076280850238211843 0.0040073221454135126 0.0061464426010589867 0.00460618834943662 0.028008531093288595 0.0022829927003707624 -0.0037078383235594459 0.0048977418917015179 0.0014973905957299002 0.001621904297939999 -0.0011784673196236245 0.0032024627047817552 -0.0001197545144497305 0 0.012248225155143358 0.0034468002920821725 -0.0015432643921604102 0.0016519337830016769 -0.00088156725865915029
leaf_weight=90.66668727947399 316.11337593570352 3244.0540628950112 64.832645982503891 525.4939265139401 2310.0963440341875 169.71588606480509 542.39579061605036 964.71041034348309 535.25005921674892 282.16381949093193 125.88122680503875 1252.5074551692232 3660.7395167332143 429.73699545394629 94.564922985620797 879.73462275741622 331.70349763054401 90.626804736442864 63.127637468278408 191.68360572401434 55.752882941626012 65.442392922472209 390.26602666638792 76.373869200237095 134.95830059284344 1929.0973061062396 71.518005107529461 123.8986331759952 42.760040264576674 46.726134303025901
leaf_count=4539 1683 255657 2334 4402 105130 7828 19369 88115 6532 10682 3922 80879 148064 15628 5725 16256 16906 2482 5992 10849 1445 2041 3808 959 1795 34013 1577 2833 727 3208
internal_value=0.00171349 0.000234506 0.0059029 -0.000695971 -0.00564093 0.0185706 -0.00218223 0.00107721 0.00969438 0.018596 0.0228391 -0.00202644 0.000555147 -0.00136054 -0.00951775 0.0264088 -0.00812473 0.0130885 -0.00933439 -0.0101732 -0.0107485 0.00886551 0.00934206 0.00984698 0.0110493 0.0117276 -0.000499391 0.00156602 -0.00156831 0.00324025
internal_weight=19102.6 16291.9 4691.34 3379.66 2720.77 1311.68 11600.6 7723.26 1789.55 817.414 1141.97 5933.71 4913.25 972.133 2404.66 944.567 3877.29 658.881 3545.59 3435.74 1020.46 2810.7 2745.26 2654.59 2140.43 2005.47 197.399 514.165 133.387 109.854
internal_count=865380 815392 152066 120149 112538 31917 663326 370714 52211 17214 24089 318503 228943 34997 110855 18590 292612 7611 275706 266506 89560 49988 47947 43408 36767 34972 5499 6641 3209 9200
is_linear=0
shrinkage=0.03


Tree=113
num_leaves=31
num_cat=0
split_feature=7 36 73 56 63 54 62 61 58 18 68 62 19 73 72 47 57 64 12 70 66 49 55 64 13 14 56 73 39 57
split_gain=261.075 169.106 175.129 162.574 233.815 310.057 264.296 167.126 133.218 109.468 105.972 75.8889 65.3189 48.0682 35.5387 27.9123 27.3955 19.9013 19.1867 14.7313 14.5221 11.7853 10.8862 8.5546 8.41696 5.53366 5.35018 6.23954 4.50441 2.1914
threshold=-0.019589108414947983 -1.0000000180025095e-35 1.1799609661102297 0.3233007043600083 0.02184222545474768 -1.1281140446662901 -0.068055532872676835 0.0086553990840911883 2.4176650047302251 -0.4117083996534347 1.6026666760444643 3.4812114238739018 -1.6504302620887754 0.8184763789176942 -0.20425327867269513 0.011372546199709179 0.24495092034339908 -1.5708338022232053 -13.816607952117918 -0.24880216270685193 1.2267318367958071 0.25180546939373022 0.0013419491006061437 -1.6375457644462583 -11.641318798065184 -3.1639971733093257 -0.35561330616474146 0.81413552165031444 -0.0071426630020141593 0.25264681875705725
decision_type=10 8 2 2 2 2 2 2 2 10 2 2 10 2 2 2 2 2 10 2 2 2 2 2 10 10 2 2 10 2
left_child=1 2 3 4 5 -1 -6 8 -5 14 12 13 19 26 28 -16 -14 23 -19 -4 22 -13 -17 -15 -12 -9 -11 -28 -2 -30
right_child=9 -3 10 7 6 -7 -8 25 -10 11 24 21 16 17 15 20 -18 18 -20 -21 -22 -23 -24 -25 -26 -27 27 -29 29 -31
leaf_value=0.013295182924724402 0.00040730943241668873 0.01565862699721058 0.0047922498302949215 0.013336383196741085 0.010068998787394753 -0.0053542487477380883 -0.0020182196907608716 0 -0.0046696519692905813 0.002348815918542419 0.0074347764530799283 0.0054933352212818871 0.00052696857957972867 -0.0024608703837788082 -0.0013886420829919335 -6.4797375498081437e-05 -0.011846685185514936 -0.013312203876663362 0.0004148692797228361 -0.0018783275190059272 -0.00059779653968849013 -0.0012840461704120352 0.010179170811616093 0.0028202602956019442 -0.00024582125330592101 -0.0066350799455285794 -0.0031843732590834417 0.0011503154203819309 0 -0.0043269968108712595
leaf_weight=446.95172000257298 26.013346693478525 432.08770475862548 107.93892074376345 2394.9825710156001 3629.3591851256788 5014.7336787288077 2392.8930854247883 113.70147795602679 147.85267208702862 71.032949164975435 94.445669538341463 75.65890821814537 82.657626111991704 84.698295501060784 148.32689814129844 34.509939852170646 1106.9733010143973 1508.3601467059925 21.150218525901437 119.51244847150519 26.955690211150795 39.385090527590364 258.87522371206433 22.798692756332457 33.894731469918042 163.08817083016038 143.36753190401942 71.705181610770524 9.7059906711801869 202.11999640706927
leaf_count=20996 2521 7062 1431 56864 74630 251858 104233 902 4322 3593 1923 306 1197 9083 12889 3159 60305 181911 1911 2980 2061 2957 9324 765 1864 1577 13940 1238 670 26638
internal_value=0.00159569 0.00307801 0.00224828 0.00334036 0.00154395 -0.00279071 0.00543371 0.00923195 0.0115956 -0.00622414 -0.0060585 -0.00924453 -0.00870099 -0.0107027 0.00246068 0.0057551 -0.0109079 -0.0122526 -0.0129191 0.00199291 0.00825885 0.0035277 0.00931463 0 0.0063474 -0.00558291 0 -0.00152583 -0.00312528 -0.00396193
internal_weight=19025.7 16281.1 15849 14303.6 11483.9 5461.69 6022.25 2819.62 2542.84 2744.66 1545.42 2038.16 1417.08 1923.11 706.507 468.668 1189.63 1637.01 1529.51 227.451 320.341 115.044 293.385 107.497 128.34 276.79 286.106 215.073 237.839 211.826
internal_count=865110 592144 585082 515382 451717 272854 178863 63665 61186 272966 69700 215704 65913 212441 57262 27433 61502 193670 183822 4411 14544 3263 12483 9848 3787 2479 18771 15178 29829 27308
is_linear=0
shrinkage=0.03


Tree=114
num_leaves=31
num_cat=0
split_feature=43 69 63 62 62 46 43 44 58 49 60 43 45 59 56 49 59 39 63 42 55 54 55 37 54 56 44 64 54 17
split_gain=241.346 311.865 427.849 229.721 201.288 316.624 275.72 514.722 572.136 268.7 234.198 168.344 171.713 168.209 155.306 151.975 151.694 124.077 111.776 92.1879 85.4197 81.9104 54.2042 53.1289 51.7809 39.294 36.729 34.8954 32.0758 28.1769
threshold=0.0018860850250348451 -0.0010644167196005581 0.022776566445827488 -0.91916343569755543 -0.32090379297733301 0.0071790469810366639 0.0040278600063174972 0.42732919752597814 -0.54311645030975331 0.054192420095205314 -0.23976664990186689 0.0094806668348610419 5.5000000000000009 6.2999999523162851 -0.39517524838447565 0.49857154488563543 2.8999999761581425 0.011087000370025637 0.034463306888937957 0.0050533805042505273 0.010451580397784712 0.097750388085842146 0.27248167991638189 0.098322797566652312 -1.286439776420593 -0.83316880464553822 0.13100686669349673 -1.9740725755691526 -0.66840717196464527 0.46126893162727362
decision_type=2 2 2 2 2 2 2 2 2 2 2 2 2 2 2 2 2 8 2 2 2 2 2 8 2 2 2 2 2 10
left_child=1 2 24 20 6 10 7 8 -5 19 21 12 -7 -12 -4 -11 -16 23 -18 -8 27 -6 -13 26 -1 -26 -3 -2 -22 -28
right_child=3 17 14 4 5 11 9 -9 -10 15 13 22 -14 -15 16 -17 18 -19 -20 -21 28 -23 -24 -25 25 -27 29 -29 -30 -31
leaf_value=0.0034265593150115208 0.0013879320326023955 0.00074631543356881106 -0.0024876458194216123 -0.0042751678870025346 -0.013514099734153906 0.022064169219314572 0.017457969902764645 -0.007409649958194371 0.03356432254647701 -0.0074810659071387004 0.0059108944499845452 -0.0066664818676089848 0.0037224284420844778 -0.0078527575017926631 -0.0031970780986388865 0.0054446959191155313 0.024526670734278239 0.0021543049098714426 0 -0.0017907206473842859 -0.0025218858302603221 0 0.004140775431429356 0.00070497041139996604 0.0022993586584069184 -0.0093481803495574292 -0.013774780969425068 -0.011442739162671014 0.0073310100890776738 0
leaf_weight=95.946618743706495 60.078277490567416 83.979386945720762 262.2622476699762 325.92896067723632 1223.1189125780948 599.96627917233855 643.66238628700376 313.77475416194648 926.13085437146947 1423.016004639212 2297.0994959245436 416.12479931581765 1317.9006356257014 627.83742152433842 114.50128374341875 941.55719345528632 685.96570449601859 525.08119239122607 219.48688660515472 138.27726415731013 157.29301744047552 482.26822538301349 286.33616409450769 197.84528346732259 60.033547149505466 1267.27954049455 2233.8639370119199 858.72945892857388 118.81342965271324 118.10512234503403
leaf_count=8709 4767 3152 16196 17337 46339 4323 4798 23120 21485 64060 103461 9583 20232 27394 9337 22576 18128 18871 5164 2256 7350 20076 1288 4774 3966 109275 200003 60054 3890 2889
internal_value=0.00152292 -0.00332778 0.00374235 0.00374947 0.00506309 0.00165266 0.00959108 0.0182524 0.0251339 0.00328689 -0.00299715 0.00912903 0.0129605 0.00215383 0.0139641 -0.00217742 0.0178185 -0.00914902 0.0208815 0.0144492 -0.00683889 -0.0104531 -0.00212172 -0.0114824 -0.00654674 -0.00817218 -0.0125259 -0.0101989 0.00332288 -0.0131528
internal_weight=19022.3 5864.35 2705.48 13157.9 11963 7250.65 4712.35 1565.83 1252.06 3146.51 4630.32 2620.33 1917.87 2924.94 1282.22 2364.57 1019.95 3158.87 905.453 781.94 1194.91 1705.39 702.461 2633.79 1423.26 1327.31 2435.95 918.808 276.106 2351.97
internal_count=864853 400464 170775 464389 388328 232696 155632 61942 38822 93690 197270 35426 24555 130855 48825 86636 32629 229689 23292 7054 76061 66415 10871 210818 121950 113241 206044 64821 11240 202892
is_linear=0
shrinkage=0.03


Tree=115
num_leaves=31
num_cat=0
split_feature=0 11 73 42 73 51 50 56 55 69 73 56 58 71 67 74 74 56 72 73 2 11 55 60 34 71 67 53 44 55
split_gain=228.676 253.284 193.64 151.172 268.371 263.118 334.932 124.94 103.601 93.4563 88.2494 87.2773 70.6604 67.7576 61.6787 57.1926 66.1788 42.715 35.0869 34.8103 32.474 27.7367 26.9112 24.0061 20.4221 17.067 8.84914 5.74959 4.70721 3.6163
threshold=-0.15534830093383786 -0.0077258341480046502 1.1799609661102297 0.0056700059212744245 0.99018844962120067 0.024009575136005882 -0.01150354743003845 0.19903520494699481 0.21083009243011477 0.015392494387924673 0.79164141416549694 -0.23204158991575238 -1.1156096458435056 0.009848475921899082 0.42105083167552954 -0.90718969702720631 -1.0579713582992551 4.4686520099639901 -0.18844153732061383 0.80472871661186229 -0.019842654466629025 -0.030549624934792515 0.0026815459132194523 -0.48124751448631281 -0.073091208934783922 0.0022292506182566289 0.73522683978080761 0.0084576751105487364 0.19876543432474139 0.0047131311148405084
decision_type=10 10 2 2 2 2 2 2 2 2 2 2 2 2 2 2 2 2 2 2 10 10 2 2 10 2 2 2 2 2
left_child=9 2 3 4 10 6 -5 15 -7 25 -2 -6 23 14 22 16 -3 28 -18 27 -14 -22 -9 -4 -21 -1 -11 -17 -15 -16
right_child=1 7 12 5 11 8 -8 13 -10 26 -12 -13 20 17 29 19 18 -19 -20 24 21 -23 -24 -25 -26 -27 -28 -29 -30 -31
leaf_value=0.00032531008625051014 0.0080159243944278712 -0.0065238979864499997 0.0067817023233540013 0.015431284263525571 -0.0015234068021866586 -0.010932656300889411 0.0010112101428730168 -0.00048635524908971462 0.0028950465843246963 -0.0038995495306448171 -0.0041741828821123929 0.022170604464248771 0.0012206690891163039 0 -0.0037726265396440615 -0.0017510973747519086 -0.0023406909930891498 0.0032036381749683662 0.0092937693922624711 0 0.0011163421374810558 -0.011559535241282795 0.013225798855407657 -0.0021663268160890549 -0.013399943671889094 0.014705336029483663 0.0011699014447612665 0.0024732465031942577 -0.0078225416245899584 0.00030055497645214654
leaf_weight=147.4244950953871 341.62792522180825 213.37282466609031 75.571909113787115 1309.2131787952967 63.56765373237431 1319.8390872781165 8012.0573774506338 66.163316150195897 384.15038446895778 113.51400825195014 958.728480364196 663.1520237820223 77.585635144263506 31.44156476482749 104.48068727087229 47.43430778151378 57.918410255108029 162.07231753785163 168.25897744763643 62.263841990381479 34.827160959132016 1006.0565367385279 211.17266160808504 105.6081411188934 1570.9486475905869 1101.159479485359 158.20234654098749 79.475984530523419 332.8226023837924 13.611495654098688
leaf_count=3350 7028 24158 1859 34883 5937 37999 337790 3000 2492 2587 55257 14847 1580 1719 9067 5279 6689 2370 4901 3103 370 55913 2454 5054 190005 18001 1843 3811 20106 995
internal_value=0.00154053 0.000405985 0.00214522 0.00332611 0.0100063 0.00169106 0.00374961 -0.00670006 -0.00772963 0.0111042 0.000198531 0.0200773 -0.00717685 0.00173771 0.00748732 -0.010014 0 -0.00383281 0.00634105 -0.0119397 -0.00958141 -0.0107161 0.0113599 0.00336389 -0.0128725 0.0137575 -0.00171358 0.000278471 -0.00735283 -0.00295443
internal_weight=18993.7 17473.4 14352 13052.3 2027.08 11025.3 9321.27 3121.44 1703.99 1520.3 1300.36 726.72 1299.65 921.765 395.428 2199.67 439.55 526.336 226.177 1760.12 1118.47 1040.88 277.336 181.18 1633.21 1248.58 271.716 126.91 364.264 118.092
internal_count=864447 838666 561009 496233 83069 413164 372673 277657 40491 25781 62285 20784 64776 39711 15516 237946 35748 24195 11590 202198 57863 56283 5454 6913 193108 21351 4430 9090 21825 10062
is_linear=0
shrinkage=0.03


Tree=116
num_leaves=31
num_cat=0
split_feature=0 14 56 73 67 70 46 56 49 64 52 47 60 60 64 60 2 57 74 67 66 74 42 18 74 26 73 64 48 5
split_gain=243.031 218.263 169.904 139.661 207.18 168.543 194.477 169.182 157.135 182.196 144.752 126.441 105.386 203.554 103.017 94.0466 83.5008 80.6421 73.5226 67.3364 79.9517 56.9583 49.3307 48.5649 45.8736 36.8765 21.2358 16.3918 10.6173 7.99148
threshold=-0.19864898920059201 -2.261242032051086 0.35258156061172491 0.8184763789176942 0.56809577345848095 -0.59955355525016774 0.0048310307320207366 -0.33550544083118433 0.22570618242025378 -1.4974876642227171 0.7003026306629182 0.019044885411858562 -0.75470882654190052 -0.85769367218017567 -0.48588278889656061 -0.49410577118396753 -0.0060345367528498164 0.43770308792591101 -0.9879019260406493 0.41712234914302831 -1.337562561035156 -0.074794415384531007 0.022297669202089313 -0.59600728750228871 -0.59611782431602467 5.5000000000000009 1.0053471326828005 -2.7607363462448116 0.03779567405581475 0.14081878215074542
decision_type=10 10 2 2 2 2 2 2 2 2 2 2 2 2 2 2 10 2 2 2 2 2 2 10 2 2 2 2 2 10
left_child=25 3 12 4 10 8 17 -8 9 -5 24 -12 13 22 -10 27 26 -7 -6 20 -17 -15 -3 -18 -2 29 -14 -4 -21 -1
right_child=1 2 15 5 18 6 7 -9 14 -11 11 -13 16 21 -16 19 23 -19 -20 28 -22 -23 -24 -25 -26 -27 -28 -29 -30 -31
leaf_value=0.01506582269461754 -0.0049096123348737891 -0.0093349368362102593 0.0015395541359814226 0.0092632043586667167 0.004447360287808148 -0.0063481837266767442 0.010597667774893675 -0.0029336029452493684 0 -0.006618574038279328 0 0.019320727597475273 0.0030530364539874621 0.01496311117875997 0.01710674600905189 -0.0023965999721140834 0.00048595340649819813 0.0046517810425505931 -0.0099071539825014571 -0.0041907548347931986 0.014485785151892546 -0.0015727837142716684 0.0018620027201500773 -0.01278797141864265 0.0060427360637511215 -0.00055227369139636154 -0.0034208468026429399 -0.0064037396420545921 0.0016325142037335034 0.0006134095712673226
leaf_weight=814.79450836963952 438.51324755419046 685.10462685720995 31.642523100599647 612.06800397066399 125.78890011366457 4175.0296715945005 1270.3364025475457 1198.7402886007912 412.5801622052677 1064.9418974290602 379.67953433515504 1146.8428776664659 355.89922698982991 266.9469325193204 783.93805203540251 129.91378263197839 186.66826570592821 291.46913740132004 328.38129931455478 160.9265811801888 570.66905286069959 93.509927363134921 245.13888926059008 2176.4376466046087 41.216750228311867 86.571966353803873 460.4891641435679 287.70785816386342 47.155428828671575 125.94989157095551
leaf_count=13175 12558 56875 396 13394 1862 269713 24621 34528 15932 49066 13856 17096 12365 6603 20149 3652 9755 16290 14975 9655 10911 6536 4911 187641 1722 1005 20116 12792 1405 1624
internal_value=0.00150841 0.000500225 -0.00411419 0.00274392 0.00847886 0.000934863 -0.00160286 0.00453946 0.00647862 0 0.0121795 0.0157226 -0.00671967 0.000316649 0.012916 0.00439667 -0.00931245 -0.00517391 -0.00536989 0.00839326 0.011411 0.0119035 -0.00655513 -0.0117329 -0.00105877 0.0130087 -0.000283043 -0.00479134 -0.0022265 0.0142235
internal_weight=18995.1 17967.7 5698.21 12269.5 2460.42 9809.1 6935.58 2469.08 2873.53 1677.01 2006.25 1526.52 4470.19 1290.7 1196.52 1228.02 3179.49 4466.5 454.17 908.665 700.583 360.457 930.244 2363.11 479.73 1027.32 816.388 319.35 208.082 940.744
internal_count=865179 849375 343613 505762 62069 443693 345152 59149 98541 62460 45232 30952 304802 74925 36081 38811 229877 286003 16837 25623 14563 13139 61786 197396 14280 15804 32481 13188 11060 14799
is_linear=0
shrinkage=0.03


Tree=117
num_leaves=29
num_cat=0
split_feature=36 11 19 57 69 71 48 48 71 44 66 47 48 55 55 57 67 62 74 47 24 45 2 2 59 42 48 19
split_gain=226.212 216.013 190.672 134.214 124.678 176.188 123.501 124.781 206.224 141.613 118.192 81.6543 80.361 56.6482 110.202 50.3893 43.7518 41.8907 36.7439 31.3726 28.7129 19.106 15.5147 13.3719 4.76807 3.78684 2.42376 0.566344
threshold=-1.0000000180025095e-35 -0.010319144465029238 -0.029087198898196217 0.32001522183418279 -0.0010644167196005581 0.0077513367868959912 0.040082879364490516 0.026875987648963932 0.30872301757335668 0.39262187480926519 0.10685694962739946 0.0097049088217318075 0.050166916102170951 0.0056510884314775476 0.0056877790484577426 0.45415253937244421 0.75853157043457042 -0.83645135164260853 1.8197673559188845 0.028570904396474365 -3.4999999999999996 4.5000000000000009 0.0056010619737207898 -0.021808614954352375 4.9000000953674325 0.012468365952372553 0.030805222690105442 -1.0000000180025095e-35
decision_type=8 10 10 2 2 2 2 2 2 2 2 2 2 2 2 2 2 2 2 2 2 2 10 10 2 2 2 10
left_child=1 6 3 4 5 -3 7 8 9 -1 -9 -12 16 20 -15 -10 23 25 -6 21 -5 -19 24 -8 -14 27 -21 -4
right_child=-2 2 17 13 18 -7 12 10 15 -11 11 -13 22 14 -16 -17 -18 19 -20 26 -22 -23 -24 -25 -26 -27 -28 -29
leaf_value=0.0017749774254208046 0.015657150575637158 0.013356608902026012 -0.003190670529656864 -0.00057151773824523373 -0.007904932021969846 -0.0047879483322161888 0 -0.005548733728187703 0.015050533773170597 -0.0076007483797292377 -0.00078201274095537833 0.011084069625452806 0.0061099945658547837 0.0092934104575766278 -0.0059282246189355618 0 0.0017386202522366981 0.012299578902029661 0.0026835444231512644 -0.0020195702610112786 -0.012361438702157871 0 -0.0015849839178793711 -0.012063284084427963 0 0.00061082035681816853 0.00066519593103479629 0
leaf_weight=5324.001665198477 460.41635377937928 601.75125788804144 108.12615557899699 313.10487722884864 800.67174347955734 474.37583371764049 37.586389513686299 179.66761647257954 585.48014619760215 1426.8756607132964 484.08682098379359 3037.8628789503127 193.08948103105649 104.31277066282928 987.71060460247099 198.34483065083623 93.226552005857229 454.85685600433499 67.544513436965644 69.793195084668696 2055.5781146814115 91.267701759468764 101.73814559355378 560.01095390878618 75.462654769420624 23.89776015188545 46.846750217489898 19.308406265452504
leaf_count=171106 7919 29197 7472 17634 75764 28585 737 3048 3029 68757 19666 80549 3512 1145 55811 1562 601 14581 3991 4503 232148 5444 1529 20649 2651 847 3097 559
internal_value=0.00143861 0.000666912 -0.00368856 -0.00580299 0.000405716 0.0061863 0.00295109 0.00392883 0.00146078 -0.000552792 0.00810951 0.00948404 -0.00515247 -0.00897786 -0.00182369 0.0124979 -0.0093739 0.00698805 -0.00618228 0.00924606 -0.0112788 0.0110292 0.00323923 -0.0113831 0.00529933 -0.00194679 -0.000789727 -0.00300911
internal_weight=18977 18516.6 6219.15 5405.05 1944.34 1076.13 12297.4 11236.3 7534.7 6750.88 3701.62 3521.95 1061.11 3460.71 1092.02 783.825 690.824 814.097 868.216 662.765 2368.68 546.125 370.29 597.597 268.552 151.332 116.64 127.435
internal_count=866093 858174 480778 444275 137537 57782 377396 347717 244454 239863 103263 100215 29679 306738 56956 4591 21987 36503 79755 27625 249782 20025 7692 21386 6163 8878 7600 8031
is_linear=0
shrinkage=0.03


Tree=118
num_leaves=31
num_cat=0
split_feature=38 11 48 66 71 44 43 35 57 56 48 71 61 74 74 74 53 56 74 14 72 57 16 2 68 5 58 13 34 44
split_gain=223.903 241.27 145.989 224.474 179.134 245.346 172.235 110.594 103.561 100.136 85.9595 55.7018 49.8437 46.205 51.3805 38.298 37.3009 35.5871 33.5145 25.4775 24.0639 20.304 18.1805 13.2243 10.9388 10.4386 9.73019 7.90643 6.63397 4.89287
threshold=0.98275795578956615 -0.007604416459798812 0.040082879364490516 0.93675422668457042 0.30872301757335668 0.31072796881198889 0.00061153949354775261 0.058403909206390388 0.27820460498332983 0.19903520494699481 0.050166916102170951 0.009848475921899082 0.0029172572540119295 -0.90718969702720631 -1.0579713582992551 -0.25283384323120112 0.14180163294076922 4.4686520099639901 0.28021626174449926 -3.5188323259353633 -0.18844153732061383 0.24495092034339908 -0.033080229535698884 -0.021808614954352375 0.52947571873664867 0.086782444268465056 -1.2005527615547178 -11.641318798065184 -0.057502061128616326 0.18857758492231372
decision_type=8 10 2 2 2 2 2 8 2 2 2 2 2 2 2 2 2 2 2 10 2 2 10 10 2 10 2 10 8 2
left_child=1 2 3 4 5 -1 26 24 -8 13 16 15 -6 14 -3 -11 23 29 -17 -15 -16 -21 -12 -4 -2 -9 -5 -24 -26 -13
right_child=7 9 10 6 12 -7 8 25 -10 11 22 17 -14 19 20 18 -18 -19 -20 21 -22 -23 27 -25 28 -27 -28 -29 -30 -31
leaf_value=0.0042373784946826394 0.0027298160532884109 -0.0059726148909848434 0 0.00087491970594229035 0 -0.0042095952546640095 -0.0026782424038834652 0.017649855854178866 0.018352509030197653 -0.0021470839141231059 -0.0016111777165959658 0 0.014382501829034037 0.00016426189547566702 -0.0018325085043390359 0.011624086499144136 0.00099917719638222772 0.0026901082670132037 -0.0014695578001331689 0.00040903404243304532 0.0079179047586688325 -0.012904711617588705 0.0063697478146806496 -0.012747655520538069 0.00088172607273752173 0.00058163577640083137 -0.0055688019463504433 -0.00038252297661543484 -0.0037293323394477144 -0.0075762942392041599
leaf_weight=6009.8723547658883 177.72575847362168 193.78644987149164 32.631579504348338 34.973990107886493 234.23510128632188 5393.6270330788102 81.816372999921441 628.83787607424892 1094.8733604743611 103.81932380329818 227.0609442437999 25.953745125327259 627.47394383698702 91.57722768210806 51.116571477614343 220.40717094764113 99.017752837389708 161.01904884167016 51.342541783116758 31.591058685444295 158.76950458390638 1454.0839401904959 168.51035883021541 631.88108143093996 66.373588590417057 107.56097991531715 182.939501095796 33.198215242475271 242.3708854385186 313.6125962017104
leaf_count=199096 8056 22237 661 1696 1885 270044 2875 11295 39324 6349 4435 1275 2929 9033 5948 3340 794 2299 4960 2317 4561 174884 4080 29272 916 1470 13195 2034 14517 19095
internal_value=0.00153866 0.000502012 0.00209708 0.00304857 0.00147202 0.000207923 0.012708 0.0118744 0.0163487 -0.00677775 -0.00630652 0.00108012 0.0117614 -0.00989141 0 0.00647281 -0.0104908 -0.00387871 0.00941218 -0.0116992 0.0055025 -0.0124388 0.00245794 -0.0121544 0 0.0166429 -0.00422766 0.0053502 -0.00243484 -0.00709794
internal_weight=18932.1 17709.2 14852.1 13659.8 12265.2 11403.5 1394.6 1222.87 1176.69 2857.08 1192.3 876.154 861.709 1980.92 403.673 375.569 763.53 500.585 271.75 1577.25 209.886 1485.67 428.77 664.513 486.47 736.399 217.913 201.709 308.744 339.566
internal_count=864872 828618 572320 531044 473954 469140 57090 36254 42199 256298 41276 37318 4814 218980 32746 14649 30727 22669 8300 186234 10509 177201 10549 29933 23489 12765 14891 6114 15433 20370
is_linear=0
shrinkage=0.03


Tree=119
num_leaves=31
num_cat=0
split_feature=1 69 60 60 73 43 43 71 56 71 74 61 60 48 44 57 48 35 73 71 55 46 19 33 64 44 54 5 56 15
split_gain=212.962 224.629 287.519 345.339 318.739 301.146 287.128 300.508 268.781 204.194 201.855 175.48 151.982 246.979 122.264 88.5194 75.1069 55.4141 52.8221 51.3203 42.078 38.5261 38.103 32.1037 28.3274 25.2274 25.1275 14.839 12.1437 10.6783
threshold=-0.34132575988769526 -0.0010644167196005581 -0.86253410577774037 -0.65380823612213124 0.82910767197608959 0.0052078710868954667 0.0018860850250348451 0.0025703430874273185 1.1381472349166872 0.30872301757335668 -1.4172242283821104 0.001013579545542598 -1.1525862216949461 0.030805222690105442 0.37110754847526556 0.29316122829914099 0.028557782061398033 0.09081584215164186 0.94935187697410595 0.0047119201626628646 0.32006327807903295 0.0071322745643556127 -1.3365703225135801 0.078468918800354018 -1.1341129541397093 0.33243590593338018 -0.68005189299583424 0.19436162710189822 -0.70877712965011586 0.0058716237545013436
decision_type=10 2 2 2 2 2 2 2 2 2 2 2 2 2 2 2 2 8 2 2 2 2 10 10 2 2 2 10 2 8
left_child=17 2 9 5 10 11 15 14 -6 19 -5 -4 25 -14 -8 16 28 -1 -7 26 29 -18 -21 24 -17 -9 -2 -19 -3 -11
right_child=1 6 3 4 8 18 7 12 -10 20 -12 -13 13 -15 -16 23 21 27 -20 22 -22 -23 -24 -25 -26 -27 -28 -29 -30 -31
leaf_value=0.0020611688152834245 -0.0035238221983685393 0.00012284139343801003 -0.0020849912913140098 -0.0051328090263559568 -0.0052593645915449318 0.0040347422260849268 0.020276709754601649 0.010396970797650947 0.0087660071973216722 7.8231911005134709e-05 0.016497091333482743 0.026367931436478004 -0.011178172264602597 0.0046503560735770971 -0.0028855932803578156 0.00040517606148829231 0.0084291513813697771 0.015016920687908433 -0.006968869744129037 0.0002014508888554924 -0.0021622575151166458 -0.002271242275819969 -0.013286808453438739 0.00021842609960405612 -0.014929251196965062 -0.0011283330895927428 0.005033952338768701 0.00046674875542379281 -0.0081155571006567024 0.0097885843132997918
leaf_weight=837.75070458790287 131.2848973791115 93.901501544285566 124.17048694193363 224.19042605301365 4145.1843087340239 390.20731505658478 380.16752933291718 340.21630449593067 1175.3463268722408 198.73162949085236 1198.2387925940566 903.15750748780556 1735.3257401054725 1074.7859126832336 95.480696000158787 47.098645887104794 261.41570377349854 777.75673291087151 198.50868953764439 145.7734885988757 219.59724449180067 166.17089807521552 1287.895577378571 85.755176200997084 1695.5363911667373 47.842904388904572 95.164772411808372 146.74289542343467 383.79153884155676 316.47453924268484
leaf_count=16275 13643 6903 10799 8399 236472 8085 8289 4449 27601 1151 29977 21169 89993 36032 7921 5952 9863 11314 7032 4109 1968 6149 87549 2413 161938 4582 4422 1693 27996 1429
internal_value=0.00144254 0.000275867 0.00289785 0.00549443 0.00196801 0.0161249 -0.00397249 0.00150524 -0.00162264 -0.00544505 0.0124836 0.0231757 -0.00250015 -0.00524561 0.0162237 -0.0105213 -0.0013481 0.0100993 -0.000896523 -0.010441 0.00525658 0.00496455 -0.0120627 -0.0136696 -0.0143831 0.00880297 0.000649041 0.0138925 -0.00695464 0.00822177
internal_weight=18923.7 17161.4 10753.9 8359 6742.96 1616.04 6407.49 3673.82 5320.53 2394.92 1422.43 1027.33 3198.17 2810.11 475.648 2733.67 905.28 1762.25 588.716 1660.12 734.803 427.587 1433.67 1828.39 1742.64 388.059 226.45 924.5 477.693 515.206
internal_count=865567 836285 463805 349534 302449 47085 372480 151266 264073 114271 38376 31968 135056 126025 16210 221214 50911 29282 15117 109723 4548 16012 91658 170303 167890 9031 18065 13007 34899 2580
is_linear=0
shrinkage=0.03


Tree=120
num_leaves=31
num_cat=0
split_feature=7 38 73 69 72 43 52 52 55 43 48 68 63 67 59 73 19 51 35 52 69 14 34 2 59 49 56 70 56 0
split_gain=202.44 157.166 146.448 139.848 257.975 266.015 242.233 129.583 126.377 113.477 104.988 86.4591 74.2061 85.2144 74.9317 57.4115 56.8202 52.1063 51.7187 28.36 20.1102 15.2588 15.0405 14.0199 13.9468 12.1397 10.8134 10.6583 8.26146 8.17298
threshold=-0.019486802630126473 0.98275795578956615 1.1799609661102297 -0.0012192457797937093 -0.30738660693168635 0.0023550209589302544 0.74886998534202587 0.87565043568611156 0.27248167991638189 0.0031354106031358246 0.02828063536435366 1.6026666760444643 0.014031729660928251 0.45852933824062353 4.9000000953674325 0.73795291781425487 -1.6504302620887754 0.021363479085266594 0.061210691928863532 1.2590684890747073 0.015392494387924673 -3.6996957063674922 -0.078166574239730821 -0.019842654466629025 6.2999999523162851 0.71522805094718944 -0.29038475453853602 -0.24880216270685193 0.51201243698596965 0.052827149629592902
decision_type=10 8 2 2 2 2 2 2 2 2 2 2 2 2 2 2 10 2 8 2 2 10 10 10 2 2 2 2 2 8
left_child=1 2 3 6 5 -5 8 -8 -1 15 -6 16 19 14 17 26 27 -14 25 22 -20 -17 -11 -18 28 -3 -2 -4 -23 -15
right_child=9 18 11 4 10 -7 7 -9 -10 12 -12 -13 13 29 -16 21 23 -19 20 -21 -22 24 -24 -25 -26 -27 -28 -29 -30 -31
leaf_value=-0.01002848553089852 0.0042135185857534287 0.0036235893868997266 0.0041938275559214944 -0.0038571641992021215 -0.010589731955204497 0.013034897238310783 0.012108357239144125 0.0034472141925526393 0.0045853743497383057 0.00087123856410766562 0.00055075902232413717 0.0055405160678052342 0.01501975467982501 -0.0053764121779138916 -0.0031628486671634558 0 0 -0.0014672897149093618 0.016097105020911138 0.002189310838543017 0 -0.01341437134044593 -0.0084756407497374956 -0.010950776530205224 0 -0.0018900486838330252 -0.001746123505675356 -0.0015056573096024607 0 0.00078418441454651316
leaf_weight=889.55093376664445 85.597888779826462 181.67799558676779 105.5175993219018 1210.7763657723553 1647.110623911256 1286.9230075711384 2734.2081441490445 4412.2560978874099 458.90002970024943 18.068872535601258 1030.382724519819 121.79897855781019 430.14008940337226 209.31202732818201 98.705141450278461 60.975704256910831 61.251947685144842 72.583569251932204 640.82159846276045 70.404413499403745 82.036699839867651 1019.2868420495652 399.80862295487896 1057.1967958628666 86.939409983577207 236.96315101208165 46.324698065407574 109.86444167140871 34.039218009449542 10.630219907499848
leaf_count=32027 2928 6556 1396 59055 95487 20984 82221 165817 2814 512 43334 3564 12405 21041 7148 6958 1413 4291 10899 1181 989 164000 31541 58673 10432 7668 5088 2779 1521 461
internal_value=0.00168221 0.00296611 0.00191573 0.00293968 -0.000863555 0.00546873 0.00520921 0.00737524 -0.00499779 -0.00533968 -0.00679607 -0.00583994 0.00088265 0.00546674 0.0096572 -0.0101895 -0.00827004 0.0127955 0.0118786 -0.00538945 0.0150643 -0.0118692 -0.00749021 -0.0103723 -0.0124293 0.000846059 0.00192029 0.00184683 -0.0130849 -0.00432413
internal_weight=18910.1 16267.2 15125.7 13670.1 5175.19 2497.7 8494.92 7146.46 1348.45 2642.82 2677.49 1455.63 1309.65 821.371 601.429 1333.16 1333.83 502.724 1141.5 488.282 722.858 1201.24 417.877 1118.45 1140.27 418.641 131.923 215.382 1053.33 219.942
internal_count=865183 595676 569564 501739 218860 80039 282879 248038 34841 269507 138821 67825 78580 45346 23844 190927 64261 16696 26112 33234 11888 182911 32053 60086 175953 14224 8016 4175 165521 21502
is_linear=0
shrinkage=0.03


Tree=121
num_leaves=31
num_cat=0
split_feature=38 13 67 63 63 56 59 16 66 66 66 67 63 55 35 56 63 62 65 57 65 34 62 14 60 53 17 70 24 42
split_gain=203.41 206.104 208.283 192.451 213.034 151.705 122.01 120.186 111.767 176.651 164.217 315.195 154.492 94.1196 90.0604 81.6399 77.7283 70.2817 58.8109 54.8138 52.0872 35.1627 27.4448 25.3608 20.2657 16.5078 15.3708 15.0935 12.8605 9.1103
threshold=0.98275795578956615 -11.745521068572996 0.41086713969707495 0.017813421785831455 0.022943665273487571 0.45487557351589208 4.2999999523162851 -0.11606532707810401 -1.7039973735809324 -0.66878780722618092 -0.4584119170904159 0.49366970360279089 0.020307419821619991 0.0056877790484577426 0.078452289104461684 0.62024489045143139 0.012444362044334413 -0.35312132537364954 0.019029399380087856 0.35173276066780096 0.026402018964290622 -0.06185787916183471 -0.7569289207458495 -3.2462964057922359 -1.1525862216949461 0.014954560436308386 0.044064695015549667 0.4096559882164002 -20.499999999999996 0.0047635256778448829
decision_type=8 10 2 2 2 2 2 10 2 2 2 2 2 2 8 2 2 2 2 2 2 10 2 10 2 2 10 2 2 2
left_child=1 8 3 5 6 25 -5 13 15 16 11 -11 -12 17 27 18 22 -4 -1 -7 -18 -9 -10 -23 -15 -3 -17 -2 -16 -6
right_child=14 2 7 4 29 19 -8 21 9 10 12 -13 -14 24 28 26 20 -19 -20 -21 -22 23 -24 -25 -26 -27 -28 -29 -30 -31
leaf_value=0.015651589579789422 0.0036775742348783254 -0.010271570344906883 -0.003646927179940506 0.021055063867573588 0.00077497783647902953 -0.0034309936643631988 -0.002037290428332048 0.0011856944168072482 -0.0032076406806880943 0.020585900014730842 -0.0043359607710514057 -0.005548443590812361 0.0043959349314491502 0.00093306425000500622 0 -0.0042430818570481791 -0.011825578231499595 0.010000917090725769 -0.0016002974793984438 0.0080259885937355446 0.00098550414087593928 -0.001566166095819154 0.0043303625852393543 -0.012433797421733821 -0.008344775615662766 0 0.0022255394898356424 -0.0022491072127597432 0.016737418901661874 -0.0057247115271948012
leaf_weight=706.54258322482929 191.18573875934817 880.5331701496616 165.07457673433237 511.96527895424515 20.218116722069681 185.55054298788309 127.93747186101973 77.570566454203799 277.97212272090837 673.8048746320419 2269.864037140971 352.06571793719195 4858.1106120611075 90.462215817067772 78.232551658526063 128.68305968120694 872.2718004565686 487.517530081328 72.307249662932009 607.67447410244495 217.53977837087587 449.72208976349793 478.63450925890356 2208.4946811492555 338.4412501277402 120.78473685728386 184.60087504703552 356.28046634164639 614.55513423541561 291.14121725829318
leaf_count=10032 8709 79531 15351 9924 1406 7502 7786 3567 15520 17081 98263 11326 131538 1485 793 2534 33097 24965 2893 16099 5214 37165 12409 241366 18340 5925 1634 16640 10127 17034
internal_value=0.0014401 0.000444958 -0.00358877 0.00241135 0.0107505 -0.00325774 0.0173065 -0.00775361 0.00290934 0.00160964 0.00354525 0.0125412 0.00147403 0.000445741 0.0112359 0.0103788 -0.00574424 0.00620393 0.0138159 0.00482365 -0.00957395 -0.0106557 0.00114784 -0.0112292 -0.00661604 -0.00933386 -0.0010377 0.0003017 0.0158765 -0.00471542
internal_weight=18895.7 17655.5 6563.09 2745.81 951.262 1794.54 639.903 3817.28 11092.4 10000.3 8153.85 1025.87 7127.97 1081.5 1240.25 1092.13 1846.42 652.592 778.85 793.225 1089.81 2735.79 756.607 2658.22 428.903 1001.32 313.284 547.466 692.788 311.359
internal_count=865256 828987 487446 145207 36150 109057 17710 342239 341541 324448 258208 28407 229801 60141 36269 17093 66240 40316 12925 23601 38311 282098 27929 278531 19825 85456 4168 25349 10920 18440
is_linear=0
shrinkage=0.03


Tree=122
num_leaves=31
num_cat=0
split_feature=0 14 48 48 69 63 43 19 55 48 53 49 68 69 2 53 44 59 67 59 44 67 0 49 1 13 53 63 48 1
split_gain=194.467 204.067 134.737 192.401 218.163 171.449 153.423 110.519 99.3335 97.0272 92.4929 82.5349 101.822 59.5676 50.8455 39.7554 38.125 35.5864 27.0719 25.2463 20.2125 18.2135 16.5652 12.5797 8.39148 7.20356 4.07365 3.11913 1.91194 1.84678
threshold=-0.19864898920059201 -2.049626231193542 0.040082879364490516 0.035573117434978492 -0.0010644167196005581 0.029044248163700107 0.0023550209589302544 -0.034764433279633515 0.0050552454777061948 0.048354484140872962 0.012031824793666603 0.27510900795459753 -1.0706101059913633 0.015392494387924673 -0.0091930716298520548 0.0047635391820222148 0.38799282908439642 2.6999999284744267 0.30432355403900152 4.9000000953674325 0.38548950850963598 0.75853157043457042 0.017441630363464359 0.07739791646599771 -0.46773749589920038 -11.563808441162108 0.020989349111914638 0.058542229235172279 0.030805222690105442 -0.24499690532684323
decision_type=10 10 2 2 2 2 2 10 2 2 2 2 2 2 10 2 2 2 2 2 2 2 10 2 8 10 2 2 2 8
left_child=13 2 3 4 5 -2 -6 11 10 21 -5 12 23 -1 26 -16 -14 -10 -9 25 22 24 -20 -3 -4 -11 -13 -15 -22 -21
right_child=1 7 9 8 6 -7 -8 18 17 19 -12 14 16 27 15 -17 -18 -19 20 29 28 -23 -24 -25 -26 -27 -28 -29 -30 -31
leaf_value=0.014010075806856251 0.0021177765062086176 0 0 -0.00079073740572331303 -0.0086864504372007531 0.013385566371265763 0.0018543640306985666 -0.0021711643703531572 0.0052072310597720377 0.0064937179703786338 0.01886029810093777 0.0020424766188850579 0.010421298721492372 -0.0021167009764759431 0.0010992966539958187 -0.011720712682545797 -0.0013393413941838685 -0.0041797656160674542 -0.00038977594851647215 0 -0.001672064993307903 0.00032593699505771361 0.010199580044667077 -0.0073626027067568711 -0.012182507110435479 -0.00015417272041363294 -0.0012117295228572399 0.00085865043096789134 0.00067613588192512767 -0.0032313256141167463
leaf_weight=851.02396393893287 6038.9738933471963 198.40672848187387 29.323312927037477 178.21585629391484 1978.8742300604936 1151.2649266691878 2131.2665463155136 95.113346273079515 159.19870188459754 275.8665688643232 775.59144114213996 177.31555099296384 282.77620708546601 124.61283495277166 103.93664442049339 2007.1937267133035 156.07194260763936 310.137196354568 55.429331235121936 26.204764157533646 104.78283588401973 43.389330755919218 236.38475207705051 442.38876018789597 585.03488463023677 49.216149665415287 146.79345297720283 68.847215626388788 19.487178031122312 80.892005379777402
leaf_count=12887 263612 5882 589 13140 149476 23173 73185 3845 945 4936 17537 6974 8061 2247 7331 163294 11454 8303 4399 618 6303 294 7931 26133 30007 3092 4107 599 1012 3966
internal_value=0.0014879 0.000569657 0.00232535 0.00326434 0.00166079 0.00471392 -0.00354724 -0.00497926 0.012099 -0.00602686 0.0159731 -0.00686914 0 0.0117154 -0.00947879 -0.010885 0.00743341 0 0.00468973 0.00291638 0.00691457 -0.0108839 0.00883329 -0.00590387 -0.0117359 0.00564014 0.00036362 -0.000769587 -0.000576661 -0.00269313
internal_weight=18884 17839.5 13813.4 12723.5 11300.4 7190.24 4110.14 4026.08 1423.14 1089.93 953.807 3514.88 1079.64 1044.48 2435.24 2111.13 438.848 469.336 511.197 432.179 416.084 657.748 291.814 640.795 614.358 325.083 324.109 193.46 124.27 107.097
internal_count=865332 849599 592873 549371 509446 286785 222661 256726 39925 43502 30677 233236 51530 15733 181706 170625 19515 9248 23490 12612 19645 30890 12330 32015 30596 8028 11081 2846 7315 4584
is_linear=0
shrinkage=0.03


Tree=123
num_leaves=31
num_cat=0
split_feature=13 19 44 68 65 57 63 71 30 39 44 54 62 47 41 53 51 63 63 43 71 45 67 63 54 71 63 51 55 62
split_gain=196.214 202.658 165.777 252.211 297.634 208.93 169.871 130.184 128.63 106.91 103.427 83.6748 53.4289 52.1245 46.3184 45.636 47.7518 94.3081 53.4865 39.0165 38.7115 32.3169 27.3938 22.8432 19.6767 19.007 10.6242 8.47129 8.07385 7.15374
threshold=-12.541325092315672 -0.034764433279633515 0.30839161574840551 1.0000000180025095e-35 0.03221555799245835 0.28586374223232275 0.020364365540444854 0.30872301757335668 1.0000000180025095e-35 0.012483716011047365 0.24174228310585025 -1.1281140446662901 -0.83645135164260853 0.028570904396474365 0.49309110641479498 0.072124548256397261 0.02571932785212994 0.011618441902101042 0.041617799550294883 0.0012118788436055186 0.062874954193830504 4.5000000000000009 0.67101830244064342 0.031313559040427215 -1.0473653078079221 0.30872301757335668 0.021982686594128612 0.0022744506131857638 0.010558046866208317 1.8553273081779482
decision_type=10 8 2 2 2 2 2 2 2 8 2 2 2 2 8 2 2 2 2 2 2 2 2 2 2 2 2 2 2 2
left_child=14 2 3 5 9 27 -7 8 11 -5 -6 -4 -3 20 24 16 18 -18 19 -16 21 -14 25 -19 -1 29 -26 -2 -10 -17
right_child=1 12 7 4 10 6 -8 -9 28 -11 -12 -13 13 -15 15 22 17 23 -20 -21 -22 -23 -24 -25 26 -27 -28 -29 -30 -31
leaf_value=0.0036437444839756391 0.00043035872350639129 -0.0013962269136440378 0.001722155126655149 -0.010482414718538287 0.013846811735547826 0.00071292521605522264 0.018538179115117001 0.0057826578515198851 0.0075968379773117831 0.002543174151683441 -0.0038256296632697344 -0.0091972652149771988 0.016160594298339673 -0.00069380573785524048 0.0022498140507691174 -0.0075076590301218068 0.008196753804891585 -0.0069527411077199381 -0.0028121989456415999 0.010738512248959496 -0.0010899219475764333 0 0.003595802699750213 0.0013837841477074135 -0.0047255146849771576 0.0015726607291637279 0.00054547675252542157 -0.0064269155601875709 -0.00014935551045100863 0
leaf_weight=110.98634767578915 31.673881661146879 211.00328692630865 507.11030464805663 2171.9518378516659 523.51044692797586 832.72346143936738 964.38166485098191 427.00181354396045 163.20943485433236 462.26765572442673 138.08078101323918 4603.1296192388982 621.37094502826221 188.79354059626348 1045.260784578044 185.76376157440245 338.21764085628092 499.76558762881905 105.37100650416687 3026.9297532197088 48.465661288704723 137.57920024939813 190.72606172598898 144.08104755636305 376.39510054839775 78.559370793402195 267.87653291132301 393.34668711014092 36.286961956880987 60.743774930015206
leaf_count=2562 2043 12019 34656 148838 7251 48004 24511 2523 4497 12250 6734 356298 19616 11479 35158 3255 4859 8965 3088 60025 1982 7781 1395 1676 12637 484 6351 23272 1137 901
internal_value=0.00147891 -0.000723083 -0.00212062 0.00150458 -0.00356446 0.00840683 0.0123621 -0.00549674 -0.00687505 -0.00805984 0.00984107 -0.0080033 0.00893547 0.0110596 0.0055337 0.0064042 0.0072017 0.000547089 0.00847623 0.00910953 0.0132516 0.0144749 -0.000896181 -0.0050355 -0.000714021 -0.00447727 -0.00299104 -0.00563518 0.00665936 -0.00656916
internal_weight=18892.6 12461.9 11254.7 5517.94 3295.81 2222.13 1797.11 5736.74 5309.74 2634.22 661.591 5110.24 1207.21 996.209 6430.68 5675.42 5159.63 982.064 4177.56 4072.19 807.416 758.95 515.793 643.847 755.258 325.067 644.272 425.021 199.496 246.508
internal_count=866247 724891 672014 272903 175073 97830 72515 399111 396588 161088 13985 390954 52877 40858 141356 119806 113771 15500 98271 95183 29379 27397 6035 10641 21550 4640 18988 25315 5634 4156
is_linear=0
shrinkage=0.03


end of trees

feature_importances:
M_DN_z=198
M_ZB_5=162
M_AMT_5=156
M_BIGDN_5=146
M_ZB=145
M_LB2_5=130
M_DN=126
M_LB2_z=115
M_RELAY_5=115
M_RELAY_ON_5=109
M_MED_5=106
M_RELAY=99
M_BREADTH_5=99
M_BIGDN_z=97
M_UP_5=91
LOW250=90
M_AMT=90
M_LBMAX_z=87
M_RELAY_ON_z=87
M_AMT_z=85
M_LBMAX_5=84
M_DN_5=80
M_BIGDN=71
M_UP_z=70
M_BREADTH=68
M_ZB_z=66
M_MED=65
M_MED_z=65
M_LB2=60
M_RELAY_ON=58
M_UP=52
M_BREADTH_z=48
VOL20=47
CGO60=47
M_RELAY_z=44
M_LBMAX=42
AMP=40
REV5=36
R5=33
EXTREME60=32
REV20=30
SMALL20=29
CGO250=28
R1=28
REV120=23
HIGH250=21
LOWPRICE=17
USHADOW20=16
R3=16
CPOS=14
INTRA20=10
DH20=9
GAP=9
TOUCH0=5
SKEW20=3
OVN20=2
ABVOL5=2
CLOSEVWAP=2
DNLIM20=2
VR20=2
MAX20=1
AMIHUD20=1
ABVOL250=1
LB=1
UP0=1

parameters:
[boosting: gbdt]
[objective: binary]
[metric: auc]
[tree_learner: serial]
[device_type: cpu]
[data_sample_strategy: bagging]
[data: ]
[valid: ]
[num_iterations: 2000]
[learning_rate: 0.03]
[num_leaves: 31]
[num_threads: 2]
[seed: 0]
[deterministic: 0]
[force_col_wise: 0]
[force_row_wise: 0]
[histogram_pool_size: -1]
[max_depth: 6]
[min_data_in_leaf: 1000]
[min_sum_hessian_in_leaf: 0.001]
[bagging_fraction: 0.8]
[pos_bagging_fraction: 1]
[neg_bagging_fraction: 1]
[bagging_freq: 1]
[bagging_seed: 7719]
[bagging_by_query: 0]
[feature_fraction: 0.8]
[feature_fraction_bynode: 1]
[feature_fraction_seed: 2437]
[extra_trees: 0]
[extra_seed: 11797]
[early_stopping_round: 0]
[early_stopping_min_delta: 0]
[first_metric_only: 0]
[max_delta_step: 0]
[lambda_l1: 10]
[lambda_l2: 500]
[linear_lambda: 0]
[min_gain_to_split: 0]
[drop_rate: 0.1]
[max_drop: 50]
[skip_drop: 0.5]
[xgboost_dart_mode: 0]
[uniform_drop: 0]
[drop_seed: 21238]
[top_rate: 0.2]
[other_rate: 0.1]
[min_data_per_group: 100]
[max_cat_threshold: 32]
[cat_l2: 10]
[cat_smooth: 10]
[max_cat_to_onehot: 4]
[top_k: 20]
[monotone_constraints: ]
[monotone_constraints_method: basic]
[monotone_penalty: 0]
[feature_contri: ]
[forcedsplits_filename: ]
[refit_decay_rate: 0.9]
[cegb_tradeoff: 1]
[cegb_penalty_split: 0]
[cegb_penalty_feature_lazy: ]
[cegb_penalty_feature_coupled: ]
[path_smooth: 0]
[interaction_constraints: ]
[verbosity: -1]
[saved_feature_importance_type: 0]
[use_quantized_grad: 0]
[num_grad_quant_bins: 4]
[quant_train_renew_leaf: 0]
[stochastic_rounding: 1]
[linear_tree: 0]
[max_bin: 255]
[max_bin_by_feature: ]
[min_data_in_bin: 3]
[bin_construct_sample_cnt: 200000]
[data_random_seed: 38]
[is_enable_sparse: 1]
[enable_bundle: 1]
[use_missing: 1]
[zero_as_missing: 0]
[feature_pre_filter: 1]
[pre_partition: 0]
[two_round: 0]
[header: 0]
[label_column: ]
[weight_column: ]
[group_column: ]
[ignore_column: ]
[categorical_feature: ]
[forcedbins_filename: ]
[precise_float_parser: 0]
[parser_config_file: ]
[objective_seed: 8855]
[num_class: 1]
[is_unbalance: 0]
[scale_pos_weight: 1]
[sigmoid: 1]
[boost_from_average: 1]
[reg_sqrt: 0]
[alpha: 0.9]
[fair_c: 1]
[poisson_max_delta_step: 0.7]
[tweedie_variance_power: 1.5]
[lambdarank_truncation_level: 30]
[lambdarank_norm: 1]
[label_gain: ]
[lambdarank_position_bias_regularization: 0]
[eval_at: ]
[multi_error_top_k: 1]
[auc_mu_weights: ]
[num_machines: 1]
[local_listen_port: 12400]
[time_out: 120]
[machine_list_filename: ]
[machines: ]
[gpu_platform_id: -1]
[gpu_device_id: -1]
[gpu_device_id_list: ]
[gpu_use_dp: 0]
[num_gpu: 1]

end of parameters

pandas_categorical:null
